ISO-10303-21;
HEADER;
FILE_DESCRIPTION (( 'STEP AP214' ),
    '1' );
FILE_NAME ('JST_BM04-SURS.STEP',
    '2026-08-21T09:06:08',
    ( '' ),
    ( '' ),
    'SwSTEP 2.0',
    'SolidWorks 2021',
    '' );
FILE_SCHEMA (( 'AUTOMOTIVE_DESIGN' ));
ENDSEC;

DATA;
#1 = VERTEX_POINT ( 'NONE', #1793 ) ;
#2 = VECTOR ( 'NONE', #4848, 1000.000000000000227 ) ;
#3 = PRESENTATION_STYLE_ASSIGNMENT (( #3748 ) ) ;
#4 = LINE ( 'NONE', #2161, #6763 ) ;
#5 = VECTOR ( 'NONE', #2243, 1000.000000000000000 ) ;
#6 = ADVANCED_FACE ( 'NONE', ( #3946 ), #3431, .F. ) ;
#7 = VERTEX_POINT ( 'NONE', #1479 ) ;
#8 = DIRECTION ( 'NONE',  ( 0.000000000000000000, 0.000000000000000000, -1.000000000000000000 ) ) ;
#9 = SURFACE_SIDE_STYLE ('',( #1153 ) ) ;
#10 = ORIENTED_EDGE ( 'NONE', *, *, #6908, .F. ) ;
#11 = LINE ( 'NONE', #2168, #5810 ) ;
#12 = CARTESIAN_POINT ( 'NONE',  ( 0.5000000000000031086, 2.239999999999990443, 0.3450000000000029710 ) ) ;
#13 = DIRECTION ( 'NONE',  ( -0.000000000000000000, -1.000000000000000000, -0.000000000000000000 ) ) ;
#14 = AXIS2_PLACEMENT_3D ( 'NONE', #4075, #3967, #6221 ) ;
#15 = ORIENTED_EDGE ( 'NONE', *, *, #6698, .F. ) ;
#16 = DIRECTION ( 'NONE',  ( 0.000000000000000000, 0.000000000000000000, -1.000000000000000000 ) ) ;
#17 = LINE ( 'NONE', #83, #1700 ) ;
#18 = ORIENTED_EDGE ( 'NONE', *, *, #3417, .T. ) ;
#19 = VECTOR ( 'NONE', #3575, 1000.000000000000000 ) ;
#20 = ORIENTED_EDGE ( 'NONE', *, *, #2012, .T. ) ;
#21 = ADVANCED_FACE ( 'NONE', ( #3645 ), #5785, .F. ) ;
#22 = ADVANCED_FACE ( 'NONE', ( #3702 ), #5195, .T. ) ;
#23 = COLOUR_RGB ( '',0.7960784313725489669, 0.8235294117647058432, 0.9372549019607843146 ) ;
#24 = CARTESIAN_POINT ( 'NONE',  ( 0.3000000000000026534, 2.239999999999989555, -0.8249999999999970690 ) ) ;
#25 = FILL_AREA_STYLE_COLOUR ( '', #6183 ) ;
#26 = LINE ( 'NONE', #5028, #1682 ) ;
#27 = ORIENTED_EDGE ( 'NONE', *, *, #3692, .T. ) ;
#28 = EDGE_CURVE ( 'NONE', #4932, #5639, #1034, .T. ) ;
#29 = CARTESIAN_POINT ( 'NONE',  ( 5.600000000000001421, 2.639999999999999236, -0.3955307922833855572 ) ) ;
#30 = DIRECTION ( 'NONE',  ( 0.000000000000000000, 0.000000000000000000, 1.000000000000000000 ) ) ;
#31 = EDGE_CURVE ( 'NONE', #648, #4962, #4262, .T. ) ;
#32 = ORIENTED_EDGE ( 'NONE', *, *, #1520, .F. ) ;
#33 = CARTESIAN_POINT ( 'NONE',  ( 4.000000000000003553, 1.050000000000000044, 0.1250000000000016376 ) ) ;
#34 = CARTESIAN_POINT ( 'NONE',  ( -2.399999999999998579, 1.000000000000000000, -0.2499999999999983902 ) ) ;
#35 = ORIENTED_EDGE ( 'NONE', *, *, #6908, .T. ) ;
#36 = CARTESIAN_POINT ( 'NONE',  ( 1.300000000000002043, 2.239999999999989555, -0.8249999999999998446 ) ) ;
#37 = EDGE_CURVE ( 'NONE', #5880, #6683, #2588, .T. ) ;
#38 = DIRECTION ( 'NONE',  ( 0.000000000000000000, 1.000000000000000000, 0.000000000000000000 ) ) ;
#39 = EDGE_LOOP ( 'NONE', ( #5078, #6583, #6663, #2437 ) ) ;
#40 = CARTESIAN_POINT ( 'NONE',  ( 2.400000000000000799, 0.4000000000000000222, -0.9150000000000009237 ) ) ;
#41 = DIRECTION ( 'NONE',  ( -1.000000000000000000, 0.000000000000000000, 0.000000000000000000 ) ) ;
#42 = FACE_OUTER_BOUND ( 'NONE', #3570, .T. ) ;
#43 = EDGE_CURVE ( 'NONE', #5695, #3170, #1048, .T. ) ;
#44 = CIRCLE ( 'NONE', #6681, 0.1000000000000000472 ) ;
#45 =( GEOMETRIC_REPRESENTATION_CONTEXT ( 3 ) GLOBAL_UNCERTAINTY_ASSIGNED_CONTEXT ( ( #5645 ) ) GLOBAL_UNIT_ASSIGNED_CONTEXT ( ( #2461, #1971, #6766 ) ) REPRESENTATION_CONTEXT ( 'NONE', 'WORKASPACE' ) );
#46 = ORIENTED_EDGE ( 'NONE', *, *, #3307, .T. ) ;
#47 = VECTOR ( 'NONE', #510, 1000.000000000000000 ) ;
#48 = DIRECTION ( 'NONE',  ( -0.000000000000000000, -0.000000000000000000, -1.000000000000000000 ) ) ;
#49 = LINE ( 'NONE', #6540, #6142 ) ;
#50 = SURFACE_SIDE_STYLE ('',( #5347 ) ) ;
#51 = CARTESIAN_POINT ( 'NONE',  ( 1.229469207716616497, 2.639999999999999236, -0.7544692077166141875 ) ) ;
#52 = EDGE_LOOP ( 'NONE', ( #863, #1752, #573, #1311 ) ) ;
#53 = MECHANICAL_DESIGN_GEOMETRIC_PRESENTATION_REPRESENTATION (  '', ( #4903 ), #1198 ) ;
#54 = MECHANICAL_DESIGN_GEOMETRIC_PRESENTATION_REPRESENTATION (  '', ( #4437 ), #5902 ) ;
#55 = ADVANCED_FACE ( 'NONE', ( #3717 ), #1015, .F. ) ;
#56 = VERTEX_POINT ( 'NONE', #5342 ) ;
#57 = ORIENTED_EDGE ( 'NONE', *, *, #819, .T. ) ;
#58 = DIRECTION ( 'NONE',  ( 1.000000000000000000, 0.000000000000000000, -0.000000000000000000 ) ) ;
#59 = PRESENTATION_LAYER_ASSIGNMENT (  '', '', ( #297 ) ) ;
#60 = ADVANCED_FACE ( 'NONE', ( #1464 ), #3101, .F. ) ;
#61 = DIRECTION ( 'NONE',  ( 1.000000000000000000, 0.000000000000000000, 0.000000000000000000 ) ) ;
#62 = PRESENTATION_LAYER_ASSIGNMENT (  '', '', ( #1754 ) ) ;
#63 = ORIENTED_EDGE ( 'NONE', *, *, #3103, .F. ) ;
#64 = CARTESIAN_POINT ( 'NONE',  ( 5.600000000000001421, 1.050000000000000044, 0.1249999999999988065 ) ) ;
#65 = DIRECTION ( 'NONE',  ( -0.000000000000000000, 1.000000000000000000, 1.857148025303053679E-09 ) ) ;
#66 = ORIENTED_EDGE ( 'NONE', *, *, #2651, .F. ) ;
#67 = CARTESIAN_POINT ( 'NONE',  ( -1.124999999999998446, 0.4500000002000000832, 0.5500000000000018208 ) ) ;
#68 = LINE ( 'NONE', #2687, #6345 ) ;
#69 = VECTOR ( 'NONE', #292, 1000.000000000000000 ) ;
#70 = ORIENTED_EDGE ( 'NONE', *, *, #334, .F. ) ;
#71 = DIRECTION ( 'NONE',  ( -1.000000000000000000, 0.000000000000000000, -0.000000000000000000 ) ) ;
#72 = LINE ( 'NONE', #2226, #6629 ) ;
#73 = CARTESIAN_POINT ( 'NONE',  ( -0.2999999999999959921, 2.239999999999989555, -0.8249999999999970690 ) ) ;
#74 = ORIENTED_EDGE ( 'NONE', *, *, #2713, .T. ) ;
#75 = DIRECTION ( 'NONE',  ( -1.000000000000000000, -0.000000000000000000, -0.000000000000000000 ) ) ;
#76 = DIRECTION ( 'NONE',  ( -0.000000000000000000, 1.000000000000000000, 1.857148025303053679E-09 ) ) ;
#77 = DIRECTION ( 'NONE',  ( -0.000000000000000000, 1.000000000000000000, 0.000000000000000000 ) ) ;
#78 = VECTOR ( 'NONE', #199, 1000.000000000000000 ) ;
#79 = PLANE ( 'NONE',  #5006 ) ;
#80 = STYLED_ITEM ( 'NONE', ( #2015 ), #6033 ) ;
#81 = CARTESIAN_POINT ( 'NONE',  ( 0.4750000000000033085, 0.1000000006499977834, 0.5499999993499998796 ) ) ;
#82 =( LENGTH_UNIT ( ) NAMED_UNIT ( * ) SI_UNIT ( .MILLI., .METRE. ) );
#83 = CARTESIAN_POINT ( 'NONE',  ( -1.124999999999998446, 0.4500000002000000832, 0.6556624325871229786 ) ) ;
#84 = ORIENTED_EDGE ( 'NONE', *, *, #2322, .T. ) ;
#85 = STYLED_ITEM ( 'NONE', ( #5870 ), #4993 ) ;
#86 = DIRECTION ( 'NONE',  ( 0.000000000000000000, 0.000000000000000000, 1.000000000000000000 ) ) ;
#87 = EDGE_LOOP ( 'NONE', ( #6159, #3879, #2795, #1667 ) ) ;
#88 = DIRECTION ( 'NONE',  ( 0.1710878697460308795, -0.9702875252478155854, -0.1710878697460308795 ) ) ;
#89 = EDGE_CURVE ( 'NONE', #4789, #701, #5382, .T. ) ;
#90 = VERTEX_POINT ( 'NONE', #3090 ) ;
#91 = MANIFOLD_SOLID_BREP ( 'Body-Move/Copy6[4]', #3405 ) ;
#92 = LINE ( 'NONE', #2211, #3992 ) ;
#93 = FILL_AREA_STYLE ('',( #25 ) ) ;
#94 = ORIENTED_EDGE ( 'NONE', *, *, #5800, .T. ) ;
#95 = LINE ( 'NONE', #611, #5 ) ;
#96 = ORIENTED_EDGE ( 'NONE', *, *, #1895, .F. ) ;
#97 = DIRECTION ( 'NONE',  ( -0.000000000000000000, 1.000000000000000000, 1.857148025303053679E-09 ) ) ;
#98 = DIRECTION ( 'NONE',  ( 0.000000000000000000, 5.421010860823805421E-16, -1.000000000000000000 ) ) ;
#99 = ORIENTED_EDGE ( 'NONE', *, *, #511, .F. ) ;
#100 = MECHANICAL_DESIGN_GEOMETRIC_PRESENTATION_REPRESENTATION (  '', ( #2133 ), #4273 ) ;
#101 = CARTESIAN_POINT ( 'NONE',  ( -1.274999999999998357, 0.05000000000000034972, 1.250000000000001110 ) ) ;
#102 = CARTESIAN_POINT ( 'NONE',  ( -1.699999999999998401, 2.639999999999999236, 0.1000000000000017264 ) ) ;
#103 = ORIENTED_EDGE ( 'NONE', *, *, #4247, .F. ) ;
#104 = EDGE_CURVE ( 'NONE', #656, #5605, #332, .T. ) ;
#105 =( NAMED_UNIT ( * ) SI_UNIT ( $, .STERADIAN. ) SOLID_ANGLE_UNIT ( ) );
#106 = CARTESIAN_POINT ( 'NONE',  ( 1.300000000000002043, 1.050000000000000044, -0.8249999999999998446 ) ) ;
#107 = FACE_OUTER_BOUND ( 'NONE', #200, .T. ) ;
#108 = ORIENTED_EDGE ( 'NONE', *, *, #6007, .F. ) ;
#109 = CARTESIAN_POINT ( 'NONE',  ( 4.800000000000004263, 2.639999999999999236, 0.2744692077166173139 ) ) ;
#110 = VECTOR ( 'NONE', #4446, 1000.000000000000227 ) ;
#111 = MANIFOLD_SOLID_BREP ( 'Body-Move/Copy5[6]', #5657 ) ;
#112 = CARTESIAN_POINT ( 'NONE',  ( 1.275000000000001465, 0.04999999999999996808, 1.199999999999998401 ) ) ;
#113 = ADVANCED_FACE ( 'NONE', ( #2928 ), #1628, .F. ) ;
#114 = DIRECTION ( 'NONE',  ( 0.1710878697460308795, -0.9702875252478155854, 0.1710878697460308795 ) ) ;
#115 = ORIENTED_EDGE ( 'NONE', *, *, #4174, .T. ) ;
#116 = VERTEX_POINT ( 'NONE', #202 ) ;
#117 = CARTESIAN_POINT ( 'NONE',  ( -1.849999998699999093, 0.05000000000000000971, 0.5700000000000017275 ) ) ;
#118 = EDGE_CURVE ( 'NONE', #3768, #6792, #4434, .T. ) ;
#119 = STYLED_ITEM ( 'NONE', ( #1162 ), #1096 ) ;
#120 = ORIENTED_EDGE ( 'NONE', *, *, #3128, .F. ) ;
#121 =( NAMED_UNIT ( * ) SI_UNIT ( $, .STERADIAN. ) SOLID_ANGLE_UNIT ( ) );
#122 = DIRECTION ( 'NONE',  ( 0.000000000000000000, -0.8660254037844363761, 0.5000000000000039968 ) ) ;
#123 = VERTEX_POINT ( 'NONE', #1760 ) ;
#124 = VECTOR ( 'NONE', #4547, 1000.000000000000000 ) ;
#125 = DIRECTION ( 'NONE',  ( 0.1710878697460308795, -0.9702875252478155854, -0.1710878697460308795 ) ) ;
#126 = FILL_AREA_STYLE_COLOUR ( '', #23 ) ;
#127 = CARTESIAN_POINT ( 'NONE',  ( -2.399999999999998579, 8.109541161931386268E-17, -0.7786222391909453089 ) ) ;
#128 = AXIS2_PLACEMENT_3D ( 'NONE', #6351, #6255, #4144 ) ;
#129 = AXIS2_PLACEMENT_3D ( 'NONE', #3434, #4409, #1318 ) ;
#130 = LINE ( 'NONE', #3935, #1409 ) ;
#131 = ORIENTED_EDGE ( 'NONE', *, *, #2215, .F. ) ;
#132 = DIRECTION ( 'NONE',  ( 0.000000000000000000, -0.000000000000000000, -1.000000000000000000 ) ) ;
#133 = LINE ( 'NONE', #4362, #4461 ) ;
#134 = VERTEX_POINT ( 'NONE', #2393 ) ;
#135 =( NAMED_UNIT ( * ) PLANE_ANGLE_UNIT ( ) SI_UNIT ( $, .RADIAN. ) );
#136 = CARTESIAN_POINT ( 'NONE',  ( 2.200000000000001066, 1.000000000000000000, -0.2500000000000012212 ) ) ;
#137 = ORIENTED_EDGE ( 'NONE', *, *, #3417, .F. ) ;
#138 = ADVANCED_FACE ( 'NONE', ( #2969 ), #4541, .F. ) ;
#139 = DIRECTION ( 'NONE',  ( -0.000000000000000000, -0.000000000000000000, 1.000000000000000000 ) ) ;
#140 = CARTESIAN_POINT ( 'NONE',  ( 1.849999998700003090, 0.05000000000000000971, -0.9499999987000035118 ) ) ;
#141 = SURFACE_STYLE_FILL_AREA ( #4987 ) ;
#142 = EDGE_LOOP ( 'NONE', ( #6111, #6585, #1425, #4899 ) ) ;
#143 = CARTESIAN_POINT ( 'NONE',  ( -0.2999999999999959921, 1.050000000000000044, -0.3249999999999970690 ) ) ;
#144 = CARTESIAN_POINT ( 'NONE',  ( 2.700000000000001510, 0.4500000000000001221, 0.9999999999999988898 ) ) ;
#145 = LINE ( 'NONE', #2332, #6002 ) ;
#146 = EDGE_CURVE ( 'NONE', #400, #5221, #2430, .T. ) ;
#147 = LINE ( 'NONE', #2406, #897 ) ;
#148 = FACE_OUTER_BOUND ( 'NONE', #5207, .T. ) ;
#149 = CARTESIAN_POINT ( 'NONE',  ( -1.099999999999997646, 2.639999999999999236, -0.3249999999999970690 ) ) ;
#150 = ORIENTED_EDGE ( 'NONE', *, *, #1257, .T. ) ;
#151 = MECHANICAL_DESIGN_GEOMETRIC_PRESENTATION_REPRESENTATION (  '', ( #1068 ), #3319 ) ;
#152 = DIRECTION ( 'NONE',  ( 1.000000000000000000, -0.000000000000000000, -0.000000000000000000 ) ) ;
#153 = VECTOR ( 'NONE', #6880, 1000.000000000000000 ) ;
#154 = EDGE_LOOP ( 'NONE', ( #2666, #1857, #5072, #1218 ) ) ;
#155 = LINE ( 'NONE', #5804, #3360 ) ;
#156 = FACE_OUTER_BOUND ( 'NONE', #5395, .T. ) ;
#157 = EDGE_CURVE ( 'NONE', #2558, #4837, #3392, .T. ) ;
#158 = AXIS2_PLACEMENT_3D ( 'NONE', #6589, #5642, #789 ) ;
#159 = ORIENTED_EDGE ( 'NONE', *, *, #2310, .F. ) ;
#160 = DIRECTION ( 'NONE',  ( 1.000000000000000000, -0.000000000000000000, -0.000000000000000000 ) ) ;
#161 = VECTOR ( 'NONE', #1211, 1000.000000000000000 ) ;
#162 = CARTESIAN_POINT ( 'NONE',  ( -1.299999999999998268, 2.239999999999990443, 0.04500000000000296124 ) ) ;
#163 = EDGE_LOOP ( 'NONE', ( #3706, #4452, #3318, #4336 ) ) ;
#164 = FILL_AREA_STYLE_COLOUR ( '', #1681 ) ;
#165 = CARTESIAN_POINT ( 'NONE',  ( 1.170530792283387189, 2.639999999999999236, 0.1249999999999988065 ) ) ;
#166 = EDGE_LOOP ( 'NONE', ( #1790, #6356, #6409, #5532 ) ) ;
#167 = VECTOR ( 'NONE', #181, 1000.000000000000114 ) ;
#168 =( NAMED_UNIT ( * ) SI_UNIT ( $, .STERADIAN. ) SOLID_ANGLE_UNIT ( ) );
#169 = DIRECTION ( 'NONE',  ( 0.1710878697460311570, -0.9702875252478154744, 0.1710878697460311570 ) ) ;
#170 = CIRCLE ( 'NONE', #6146, 0.1000000000000000472 ) ;
#171 = ORIENTED_EDGE ( 'NONE', *, *, #2632, .T. ) ;
#172 = MECHANICAL_DESIGN_GEOMETRIC_PRESENTATION_REPRESENTATION (  '', ( #3237 ), #3789 ) ;
#173 = ADVANCED_FACE ( 'NONE', ( #1382 ), #3674, .T. ) ;
#174 = DIRECTION ( 'NONE',  ( 0.000000000000000000, 0.000000000000000000, 1.000000000000000000 ) ) ;
#175 = DIRECTION ( 'NONE',  ( 0.000000000000000000, 0.000000000000000000, -1.000000000000000000 ) ) ;
#176 = VERTEX_POINT ( 'NONE', #5680 ) ;
#177 = LINE ( 'NONE', #109, #5265 ) ;
#178 = LINE ( 'NONE', #2294, #110 ) ;
#179 = MECHANICAL_DESIGN_GEOMETRIC_PRESENTATION_REPRESENTATION (  '', ( #1754 ), #4005 ) ;
#180 = DIRECTION ( 'NONE',  ( -1.000000000000000000, -0.000000000000000000, 0.000000000000000000 ) ) ;
#181 = DIRECTION ( 'NONE',  ( 0.000000000000000000, 0.7071067811865355823, -0.7071067811865594521 ) ) ;
#182 = ORIENTED_EDGE ( 'NONE', *, *, #5881, .F. ) ;
#183 = DIRECTION ( 'NONE',  ( 0.000000000000000000, 1.115385494969530056E-10, -1.000000000000000000 ) ) ;
#184 = CARTESIAN_POINT ( 'NONE',  ( 2.200000000000001066, 0.6936749699759758858, -0.8500000000000013101 ) ) ;
#185 = CARTESIAN_POINT ( 'NONE',  ( 3.200000000000001510, 2.639999999999999236, 0.2744692077166173139 ) ) ;
#186 = LINE ( 'NONE', #3375, #932 ) ;
#187 = VECTOR ( 'NONE', #5788, 1000.000000000000000 ) ;
#188 = VECTOR ( 'NONE', #4927, 1000.000000000000000 ) ;
#189 = EDGE_CURVE ( 'NONE', #6930, #581, #965, .T. ) ;
#190 = DIRECTION ( 'NONE',  ( 0.000000000000000000, -1.000000000000000000, 0.000000000000000000 ) ) ;
#191 = DIRECTION ( 'NONE',  ( -0.000000000000000000, -0.000000000000000000, 1.000000000000000000 ) ) ;
#192 = ORIENTED_EDGE ( 'NONE', *, *, #2979, .T. ) ;
#193 = UNCERTAINTY_MEASURE_WITH_UNIT (LENGTH_MEASURE( 1.000000000000000082E-05 ), #2126, 'distance_accuracy_value', 'NONE');
#194 = ORIENTED_EDGE ( 'NONE', *, *, #3968, .T. ) ;
#195 = LINE ( 'NONE', #4050, #4673 ) ;
#196 = ORIENTED_EDGE ( 'NONE', *, *, #2739, .T. ) ;
#197 = EDGE_CURVE ( 'NONE', #4979, #532, #1000, .T. ) ;
#198 = DIRECTION ( 'NONE',  ( 1.000000000000000000, -0.000000000000000000, -0.000000000000000000 ) ) ;
#199 = DIRECTION ( 'NONE',  ( -0.000000000000000000, 1.000000000000000000, 0.000000000000000000 ) ) ;
#200 = EDGE_LOOP ( 'NONE', ( #825, #721, #6228, #6210, #1658, #182, #5502, #2862 ) ) ;
#201 = FILL_AREA_STYLE_COLOUR ( '', #5017 ) ;
#202 = CARTESIAN_POINT ( 'NONE',  ( -0.2999999999999968803, 1.050000000000000044, 0.04500000000000294043 ) ) ;
#203 = SURFACE_STYLE_FILL_AREA ( #4508 ) ;
#204 = VECTOR ( 'NONE', #2990, 1000.000000000000000 ) ;
#205 = LINE ( 'NONE', #3944, #3719 ) ;
#206 = EDGE_CURVE ( 'NONE', #1984, #648, #4614, .T. ) ;
#207 = ORIENTED_EDGE ( 'NONE', *, *, #5514, .F. ) ;
#208 = LINE ( 'NONE', #2974, #6319 ) ;
#209 =( GEOMETRIC_REPRESENTATION_CONTEXT ( 3 ) GLOBAL_UNCERTAINTY_ASSIGNED_CONTEXT ( ( #6335 ) ) GLOBAL_UNIT_ASSIGNED_CONTEXT ( ( #747, #2425, #4430 ) ) REPRESENTATION_CONTEXT ( 'NONE', 'WORKASPACE' ) );
#210 = CARTESIAN_POINT ( 'NONE',  ( -2.699999999999999289, 2.750000000000000000, 0.5500000000000018208 ) ) ;
#211 = CARTESIAN_POINT ( 'NONE',  ( -2.399999999999998579, 0.3499999999999999778, 0.05000000001625162782 ) ) ;
#212 = ORIENTED_EDGE ( 'NONE', *, *, #1472, .T. ) ;
#213 = CARTESIAN_POINT ( 'NONE',  ( 2.400000000000000799, 0.6936749699759758858, -0.8500000000000013101 ) ) ;
#214 = DIRECTION ( 'NONE',  ( 1.000000000000000000, -0.000000000000000000, 0.000000000000000000 ) ) ;
#215 = VECTOR ( 'NONE', #5609, 1000.000000000000000 ) ;
#216 = EDGE_CURVE ( 'NONE', #3170, #1766, #2509, .T. ) ;
#217 = STYLED_ITEM ( 'NONE', ( #795 ), #2101 ) ;
#218 = LINE ( 'NONE', #298, #4814 ) ;
#219 = CARTESIAN_POINT ( 'NONE',  ( -1.042600726839640890, 1.914472545666378256, -0.2676007268396403127 ) ) ;
#220 = ORIENTED_EDGE ( 'NONE', *, *, #1969, .F. ) ;
#221 = ORIENTED_EDGE ( 'NONE', *, *, #1231, .T. ) ;
#222 =( GEOMETRIC_REPRESENTATION_CONTEXT ( 3 ) GLOBAL_UNCERTAINTY_ASSIGNED_CONTEXT ( ( #2678 ) ) GLOBAL_UNIT_ASSIGNED_CONTEXT ( ( #491, #5319, #2134 ) ) REPRESENTATION_CONTEXT ( 'NONE', 'WORKASPACE' ) );
#223 = CARTESIAN_POINT ( 'NONE',  ( 3.899999999000000273, 1.050000000000000044, 0.5500000000000017097 ) ) ;
#224 = CARTESIAN_POINT ( 'NONE',  ( -2.399999999999998579, 0.6936749699759758858, -0.9499999999999986233 ) ) ;
#225 = LINE ( 'NONE', #4997, #1404 ) ;
#226 = VECTOR ( 'NONE', #3641, 1000.000000000000000 ) ;
#227 = DIRECTION ( 'NONE',  ( -0.000000000000000000, -1.000000000000000000, -0.000000000000000000 ) ) ;
#228 = EDGE_CURVE ( 'NONE', #6791, #6675, #4127, .T. ) ;
#229 = ORIENTED_EDGE ( 'NONE', *, *, #6808, .T. ) ;
#230 = DIRECTION ( 'NONE',  ( 0.000000000000000000, -1.204669080539449344E-16, 1.000000000000000000 ) ) ;
#231 = VECTOR ( 'NONE', #230, 1000.000000000000000 ) ;
#232 = VECTOR ( 'NONE', #3034, 1000.000000000000000 ) ;
#233 = ORIENTED_EDGE ( 'NONE', *, *, #6122, .T. ) ;
#234 = ORIENTED_EDGE ( 'NONE', *, *, #5264, .T. ) ;
#235 = ORIENTED_EDGE ( 'NONE', *, *, #4599, .F. ) ;
#236 = VECTOR ( 'NONE', #2046, 1000.000000000000000 ) ;
#237 = EDGE_CURVE ( 'NONE', #2198, #1228, #5496, .T. ) ;
#238 = DIRECTION ( 'NONE',  ( 0.000000000000000000, -1.000000000000000000, 0.000000000000000000 ) ) ;
#239 = FILL_AREA_STYLE_COLOUR ( '', #6498 ) ;
#240 = ORIENTED_EDGE ( 'NONE', *, *, #1809, .F. ) ;
#241 = MANIFOLD_SOLID_BREP ( 'Body-Move/Copy5[5]', #2612 ) ;
#242 = CARTESIAN_POINT ( 'NONE',  ( -1.939999999999999059, 1.050000000000000044, -0.4999999999999985012 ) ) ;
#243 = AXIS2_PLACEMENT_3D ( 'NONE', #1552, #4129, #6370 ) ;
#244 = CARTESIAN_POINT ( 'NONE',  ( -1.170530792283384303, 2.639999999999999236, 0.1250000000000016376 ) ) ;
#245 = LINE ( 'NONE', #4542, #5016 ) ;
#246 = AXIS2_PLACEMENT_3D ( 'NONE', #2975, #6623, #6703 ) ;
#247 = VERTEX_POINT ( 'NONE', #4394 ) ;
#248 = DIRECTION ( 'NONE',  ( 0.000000000000000000, 0.000000000000000000, 1.000000000000000000 ) ) ;
#249 = CARTESIAN_POINT ( 'NONE',  ( -1.899999999999999023, 0.1000000012999997523, -0.9999999999999986677 ) ) ;
#250 = DIRECTION ( 'NONE',  ( -1.000000000000000000, 0.000000000000000000, 1.355252715606883008E-16 ) ) ;
#251 = CARTESIAN_POINT ( 'NONE',  ( -2.399999999999998579, 0.6936749699759758858, -0.9499999999999986233 ) ) ;
#252 = ORIENTED_EDGE ( 'NONE', *, *, #3307, .F. ) ;
#253 = EDGE_CURVE ( 'NONE', #1026, #927, #3897, .T. ) ;
#254 = DIRECTION ( 'NONE',  ( 0.000000000000000000, 0.000000000000000000, 1.000000000000000000 ) ) ;
#255 = ORIENTED_EDGE ( 'NONE', *, *, #4931, .F. ) ;
#256 = CARTESIAN_POINT ( 'NONE',  ( 0.4750000000000033085, 0.1999999999999999833, 0.8000000000000011546 ) ) ;
#257 = LINE ( 'NONE', #5617, #3477 ) ;
#258 = LINE ( 'NONE', #5061, #6931 ) ;
#259 = ORIENTED_EDGE ( 'NONE', *, *, #5889, .F. ) ;
#260 = ORIENTED_EDGE ( 'NONE', *, *, #5930, .T. ) ;
#261 =( NAMED_UNIT ( * ) PLANE_ANGLE_UNIT ( ) SI_UNIT ( $, .RADIAN. ) );
#262 = DIRECTION ( 'NONE',  ( -1.000000000000000000, 0.000000000000000000, 0.000000000000000000 ) ) ;
#263 = DIRECTION ( 'NONE',  ( 0.000000000000000000, 0.000000000000000000, -1.000000000000000000 ) ) ;
#264 = DIRECTION ( 'NONE',  ( 0.000000000000000000, 0.000000000000000000, -1.000000000000000000 ) ) ;
#265 = PRESENTATION_LAYER_ASSIGNMENT (  '', '', ( #6121 ) ) ;
#266 = CARTESIAN_POINT ( 'NONE',  ( -1.074999999999997735, 1.050000000000000044, -0.8099999999999991651 ) ) ;
#267 = LINE ( 'NONE', #4676, #5587 ) ;
#268 = ADVANCED_FACE ( 'NONE', ( #5038 ), #1238, .F. ) ;
#269 = VERTEX_POINT ( 'NONE', #2027 ) ;
#271 = ORIENTED_EDGE ( 'NONE', *, *, #3173, .F. ) ;
#270 = AXIS2_PLACEMENT_3D ( 'NONE', #4606, #1411, #6731 ) ;
#272 = EDGE_LOOP ( 'NONE', ( #5439, #6161, #1117, #950 ) ) ;
#273 = CARTESIAN_POINT ( 'NONE',  ( -2.199999999999998845, 0.7936749699759757526, -0.9499999999999984013 ) ) ;
#274 = ORIENTED_EDGE ( 'NONE', *, *, #5488, .F. ) ;
#275 = AXIS2_PLACEMENT_3D ( 'NONE', #4194, #4757, #3290 ) ;
#276 = PLANE ( 'NONE',  #311 ) ;
#277 = ORIENTED_EDGE ( 'NONE', *, *, #6668, .F. ) ;
#278 = PLANE ( 'NONE',  #1194 ) ;
#279 = DIRECTION ( 'NONE',  ( -1.000000000000000000, 0.000000000000000000, 1.355252715606883008E-16 ) ) ;
#280 = FACE_OUTER_BOUND ( 'NONE', #1898, .T. ) ;
#281 = EDGE_CURVE ( 'NONE', #5726, #3132, #6354, .T. ) ;
#282 = AXIS2_PLACEMENT_3D ( 'NONE', #3218, #2712, #4331 ) ;
#283 = ADVANCED_FACE ( 'NONE', ( #2089 ), #1564, .F. ) ;
#284 = UNCERTAINTY_MEASURE_WITH_UNIT (LENGTH_MEASURE( 1.000000000000000082E-05 ), #6672, 'distance_accuracy_value', 'NONE');
#285 = ORIENTED_EDGE ( 'NONE', *, *, #2075, .F. ) ;
#286 = FILL_AREA_STYLE_COLOUR ( '', #6657 ) ;
#287 = ADVANCED_FACE ( 'NONE', ( #6424 ), #6726, .F. ) ;
#288 = PRESENTATION_STYLE_ASSIGNMENT (( #2599 ) ) ;
#289 = FILL_AREA_STYLE_COLOUR ( '', #5725 ) ;
#290 = PLANE ( 'NONE',  #6953 ) ;
#291 = VERTEX_POINT ( 'NONE', #3857 ) ;
#292 = DIRECTION ( 'NONE',  ( 0.000000000000000000, -1.000000000000000000, 0.000000000000000000 ) ) ;
#293 = ORIENTED_EDGE ( 'NONE', *, *, #4408, .T. ) ;
#294 = CARTESIAN_POINT ( 'NONE',  ( 0.3000000000000017653, 1.050000000000000044, 0.04500000000000296124 ) ) ;
#295 = DIRECTION ( 'NONE',  ( 1.000000000000000000, -0.000000000000000000, -0.000000000000000000 ) ) ;
#296 = DIRECTION ( 'NONE',  ( 0.1710878697460308795, -0.9702875252478155854, 0.1710878697460308795 ) ) ;
#297 = STYLED_ITEM ( 'NONE', ( #6914 ), #1880 ) ;
#298 = CARTESIAN_POINT ( 'NONE',  ( 1.939999999150000543, 1.050000000000000044, -0.5000000000000013323 ) ) ;
#299 =( NAMED_UNIT ( * ) SI_UNIT ( $, .STERADIAN. ) SOLID_ANGLE_UNIT ( ) );
#300 = ORIENTED_EDGE ( 'NONE', *, *, #3896, .F. ) ;
#301 = EDGE_LOOP ( 'NONE', ( #4955, #935, #3030, #516 ) ) ;
#302 = VECTOR ( 'NONE', #6626, 1000.000000000000000 ) ;
#303 = CARTESIAN_POINT ( 'NONE',  ( -0.4999999999999973910, 2.239999999999989555, -0.8249999999999970690 ) ) ;
#304 = EDGE_CURVE ( 'NONE', #3667, #5827, #4890, .T. ) ;
#305 = CARTESIAN_POINT ( 'NONE',  ( 1.300000000000001155, 2.239999999999990443, 0.04500000000000011630 ) ) ;
#306 = LINE ( 'NONE', #3521, #6645 ) ;
#307 = LINE ( 'NONE', #4076, #5131 ) ;
#308 = EDGE_CURVE ( 'NONE', #5525, #1998, #5390, .T. ) ;
#309 = LINE ( 'NONE', #3451, #6483 ) ;
#310 = ORIENTED_EDGE ( 'NONE', *, *, #3863, .F. ) ;
#311 = AXIS2_PLACEMENT_3D ( 'NONE', #5188, #318, #3536 ) ;
#312 = EDGE_CURVE ( 'NONE', #2271, #3625, #6603, .T. ) ;
#313 = ORIENTED_EDGE ( 'NONE', *, *, #3240, .F. ) ;
#314 = LINE ( 'NONE', #2963, #4781 ) ;
#315 =( GEOMETRIC_REPRESENTATION_CONTEXT ( 3 ) GLOBAL_UNCERTAINTY_ASSIGNED_CONTEXT ( ( #6123 ) ) GLOBAL_UNIT_ASSIGNED_CONTEXT ( ( #6843, #6170, #1484 ) ) REPRESENTATION_CONTEXT ( 'NONE', 'WORKASPACE' ) );
#316 = ORIENTED_EDGE ( 'NONE', *, *, #2778, .F. ) ;
#317 = DIRECTION ( 'NONE',  ( 1.000000000000000000, 0.000000000000000000, 0.000000000000000000 ) ) ;
#318 = DIRECTION ( 'NONE',  ( -0.9848077530122090195, -0.1736481776669255295, -0.000000000000000000 ) ) ;
#319 = ORIENTED_EDGE ( 'NONE', *, *, #6404, .T. ) ;
#320 = VECTOR ( 'NONE', #6325, 1000.000000000000000 ) ;
#321 = LINE ( 'NONE', #6738, #2995 ) ;
#322 = DIRECTION ( 'NONE',  ( -1.000000000000000000, 0.000000000000000000, -0.000000000000000000 ) ) ;
#323 = ORIENTED_EDGE ( 'NONE', *, *, #253, .T. ) ;
#324 = DIRECTION ( 'NONE',  ( -1.000000000000000000, 0.000000000000000000, 0.000000000000000000 ) ) ;
#325 = SURFACE_STYLE_USAGE ( .BOTH. , #5157 ) ;
#326 = CARTESIAN_POINT ( 'NONE',  ( 2.400000000000000799, 0.6000000000000000888, -0.9150000000000009237 ) ) ;
#327 = FILL_AREA_STYLE ('',( #289 ) ) ;
#328 = DIRECTION ( 'NONE',  ( -1.000000000000000000, 0.000000000000000000, 0.000000000000000000 ) ) ;
#329 = VERTEX_POINT ( 'NONE', #2175 ) ;
#330 = DIRECTION ( 'NONE',  ( 0.000000000000000000, 0.000000000000000000, -1.000000000000000000 ) ) ;
#331 = ORIENTED_EDGE ( 'NONE', *, *, #5837, .T. ) ;
#332 = LINE ( 'NONE', #1724, #3635 ) ;
#333 = PLANE ( 'NONE',  #4775 ) ;
#334 = EDGE_CURVE ( 'NONE', #3205, #5937, #5029, .T. ) ;
#335 = MECHANICAL_DESIGN_GEOMETRIC_PRESENTATION_REPRESENTATION (  '', ( #5411 ), #209 ) ;
#336 = DIRECTION ( 'NONE',  ( 0.000000000000000000, -1.204669080539449344E-16, 1.000000000000000000 ) ) ;
#337 = FILL_AREA_STYLE_COLOUR ( '', #642 ) ;
#338 = ORIENTED_EDGE ( 'NONE', *, *, #2533, .F. ) ;
#339 = EDGE_LOOP ( 'NONE', ( #375, #2954, #2978, #1485 ) ) ;
#340 = CARTESIAN_POINT ( 'NONE',  ( -2.199999999999998845, 1.000000000000000000, -0.9499999999843734555 ) ) ;
#341 = DIRECTION ( 'NONE',  ( -0.000000000000000000, -1.000000000000000000, -3.249988186109896618E-11 ) ) ;
#342 = DIRECTION ( 'NONE',  ( -1.000000000000000000, 0.000000000000000000, 0.000000000000000000 ) ) ;
#343 = LINE ( 'NONE', #4672, #6906 ) ;
#344 = CARTESIAN_POINT ( 'NONE',  ( 1.275000000000001465, 0.04999999999999996808, 1.199999999999998401 ) ) ;
#345 = EDGE_LOOP ( 'NONE', ( #6907, #2176, #6521, #4532, #1302, #2384, #1762, #1375 ) ) ;
#346 = EDGE_CURVE ( 'NONE', #6451, #5597, #4039, .T. ) ;
#347 = STYLED_ITEM ( 'NONE', ( #6116 ), #607 ) ;
#348 = LINE ( 'NONE', #4148, #1264 ) ;
#349 = ORIENTED_EDGE ( 'NONE', *, *, #4791, .F. ) ;
#350 = ADVANCED_FACE ( 'NONE', ( #3448 ), #1366, .F. ) ;
#351 = VERTEX_POINT ( 'NONE', #184 ) ;
#352 = SURFACE_STYLE_USAGE ( .BOTH. , #827 ) ;
#353 = CIRCLE ( 'NONE', #1256, 0.1000000000000000472 ) ;
#354 = VECTOR ( 'NONE', #3242, 1000.000000000000000 ) ;
#355 = LINE ( 'NONE', #4897, #5298 ) ;
#356 = EDGE_LOOP ( 'NONE', ( #3962, #4257, #4585, #1111 ) ) ;
#357 = EDGE_CURVE ( 'NONE', #4634, #5133, #5099, .T. ) ;
#358 = DIRECTION ( 'NONE',  ( -0.000000000000000000, -1.000000000000000000, 0.000000000000000000 ) ) ;
#359 = MECHANICAL_DESIGN_GEOMETRIC_PRESENTATION_REPRESENTATION (  '', ( #6426 ), #4387 ) ;
#360 = AXIS2_PLACEMENT_3D ( 'NONE', #6810, #5747, #856 ) ;
#361 = UNCERTAINTY_MEASURE_WITH_UNIT (LENGTH_MEASURE( 1.000000000000000082E-05 ), #2033, 'distance_accuracy_value', 'NONE');
#362 = CARTESIAN_POINT ( 'NONE',  ( 0.4750000000000033085, 0.05000000000000031503, 1.250000000000001110 ) ) ;
#363 = PRESENTATION_STYLE_ASSIGNMENT (( #4227 ) ) ;
#364 = FACE_OUTER_BOUND ( 'NONE', #3458, .T. ) ;
#365 = AXIS2_PLACEMENT_3D ( 'NONE', #413, #5893, #6534 ) ;
#366 = SURFACE_STYLE_USAGE ( .BOTH. , #796 ) ;
#367 = ORIENTED_EDGE ( 'NONE', *, *, #6065, .T. ) ;
#368 = CARTESIAN_POINT ( 'NONE',  ( -1.274999999999998357, 0.4500000002000000832, 0.6556624325871229786 ) ) ;
#369 = AXIS2_PLACEMENT_3D ( 'NONE', #940, #2359, #1978 ) ;
#370 = EDGE_CURVE ( 'NONE', #2130, #1851, #353, .T. ) ;
#371 = VECTOR ( 'NONE', #5711, 1000.000000000000000 ) ;
#372 = ADVANCED_FACE ( 'NONE', ( #5136 ), #1847, .F. ) ;
#373 = CARTESIAN_POINT ( 'NONE',  ( -1.699999999999998401, 2.639999999999999236, -0.4999999999999985012 ) ) ;
#374 = DIRECTION ( 'NONE',  ( 0.000000000000000000, 0.000000000000000000, -1.000000000000000000 ) ) ;
#375 = ORIENTED_EDGE ( 'NONE', *, *, #1508, .F. ) ;
#376 = ORIENTED_EDGE ( 'NONE', *, *, #6740, .T. ) ;
#377 = LINE ( 'NONE', #447, #2705 ) ;
#378 = LINE ( 'NONE', #3520, #938 ) ;
#379 = DIRECTION ( 'NONE',  ( 0.000000000000000000, 0.000000000000000000, 1.000000000000000000 ) ) ;
#380 = EDGE_CURVE ( 'NONE', #3976, #2275, #306, .T. ) ;
#381 = SURFACE_SIDE_STYLE ('',( #5214 ) ) ;
#382 = CARTESIAN_POINT ( 'NONE',  ( -0.3249999999999967359, 0.4500000002000000277, 0.6556624325871229786 ) ) ;
#383 = EDGE_LOOP ( 'NONE', ( #5803, #4051, #1945, #2071, #6707 ) ) ;
#384 = CYLINDRICAL_SURFACE ( 'NONE', #5196, 0.04999999999999991257 ) ;
#385 =( NAMED_UNIT ( * ) SI_UNIT ( $, .STERADIAN. ) SOLID_ANGLE_UNIT ( ) );
#386 = ORIENTED_EDGE ( 'NONE', *, *, #1223, .T. ) ;
#387 = CARTESIAN_POINT ( 'NONE',  ( 0.3000000000000017653, 1.050000000000000044, 0.04500000000000296124 ) ) ;
#388 = ORIENTED_EDGE ( 'NONE', *, *, #724, .T. ) ;
#389 =( NAMED_UNIT ( * ) SI_UNIT ( $, .STERADIAN. ) SOLID_ANGLE_UNIT ( ) );
#390 = DIRECTION ( 'NONE',  ( -0.000000000000000000, 0.000000000000000000, -1.000000000000000000 ) ) ;
#391 = ORIENTED_EDGE ( 'NONE', *, *, #884, .F. ) ;
#392 = VECTOR ( 'NONE', #379, 1000.000000000000000 ) ;
#393 = DIRECTION ( 'NONE',  ( -1.000000000000000000, 0.000000000000000000, 0.000000000000000000 ) ) ;
#394 = EDGE_CURVE ( 'NONE', #5707, #3821, #4597, .T. ) ;
#395 = MECHANICAL_DESIGN_GEOMETRIC_PRESENTATION_REPRESENTATION (  '', ( #2641 ), #1192 ) ;
#396 = CARTESIAN_POINT ( 'NONE',  ( -2.699999999999999289, 0.1000000012999997384, 0.5500000000000018208 ) ) ;
#397 = LINE ( 'NONE', #5303, #3376 ) ;
#398 = CARTESIAN_POINT ( 'NONE',  ( 1.196273787504378516, 2.785995780779311648, -0.7287262124956238596 ) ) ;
#399 = DIRECTION ( 'NONE',  ( 0.000000000000000000, -0.000000000000000000, -1.000000000000000000 ) ) ;
#400 = VERTEX_POINT ( 'NONE', #731 ) ;
#401 = CIRCLE ( 'NONE', #2528, 0.04999999999999991257 ) ;
#402 = DIRECTION ( 'NONE',  ( -0.7071067811865475727, -0.7071067811865475727, -0.000000000000000000 ) ) ;
#403 = DIRECTION ( 'NONE',  ( -0.000000000000000000, 0.000000000000000000, -1.000000000000000000 ) ) ;
#404 = VECTOR ( 'NONE', #3812, 1000.000000000000000 ) ;
#405 = ADVANCED_FACE ( 'NONE', ( #2374 ), #1811, .F. ) ;
#406 = VERTEX_POINT ( 'NONE', #1402 ) ;
#407 = DIRECTION ( 'NONE',  ( 0.000000000000000000, -1.000000000000000000, 0.000000000000000000 ) ) ;
#408 = LINE ( 'NONE', #2023, #5699 ) ;
#409 = ORIENTED_EDGE ( 'NONE', *, *, #4213, .F. ) ;
#410 = ORIENTED_EDGE ( 'NONE', *, *, #1368, .F. ) ;
#411 = CARTESIAN_POINT ( 'NONE',  ( 1.275000000000001465, 0.4500000002000000277, 0.6556624325871202030 ) ) ;
#412 = SURFACE_STYLE_FILL_AREA ( #3590 ) ;
#413 = CARTESIAN_POINT ( 'NONE',  ( 3.899999999000000273, 1.050000000000000044, 0.5500000000000017097 ) ) ;
#414 = CARTESIAN_POINT ( 'NONE',  ( 1.075000000000001732, 1.050000000000000044, -0.8100000000000020517 ) ) ;
#415 = ORIENTED_EDGE ( 'NONE', *, *, #2787, .F. ) ;
#416 = AXIS2_PLACEMENT_3D ( 'NONE', #4445, #6066, #3952 ) ;
#417 =( NAMED_UNIT ( * ) SI_UNIT ( $, .STERADIAN. ) SOLID_ANGLE_UNIT ( ) );
#418 = PLANE ( 'NONE',  #2431 ) ;
#419 = COLOUR_RGB ( '',0.7960784313725489669, 0.8235294117647058432, 0.9372549019607843146 ) ;
#420 = ORIENTED_EDGE ( 'NONE', *, *, #2922, .F. ) ;
#421 = AXIS2_PLACEMENT_3D ( 'NONE', #6814, #945, #1522 ) ;
#422 = EDGE_LOOP ( 'NONE', ( #4742, #3446, #6687, #1670 ) ) ;
#423 = EDGE_CURVE ( 'NONE', #1358, #5255, #3556, .T. ) ;
#424 = SURFACE_SIDE_STYLE ('',( #3636 ) ) ;
#425 = DIRECTION ( 'NONE',  ( 0.000000000000000000, 0.000000000000000000, -1.000000000000000000 ) ) ;
#426 =( LENGTH_UNIT ( ) NAMED_UNIT ( * ) SI_UNIT ( .MILLI., .METRE. ) );
#427 = ORIENTED_EDGE ( 'NONE', *, *, #1920, .T. ) ;
#428 = CARTESIAN_POINT ( 'NONE',  ( -2.399999999999998579, 0.7936749699759758636, -0.9499999999999984013 ) ) ;
#429 = UNCERTAINTY_MEASURE_WITH_UNIT (LENGTH_MEASURE( 1.000000000000000082E-05 ), #6474, 'distance_accuracy_value', 'NONE');
#430 = VECTOR ( 'NONE', #2463, 1000.000000000000000 ) ;
#431 = SURFACE_STYLE_USAGE ( .BOTH. , #3152 ) ;
#432 =( NAMED_UNIT ( * ) PLANE_ANGLE_UNIT ( ) SI_UNIT ( $, .RADIAN. ) );
#433 = EDGE_CURVE ( 'NONE', #4028, #3129, #5174, .T. ) ;
#434 = ADVANCED_FACE ( 'NONE', ( #3414 ), #2910, .F. ) ;
#435 = CARTESIAN_POINT ( 'NONE',  ( 2.700000000000001510, 1.000000000000000000, -1.000000000000001554 ) ) ;
#436 = PRESENTATION_LAYER_ASSIGNMENT (  '', '', ( #519 ) ) ;
#437 = CARTESIAN_POINT ( 'NONE',  ( 0.3250000000000016209, 0.4500000002000000832, 0.5500000000000018208 ) ) ;
#438 = CARTESIAN_POINT ( 'NONE',  ( -2.399999999999998579, 0.6936749699759758858, -0.8499999999999985345 ) ) ;
#439 =( LENGTH_UNIT ( ) NAMED_UNIT ( * ) SI_UNIT ( .MILLI., .METRE. ) );
#440 = ORIENTED_EDGE ( 'NONE', *, *, #1033, .F. ) ;
#441 = CARTESIAN_POINT ( 'NONE',  ( -1.809999999999999165, 2.750000000000000000, -0.9999999999999986677 ) ) ;
#442 = EDGE_CURVE ( 'NONE', #2187, #2004, #3966, .T. ) ;
#443 = VECTOR ( 'NONE', #1989, 1000.000000000000000 ) ;
#444 = SURFACE_STYLE_USAGE ( .BOTH. , #2056 ) ;
#445 = CARTESIAN_POINT ( 'NONE',  ( 0.3749059143071865052, 2.664812549992180646, 0.2700940856928182310 ) ) ;
#446 = VERTEX_POINT ( 'NONE', #3100 ) ;
#447 = CARTESIAN_POINT ( 'NONE',  ( 0.4750000000000033085, -3.675261601645777502E-17, 1.200000000000000844 ) ) ;
#448 = PLANE ( 'NONE',  #4077 ) ;
#449 = CARTESIAN_POINT ( 'NONE',  ( 2.700000000000001510, 0.3500000000000000333, -1.000000000000001554 ) ) ;
#450 = EDGE_CURVE ( 'NONE', #5687, #5426, #922, .T. ) ;
#451 = VECTOR ( 'NONE', #238, 1000.000000000000000 ) ;
#452 = AXIS2_PLACEMENT_3D ( 'NONE', #4898, #2181, #6715 ) ;
#453 = ORIENTED_EDGE ( 'NONE', *, *, #6005, .T. ) ;
#454 = CARTESIAN_POINT ( 'NONE',  ( 2.400000000000000799, 0.1199999999999999956, -0.9500000000000011768 ) ) ;
#455 =( LENGTH_UNIT ( ) NAMED_UNIT ( * ) SI_UNIT ( .MILLI., .METRE. ) );
#456 = AXIS2_PLACEMENT_3D ( 'NONE', #4728, #471, #1003 ) ;
#457 = VERTEX_POINT ( 'NONE', #3135 ) ;
#458 = ORIENTED_EDGE ( 'NONE', *, *, #2375, .T. ) ;
#459 = ADVANCED_FACE ( 'NONE', ( #5729 ), #2486, .F. ) ;
#460 = ORIENTED_EDGE ( 'NONE', *, *, #724, .F. ) ;
#461 = PLANE ( 'NONE',  #3957 ) ;
#462 =( NAMED_UNIT ( * ) PLANE_ANGLE_UNIT ( ) SI_UNIT ( $, .RADIAN. ) );
#463 = DIRECTION ( 'NONE',  ( -0.000000000000000000, -0.000000000000000000, -1.000000000000000000 ) ) ;
#464 = FACE_OUTER_BOUND ( 'NONE', #6571, .T. ) ;
#465 = EDGE_LOOP ( 'NONE', ( #313, #4865, #6311, #159 ) ) ;
#466 = AXIS2_PLACEMENT_3D ( 'NONE', #5832, #4416, #58 ) ;
#467 = CARTESIAN_POINT ( 'NONE',  ( 1.939999999000002529, 1.050000000000000044, -0.5000000000000013323 ) ) ;
#468 = STYLED_ITEM ( 'NONE', ( #4046 ), #708 ) ;
#469 = EDGE_CURVE ( 'NONE', #3746, #134, #378, .T. ) ;
#470 = CARTESIAN_POINT ( 'NONE',  ( 1.275000000000001465, -4.042787761810355684E-17, 1.199999999999997957 ) ) ;
#471 = DIRECTION ( 'NONE',  ( 0.000000000000000000, -7.572940222879532405E-11, 1.000000000000000000 ) ) ;
#472 = CARTESIAN_POINT ( 'NONE',  ( -2.199999999999998845, 0.4000000000000000222, -0.9149999999999980371 ) ) ;
#473 = CARTESIAN_POINT ( 'NONE',  ( 1.300000000000001155, 1.050000000000000044, 0.3450000000000001399 ) ) ;
#474 = DIRECTION ( 'NONE',  ( -1.000000000000000000, -0.000000000000000000, -0.000000000000000000 ) ) ;
#475 = ORIENTED_EDGE ( 'NONE', *, *, #571, .F. ) ;
#476 = CARTESIAN_POINT ( 'NONE',  ( 4.800000000000004263, 2.639999999999999236, 0.1250000000000016376 ) ) ;
#477 = LINE ( 'NONE', #2053, #4110 ) ;
#478 = VECTOR ( 'NONE', #1371, 1000.000000000000000 ) ;
#479 = STYLED_ITEM ( 'NONE', ( #6147 ), #405 ) ;
#480 = ADVANCED_FACE ( 'NONE', ( #6754 ), #4596, .F. ) ;
#481 = FACE_OUTER_BOUND ( 'NONE', #4970, .T. ) ;
#482 = ORIENTED_EDGE ( 'NONE', *, *, #3312, .F. ) ;
#483 = STYLED_ITEM ( 'NONE', ( #1002 ), #5875 ) ;
#484 = DIRECTION ( 'NONE',  ( -0.000000000000000000, -1.000000000000000000, -0.000000000000000000 ) ) ;
#485 = VECTOR ( 'NONE', #2934, 1000.000000000000000 ) ;
#486 = ORIENTED_EDGE ( 'NONE', *, *, #4666, .F. ) ;
#487 = EDGE_CURVE ( 'NONE', #2224, #4219, #6853, .T. ) ;
#488 = CYLINDRICAL_SURFACE ( 'NONE', #6274, 0.04999999999999991257 ) ;
#489 =( NAMED_UNIT ( * ) PLANE_ANGLE_UNIT ( ) SI_UNIT ( $, .RADIAN. ) );
#490 = LINE ( 'NONE', #5387, #820 ) ;
#491 =( LENGTH_UNIT ( ) NAMED_UNIT ( * ) SI_UNIT ( .MILLI., .METRE. ) );
#492 = ORIENTED_EDGE ( 'NONE', *, *, #3450, .F. ) ;
#493 = ORIENTED_EDGE ( 'NONE', *, *, #2998, .T. ) ;
#494 = ADVANCED_FACE ( 'NONE', ( #4074 ), #448, .F. ) ;
#495 = CARTESIAN_POINT ( 'NONE',  ( -1.124999999999998446, 0.4500000002000000832, 0.6556624325871229786 ) ) ;
#496 = FACE_OUTER_BOUND ( 'NONE', #339, .T. ) ;
#497 = DIRECTION ( 'NONE',  ( -0.000000000000000000, -0.7071067811865474617, 0.7071067811865474617 ) ) ;
#498 = CARTESIAN_POINT ( 'NONE',  ( -1.124999999999998446, 0.1000000006499978250, 0.5499999993499998796 ) ) ;
#499 = ORIENTED_EDGE ( 'NONE', *, *, #3230, .T. ) ;
#500 =( NAMED_UNIT ( * ) SI_UNIT ( $, .STERADIAN. ) SOLID_ANGLE_UNIT ( ) );
#501 = UNCERTAINTY_MEASURE_WITH_UNIT (LENGTH_MEASURE( 1.000000000000000082E-05 ), #2274, 'distance_accuracy_value', 'NONE');
#502 = FILL_AREA_STYLE_COLOUR ( '', #4749 ) ;
#503 = DIRECTION ( 'NONE',  ( 0.000000000000000000, -1.204669080539449344E-16, 1.000000000000000000 ) ) ;
#504 = LINE ( 'NONE', #6905, #3731 ) ;
#505 = VECTOR ( 'NONE', #6717, 1000.000000000000000 ) ;
#506 = CARTESIAN_POINT ( 'NONE',  ( -0.3249999999999967359, 0.4500000002000000277, 0.6556624325871229786 ) ) ;
#507 = DIRECTION ( 'NONE',  ( 0.000000000000000000, 0.000000000000000000, -1.000000000000000000 ) ) ;
#508 = VERTEX_POINT ( 'NONE', #5797 ) ;
#509 = DIRECTION ( 'NONE',  ( 1.000000000000000000, 0.000000000000000000, 0.000000000000000000 ) ) ;
#510 = DIRECTION ( 'NONE',  ( 0.000000000000000000, 0.000000000000000000, 1.000000000000000000 ) ) ;
#511 = EDGE_CURVE ( 'NONE', #2434, #1883, #983, .T. ) ;
#512 = STYLED_ITEM ( 'NONE', ( #1394 ), #4162 ) ;
#513 = EDGE_CURVE ( 'NONE', #616, #2745, #6181, .T. ) ;
#514 = SURFACE_SIDE_STYLE ('',( #588 ) ) ;
#515 = LINE ( 'NONE', #6380, #5701 ) ;
#516 = ORIENTED_EDGE ( 'NONE', *, *, #4292, .T. ) ;
#517 = DIRECTION ( 'NONE',  ( 1.000000000000000000, 0.000000000000000000, 0.000000000000000000 ) ) ;
#518 = DIRECTION ( 'NONE',  ( 1.000000000000000000, -0.000000000000000000, -0.000000000000000000 ) ) ;
#519 = STYLED_ITEM ( 'NONE', ( #6117 ), #4902 ) ;
#520 = ORIENTED_EDGE ( 'NONE', *, *, #3840, .T. ) ;
#521 = LINE ( 'NONE', #5450, #2107 ) ;
#522 = ADVANCED_FACE ( 'NONE', ( #5829 ), #5381, .F. ) ;
#523 = DIRECTION ( 'NONE',  ( 0.000000000000000000, 0.000000000000000000, 1.000000000000000000 ) ) ;
#524 = DIRECTION ( 'NONE',  ( 0.000000000000000000, 0.000000000000000000, -1.000000000000000000 ) ) ;
#525 = VECTOR ( 'NONE', #4450, 1000.000000000000000 ) ;
#526 = ORIENTED_EDGE ( 'NONE', *, *, #5625, .F. ) ;
#527 = VERTEX_POINT ( 'NONE', #4849 ) ;
#528 = DIRECTION ( 'NONE',  ( 1.000000000000000000, 0.000000000000000000, 0.000000000000000000 ) ) ;
#529 = DIRECTION ( 'NONE',  ( 1.000000000000000000, 0.000000000000000000, -0.000000000000000000 ) ) ;
#530 = DIRECTION ( 'NONE',  ( 0.000000000000000000, -0.1736481776669255295, 0.9848077530122090195 ) ) ;
#531 = DIRECTION ( 'NONE',  ( -1.000000000000000000, -0.000000000000000000, -0.000000000000000000 ) ) ;
#532 = VERTEX_POINT ( 'NONE', #3271 ) ;
#533 = STYLED_ITEM ( 'NONE', ( #6080 ), #2624 ) ;
#534 = SURFACE_STYLE_FILL_AREA ( #1237 ) ;
#535 = FACE_OUTER_BOUND ( 'NONE', #3284, .T. ) ;
#536 = ADVANCED_FACE ( 'NONE', ( #2060 ), #6105, .F. ) ;
#537 = CARTESIAN_POINT ( 'NONE',  ( -1.809999999999999165, 2.750000000000000000, -0.8099999999999991651 ) ) ;
#538 = CARTESIAN_POINT ( 'NONE',  ( 1.275000000000001465, 0.4500000002000000277, 0.6556624325871202030 ) ) ;
#539 = LINE ( 'NONE', #4833, #3631 ) ;
#540 = ORIENTED_EDGE ( 'NONE', *, *, #4715, .T. ) ;
#541 = CARTESIAN_POINT ( 'NONE',  ( -1.699999999149999441, 1.050000000000000044, 0.5500000000000017097 ) ) ;
#542 = LINE ( 'NONE', #5852, #552 ) ;
#543 = VERTEX_POINT ( 'NONE', #4991 ) ;
#544 = LINE ( 'NONE', #36, #5128 ) ;
#545 = CARTESIAN_POINT ( 'NONE',  ( 2.200000000000001066, 0.4000000000000000222, -0.9150000000000009237 ) ) ;
#546 = VECTOR ( 'NONE', #1209, 1000.000000000000000 ) ;
#547 = DIRECTION ( 'NONE',  ( -0.000000000000000000, -0.000000000000000000, 1.000000000000000000 ) ) ;
#548 = VECTOR ( 'NONE', #2731, 1000.000000000000000 ) ;
#549 = ORIENTED_EDGE ( 'NONE', *, *, #4571, .T. ) ;
#550 = DIRECTION ( 'NONE',  ( -1.000000000000000000, 0.000000000000000000, -0.000000000000000000 ) ) ;
#551 =( LENGTH_UNIT ( ) NAMED_UNIT ( * ) SI_UNIT ( .MILLI., .METRE. ) );
#552 = VECTOR ( 'NONE', #474, 1000.000000000000000 ) ;
#553 = VERTEX_POINT ( 'NONE', #1286 ) ;
#554 = FILL_AREA_STYLE_COLOUR ( '', #2549 ) ;
#555 = DIRECTION ( 'NONE',  ( 0.1710878697460311570, 0.9702875252478154744, -0.1710878697460311570 ) ) ;
#556 = AXIS2_PLACEMENT_3D ( 'NONE', #2022, #6883, #1956 ) ;
#557 = FILL_AREA_STYLE ('',( #5383 ) ) ;
#558 = EDGE_CURVE ( 'NONE', #4979, #682, #4520, .T. ) ;
#559 = ORIENTED_EDGE ( 'NONE', *, *, #2855, .T. ) ;
#560 =( LENGTH_UNIT ( ) NAMED_UNIT ( * ) SI_UNIT ( .MILLI., .METRE. ) );
#561 = DIRECTION ( 'NONE',  ( 0.000000000000000000, 0.000000000000000000, -1.000000000000000000 ) ) ;
#562 = DIRECTION ( 'NONE',  ( -0.000000000000000000, 0.000000000000000000, -1.000000000000000000 ) ) ;
#563 = ORIENTED_EDGE ( 'NONE', *, *, #1011, .F. ) ;
#564 = ORIENTED_EDGE ( 'NONE', *, *, #4939, .T. ) ;
#565 = AXIS2_PLACEMENT_3D ( 'NONE', #6253, #850, #6753 ) ;
#566 = DIRECTION ( 'NONE',  ( 0.000000000000000000, -1.000000000000000000, -5.421010860823805421E-16 ) ) ;
#567 = EDGE_CURVE ( 'NONE', #4576, #5286, #178, .T. ) ;
#568 = ORIENTED_EDGE ( 'NONE', *, *, #750, .T. ) ;
#569 = PRESENTATION_LAYER_ASSIGNMENT (  '', '', ( #3609 ) ) ;
#570 = DIRECTION ( 'NONE',  ( -1.000000000000000000, -0.000000000000000000, -0.000000000000000000 ) ) ;
#571 = EDGE_CURVE ( 'NONE', #1032, #4090, #6067, .T. ) ;
#572 = LINE ( 'NONE', #1031, #5059 ) ;
#573 = ORIENTED_EDGE ( 'NONE', *, *, #2338, .F. ) ;
#574 = PLANE ( 'NONE',  #282 ) ;
#575 = DIRECTION ( 'NONE',  ( 1.000000000000000000, 0.000000000000000000, 0.000000000000000000 ) ) ;
#576 = ADVANCED_FACE ( 'NONE', ( #1838 ), #3136, .F. ) ;
#577 = AXIS2_PLACEMENT_3D ( 'NONE', #127, #5039, #4713 ) ;
#578 = ORIENTED_EDGE ( 'NONE', *, *, #1164, .F. ) ;
#579 = FACE_OUTER_BOUND ( 'NONE', #3552, .T. ) ;
#580 = FACE_OUTER_BOUND ( 'NONE', #4846, .T. ) ;
#581 = VERTEX_POINT ( 'NONE', #1716 ) ;
#582 = VECTOR ( 'NONE', #1685, 1000.000000000000114 ) ;
#583 = CARTESIAN_POINT ( 'NONE',  ( -0.3249999999999967359, -3.675261601645777502E-17, 0.6500000000000011324 ) ) ;
#584 = FACE_OUTER_BOUND ( 'NONE', #154, .T. ) ;
#585 = DIRECTION ( 'NONE',  ( 1.000000000000000000, 0.000000000000000000, 0.000000000000000000 ) ) ;
#586 = VECTOR ( 'NONE', #4425, 1000.000000000000000 ) ;
#587 = ORIENTED_EDGE ( 'NONE', *, *, #6927, .T. ) ;
#588 = SURFACE_STYLE_FILL_AREA ( #5336 ) ;
#589 = CARTESIAN_POINT ( 'NONE',  ( 1.300000000000001155, 2.639999999999999236, 0.04500000000000011630 ) ) ;
#590 = VECTOR ( 'NONE', #2838, 1000.000000000000227 ) ;
#591 = ORIENTED_EDGE ( 'NONE', *, *, #3245, .F. ) ;
#592 = VECTOR ( 'NONE', #698, 1000.000000000000000 ) ;
#593 = CARTESIAN_POINT ( 'NONE',  ( -2.199999999999998845, 0.6936749699759758858, -0.9499999999999986233 ) ) ;
#594 = LINE ( 'NONE', #4277, #2 ) ;
#595 =( NAMED_UNIT ( * ) SI_UNIT ( $, .STERADIAN. ) SOLID_ANGLE_UNIT ( ) );
#596 = EDGE_CURVE ( 'NONE', #633, #4519, #6048, .T. ) ;
#597 =( NAMED_UNIT ( * ) PLANE_ANGLE_UNIT ( ) SI_UNIT ( $, .RADIAN. ) );
#598 = EDGE_CURVE ( 'NONE', #3690, #5360, #5000, .T. ) ;
#599 = LINE ( 'NONE', #5898, #5830 ) ;
#600 = PRESENTATION_STYLE_ASSIGNMENT (( #3826 ) ) ;
#601 = DIRECTION ( 'NONE',  ( -0.000000000000000000, 0.000000000000000000, 1.000000000000000000 ) ) ;
#602 = CARTESIAN_POINT ( 'NONE',  ( -2.399999999999998579, 0.3063250300240242252, -0.9499999999999986233 ) ) ;
#603 = DIRECTION ( 'NONE',  ( 0.000000000000000000, 0.000000000000000000, 1.000000000000000000 ) ) ;
#604 = ORIENTED_EDGE ( 'NONE', *, *, #228, .T. ) ;
#605 = PRESENTATION_LAYER_ASSIGNMENT (  '', '', ( #1819 ) ) ;
#606 =( LENGTH_UNIT ( ) NAMED_UNIT ( * ) SI_UNIT ( .MILLI., .METRE. ) );
#607 = ADVANCED_FACE ( 'NONE', ( #3927 ), #3416, .T. ) ;
#608 = ORIENTED_EDGE ( 'NONE', *, *, #937, .F. ) ;
#609 = LINE ( 'NONE', #3861, #2239 ) ;
#610 = EDGE_LOOP ( 'NONE', ( #1374, #66, #6967, #2477 ) ) ;
#611 = CARTESIAN_POINT ( 'NONE',  ( -0.2999999999999959921, 1.050000000000000044, -0.8249999999999970690 ) ) ;
#612 = CARTESIAN_POINT ( 'NONE',  ( 15.54000000000000092, 1.050000000000000044, -0.6999999999999985123 ) ) ;
#613 = DIRECTION ( 'NONE',  ( 0.000000000000000000, -0.8660254037844363761, 0.5000000000000039968 ) ) ;
#614 = VERTEX_POINT ( 'NONE', #4856 ) ;
#615 = CARTESIAN_POINT ( 'NONE',  ( -0.4749999999999984235, 0.1000000006499978250, 0.5499999993499998796 ) ) ;
#616 = VERTEX_POINT ( 'NONE', #4286 ) ;
#617 = CARTESIAN_POINT ( 'NONE',  ( 1.900000000637501518, 0.3500000000000000333, 0.5499999999999989342 ) ) ;
#618 = VERTEX_POINT ( 'NONE', #3169 ) ;
#619 = VECTOR ( 'NONE', #6854, 1000.000000000000000 ) ;
#620 = DIRECTION ( 'NONE',  ( 0.1710878697460308795, -0.9702875252478155854, 0.1710878697460308795 ) ) ;
#621 = EDGE_LOOP ( 'NONE', ( #1073, #5026, #1305, #5223 ) ) ;
#622 = LINE ( 'NONE', #3165, #1453 ) ;
#623 = AXIS2_PLACEMENT_3D ( 'NONE', #6656, #2854, #4982 ) ;
#624 =( GEOMETRIC_REPRESENTATION_CONTEXT ( 3 ) GLOBAL_UNCERTAINTY_ASSIGNED_CONTEXT ( ( #5845 ) ) GLOBAL_UNIT_ASSIGNED_CONTEXT ( ( #6373, #4907, #2248 ) ) REPRESENTATION_CONTEXT ( 'NONE', 'WORKASPACE' ) );
#625 = ADVANCED_FACE ( 'NONE', ( #5967 ), #4816, .F. ) ;
#626 = VECTOR ( 'NONE', #783, 1000.000000000000227 ) ;
#627 = AXIS2_PLACEMENT_3D ( 'NONE', #3906, #6130, #5471 ) ;
#628 = CARTESIAN_POINT ( 'NONE',  ( -2.399999999999999467, 0.3500000000000000333, -0.2499999999999984457 ) ) ;
#629 = FACE_OUTER_BOUND ( 'NONE', #6049, .T. ) ;
#630 = LINE ( 'NONE', #4929, #3394 ) ;
#631 = ORIENTED_EDGE ( 'NONE', *, *, #5571, .F. ) ;
#632 = SURFACE_SIDE_STYLE ('',( #2765 ) ) ;
#633 = VERTEX_POINT ( 'NONE', #51 ) ;
#634 = AXIS2_PLACEMENT_3D ( 'NONE', #773, #190, #4529 ) ;
#635 = AXIS2_PLACEMENT_3D ( 'NONE', #612, #4721, #6333 ) ;
#636 = LINE ( 'NONE', #3342, #6871 ) ;
#637 = ORIENTED_EDGE ( 'NONE', *, *, #6387, .F. ) ;
#638 = DIRECTION ( 'NONE',  ( 0.000000000000000000, -0.8660254037844363761, 0.5000000000000039968 ) ) ;
#639 = ORIENTED_EDGE ( 'NONE', *, *, #2715, .T. ) ;
#640 = DIRECTION ( 'NONE',  ( -1.000000000000000000, 0.000000000000000000, 0.000000000000000000 ) ) ;
#641 = ADVANCED_FACE ( 'NONE', ( #2630 ), #4383, .F. ) ;
#642 = COLOUR_RGB ( '',0.7960784313725489669, 0.8235294117647058432, 0.9372549019607843146 ) ;
#643 = DIRECTION ( 'NONE',  ( 1.000000000000000000, 0.000000000000000000, -1.355252715606883008E-16 ) ) ;
#644 = APPLICATION_CONTEXT ( 'automotive_design' ) ;
#645 = ORIENTED_EDGE ( 'NONE', *, *, #6282, .F. ) ;
#646 = LINE ( 'NONE', #5366, #6515 ) ;
#647 = CARTESIAN_POINT ( 'NONE',  ( 2.400000000000000799, 0.3063250300240242252, -0.8500000000000013101 ) ) ;
#648 = VERTEX_POINT ( 'NONE', #4248 ) ;
#649 = DIRECTION ( 'NONE',  ( 0.000000000000000000, 0.000000000000000000, -1.000000000000000000 ) ) ;
#650 = DIRECTION ( 'NONE',  ( 0.000000000000000000, -0.000000000000000000, -1.000000000000000000 ) ) ;
#651 = VECTOR ( 'NONE', #5542, 1000.000000000000000 ) ;
#652 = EDGE_CURVE ( 'NONE', #351, #2105, #5850, .T. ) ;
#653 = ORIENTED_EDGE ( 'NONE', *, *, #2199, .T. ) ;
#654 = CARTESIAN_POINT ( 'NONE',  ( -0.4294692077166126221, 2.639999999999999236, 0.1250000000000016376 ) ) ;
#655 =( NAMED_UNIT ( * ) PLANE_ANGLE_UNIT ( ) SI_UNIT ( $, .RADIAN. ) );
#656 = VERTEX_POINT ( 'NONE', #5871 ) ;
#657 = EDGE_CURVE ( 'NONE', #6481, #6502, #1054, .T. ) ;
#658 = DIRECTION ( 'NONE',  ( -1.000000000000000000, -0.000000000000000000, -0.000000000000000000 ) ) ;
#659 = MECHANICAL_DESIGN_GEOMETRIC_PRESENTATION_REPRESENTATION (  '', ( #4020 ), #2901 ) ;
#660 = LINE ( 'NONE', #5482, #1503 ) ;
#661 =( GEOMETRIC_REPRESENTATION_CONTEXT ( 3 ) GLOBAL_UNCERTAINTY_ASSIGNED_CONTEXT ( ( #4498 ) ) GLOBAL_UNIT_ASSIGNED_CONTEXT ( ( #720, #655, #2227 ) ) REPRESENTATION_CONTEXT ( 'NONE', 'WORKASPACE' ) );
#662 = FACE_OUTER_BOUND ( 'NONE', #6751, .T. ) ;
#663 = VERTEX_POINT ( 'NONE', #6699 ) ;
#664 = VECTOR ( 'NONE', #2335, 1000.000000000000000 ) ;
#665 = EDGE_CURVE ( 'NONE', #4535, #2004, #4471, .T. ) ;
#666 = ORIENTED_EDGE ( 'NONE', *, *, #4439, .T. ) ;
#667 = VERTEX_POINT ( 'NONE', #6590 ) ;
#668 =( LENGTH_UNIT ( ) NAMED_UNIT ( * ) SI_UNIT ( .MILLI., .METRE. ) );
#669 = CARTESIAN_POINT ( 'NONE',  ( 0.3000000000000026534, 2.639999999999999236, -0.8249999999999970690 ) ) ;
#670 = SURFACE_STYLE_FILL_AREA ( #5493 ) ;
#671 = ORIENTED_EDGE ( 'NONE', *, *, #1255, .T. ) ;
#672 = FACE_OUTER_BOUND ( 'NONE', #1749, .T. ) ;
#673 = VECTOR ( 'NONE', #5080, 1000.000000000000000 ) ;
#674 = EDGE_CURVE ( 'NONE', #6791, #5682, #205, .T. ) ;
#675 = DIRECTION ( 'NONE',  ( 0.000000000000000000, -0.000000000000000000, -1.000000000000000000 ) ) ;
#676 = FACE_OUTER_BOUND ( 'NONE', #4119, .T. ) ;
#677 = VERTEX_POINT ( 'NONE', #835 ) ;
#678 = MECHANICAL_DESIGN_GEOMETRIC_PRESENTATION_REPRESENTATION (  '', ( #6522 ), #1569 ) ;
#679 = CARTESIAN_POINT ( 'NONE',  ( 0.5250000000000039080, 0.7768699943250462203, -0.8099999999999991651 ) ) ;
#680 = DIRECTION ( 'NONE',  ( 1.000000000000000000, -0.000000000000000000, 0.000000000000000000 ) ) ;
#681 = EDGE_CURVE ( 'NONE', #4525, #5995, #2893, .T. ) ;
#682 = VERTEX_POINT ( 'NONE', #6132 ) ;
#683 = VECTOR ( 'NONE', #6094, 1000.000000000000000 ) ;
#684 = CARTESIAN_POINT ( 'NONE',  ( 1.810000000000001386, 2.750000000000000000, 0.09999999999999879818 ) ) ;
#685 = CARTESIAN_POINT ( 'NONE',  ( 3.899999999000000273, 2.639999999999999236, 0.5500000000000017097 ) ) ;
#686 = FACE_OUTER_BOUND ( 'NONE', #3261, .T. ) ;
#687 = ORIENTED_EDGE ( 'NONE', *, *, #6018, .T. ) ;
#688 = CARTESIAN_POINT ( 'NONE',  ( -0.2999999999999959921, 2.639999999999999236, -0.3249999999999970690 ) ) ;
#689 = PLANE ( 'NONE',  #2296 ) ;
#690 = VECTOR ( 'NONE', #1665, 1000.000000000000000 ) ;
#691 = EDGE_CURVE ( 'NONE', #2745, #2224, #1348, .T. ) ;
#692 = AXIS2_PLACEMENT_3D ( 'NONE', #3381, #2846, #5005 ) ;
#693 = VECTOR ( 'NONE', #4000, 1000.000000000000000 ) ;
#694 = CYLINDRICAL_SURFACE ( 'NONE', #2681, 0.1000000000000000472 ) ;
#695 = LINE ( 'NONE', #3419, #4628 ) ;
#696 = ORIENTED_EDGE ( 'NONE', *, *, #4599, .T. ) ;
#697 = CARTESIAN_POINT ( 'NONE',  ( 1.900000000000001021, 0.1000000012999997384, -1.000000000000001554 ) ) ;
#698 = DIRECTION ( 'NONE',  ( -1.000000000000000000, 0.000000000000000000, 0.000000000000000000 ) ) ;
#699 = AXIS2_PLACEMENT_3D ( 'NONE', #2324, #4475, #2121 ) ;
#700 = ADVANCED_FACE ( 'NONE', ( #280 ), #1279, .F. ) ;
#701 = VERTEX_POINT ( 'NONE', #6729 ) ;
#702 = LINE ( 'NONE', #5003, #4454 ) ;
#703 = ORIENTED_EDGE ( 'NONE', *, *, #558, .T. ) ;
#704 = VECTOR ( 'NONE', #5717, 1000.000000000000000 ) ;
#705 =( NAMED_UNIT ( * ) PLANE_ANGLE_UNIT ( ) SI_UNIT ( $, .RADIAN. ) );
#706 =( LENGTH_UNIT ( ) NAMED_UNIT ( * ) SI_UNIT ( .MILLI., .METRE. ) );
#707 = CLOSED_SHELL ( 'NONE', ( #734, #5954, #4272, #3162, #3720, #2098, #2244, #1880, #2405, #1830 ) ) ;
#708 = ADVANCED_FACE ( 'NONE', ( #5219 ), #3076, .F. ) ;
#709 = VECTOR ( 'NONE', #6135, 1000.000000000000000 ) ;
#710 = ORIENTED_EDGE ( 'NONE', *, *, #5731, .T. ) ;
#711 = DIRECTION ( 'NONE',  ( 0.000000000000000000, -1.000000000000000000, 0.000000000000000000 ) ) ;
#712 = DIRECTION ( 'NONE',  ( 0.1710878697460311570, -0.9702875252478154744, 0.1710878697460311570 ) ) ;
#713 = PLANE ( 'NONE',  #1332 ) ;
#714 = ORIENTED_EDGE ( 'NONE', *, *, #1713, .F. ) ;
#715 = SURFACE_SIDE_STYLE ('',( #6618 ) ) ;
#716 =( NAMED_UNIT ( * ) PLANE_ANGLE_UNIT ( ) SI_UNIT ( $, .RADIAN. ) );
#717 = ORIENTED_EDGE ( 'NONE', *, *, #2593, .F. ) ;
#718 = DIRECTION ( 'NONE',  ( -0.000000000000000000, 1.000000000000000000, -0.000000000000000000 ) ) ;
#719 = CARTESIAN_POINT ( 'NONE',  ( 0.4750000000000033085, 0.4500000002000000277, 0.5500000000000018208 ) ) ;
#720 =( LENGTH_UNIT ( ) NAMED_UNIT ( * ) SI_UNIT ( .MILLI., .METRE. ) );
#721 = ORIENTED_EDGE ( 'NONE', *, *, #1146, .F. ) ;
#722 = CARTESIAN_POINT ( 'NONE',  ( -1.124999999999998446, 0.000000000000000000, 0.6500000000000011324 ) ) ;
#723 = DIRECTION ( 'NONE',  ( 0.000000000000000000, 1.204669080539449344E-16, -1.000000000000000000 ) ) ;
#724 = EDGE_CURVE ( 'NONE', #6675, #1180, #1057, .T. ) ;
#725 = FILL_AREA_STYLE_COLOUR ( '', #1124 ) ;
#726 = CARTESIAN_POINT ( 'NONE',  ( -0.3705307922833817047, 2.639999999999999236, 0.1250000000000016376 ) ) ;
#727 = CARTESIAN_POINT ( 'NONE',  ( 2.200000000000001066, 0.6000000000000000888, -0.9150000000000009237 ) ) ;
#728 = VERTEX_POINT ( 'NONE', #3280 ) ;
#729 = VECTOR ( 'NONE', #3439, 1000.000000000000000 ) ;
#730 = LINE ( 'NONE', #5585, #5945 ) ;
#731 = CARTESIAN_POINT ( 'NONE',  ( 0.2750000000000023537, 2.639999999999998348, -0.6999999999999982903 ) ) ;
#732 = FACE_OUTER_BOUND ( 'NONE', #3794, .T. ) ;
#733 = LINE ( 'NONE', #6037, #4858 ) ;
#734 = ADVANCED_FACE ( 'NONE', ( #5321 ), #1609, .F. ) ;
#735 = ORIENTED_EDGE ( 'NONE', *, *, #4493, .F. ) ;
#736 = SURFACE_STYLE_USAGE ( .BOTH. , #5555 ) ;
#737 = LINE ( 'NONE', #1585, #988 ) ;
#738 = VECTOR ( 'NONE', #6479, 1000.000000000000000 ) ;
#739 = ORIENTED_EDGE ( 'NONE', *, *, #5551, .T. ) ;
#740 = FACE_OUTER_BOUND ( 'NONE', #6054, .T. ) ;
#741 = EDGE_CURVE ( 'NONE', #1038, #2105, #5394, .T. ) ;
#742 = VECTOR ( 'NONE', #2720, 1000.000000000000000 ) ;
#743 =( NAMED_UNIT ( * ) PLANE_ANGLE_UNIT ( ) SI_UNIT ( $, .RADIAN. ) );
#744 = EDGE_LOOP ( 'NONE', ( #2157, #3642, #3493, #6488 ) ) ;
#745 = LINE ( 'NONE', #273, #862 ) ;
#746 = ORIENTED_EDGE ( 'NONE', *, *, #513, .F. ) ;
#747 =( LENGTH_UNIT ( ) NAMED_UNIT ( * ) SI_UNIT ( .MILLI., .METRE. ) );
#748 = CARTESIAN_POINT ( 'NONE',  ( 1.125000000000001332, 0.4500000002000000277, 0.6556624325871202030 ) ) ;
#749 = EDGE_LOOP ( 'NONE', ( #5691, #3508, #3795, #4560 ) ) ;
#750 = EDGE_CURVE ( 'NONE', #6741, #6683, #1684, .T. ) ;
#751 = CARTESIAN_POINT ( 'NONE',  ( -1.099999999999997646, 2.639999999999999236, -0.8249999999999970690 ) ) ;
#752 = STYLED_ITEM ( 'NONE', ( #3960 ), #1830 ) ;
#753 = PRESENTATION_STYLE_ASSIGNMENT (( #1867 ) ) ;
#754 = CARTESIAN_POINT ( 'NONE',  ( 2.400000000000000799, 0.3063250300240242252, -0.9500000000000013989 ) ) ;
#755 = VECTOR ( 'NONE', #816, 1000.000000000000000 ) ;
#756 = PLANE ( 'NONE',  #3850 ) ;
#757 = SURFACE_STYLE_USAGE ( .BOTH. , #2976 ) ;
#758 = CARTESIAN_POINT ( 'NONE',  ( 2.200000000000001066, 0.3500000000000001443, -0.2500000000725012272 ) ) ;
#759 = VERTEX_POINT ( 'NONE', #3926 ) ;
#760 = DIRECTION ( 'NONE',  ( 0.000000000000000000, 0.000000000000000000, 1.000000000000000000 ) ) ;
#761 = AXIS2_PLACEMENT_3D ( 'NONE', #441, #402, #330 ) ;
#762 = DIRECTION ( 'NONE',  ( 0.000000000000000000, 0.000000000000000000, 1.000000000000000000 ) ) ;
#763 = EDGE_CURVE ( 'NONE', #3258, #6741, #4104, .T. ) ;
#764 = DIRECTION ( 'NONE',  ( 0.000000000000000000, 0.000000000000000000, 1.000000000000000000 ) ) ;
#765 = SURFACE_STYLE_FILL_AREA ( #6631 ) ;
#766 = CARTESIAN_POINT ( 'NONE',  ( 2.700000000000001510, 2.750000000000000000, 1.000000000000001776 ) ) ;
#767 = ORIENTED_EDGE ( 'NONE', *, *, #3822, .T. ) ;
#768 = VERTEX_POINT ( 'NONE', #3025 ) ;
#769 = DIRECTION ( 'NONE',  ( -0.000000000000000000, 1.000000000000000000, 0.000000000000000000 ) ) ;
#770 = DIRECTION ( 'NONE',  ( 0.000000000000000000, 0.000000000000000000, -1.000000000000000000 ) ) ;
#771 = EDGE_CURVE ( 'NONE', #4519, #5377, #636, .T. ) ;
#772 = VECTOR ( 'NONE', #3525, 1000.000000000000000 ) ;
#773 = CARTESIAN_POINT ( 'NONE',  ( 4.000000000000003553, 2.639999999999999236, 0.1250000000000016376 ) ) ;
#774 = LINE ( 'NONE', #3489, #1593 ) ;
#775 = EDGE_LOOP ( 'NONE', ( #3587, #4238, #5087, #2981 ) ) ;
#776 = LINE ( 'NONE', #3972, #231 ) ;
#777 = EDGE_CURVE ( 'NONE', #7, #3547, #4, .T. ) ;
#778 = COLOUR_RGB ( '',0.7960784313725489669, 0.8235294117647058432, 0.9372549019607843146 ) ;
#779 = UNCERTAINTY_MEASURE_WITH_UNIT (LENGTH_MEASURE( 1.000000000000000082E-05 ), #1912, 'distance_accuracy_value', 'NONE');
#780 = ADVANCED_FACE ( 'NONE', ( #1076 ), #2285, .F. ) ;
#781 = VERTEX_POINT ( 'NONE', #3329 ) ;
#782 = ORIENTED_EDGE ( 'NONE', *, *, #3211, .T. ) ;
#783 = DIRECTION ( 'NONE',  ( 0.1710878697460311570, -0.9702875252478154744, -0.1710878697460311848 ) ) ;
#784 = ORIENTED_EDGE ( 'NONE', *, *, #5837, .F. ) ;
#785 = PRESENTATION_STYLE_ASSIGNMENT (( #2389 ) ) ;
#786 = VERTEX_POINT ( 'NONE', #4912 ) ;
#787 = DIRECTION ( 'NONE',  ( 0.000000000000000000, -1.000000000000000000, -1.115385494969530056E-10 ) ) ;
#788 = FACE_OUTER_BOUND ( 'NONE', #6191, .T. ) ;
#789 = DIRECTION ( 'NONE',  ( 1.000000000000000000, -0.000000000000000000, 0.000000000000000000 ) ) ;
#790 = COLOUR_RGB ( '',0.7960784313725489669, 0.8235294117647058432, 0.9372549019607843146 ) ;
#791 = EDGE_CURVE ( 'NONE', #4339, #5155, #6558, .T. ) ;
#792 = ORIENTED_EDGE ( 'NONE', *, *, #1085, .F. ) ;
#793 =( NAMED_UNIT ( * ) SI_UNIT ( $, .STERADIAN. ) SOLID_ANGLE_UNIT ( ) );
#794 = PRESENTATION_LAYER_ASSIGNMENT (  '', '', ( #6522 ) ) ;
#795 = PRESENTATION_STYLE_ASSIGNMENT (( #5539 ) ) ;
#796 = SURFACE_SIDE_STYLE ('',( #2476 ) ) ;
#797 = ORIENTED_EDGE ( 'NONE', *, *, #6668, .T. ) ;
#798 = CARTESIAN_POINT ( 'NONE',  ( -0.4749999999999984235, 0.2000000000000000111, 0.8000000000000011546 ) ) ;
#799 =( NAMED_UNIT ( * ) PLANE_ANGLE_UNIT ( ) SI_UNIT ( $, .RADIAN. ) );
#800 = ORIENTED_EDGE ( 'NONE', *, *, #2895, .F. ) ;
#801 = CARTESIAN_POINT ( 'NONE',  ( -1.099999999999997646, 2.239999999999989555, -0.3249999999999970690 ) ) ;
#802 = PRESENTATION_LAYER_ASSIGNMENT (  '', '', ( #217 ) ) ;
#803 = EDGE_CURVE ( 'NONE', #5018, #2314, #3229, .T. ) ;
#804 = PLANE ( 'NONE',  #6039 ) ;
#805 = PLANE ( 'NONE',  #3452 ) ;
#806 = ORIENTED_EDGE ( 'NONE', *, *, #3840, .F. ) ;
#807 = VERTEX_POINT ( 'NONE', #4309 ) ;
#808 = FILL_AREA_STYLE ('',( #1365 ) ) ;
#809 = CARTESIAN_POINT ( 'NONE',  ( 0.4750000000000033085, -3.675261601645777502E-17, 0.6500000000000011324 ) ) ;
#810 =( NAMED_UNIT ( * ) PLANE_ANGLE_UNIT ( ) SI_UNIT ( $, .RADIAN. ) );
#811 = EDGE_CURVE ( 'NONE', #2278, #3068, #6448, .T. ) ;
#812 = CARTESIAN_POINT ( 'NONE',  ( 0.3705307922833874223, 2.639999999999999236, 0.1250000000000016376 ) ) ;
#813 = MECHANICAL_DESIGN_GEOMETRIC_PRESENTATION_REPRESENTATION (  '', ( #5745 ), #2815 ) ;
#814 = ORIENTED_EDGE ( 'NONE', *, *, #5182, .T. ) ;
#815 = DIRECTION ( 'NONE',  ( 0.000000000000000000, 0.000000000000000000, -1.000000000000000000 ) ) ;
#816 = DIRECTION ( 'NONE',  ( 1.000000000000000000, -0.000000000000000000, -0.000000000000000000 ) ) ;
#817 = DIRECTION ( 'NONE',  ( 1.000000000000000000, 0.000000000000000000, -0.000000000000000000 ) ) ;
#818 = ORIENTED_EDGE ( 'NONE', *, *, #1536, .F. ) ;
#819 = EDGE_CURVE ( 'NONE', #2919, #6857, #4617, .T. ) ;
#820 = VECTOR ( 'NONE', #1127, 1000.000000000000000 ) ;
#821 = ADVANCED_FACE ( 'NONE', ( #4876 ), #3815, .F. ) ;
#822 = DIRECTION ( 'NONE',  ( -1.000000000000000000, 0.000000000000000000, -0.000000000000000000 ) ) ;
#823 = EDGE_CURVE ( 'NONE', #1358, #2099, #4365, .T. ) ;
#824 = VECTOR ( 'NONE', #4038, 1000.000000000000000 ) ;
#825 = ORIENTED_EDGE ( 'NONE', *, *, #1472, .F. ) ;
#826 = ORIENTED_EDGE ( 'NONE', *, *, #3492, .T. ) ;
#827 = SURFACE_SIDE_STYLE ('',( #3423 ) ) ;
#828 = ORIENTED_EDGE ( 'NONE', *, *, #1502, .F. ) ;
#829 = STYLED_ITEM ( 'NONE', ( #6777 ), #5813 ) ;
#830 = PLANE ( 'NONE',  #5068 ) ;
#831 = DIRECTION ( 'NONE',  ( 0.000000000000000000, 0.8571673007021116675, -0.5150380749100552658 ) ) ;
#832 = ORIENTED_EDGE ( 'NONE', *, *, #3194, .F. ) ;
#833 = DIRECTION ( 'NONE',  ( -0.9848077530122089085, -0.1736481776669258625, -0.000000000000000000 ) ) ;
#834 = CLOSED_SHELL ( 'NONE', ( #2824, #5392, #1620, #2035, #5378, #2238, #6449, #405, #3606, #5294 ) ) ;
#835 = CARTESIAN_POINT ( 'NONE',  ( -1.074999999999997735, 2.750000000000000000, -0.8099999999999991651 ) ) ;
#836 = AXIS2_PLACEMENT_3D ( 'NONE', #3469, #5508, #6025 ) ;
#837 = ORIENTED_EDGE ( 'NONE', *, *, #253, .F. ) ;
#838 = FACE_OUTER_BOUND ( 'NONE', #3655, .T. ) ;
#839 = FACE_OUTER_BOUND ( 'NONE', #5495, .T. ) ;
#840 = CARTESIAN_POINT ( 'NONE',  ( -1.099999999999998535, 2.639999999999999236, 0.04500000000000294043 ) ) ;
#841 = CARTESIAN_POINT ( 'NONE',  ( 5.600000000000001421, 1.050000000000000044, 0.1249999999999988065 ) ) ;
#842 = ORIENTED_EDGE ( 'NONE', *, *, #1106, .F. ) ;
#843 = CARTESIAN_POINT ( 'NONE',  ( -1.124999999999998446, 0.4500000002000000832, 0.6556624325871229786 ) ) ;
#844 = ORIENTED_EDGE ( 'NONE', *, *, #4142, .T. ) ;
#845 = CARTESIAN_POINT ( 'NONE',  ( 1.873333333333333961, 2.813333333333333020, -0.8733333333333350712 ) ) ;
#846 = DIRECTION ( 'NONE',  ( 1.000000000000000000, 0.000000000000000000, 0.000000000000000000 ) ) ;
#847 = PLANE ( 'NONE',  #6476 ) ;
#848 = ORIENTED_EDGE ( 'NONE', *, *, #1929, .T. ) ;
#849 = ORIENTED_EDGE ( 'NONE', *, *, #3863, .T. ) ;
#850 = DIRECTION ( 'NONE',  ( 0.000000000000000000, -1.000000000000000000, 0.000000000000000000 ) ) ;
#851 = CARTESIAN_POINT ( 'NONE',  ( 1.300000000000002043, 2.639999999999999236, -0.3249999999999999001 ) ) ;
#852 = DIRECTION ( 'NONE',  ( 0.000000000000000000, 0.000000000000000000, -1.000000000000000000 ) ) ;
#853 = ADVANCED_FACE ( 'NONE', ( #2653 ), #2722, .F. ) ;
#854 = SURFACE_STYLE_FILL_AREA ( #1814 ) ;
#855 = EDGE_LOOP ( 'NONE', ( #5727, #5332, #4949, #2709 ) ) ;
#856 = DIRECTION ( 'NONE',  ( 0.000000000000000000, 0.000000000000000000, -1.000000000000000000 ) ) ;
#857 = CIRCLE ( 'NONE', #2185, 0.1000000000000000472 ) ;
#858 =( LENGTH_UNIT ( ) NAMED_UNIT ( * ) SI_UNIT ( .MILLI., .METRE. ) );
#859 = CARTESIAN_POINT ( 'NONE',  ( 1.325000000000001954, 1.050000000000000044, -0.8100000000000020517 ) ) ;
#860 = EDGE_LOOP ( 'NONE', ( #4813, #6124, #6730, #4342 ) ) ;
#861 = AXIS2_PLACEMENT_3D ( 'NONE', #6708, #1879, #3511 ) ;
#863 = ORIENTED_EDGE ( 'NONE', *, *, #2958, .F. ) ;
#862 = VECTOR ( 'NONE', #2884, 1000.000000000000000 ) ;
#864 = ORIENTED_EDGE ( 'NONE', *, *, #4240, .T. ) ;
#865 = LINE ( 'NONE', #3495, #3986 ) ;
#866 = VERTEX_POINT ( 'NONE', #2096 ) ;
#867 = AXIS2_PLACEMENT_3D ( 'NONE', #1590, #2119, #1662 ) ;
#868 = CARTESIAN_POINT ( 'NONE',  ( 1.275000000000001465, 0.4500000002000000277, 0.6556624325871202030 ) ) ;
#869 =( NAMED_UNIT ( * ) SI_UNIT ( $, .STERADIAN. ) SOLID_ANGLE_UNIT ( ) );
#870 = ORIENTED_EDGE ( 'NONE', *, *, #596, .F. ) ;
#871 = EDGE_CURVE ( 'NONE', #633, #6771, #3730, .T. ) ;
#872 = CARTESIAN_POINT ( 'NONE',  ( 1.700000001000000927, 2.750000000000000000, 0.09999999999999879818 ) ) ;
#873 = AXIS2_PLACEMENT_3D ( 'NONE', #1369, #1930, #2344 ) ;
#874 = UNCERTAINTY_MEASURE_WITH_UNIT (LENGTH_MEASURE( 1.000000000000000082E-05 ), #4584, 'distance_accuracy_value', 'NONE');
#875 = EDGE_LOOP ( 'NONE', ( #1537, #1731, #3595, #5853, #6893, #4048, #6864, #4133, #6001, #1714, #5486, #2164, #1577, #1214, #5703, #5201, #1293, #3728, #5884, #3481 ) ) ;
#876 = DIRECTION ( 'NONE',  ( 0.000000000000000000, -0.7071067811865355823, 0.7071067811865595631 ) ) ;
#877 = DIRECTION ( 'NONE',  ( 0.000000000000000000, 0.000000000000000000, 1.000000000000000000 ) ) ;
#878 = CARTESIAN_POINT ( 'NONE',  ( -1.099999999999998535, 1.050000000000000044, 0.04500000000000294043 ) ) ;
#879 = PLANE ( 'NONE',  #2110 ) ;
#880 = VERTEX_POINT ( 'NONE', #5351 ) ;
#881 = FACE_OUTER_BOUND ( 'NONE', #855, .T. ) ;
#882 = EDGE_LOOP ( 'NONE', ( #826, #4204, #2351, #2733 ) ) ;
#883 =( NAMED_UNIT ( * ) SI_UNIT ( $, .STERADIAN. ) SOLID_ANGLE_UNIT ( ) );
#884 = EDGE_CURVE ( 'NONE', #4382, #5768, #1344, .T. ) ;
#885 = EDGE_CURVE ( 'NONE', #6857, #3205, #2428, .T. ) ;
#886 = CARTESIAN_POINT ( 'NONE',  ( 2.400000000000000799, 0.3499999999999999778, 0.05000000001624881063 ) ) ;
#887 = DIRECTION ( 'NONE',  ( 0.000000000000000000, 0.5150380749100552658, 0.8571673007021116675 ) ) ;
#888 = VERTEX_POINT ( 'NONE', #5942 ) ;
#889 = VERTEX_POINT ( 'NONE', #4938 ) ;
#890 = VECTOR ( 'NONE', #1201, 1000.000000000000000 ) ;
#891 = FACE_OUTER_BOUND ( 'NONE', #2423, .T. ) ;
#892 = CARTESIAN_POINT ( 'NONE',  ( -0.4999999999999982792, 2.639999999999999236, 0.3450000000000029710 ) ) ;
#893 = FACE_OUTER_BOUND ( 'NONE', #2032, .T. ) ;
#894 = LINE ( 'NONE', #1999, #5529 ) ;
#895 = VERTEX_POINT ( 'NONE', #2146 ) ;
#896 = VECTOR ( 'NONE', #6520, 1000.000000000000000 ) ;
#897 = VECTOR ( 'NONE', #2369, 1000.000000000000000 ) ;
#898 = ORIENTED_EDGE ( 'NONE', *, *, #2231, .T. ) ;
#899 = LINE ( 'NONE', #5145, #626 ) ;
#900 = PRESENTATION_LAYER_ASSIGNMENT (  '', '', ( #6732 ) ) ;
#901 = ORIENTED_EDGE ( 'NONE', *, *, #3958, .T. ) ;
#902 = PLANE ( 'NONE',  #5180 ) ;
#903 = FILL_AREA_STYLE ('',( #1826 ) ) ;
#904 = ORIENTED_EDGE ( 'NONE', *, *, #1174, .F. ) ;
#905 = FACE_OUTER_BOUND ( 'NONE', #2051, .T. ) ;
#906 = ADVANCED_FACE ( 'NONE', ( #6015 ), #1172, .F. ) ;
#907 = CARTESIAN_POINT ( 'NONE',  ( 1.100000000000002531, 1.050000000000000044, -0.8249999999999998446 ) ) ;
#908 = CARTESIAN_POINT ( 'NONE',  ( 1.100000000000001643, 2.639999999999999236, 0.04500000000000014405 ) ) ;
#909 = CARTESIAN_POINT ( 'NONE',  ( 0.5000000000000031086, 2.639999999999999236, 0.04500000000000294043 ) ) ;
#910 = CARTESIAN_POINT ( 'NONE',  ( 2.200000000000001066, 0.7936749699759758636, -0.9500000000000011768 ) ) ;
#911 = LINE ( 'NONE', #1390, #2334 ) ;
#912 = EDGE_LOOP ( 'NONE', ( #2853, #5189, #2118, #1643 ) ) ;
#913 = LINE ( 'NONE', #2579, #2440 ) ;
#914 = PRESENTATION_LAYER_ASSIGNMENT (  '', '', ( #5421 ) ) ;
#915 = LINE ( 'NONE', #4665, #2988 ) ;
#916 = EDGE_CURVE ( 'NONE', #895, #3344, #2777, .T. ) ;
#917 = CARTESIAN_POINT ( 'NONE',  ( 5.600000000000001421, 2.639999999999999236, 0.1155307922833852113 ) ) ;
#918 =( LENGTH_UNIT ( ) NAMED_UNIT ( * ) SI_UNIT ( .MILLI., .METRE. ) );
#919 = EDGE_LOOP ( 'NONE', ( #2135, #6443, #1236, #4784 ) ) ;
#920 = ORIENTED_EDGE ( 'NONE', *, *, #5962, .T. ) ;
#921 = CARTESIAN_POINT ( 'NONE',  ( 0.5000000000000031086, 2.639999999999999236, 0.3450000000000029710 ) ) ;
#922 = LINE ( 'NONE', #6254, #4861 ) ;
#923 = DIRECTION ( 'NONE',  ( -1.000000000000000000, -0.000000000000000000, -0.000000000000000000 ) ) ;
#924 = EDGE_CURVE ( 'NONE', #5456, #1572, #95, .T. ) ;
#925 = FILL_AREA_STYLE_COLOUR ( '', #2333 ) ;
#926 = LINE ( 'NONE', #3071, #2661 ) ;
#927 = VERTEX_POINT ( 'NONE', #2811 ) ;
#928 = DIRECTION ( 'NONE',  ( 0.000000000000000000, 0.8660254037844363761, -0.5000000000000039968 ) ) ;
#929 = ORIENTED_EDGE ( 'NONE', *, *, #1531, .F. ) ;
#930 = FACE_OUTER_BOUND ( 'NONE', #4311, .T. ) ;
#931 = EDGE_LOOP ( 'NONE', ( #4799, #5751, #1853, #5134 ) ) ;
#932 = VECTOR ( 'NONE', #264, 1000.000000000000000 ) ;
#933 = FACE_OUTER_BOUND ( 'NONE', #1967, .T. ) ;
#934 = LINE ( 'NONE', #4052, #2563 ) ;
#935 = ORIENTED_EDGE ( 'NONE', *, *, #4213, .T. ) ;
#936 = DIRECTION ( 'NONE',  ( 0.000000000000000000, 0.000000000000000000, 1.000000000000000000 ) ) ;
#937 = EDGE_CURVE ( 'NONE', #2506, #888, #4900, .T. ) ;
#938 = VECTOR ( 'NONE', #4637, 1000.000000000000000 ) ;
#939 = UNCERTAINTY_MEASURE_WITH_UNIT (LENGTH_MEASURE( 1.000000000000000082E-05 ), #4390, 'distance_accuracy_value', 'NONE');
#940 = CARTESIAN_POINT ( 'NONE',  ( -1.299999999999998268, 2.639999999999999236, 0.04500000000000296124 ) ) ;
#941 = DIRECTION ( 'NONE',  ( 0.000000000000000000, 0.000000000000000000, -1.000000000000000000 ) ) ;
#942 = FACE_OUTER_BOUND ( 'NONE', #4366, .T. ) ;
#943 = PRESENTATION_LAYER_ASSIGNMENT (  '', '', ( #3956 ) ) ;
#944 = ORIENTED_EDGE ( 'NONE', *, *, #4118, .F. ) ;
#945 = DIRECTION ( 'NONE',  ( 1.334663381620508699E-16, -0.1736481776669258625, 0.9848077530122089085 ) ) ;
#946 = LINE ( 'NONE', #1917, #3769 ) ;
#947 = COLOUR_RGB ( '',0.7960784313725489669, 0.8235294117647058432, 0.9372549019607843146 ) ;
#948 = VECTOR ( 'NONE', #822, 1000.000000000000000 ) ;
#949 = DIRECTION ( 'NONE',  ( 1.000000000000000000, 0.000000000000000000, -0.000000000000000000 ) ) ;
#950 = ORIENTED_EDGE ( 'NONE', *, *, #2769, .F. ) ;
#951 = ORIENTED_EDGE ( 'NONE', *, *, #4503, .F. ) ;
#952 = LINE ( 'NONE', #6287, #2360 ) ;
#953 = ADVANCED_FACE ( 'NONE', ( #672 ), #6044, .F. ) ;
#954 =( GEOMETRIC_REPRESENTATION_CONTEXT ( 3 ) GLOBAL_UNCERTAINTY_ASSIGNED_CONTEXT ( ( #3612 ) ) GLOBAL_UNIT_ASSIGNED_CONTEXT ( ( #551, #6452, #2755 ) ) REPRESENTATION_CONTEXT ( 'NONE', 'WORKASPACE' ) );
#955 = CARTESIAN_POINT ( 'NONE',  ( -1.299999999999997380, 1.050000000000000044, -0.3249999999999970690 ) ) ;
#956 = LINE ( 'NONE', #1022, #4348 ) ;
#957 = ORIENTED_EDGE ( 'NONE', *, *, #657, .T. ) ;
#958 = EDGE_CURVE ( 'NONE', #4189, #5163, #6360, .T. ) ;
#959 = ADVANCED_FACE ( 'NONE', ( #5218 ), #384, .T. ) ;
#960 = PLANE ( 'NONE',  #2128 ) ;
#961 = DIRECTION ( 'NONE',  ( 0.000000000000000000, 3.249988186109896618E-11, -1.000000000000000000 ) ) ;
#962 = ORIENTED_EDGE ( 'NONE', *, *, #5318, .F. ) ;
#963 = VECTOR ( 'NONE', #4706, 1000.000000000000000 ) ;
#964 = CARTESIAN_POINT ( 'NONE',  ( 2.700000000000001510, 0.3500000000000000333, -0.2500000000000012212 ) ) ;
#965 = LINE ( 'NONE', #3608, #371 ) ;
#966 = VECTOR ( 'NONE', #2067, 1000.000000000000000 ) ;
#967 = PRESENTATION_STYLE_ASSIGNMENT (( #431 ) ) ;
#968 = VECTOR ( 'NONE', #3192, 1000.000000000000000 ) ;
#969 = CARTESIAN_POINT ( 'NONE',  ( 1.275000000000001465, 0.4500000002000000277, 0.6556624325871202030 ) ) ;
#970 = EDGE_CURVE ( 'NONE', #2208, #682, #5349, .T. ) ;
#971 = SURFACE_SIDE_STYLE ('',( #5787 ) ) ;
#972 = CARTESIAN_POINT ( 'NONE',  ( 1.125000000000001332, -4.042787761810355684E-17, 0.6499999999999983569 ) ) ;
#973 = ORIENTED_EDGE ( 'NONE', *, *, #2391, .F. ) ;
#974 = COLOUR_RGB ( '',0.7960784313725489669, 0.8235294117647058432, 0.9372549019607843146 ) ;
#975 = CARTESIAN_POINT ( 'NONE',  ( 1.170530792283388077, 2.639999999999999236, 0.1249999999999988065 ) ) ;
#976 = SURFACE_STYLE_USAGE ( .BOTH. , #3548 ) ;
#977 = CARTESIAN_POINT ( 'NONE',  ( 2.200000000000001066, 0.9999999999500001069, -0.2500000000725012272 ) ) ;
#978 = AXIS2_PLACEMENT_3D ( 'NONE', #5888, #3262, #4340 ) ;
#979 = LINE ( 'NONE', #1430, #3911 ) ;
#980 =( NAMED_UNIT ( * ) SI_UNIT ( $, .STERADIAN. ) SOLID_ANGLE_UNIT ( ) );
#981 = ORIENTED_EDGE ( 'NONE', *, *, #1395, .T. ) ;
#982 = CARTESIAN_POINT ( 'NONE',  ( 2.400000000000000799, 0.1000000012999997384, 0.05000000000812383771 ) ) ;
#983 = LINE ( 'NONE', #3555, #4630 ) ;
#984 = CARTESIAN_POINT ( 'NONE',  ( 2.200000000000001066, 1.355252715606880543E-17, -0.1164279503904903784 ) ) ;
#985 = VECTOR ( 'NONE', #4351, 1000.000000000000114 ) ;
#986 = EDGE_CURVE ( 'NONE', #768, #4789, #1167, .T. ) ;
#987 = ORIENTED_EDGE ( 'NONE', *, *, #2566, .T. ) ;
#988 = VECTOR ( 'NONE', #503, 1000.000000000000000 ) ;
#989 = LINE ( 'NONE', #5770, #320 ) ;
#990 = PLANE ( 'NONE',  #6261 ) ;
#991 = AXIS2_PLACEMENT_3D ( 'NONE', #6187, #1370, #5667 ) ;
#992 = ORIENTED_EDGE ( 'NONE', *, *, #4859, .F. ) ;
#993 = VECTOR ( 'NONE', #4518, 1000.000000000000000 ) ;
#994 = ORIENTED_EDGE ( 'NONE', *, *, #6652, .T. ) ;
#995 = CARTESIAN_POINT ( 'NONE',  ( 2.200000000000001066, 0.3063250300240242252, -0.9500000000000013989 ) ) ;
#996 = FILL_AREA_STYLE ('',( #2038 ) ) ;
#997 =( NAMED_UNIT ( * ) PLANE_ANGLE_UNIT ( ) SI_UNIT ( $, .RADIAN. ) );
#998 = ORIENTED_EDGE ( 'NONE', *, *, #2261, .T. ) ;
#999 = CARTESIAN_POINT ( 'NONE',  ( -1.899999999999999023, 0.1000000012999997523, -0.9999999999999986677 ) ) ;
#1000 = LINE ( 'NONE', #5151, #4304 ) ;
#1001 = EDGE_CURVE ( 'NONE', #5181, #5687, #2136, .T. ) ;
#1002 = PRESENTATION_STYLE_ASSIGNMENT (( #3086 ) ) ;
#1003 = DIRECTION ( 'NONE',  ( 0.000000000000000000, -1.000000000000000000, -7.572940222879532405E-11 ) ) ;
#1004 = STYLED_ITEM ( 'NONE', ( #6829 ), #5014 ) ;
#1005 = CARTESIAN_POINT ( 'NONE',  ( 0.3000000000000017653, 2.239999999999990443, 0.3450000000000029710 ) ) ;
#1006 = SURFACE_STYLE_USAGE ( .BOTH. , #4268 ) ;
#1007 = VERTEX_POINT ( 'NONE', #2268 ) ;
#1008 = PLANE ( 'NONE',  #6916 ) ;
#1009 = FILL_AREA_STYLE_COLOUR ( '', #6654 ) ;
#1010 = CARTESIAN_POINT ( 'NONE',  ( 1.275000000000001465, 0.04999999999999996808, 1.199999999999998401 ) ) ;
#1011 = EDGE_CURVE ( 'NONE', #176, #6651, #4288, .T. ) ;
#1012 =( NAMED_UNIT ( * ) PLANE_ANGLE_UNIT ( ) SI_UNIT ( $, .RADIAN. ) );
#1013 = EDGE_LOOP ( 'NONE', ( #6898, #4310, #4930, #6258 ) ) ;
#1014 = LINE ( 'NONE', #3199, #4829 ) ;
#1015 = PLANE ( 'NONE',  #1816 ) ;
#1016 = PRESENTATION_STYLE_ASSIGNMENT (( #1996 ) ) ;
#1017 = DIRECTION ( 'NONE',  ( 1.000000000000000000, 0.000000000000000000, 0.000000000000000000 ) ) ;
#1018 = ADVANCED_FACE ( 'NONE', ( #3619 ), #3092, .F. ) ;
#1019 = COLOUR_RGB ( '',0.7960784313725489669, 0.8235294117647058432, 0.9372549019607843146 ) ;
#1020 = ORIENTED_EDGE ( 'NONE', *, *, #1668, .F. ) ;
#1021 = CARTESIAN_POINT ( 'NONE',  ( -0.2749999999999961919, 0.7768699943250462203, -0.6999999999999985123 ) ) ;
#1022 = CARTESIAN_POINT ( 'NONE',  ( 1.300000000000001155, 2.639999999999999236, 0.3450000000000001399 ) ) ;
#1023 = PRESENTATION_LAYER_ASSIGNMENT (  '', '', ( #1911 ) ) ;
#1024 = EDGE_CURVE ( 'NONE', #5977, #4459, #6847, .T. ) ;
#1025 = ORIENTED_EDGE ( 'NONE', *, *, #5762, .T. ) ;
#1026 = VERTEX_POINT ( 'NONE', #2442 ) ;
#1027 = CARTESIAN_POINT ( 'NONE',  ( -0.2999999999999959921, 2.239999999999989555, -0.8249999999999970690 ) ) ;
#1028 = ADVANCED_FACE ( 'NONE', ( #5692 ), #3024, .T. ) ;
#1029 = PRESENTATION_STYLE_ASSIGNMENT (( #3695 ) ) ;
#1030 = SURFACE_SIDE_STYLE ('',( #5777 ) ) ;
#1031 = CARTESIAN_POINT ( 'NONE',  ( 4.000000000000003553, 2.639999999999999236, -0.3955307922833827261 ) ) ;
#1032 = VERTEX_POINT ( 'NONE', #1607 ) ;
#1033 = EDGE_CURVE ( 'NONE', #3113, #1984, #490, .T. ) ;
#1034 = LINE ( 'NONE', #362, #3187 ) ;
#1035 = CARTESIAN_POINT ( 'NONE',  ( 0.3250000000000016209, 0.1999999999999999556, 1.250000000000001110 ) ) ;
#1036 = DIRECTION ( 'NONE',  ( 0.1710878697460308795, 0.9702875252478155854, -0.1710878697460308795 ) ) ;
#1037 = CARTESIAN_POINT ( 'NONE',  ( -1.099999999999997646, 2.639999999999999236, -0.8249999999999970690 ) ) ;
#1038 = VERTEX_POINT ( 'NONE', #5932 ) ;
#1039 =( NAMED_UNIT ( * ) SI_UNIT ( $, .STERADIAN. ) SOLID_ANGLE_UNIT ( ) );
#1040 = DIRECTION ( 'NONE',  ( 0.000000000000000000, -1.000000000000000000, 0.000000000000000000 ) ) ;
#1041 = EDGE_CURVE ( 'NONE', #1883, #4485, #630, .T. ) ;
#1042 = PLANE ( 'NONE',  #6891 ) ;
#1043 = VERTEX_POINT ( 'NONE', #6501 ) ;
#1044 = EDGE_CURVE ( 'NONE', #1321, #3858, #3276, .T. ) ;
#1045 = CARTESIAN_POINT ( 'NONE',  ( 1.100000000000001643, 2.239999999999990443, 0.04500000000000014405 ) ) ;
#1046 = CARTESIAN_POINT ( 'NONE',  ( 4.800000000000004263, 2.639999999999999236, -0.3955307922833827261 ) ) ;
#1047 = SURFACE_SIDE_STYLE ('',( #5449 ) ) ;
#1048 = CIRCLE ( 'NONE', #128, 0.1000000000000000472 ) ;
#1049 = VECTOR ( 'NONE', #4513, 1000.000000000000000 ) ;
#1050 = ORIENTED_EDGE ( 'NONE', *, *, #1890, .T. ) ;
#1051 = CARTESIAN_POINT ( 'NONE',  ( 0.4291920339772110071, 2.641571930389168710, 0.1158079660227947089 ) ) ;
#1052 = PLANE ( 'NONE',  #5644 ) ;
#1053 = EDGE_CURVE ( 'NONE', #6765, #5056, #5317, .T. ) ;
#1054 = LINE ( 'NONE', #2667, #5630 ) ;
#1055 = ORIENTED_EDGE ( 'NONE', *, *, #304, .T. ) ;
#1056 = CARTESIAN_POINT ( 'NONE',  ( 5.600000000000001421, 2.639999999999999236, -0.7544692077166141875 ) ) ;
#1057 = LINE ( 'NONE', #4251, #5635 ) ;
#1058 = ORIENTED_EDGE ( 'NONE', *, *, #2835, .F. ) ;
#1059 = LINE ( 'NONE', #6932, #6347 ) ;
#1060 = PLANE ( 'NONE',  #3182 ) ;
#1061 = SURFACE_SIDE_STYLE ('',( #5398 ) ) ;
#1062 = CARTESIAN_POINT ( 'NONE',  ( 1.100000000000002531, 2.239999999999989555, -0.8249999999999998446 ) ) ;
#1063 = ORIENTED_EDGE ( 'NONE', *, *, #1033, .T. ) ;
#1064 = DIRECTION ( 'NONE',  ( 0.5773502691896257311, 0.5773502691896257311, 0.5773502691896257311 ) ) ;
#1065 = UNCERTAINTY_MEASURE_WITH_UNIT (LENGTH_MEASURE( 1.000000000000000082E-05 ), #4540, 'distance_accuracy_value', 'NONE');
#1066 = DIRECTION ( 'NONE',  ( 1.000000000000000000, 0.000000000000000000, 0.000000000000000000 ) ) ;
#1067 = CARTESIAN_POINT ( 'NONE',  ( 1.075000000000001732, 2.639999999999998348, -0.7000000000000010658 ) ) ;
#1068 = STYLED_ITEM ( 'NONE', ( #1158 ), #3886 ) ;
#1069 = ADVANCED_FACE ( 'NONE', ( #3827 ), #5965, .F. ) ;
#1070 = ORIENTED_EDGE ( 'NONE', *, *, #4647, .F. ) ;
#1071 = CYLINDRICAL_SURFACE ( 'NONE', #3490, 0.1000000000000000472 ) ;
#1072 = PLANE ( 'NONE',  #3251 ) ;
#1073 = ORIENTED_EDGE ( 'NONE', *, *, #1377, .F. ) ;
#1074 = CARTESIAN_POINT ( 'NONE',  ( -0.3249999999999967359, 0.1999999999999999278, 1.250000000000001110 ) ) ;
#1075 = CARTESIAN_POINT ( 'NONE',  ( 0.3000000000000026534, 1.050000000000000044, -0.8249999999999970690 ) ) ;
#1076 = FACE_OUTER_BOUND ( 'NONE', #4805, .T. ) ;
#1077 = CIRCLE ( 'NONE', #6460, 0.04999999999999991257 ) ;
#1078 = VECTOR ( 'NONE', #2741, 1000.000000000000000 ) ;
#1079 = DIRECTION ( 'NONE',  ( 0.000000000000000000, 0.000000000000000000, -1.000000000000000000 ) ) ;
#1080 = SURFACE_SIDE_STYLE ('',( #5241 ) ) ;
#1081 = ORIENTED_EDGE ( 'NONE', *, *, #2621, .F. ) ;
#1082 = VECTOR ( 'NONE', #1064, 999.9999999999998863 ) ;
#1083 =( NAMED_UNIT ( * ) PLANE_ANGLE_UNIT ( ) SI_UNIT ( $, .RADIAN. ) );
#1084 = CARTESIAN_POINT ( 'NONE',  ( 0.3000000000000017653, 2.639999999999999236, 0.04500000000000296124 ) ) ;
#1085 = EDGE_CURVE ( 'NONE', #2162, #866, #17, .T. ) ;
#1086 = LINE ( 'NONE', #4882, #2983 ) ;
#1087 = STYLED_ITEM ( 'NONE', ( #1659 ), #2244 ) ;
#1088 = EDGE_CURVE ( 'NONE', #2081, #6683, #6430, .T. ) ;
#1089 = CARTESIAN_POINT ( 'NONE',  ( 0.3000000000000017653, 2.239999999999990443, 0.04500000000000296124 ) ) ;
#1090 = FILL_AREA_STYLE ('',( #5899 ) ) ;
#1091 = FILL_AREA_STYLE_COLOUR ( '', #6768 ) ;
#1092 =( GEOMETRIC_REPRESENTATION_CONTEXT ( 3 ) GLOBAL_UNCERTAINTY_ASSIGNED_CONTEXT ( ( #284 ) ) GLOBAL_UNIT_ASSIGNED_CONTEXT ( ( #6672, #1806, #299 ) ) REPRESENTATION_CONTEXT ( 'NONE', 'WORKASPACE' ) );
#1093 = VERTEX_POINT ( 'NONE', #2698 ) ;
#1094 = DIRECTION ( 'NONE',  ( 1.000000000000000000, 0.000000000000000000, 0.000000000000000000 ) ) ;
#1095 = VECTOR ( 'NONE', #1066, 1000.000000000000000 ) ;
#1096 = ADVANCED_FACE ( 'NONE', ( #6463 ), #1052, .F. ) ;
#1097 = VERTEX_POINT ( 'NONE', #4855 ) ;
#1098 = CARTESIAN_POINT ( 'NONE',  ( -1.170530792283383414, 2.639999999999999236, -0.3955307922833827261 ) ) ;
#1099 = CARTESIAN_POINT ( 'NONE',  ( 1.300000000000002043, 1.050000000000000044, -0.3249999999999999001 ) ) ;
#1100 = SURFACE_STYLE_USAGE ( .BOTH. , #1061 ) ;
#1101 = CYLINDRICAL_SURFACE ( 'NONE', #3491, 0.1000000000000000472 ) ;
#1102 = ORIENTED_EDGE ( 'NONE', *, *, #3977, .T. ) ;
#1103 = VECTOR ( 'NONE', #2329, 1000.000000000000000 ) ;
#1104 = PLANE ( 'NONE',  #6248 ) ;
#1105 = DIRECTION ( 'NONE',  ( 0.000000000000000000, 0.000000000000000000, -1.000000000000000000 ) ) ;
#1106 = EDGE_CURVE ( 'NONE', #3976, #90, #3793, .T. ) ;
#1107 = CARTESIAN_POINT ( 'NONE',  ( -2.199999999999998845, 0.3500000000000000333, -0.2500000000362483932 ) ) ;
#1108 = VERTEX_POINT ( 'NONE', #727 ) ;
#1109 = DIRECTION ( 'NONE',  ( -0.000000000000000000, 1.000000000000000000, -0.000000000000000000 ) ) ;
#1110 = LINE ( 'NONE', #3260, #2782 ) ;
#1111 = ORIENTED_EDGE ( 'NONE', *, *, #3487, .F. ) ;
#1112 = EDGE_CURVE ( 'NONE', #6473, #768, #2800, .T. ) ;
#1113 = FILL_AREA_STYLE ('',( #5988 ) ) ;
#1114 = DIRECTION ( 'NONE',  ( -0.000000000000000000, 0.000000000000000000, 1.000000000000000000 ) ) ;
#1115 = STYLED_ITEM ( 'NONE', ( #4871 ), #6190 ) ;
#1116 = VECTOR ( 'NONE', #2455, 1000.000000000000000 ) ;
#1117 = ORIENTED_EDGE ( 'NONE', *, *, #3382, .T. ) ;
#1118 = PLANE ( 'NONE',  #4084 ) ;
#1119 = DIRECTION ( 'NONE',  ( 0.1710878697460308795, 0.9702875252478155854, -0.1710878697460308795 ) ) ;
#1120 = ORIENTED_EDGE ( 'NONE', *, *, #2261, .F. ) ;
#1121 = EDGE_CURVE ( 'NONE', #1363, #5780, #2301, .T. ) ;
#1122 =( NAMED_UNIT ( * ) PLANE_ANGLE_UNIT ( ) SI_UNIT ( $, .RADIAN. ) );
#1123 = FILL_AREA_STYLE_COLOUR ( '', #1469 ) ;
#1124 = COLOUR_RGB ( '',0.7960784313725489669, 0.8235294117647058432, 0.9372549019607843146 ) ;
#1125 = DIRECTION ( 'NONE',  ( 0.000000000000000000, 0.000000000000000000, 1.000000000000000000 ) ) ;
#1126 =( NAMED_UNIT ( * ) PLANE_ANGLE_UNIT ( ) SI_UNIT ( $, .RADIAN. ) );
#1127 = DIRECTION ( 'NONE',  ( -0.000000000000000000, 1.000000000000000000, -0.000000000000000000 ) ) ;
#1128 = ORIENTED_EDGE ( 'NONE', *, *, #216, .F. ) ;
#1129 = ORIENTED_EDGE ( 'NONE', *, *, #1573, .T. ) ;
#1130 = VECTOR ( 'NONE', #4376, 1000.000000000000000 ) ;
#1131 = CARTESIAN_POINT ( 'NONE',  ( 1.125000000000001332, 0.4500000002000000277, 0.5499999999999989342 ) ) ;
#1132 = ORIENTED_EDGE ( 'NONE', *, *, #146, .F. ) ;
#1133 = ORIENTED_EDGE ( 'NONE', *, *, #1713, .T. ) ;
#1134 = CARTESIAN_POINT ( 'NONE',  ( -0.3249999999999967359, 0.1999999999999999278, 1.250000000000001110 ) ) ;
#1135 = SURFACE_STYLE_FILL_AREA ( #4651 ) ;
#1136 = LINE ( 'NONE', #1294, #5292 ) ;
#1137 = EDGE_LOOP ( 'NONE', ( #3043, #5504, #4291, #4320 ) ) ;
#1138 = DIRECTION ( 'NONE',  ( 0.1710878697460308795, 0.9702875252478155854, 0.1710878697460308795 ) ) ;
#1139 = AXIS2_PLACEMENT_3D ( 'NONE', #589, #4986, #4344 ) ;
#1140 = UNCERTAINTY_MEASURE_WITH_UNIT (LENGTH_MEASURE( 1.000000000000000082E-05 ), #1499, 'distance_accuracy_value', 'NONE');
#1141 = FACE_OUTER_BOUND ( 'NONE', #4573, .T. ) ;
#1142 = AXIS2_PLACEMENT_3D ( 'NONE', #344, #4115, #2702 ) ;
#1143 =( NAMED_UNIT ( * ) SI_UNIT ( $, .STERADIAN. ) SOLID_ANGLE_UNIT ( ) );
#1144 = LINE ( 'NONE', #1275, #78 ) ;
#1145 = ORIENTED_EDGE ( 'NONE', *, *, #2739, .F. ) ;
#1146 = EDGE_CURVE ( 'NONE', #4780, #5860, #1739, .T. ) ;
#1147 = VECTOR ( 'NONE', #5697, 1000.000000000000000 ) ;
#1148 = SURFACE_STYLE_USAGE ( .BOTH. , #4839 ) ;
#1149 = DIRECTION ( 'NONE',  ( -0.000000000000000000, 1.000000000000000000, 0.000000000000000000 ) ) ;
#1150 = COLOUR_RGB ( '',0.7960784313725489669, 0.8235294117647058432, 0.9372549019607843146 ) ;
#1151 = VERTEX_POINT ( 'NONE', #3855 ) ;
#1152 = DIRECTION ( 'NONE',  ( -1.000000000000000000, 0.000000000000000000, 1.355252715606883008E-16 ) ) ;
#1153 = SURFACE_STYLE_FILL_AREA ( #1635 ) ;
#1154 = ORIENTED_EDGE ( 'NONE', *, *, #5896, .T. ) ;
#1155 =( GEOMETRIC_REPRESENTATION_CONTEXT ( 3 ) GLOBAL_UNCERTAINTY_ASSIGNED_CONTEXT ( ( #6270 ) ) GLOBAL_UNIT_ASSIGNED_CONTEXT ( ( #3148, #462, #389 ) ) REPRESENTATION_CONTEXT ( 'NONE', 'WORKASPACE' ) );
#1156 = DIRECTION ( 'NONE',  ( -1.000000000000000000, 0.000000000000000000, 0.000000000000000000 ) ) ;
#1157 = APPLICATION_PROTOCOL_DEFINITION ( 'draft international standard', 'automotive_design', 1998, #2173 ) ;
#1158 = PRESENTATION_STYLE_ASSIGNMENT (( #2127 ) ) ;
#1159 = PRESENTATION_LAYER_ASSIGNMENT (  '', '', ( #4403 ) ) ;
#1160 = VECTOR ( 'NONE', #4758, 1000.000000000000000 ) ;
#1161 = CARTESIAN_POINT ( 'NONE',  ( -1.124999999999998446, 0.1999999999999999556, 1.250000000000001110 ) ) ;
#1162 = PRESENTATION_STYLE_ASSIGNMENT (( #2203 ) ) ;
#1163 = EDGE_LOOP ( 'NONE', ( #6530, #1711, #5033, #6512 ) ) ;
#1164 = EDGE_CURVE ( 'NONE', #1527, #4339, #695, .T. ) ;
#1165 =( GEOMETRIC_REPRESENTATION_CONTEXT ( 3 ) GLOBAL_UNCERTAINTY_ASSIGNED_CONTEXT ( ( #3739 ) ) GLOBAL_UNIT_ASSIGNED_CONTEXT ( ( #5821, #2515, #6556 ) ) REPRESENTATION_CONTEXT ( 'NONE', 'WORKASPACE' ) );
#1166 = ORIENTED_EDGE ( 'NONE', *, *, #4259, .T. ) ;
#1167 = LINE ( 'NONE', #2768, #2147 ) ;
#1168 = FILL_AREA_STYLE_COLOUR ( '', #2822 ) ;
#1169 = ORIENTED_EDGE ( 'NONE', *, *, #6802, .F. ) ;
#1170 = FACE_OUTER_BOUND ( 'NONE', #3725, .T. ) ;
#1171 = EDGE_LOOP ( 'NONE', ( #1533, #998, #5887, #2674 ) ) ;
#1172 = PLANE ( 'NONE',  #3627 ) ;
#1173 = EDGE_CURVE ( 'NONE', #5056, #6675, #3893, .T. ) ;
#1174 = EDGE_CURVE ( 'NONE', #2585, #1, #6041, .T. ) ;
#1175 = CARTESIAN_POINT ( 'NONE',  ( 1.229469207716615609, 2.639999999999999236, 0.2744692077166144828 ) ) ;
#1176 = VECTOR ( 'NONE', #2726, 1000.000000000000000 ) ;
#1177 = ORIENTED_EDGE ( 'NONE', *, *, #3012, .F. ) ;
#1178 = LINE ( 'NONE', #3837, #4156 ) ;
#1179 = LINE ( 'NONE', #647, #6605 ) ;
#1180 = VERTEX_POINT ( 'NONE', #5670 ) ;
#1181 = CARTESIAN_POINT ( 'NONE',  ( 0.5000000000000031086, 2.639999999999999236, 0.3450000000000029710 ) ) ;
#1182 = SURFACE_STYLE_FILL_AREA ( #1113 ) ;
#1183 = CARTESIAN_POINT ( 'NONE',  ( 1.939999999000002529, 1.050000000000000044, -0.5000000000000013323 ) ) ;
#1184 = EDGE_CURVE ( 'NONE', #4485, #927, #2458, .T. ) ;
#1185 = EDGE_LOOP ( 'NONE', ( #4752, #1780, #3203, #4285 ) ) ;
#1186 = VECTOR ( 'NONE', #4589, 1000.000000000000000 ) ;
#1187 = CARTESIAN_POINT ( 'NONE',  ( -0.5249999999999981348, 2.750000000000000000, -0.8099999999999991651 ) ) ;
#1188 = FACE_OUTER_BOUND ( 'NONE', #4964, .T. ) ;
#1189 = PLANE ( 'NONE',  #5826 ) ;
#1190 = ORIENTED_EDGE ( 'NONE', *, *, #2510, .F. ) ;
#1191 = CARTESIAN_POINT ( 'NONE',  ( -1.124999999999998446, 0.000000000000000000, 0.6500000000000011324 ) ) ;
#1192 =( GEOMETRIC_REPRESENTATION_CONTEXT ( 3 ) GLOBAL_UNCERTAINTY_ASSIGNED_CONTEXT ( ( #5363 ) ) GLOBAL_UNIT_ASSIGNED_CONTEXT ( ( #5413, #3780, #2190 ) ) REPRESENTATION_CONTEXT ( 'NONE', 'WORKASPACE' ) );
#1193 = AXIS2_PLACEMENT_3D ( 'NONE', #4500, #6647, #3567 ) ;
#1194 = AXIS2_PLACEMENT_3D ( 'NONE', #1448, #833, #6807 ) ;
#1195 = DIRECTION ( 'NONE',  ( -0.000000000000000000, 1.000000000000000000, 1.019985910564053253E-16 ) ) ;
#1196 = DIRECTION ( 'NONE',  ( 0.000000000000000000, 0.000000000000000000, -1.000000000000000000 ) ) ;
#1197 = EDGE_LOOP ( 'NONE', ( #2613, #1129, #1284, #5063 ) ) ;
#1198 =( GEOMETRIC_REPRESENTATION_CONTEXT ( 3 ) GLOBAL_UNCERTAINTY_ASSIGNED_CONTEXT ( ( #4019 ) ) GLOBAL_UNIT_ASSIGNED_CONTEXT ( ( #668, #5972, #6572 ) ) REPRESENTATION_CONTEXT ( 'NONE', 'WORKASPACE' ) );
#1199 = ADVANCED_FACE ( 'NONE', ( #740 ), #2346, .F. ) ;
#1200 = ORIENTED_EDGE ( 'NONE', *, *, #3441, .T. ) ;
#1201 = DIRECTION ( 'NONE',  ( -0.000000000000000000, 1.000000000000000000, -0.000000000000000000 ) ) ;
#1202 = ORIENTED_EDGE ( 'NONE', *, *, #5558, .T. ) ;
#1203 = SURFACE_SIDE_STYLE ('',( #6120 ) ) ;
#1204 = VECTOR ( 'NONE', #1468, 1000.000000000000000 ) ;
#1205 = CARTESIAN_POINT ( 'NONE',  ( 2.200000000000001066, 0.9999999999500001069, -0.2500000000725012272 ) ) ;
#1206 = AXIS2_PLACEMENT_3D ( 'NONE', #3917, #6664, #2863 ) ;
#1207 = ORIENTED_EDGE ( 'NONE', *, *, #1044, .F. ) ;
#1208 = LINE ( 'NONE', #541, #3373 ) ;
#1209 = DIRECTION ( 'NONE',  ( -0.000000000000000000, -0.000000000000000000, 1.000000000000000000 ) ) ;
#1210 = ORIENTED_EDGE ( 'NONE', *, *, #3924, .F. ) ;
#1211 = DIRECTION ( 'NONE',  ( 1.000000000000000000, -0.000000000000000000, -0.000000000000000000 ) ) ;
#1212 = DIRECTION ( 'NONE',  ( 0.000000000000000000, -0.000000000000000000, -1.000000000000000000 ) ) ;
#1213 = EDGE_CURVE ( 'NONE', #6549, #2986, #776, .T. ) ;
#1214 = ORIENTED_EDGE ( 'NONE', *, *, #5234, .T. ) ;
#1215 = LINE ( 'NONE', #3362, #4989 ) ;
#1216 = DIRECTION ( 'NONE',  ( 0.000000000000000000, -0.7071067811865475727, 0.7071067811865475727 ) ) ;
#1217 = SURFACE_STYLE_USAGE ( .BOTH. , #2327 ) ;
#1218 = ORIENTED_EDGE ( 'NONE', *, *, #4032, .T. ) ;
#1219 = DIRECTION ( 'NONE',  ( 0.1710878697460311570, 0.9702875252478154744, -0.1710878697460311570 ) ) ;
#1220 = APPLICATION_PROTOCOL_DEFINITION ( 'draft international standard', 'automotive_design', 1998, #644 ) ;
#1221 = MECHANICAL_DESIGN_GEOMETRIC_PRESENTATION_REPRESENTATION (  '', ( #1115 ), #4702 ) ;
#1222 = LINE ( 'NONE', #2365, #4546 ) ;
#1223 = EDGE_CURVE ( 'NONE', #5995, #269, #2380, .T. ) ;
#1224 = COLOUR_RGB ( '',0.7960784313725489669, 0.8235294117647058432, 0.9372549019607843146 ) ;
#1225 = CARTESIAN_POINT ( 'NONE',  ( 2.200000000000001066, 0.1199999999999999956, -0.9500000000000011768 ) ) ;
#1226 = CARTESIAN_POINT ( 'NONE',  ( -1.124999999999998446, 0.4500000002000000832, 0.6556624325871229786 ) ) ;
#1227 = CARTESIAN_POINT ( 'NONE',  ( 0.3250000000000016209, 0.2000000000000000111, 0.8000000000000011546 ) ) ;
#1228 = VERTEX_POINT ( 'NONE', #6365 ) ;
#1229 = AXIS2_PLACEMENT_3D ( 'NONE', #2627, #3598, #4744 ) ;
#1230 = DIRECTION ( 'NONE',  ( -0.000000000000000000, -1.000000000000000000, -0.000000000000000000 ) ) ;
#1231 = EDGE_CURVE ( 'NONE', #1720, #1358, #4255, .T. ) ;
#1232 = DIRECTION ( 'NONE',  ( -0.000000000000000000, 0.7071067811865474617, -0.7071067811865474617 ) ) ;
#1233 = EDGE_CURVE ( 'NONE', #4720, #1707, #5776, .T. ) ;
#1234 = CARTESIAN_POINT ( 'NONE',  ( -2.399999999999998579, 8.109541161931386268E-17, -0.7786222391909453089 ) ) ;
#1235 = FILL_AREA_STYLE_COLOUR ( '', #6403 ) ;
#1236 = ORIENTED_EDGE ( 'NONE', *, *, #1895, .T. ) ;
#1237 = FILL_AREA_STYLE ('',( #3895 ) ) ;
#1238 = PLANE ( 'NONE',  #692 ) ;
#1239 = LINE ( 'NONE', #6017, #738 ) ;
#1240 = ORIENTED_EDGE ( 'NONE', *, *, #4972, .T. ) ;
#1241 = FILL_AREA_STYLE ('',( #164 ) ) ;
#1242 = CARTESIAN_POINT ( 'NONE',  ( -1.699999999999998401, 2.750000000000000000, 0.5500000000000017097 ) ) ;
#1243 = EDGE_LOOP ( 'NONE', ( #2987, #3783, #3632, #6926 ) ) ;
#1244 = ADVANCED_FACE ( 'NONE', ( #2567 ), #1964, .F. ) ;
#1245 = LINE ( 'NONE', #5048, #2077 ) ;
#1246 = LINE ( 'NONE', #6022, #1631 ) ;
#1247 = VERTEX_POINT ( 'NONE', #1887 ) ;
#1248 = STYLED_ITEM ( 'NONE', ( #4615 ), #700 ) ;
#1249 = PLANE ( 'NONE',  #5877 ) ;
#1250 = FACE_OUTER_BOUND ( 'NONE', #2254, .T. ) ;
#1251 = FACE_OUTER_BOUND ( 'NONE', #5007, .T. ) ;
#1252 = ORIENTED_EDGE ( 'NONE', *, *, #6795, .F. ) ;
#1253 = DIRECTION ( 'NONE',  ( 1.000000000000000000, 0.000000000000000000, -0.000000000000000000 ) ) ;
#1254 = FACE_OUTER_BOUND ( 'NONE', #4398, .T. ) ;
#1255 = EDGE_CURVE ( 'NONE', #6252, #3073, #6569, .T. ) ;
#1256 = AXIS2_PLACEMENT_3D ( 'NONE', #224, #342, #5621 ) ;
#1257 = EDGE_CURVE ( 'NONE', #2908, #4193, #3887, .T. ) ;
#1258 = VECTOR ( 'NONE', #1706, 1000.000000000000000 ) ;
#1259 = PRESENTATION_STYLE_ASSIGNMENT (( #6070 ) ) ;
#1260 = DIRECTION ( 'NONE',  ( -1.000000000000000000, 0.000000000000000000, -0.000000000000000000 ) ) ;
#1261 = ORIENTED_EDGE ( 'NONE', *, *, #2787, .T. ) ;
#1262 = CARTESIAN_POINT ( 'NONE',  ( 5.600000000000001421, 2.639999999999999236, 0.2744692077166144828 ) ) ;
#1263 = LINE ( 'NONE', #2452, #4539 ) ;
#1264 = VECTOR ( 'NONE', #1300, 1000.000000000000000 ) ;
#1265 = EDGE_CURVE ( 'NONE', #2792, #781, #186, .T. ) ;
#1266 = EDGE_LOOP ( 'NONE', ( #3216, #5922, #3108, #115 ) ) ;
#1267 = SURFACE_STYLE_FILL_AREA ( #2306 ) ;
#1268 = MECHANICAL_DESIGN_GEOMETRIC_PRESENTATION_REPRESENTATION (  '', ( #3845 ), #6213 ) ;
#1269 = ORIENTED_EDGE ( 'NONE', *, *, #89, .F. ) ;
#1270 = VECTOR ( 'NONE', #3973, 1000.000000000000227 ) ;
#1271 = ORIENTED_EDGE ( 'NONE', *, *, #1903, .F. ) ;
#1272 = CARTESIAN_POINT ( 'NONE',  ( 1.275000000000001465, -4.042787761810355684E-17, 0.6499999999999983569 ) ) ;
#1273 = EDGE_LOOP ( 'NONE', ( #3459, #3077, #4682, #1063 ) ) ;
#1274 = CARTESIAN_POINT ( 'NONE',  ( -1.042600726839641778, 1.914472545666377146, 0.4023992731603601714 ) ) ;
#1275 = CARTESIAN_POINT ( 'NONE',  ( 1.940000000000001279, 1.050000000000000044, 0.09999999999999879818 ) ) ;
#1276 = ORIENTED_EDGE ( 'NONE', *, *, #1728, .F. ) ;
#1277 = DIRECTION ( 'NONE',  ( -1.000000000000000000, 0.000000000000000000, -0.000000000000000000 ) ) ;
#1278 = EDGE_CURVE ( 'NONE', #5221, #5687, #733, .T. ) ;
#1279 = PLANE ( 'NONE',  #577 ) ;
#1280 = ORIENTED_EDGE ( 'NONE', *, *, #3659, .T. ) ;
#1281 = EDGE_CURVE ( 'NONE', #1376, #614, #6184, .T. ) ;
#1282 = FACE_OUTER_BOUND ( 'NONE', #2931, .T. ) ;
#1283 = CARTESIAN_POINT ( 'NONE',  ( 1.300000000000002043, 2.639999999999999236, -0.3249999999999999001 ) ) ;
#1284 = ORIENTED_EDGE ( 'NONE', *, *, #2911, .T. ) ;
#1285 = PLANE ( 'NONE',  #416 ) ;
#1286 = CARTESIAN_POINT ( 'NONE',  ( 1.170530792283387189, 2.639999999999999236, 0.2744692077166144828 ) ) ;
#1287 = DIRECTION ( 'NONE',  ( 1.000000000000000000, 0.000000000000000000, -1.355252715606883008E-16 ) ) ;
#1288 = EDGE_CURVE ( 'NONE', #4634, #5605, #2413, .T. ) ;
#1289 = LINE ( 'NONE', #1327, #2564 ) ;
#1290 = EDGE_CURVE ( 'NONE', #5628, #5286, #6638, .T. ) ;
#1291 = CARTESIAN_POINT ( 'NONE',  ( -0.4749999999999984235, 0.2000000000000000111, 0.8000000000000011546 ) ) ;
#1292 = VERTEX_POINT ( 'NONE', #6150 ) ;
#1293 = ORIENTED_EDGE ( 'NONE', *, *, #4531, .T. ) ;
#1294 = CARTESIAN_POINT ( 'NONE',  ( -0.2999999999999959921, 2.639999999999999236, -0.8249999999999970690 ) ) ;
#1295 = DIRECTION ( 'NONE',  ( -1.000000000000000000, 0.000000000000000000, -0.000000000000000000 ) ) ;
#1296 = CARTESIAN_POINT ( 'NONE',  ( -1.229469207716611612, 2.639999999999999236, -0.7544692077166114119 ) ) ;
#1297 = EDGE_CURVE ( 'NONE', #4984, #5227, #4998, .T. ) ;
#1298 = MECHANICAL_DESIGN_GEOMETRIC_PRESENTATION_REPRESENTATION (  '', ( #4330 ), #1845 ) ;
#1299 = DIRECTION ( 'NONE',  ( 1.000000000000000000, 0.000000000000000000, -0.000000000000000000 ) ) ;
#1300 = DIRECTION ( 'NONE',  ( -1.000000000000000000, 0.000000000000000000, 0.000000000000000000 ) ) ;
#1301 = AXIS2_PLACEMENT_3D ( 'NONE', #1307, #5561, #3044 ) ;
#1302 = ORIENTED_EDGE ( 'NONE', *, *, #6223, .T. ) ;
#1303 = AXIS2_PLACEMENT_3D ( 'NONE', #5150, #393, #936 ) ;
#1304 = EDGE_CURVE ( 'NONE', #5184, #2745, #3486, .T. ) ;
#1305 = ORIENTED_EDGE ( 'NONE', *, *, #5991, .F. ) ;
#1306 = EDGE_LOOP ( 'NONE', ( #4280, #2401, #131, #4774 ) ) ;
#1307 = CARTESIAN_POINT ( 'NONE',  ( 0.3250000000000016209, 0.05000000000000000278, 1.200000000000001288 ) ) ;
#1308 = ORIENTED_EDGE ( 'NONE', *, *, #5889, .T. ) ;
#1309 = DIRECTION ( 'NONE',  ( 0.000000000000000000, 0.000000000000000000, 1.000000000000000000 ) ) ;
#1310 = PLANE ( 'NONE',  #6157 ) ;
#1311 = ORIENTED_EDGE ( 'NONE', *, *, #6531, .F. ) ;
#1312 = LINE ( 'NONE', #679, #2644 ) ;
#1313 = CARTESIAN_POINT ( 'NONE',  ( 3.200000000000001510, 2.639999999999999236, 0.1250000000000016376 ) ) ;
#1314 = MECHANICAL_DESIGN_GEOMETRIC_PRESENTATION_REPRESENTATION (  '', ( #3787 ), #5584 ) ;
#1315 = EDGE_CURVE ( 'NONE', #1680, #2501, #6115, .T. ) ;
#1316 = ORIENTED_EDGE ( 'NONE', *, *, #1935, .T. ) ;
#1317 = DIRECTION ( 'NONE',  ( 1.000000000000000000, 0.000000000000000000, -0.000000000000000000 ) ) ;
#1318 = DIRECTION ( 'NONE',  ( 0.000000000000000000, 0.000000000000000000, 1.000000000000000000 ) ) ;
#1319 = CARTESIAN_POINT ( 'NONE',  ( 5.600000000000001421, 2.639999999999999236, 0.1155307922833852113 ) ) ;
#1320 = CARTESIAN_POINT ( 'NONE',  ( -1.124999999999998446, 0.05000000000000000971, 1.200000000000001288 ) ) ;
#1321 = VERTEX_POINT ( 'NONE', #6718 ) ;
#1322 = FACE_OUTER_BOUND ( 'NONE', #4678, .T. ) ;
#1323 = VERTEX_POINT ( 'NONE', #2645 ) ;
#1324 = VECTOR ( 'NONE', #6278, 1000.000000000000000 ) ;
#1325 = CARTESIAN_POINT ( 'NONE',  ( -1.899999999999999023, 0.3500000000000000333, -0.9999999999999986677 ) ) ;
#1326 = EDGE_CURVE ( 'NONE', #5249, #3753, #5268, .T. ) ;
#1327 = CARTESIAN_POINT ( 'NONE',  ( 2.200000000000001066, 0.1199999999999999956, -0.9500000000000011768 ) ) ;
#1328 = ORIENTED_EDGE ( 'NONE', *, *, #6303, .T. ) ;
#1329 = EDGE_LOOP ( 'NONE', ( #1200, #1589, #6566, #4624 ) ) ;
#1330 = CARTESIAN_POINT ( 'NONE',  ( 2.700000000000001510, 0.3500000000000000333, 0.5699999999999988409 ) ) ;
#1331 = DIRECTION ( 'NONE',  ( 1.000000000000000000, 0.000000000000000000, 0.000000000000000000 ) ) ;
#1332 = AXIS2_PLACEMENT_3D ( 'NONE', #3871, #2249, #98 ) ;
#1333 = CARTESIAN_POINT ( 'NONE',  ( 2.400000000000000799, 0.1000000012999997384, 0.05000000000812383771 ) ) ;
#1334 = CARTESIAN_POINT ( 'NONE',  ( -0.2999999999999959921, 1.050000000000000044, -0.8249999999999970690 ) ) ;
#1335 = EDGE_LOOP ( 'NONE', ( #2961, #5696, #103, #3853 ) ) ;
#1336 =( NAMED_UNIT ( * ) SI_UNIT ( $, .STERADIAN. ) SOLID_ANGLE_UNIT ( ) );
#1337 =( NAMED_UNIT ( * ) SI_UNIT ( $, .STERADIAN. ) SOLID_ANGLE_UNIT ( ) );
#1338 = ORIENTED_EDGE ( 'NONE', *, *, #1494, .T. ) ;
#1339 = ORIENTED_EDGE ( 'NONE', *, *, #5499, .F. ) ;
#1340 = DIRECTION ( 'NONE',  ( -0.000000000000000000, -1.000000000000000000, -0.000000000000000000 ) ) ;
#1341 = VERTEX_POINT ( 'NONE', #437 ) ;
#1342 = DIRECTION ( 'NONE',  ( -1.000000000000000000, -0.000000000000000000, -0.000000000000000000 ) ) ;
#1343 = EDGE_LOOP ( 'NONE', ( #6964, #3551, #6028, #18 ) ) ;
#1344 = LINE ( 'NONE', #5601, #6538 ) ;
#1345 = CARTESIAN_POINT ( 'NONE',  ( 0.4294692077166175070, 2.639999999999999236, 0.2744692077166173139 ) ) ;
#1346 = FACE_OUTER_BOUND ( 'NONE', #1889, .T. ) ;
#1347 = COLOUR_RGB ( '',0.7960784313725489669, 0.8235294117647058432, 0.9372549019607843146 ) ;
#1348 = LINE ( 'NONE', #3910, #683 ) ;
#1349 = UNCERTAINTY_MEASURE_WITH_UNIT (LENGTH_MEASURE( 1.000000000000000082E-05 ), #6293, 'distance_accuracy_value', 'NONE');
#1350 = ORIENTED_EDGE ( 'NONE', *, *, #4080, .F. ) ;
#1351 = ADVANCED_FACE ( 'NONE', ( #3774 ), #1482, .F. ) ;
#1352 = COLOUR_RGB ( '',0.7960784313725489669, 0.8235294117647058432, 0.9372549019607843146 ) ;
#1353 = CARTESIAN_POINT ( 'NONE',  ( 2.400000000000000799, 1.000000000000000000, -0.2500000000000012212 ) ) ;
#1354 =( NAMED_UNIT ( * ) SI_UNIT ( $, .STERADIAN. ) SOLID_ANGLE_UNIT ( ) );
#1355 = DIRECTION ( 'NONE',  ( 0.1710878697460308795, -0.9702875252478155854, -0.1710878697460308795 ) ) ;
#1356 = ORIENTED_EDGE ( 'NONE', *, *, #6372, .T. ) ;
#1357 = DIRECTION ( 'NONE',  ( -1.000000000000000000, -0.000000000000000000, -0.000000000000000000 ) ) ;
#1358 = VERTEX_POINT ( 'NONE', #4196 ) ;
#1359 = DIRECTION ( 'NONE',  ( 0.000000000000000000, 0.000000000000000000, 1.000000000000000000 ) ) ;
#1360 = VECTOR ( 'NONE', #5199, 1000.000000000000000 ) ;
#1361 = DIRECTION ( 'NONE',  ( 0.1710878697460308795, 0.9702875252478155854, -0.1710878697460308795 ) ) ;
#1362 =( NAMED_UNIT ( * ) PLANE_ANGLE_UNIT ( ) SI_UNIT ( $, .RADIAN. ) );
#1363 = VERTEX_POINT ( 'NONE', #5849 ) ;
#1364 = ORIENTED_EDGE ( 'NONE', *, *, #1121, .T. ) ;
#1365 = FILL_AREA_STYLE_COLOUR ( '', #5403 ) ;
#1366 = PLANE ( 'NONE',  #1581 ) ;
#1367 = DIRECTION ( 'NONE',  ( 0.000000000000000000, 0.000000000000000000, -1.000000000000000000 ) ) ;
#1368 = EDGE_CURVE ( 'NONE', #888, #3976, #3156, .T. ) ;
#1369 = CARTESIAN_POINT ( 'NONE',  ( 16.30000000000000071, 0.4500000000000001221, 1.000000000000001776 ) ) ;
#1370 = DIRECTION ( 'NONE',  ( 0.9848077530122089085, -0.1736481776669258625, 0.000000000000000000 ) ) ;
#1371 = DIRECTION ( 'NONE',  ( -1.000000000000000000, 0.000000000000000000, 0.000000000000000000 ) ) ;
#1372 = VERTEX_POINT ( 'NONE', #5304 ) ;
#1373 = VECTOR ( 'NONE', #3410, 1000.000000000000000 ) ;
#1374 = ORIENTED_EDGE ( 'NONE', *, *, #2533, .T. ) ;
#1375 = ORIENTED_EDGE ( 'NONE', *, *, #5341, .T. ) ;
#1376 = VERTEX_POINT ( 'NONE', #472 ) ;
#1377 = EDGE_CURVE ( 'NONE', #5760, #6896, #504, .T. ) ;
#1378 = DIRECTION ( 'NONE',  ( 0.000000000000000000, 1.000000000000000000, 0.000000000000000000 ) ) ;
#1379 = SURFACE_SIDE_STYLE ('',( #1862 ) ) ;
#1380 = VERTEX_POINT ( 'NONE', #1067 ) ;
#1381 = DIRECTION ( 'NONE',  ( 0.000000000000000000, 0.000000000000000000, -1.000000000000000000 ) ) ;
#1382 = FACE_OUTER_BOUND ( 'NONE', #345, .T. ) ;
#1383 = CARTESIAN_POINT ( 'NONE',  ( 4.000000000000003553, 2.639999999999999236, 0.1155307922833880285 ) ) ;
#1384 = VECTOR ( 'NONE', #2691, 1000.000000000000000 ) ;
#1385 = EDGE_CURVE ( 'NONE', #5628, #1151, #539, .T. ) ;
#1386 = ORIENTED_EDGE ( 'NONE', *, *, #1675, .F. ) ;
#1387 = DIRECTION ( 'NONE',  ( 0.000000000000000000, 0.000000000000000000, 1.000000000000000000 ) ) ;
#1388 = CARTESIAN_POINT ( 'NONE',  ( 0.2750000000000019096, 0.7768699943250462203, -0.8099999999999991651 ) ) ;
#1389 =( NAMED_UNIT ( * ) PLANE_ANGLE_UNIT ( ) SI_UNIT ( $, .RADIAN. ) );
#1390 = CARTESIAN_POINT ( 'NONE',  ( -0.3962737875043719771, 2.785995780779311648, -0.7287262124956209730 ) ) ;
#1391 = ORIENTED_EDGE ( 'NONE', *, *, #3093, .F. ) ;
#1392 = CARTESIAN_POINT ( 'NONE',  ( 0.5000000000000039968, 2.239999999999989555, -0.8249999999999970690 ) ) ;
#1393 = ORIENTED_EDGE ( 'NONE', *, *, #6240, .F. ) ;
#1394 = PRESENTATION_STYLE_ASSIGNMENT (( #976 ) ) ;
#1395 = EDGE_CURVE ( 'NONE', #4339, #4501, #2153, .T. ) ;
#1396 = DIRECTION ( 'NONE',  ( 1.000000000000000000, 0.000000000000000000, 0.000000000000000000 ) ) ;
#1397 = LINE ( 'NONE', #1431, #6826 ) ;
#1398 = ORIENTED_EDGE ( 'NONE', *, *, #3128, .T. ) ;
#1399 = ORIENTED_EDGE ( 'NONE', *, *, #2522, .T. ) ;
#1400 = CARTESIAN_POINT ( 'NONE',  ( 2.400000000000000799, 0.3499999999999999778, 0.05000000001624881063 ) ) ;
#1401 = DIRECTION ( 'NONE',  ( -0.000000000000000000, 1.000000000000000000, 0.000000000000000000 ) ) ;
#1402 = CARTESIAN_POINT ( 'NONE',  ( -2.399999999999998579, 0.1199999999999999956, -0.9499999999999984013 ) ) ;
#1403 = LINE ( 'NONE', #5031, #5786 ) ;
#1404 = VECTOR ( 'NONE', #152, 1000.000000000000000 ) ;
#1405 = CARTESIAN_POINT ( 'NONE',  ( -0.2999999999999959921, 2.639999999999999236, -0.8249999999999970690 ) ) ;
#1406 = DIRECTION ( 'NONE',  ( -1.000000000000000000, 0.000000000000000000, 0.000000000000000000 ) ) ;
#1407 = ADVANCED_FACE ( 'NONE', ( #5405 ), #3700, .F. ) ;
#1408 = EDGE_LOOP ( 'NONE', ( #2385, #3776, #5592, #4748 ) ) ;
#1409 = VECTOR ( 'NONE', #1105, 1000.000000000000000 ) ;
#1410 = EDGE_LOOP ( 'NONE', ( #6230, #4421, #367, #549 ) ) ;
#1411 = DIRECTION ( 'NONE',  ( -1.000000000000000000, -0.000000000000000000, 0.000000000000000000 ) ) ;
#1412 = VERTEX_POINT ( 'NONE', #1580 ) ;
#1413 = VECTOR ( 'NONE', #5943, 1000.000000000000000 ) ;
#1414 = EDGE_CURVE ( 'NONE', #4860, #880, #4660, .T. ) ;
#1415 = FACE_OUTER_BOUND ( 'NONE', #3041, .T. ) ;
#1416 = ORIENTED_EDGE ( 'NONE', *, *, #487, .F. ) ;
#1417 = DIRECTION ( 'NONE',  ( 0.000000000000000000, -1.000000000000000000, -0.000000000000000000 ) ) ;
#1418 = UNCERTAINTY_MEASURE_WITH_UNIT (LENGTH_MEASURE( 1.000000000000000082E-05 ), #2952, 'distance_accuracy_value', 'NONE');
#1419 = ORIENTED_EDGE ( 'NONE', *, *, #1255, .F. ) ;
#1420 = PLANE ( 'NONE',  #2167 ) ;
#1421 = DIRECTION ( 'NONE',  ( 0.000000000000000000, -0.000000000000000000, -1.000000000000000000 ) ) ;
#1422 = LINE ( 'NONE', #4197, #2073 ) ;
#1423 = DIRECTION ( 'NONE',  ( 0.9848077530122090195, -0.1736481776669255295, 0.000000000000000000 ) ) ;
#1424 = PRESENTATION_LAYER_ASSIGNMENT (  '', '', ( #752 ) ) ;
#1425 = ORIENTED_EDGE ( 'NONE', *, *, #4118, .T. ) ;
#1426 = ADVANCED_FACE ( 'NONE', ( #839 ), #6203, .F. ) ;
#1427 = FACE_OUTER_BOUND ( 'NONE', #166, .T. ) ;
#1428 = LINE ( 'NONE', #3682, #2865 ) ;
#1429 = VECTOR ( 'NONE', #2456, 1000.000000000000000 ) ;
#1430 = CARTESIAN_POINT ( 'NONE',  ( 8.900000000000002132, 1.050000000000000044, -0.7000000000000012879 ) ) ;
#1431 = CARTESIAN_POINT ( 'NONE',  ( 9.900000000000002132, 2.750000000000000000, -0.8100000000000020517 ) ) ;
#1432 = EDGE_LOOP ( 'NONE', ( #6805, #1726, #1827, #386 ) ) ;
#1433 = ORIENTED_EDGE ( 'NONE', *, *, #5285, .F. ) ;
#1434 = CARTESIAN_POINT ( 'NONE',  ( -0.3249999999999967359, 0.05000000000000031503, 1.250000000000001110 ) ) ;
#1435 = DIRECTION ( 'NONE',  ( -1.000000000000000000, 0.000000000000000000, 0.000000000000000000 ) ) ;
#1436 = FACE_OUTER_BOUND ( 'NONE', #1586, .T. ) ;
#1437 = DIRECTION ( 'NONE',  ( 1.000000000000000000, 0.000000000000000000, -0.000000000000000000 ) ) ;
#1438 = ADVANCED_FACE ( 'NONE', ( #4079 ), #5553, .F. ) ;
#1439 = ORIENTED_EDGE ( 'NONE', *, *, #1297, .T. ) ;
#1440 = AXIS2_PLACEMENT_3D ( 'NONE', #4797, #6943, #2718 ) ;
#1441 = ORIENTED_EDGE ( 'NONE', *, *, #6620, .T. ) ;
#1442 =( GEOMETRIC_REPRESENTATION_CONTEXT ( 3 ) GLOBAL_UNCERTAINTY_ASSIGNED_CONTEXT ( ( #2383 ) ) GLOBAL_UNIT_ASSIGNED_CONTEXT ( ( #4550, #5750, #3615 ) ) REPRESENTATION_CONTEXT ( 'NONE', 'WORKASPACE' ) );
#1443 = CARTESIAN_POINT ( 'NONE',  ( -2.699999999999999289, 0.3499999999000001916, -0.9999999999999986677 ) ) ;
#1444 =( NAMED_UNIT ( * ) SI_UNIT ( $, .STERADIAN. ) SOLID_ANGLE_UNIT ( ) );
#1445 = FACE_OUTER_BOUND ( 'NONE', #5662, .T. ) ;
#1446 = ORIENTED_EDGE ( 'NONE', *, *, #2114, .T. ) ;
#1447 = PRESENTATION_LAYER_ASSIGNMENT (  '', '', ( #6508 ) ) ;
#1448 = CARTESIAN_POINT ( 'NONE',  ( 0.4294692077166175070, 2.639999999999999236, 0.1250000000000016376 ) ) ;
#1449 = ADVANCED_FACE ( 'NONE', ( #4236 ), #2752, .F. ) ;
#1450 = FILL_AREA_STYLE_COLOUR ( '', #1510 ) ;
#1451 = VERTEX_POINT ( 'NONE', #3562 ) ;
#1452 = DIRECTION ( 'NONE',  ( -0.000000000000000000, -0.7071067811865475727, -0.7071067811865475727 ) ) ;
#1453 = VECTOR ( 'NONE', #5312, 1000.000000000000000 ) ;
#1454 = DIRECTION ( 'NONE',  ( 0.000000000000000000, 1.019985910564053253E-16, -1.000000000000000000 ) ) ;
#1455 = DIRECTION ( 'NONE',  ( 0.000000000000000000, 1.000000000000000000, 1.019985910564053253E-16 ) ) ;
#1456 =( GEOMETRIC_REPRESENTATION_CONTEXT ( 3 ) GLOBAL_UNCERTAINTY_ASSIGNED_CONTEXT ( ( #4867 ) ) GLOBAL_UNIT_ASSIGNED_CONTEXT ( ( #3569, #1973, #1444 ) ) REPRESENTATION_CONTEXT ( 'NONE', 'WORKASPACE' ) );
#1457 =( NAMED_UNIT ( * ) PLANE_ANGLE_UNIT ( ) SI_UNIT ( $, .RADIAN. ) );
#1458 =( LENGTH_UNIT ( ) NAMED_UNIT ( * ) SI_UNIT ( .MILLI., .METRE. ) );
#1459 = EDGE_LOOP ( 'NONE', ( #987, #5536, #6003, #3197 ) ) ;
#1460 = VERTEX_POINT ( 'NONE', #382 ) ;
#1461 = LINE ( 'NONE', #4111, #1794 ) ;
#1462 = EDGE_CURVE ( 'NONE', #2004, #616, #348, .T. ) ;
#1463 = VECTOR ( 'NONE', #250, 1000.000000000000000 ) ;
#1464 = FACE_OUTER_BOUND ( 'NONE', #4374, .T. ) ;
#1465 = EDGE_CURVE ( 'NONE', #3003, #6972, #2913, .T. ) ;
#1466 = VERTEX_POINT ( 'NONE', #5591 ) ;
#1467 = DIRECTION ( 'NONE',  ( -0.000000000000000000, 1.000000000000000000, -0.000000000000000000 ) ) ;
#1468 = DIRECTION ( 'NONE',  ( -1.000000000000000000, 0.000000000000000000, 1.355252715606883008E-16 ) ) ;
#1469 = COLOUR_RGB ( '',1.000000000000000000, 1.000000000000000000, 0.8431372549019607865 ) ;
#1470 = ORIENTED_EDGE ( 'NONE', *, *, #3896, .T. ) ;
#1471 = PRESENTATION_LAYER_ASSIGNMENT (  '', '', ( #3386 ) ) ;
#1472 = EDGE_CURVE ( 'NONE', #5860, #5639, #774, .T. ) ;
#1473 = DIRECTION ( 'NONE',  ( -0.000000000000000000, -1.000000000000000000, -0.000000000000000000 ) ) ;
#1474 = CARTESIAN_POINT ( 'NONE',  ( 1.900000000000001021, 0.1000000012999997384, -1.000000000000001554 ) ) ;
#1475 = DIRECTION ( 'NONE',  ( 0.000000000000000000, 0.000000000000000000, -1.000000000000000000 ) ) ;
#1476 = ORIENTED_EDGE ( 'NONE', *, *, #3230, .F. ) ;
#1477 = PLANE ( 'NONE',  #5570 ) ;
#1478 = UNCERTAINTY_MEASURE_WITH_UNIT (LENGTH_MEASURE( 1.000000000000000082E-05 ), #2102, 'distance_accuracy_value', 'NONE');
#1479 = CARTESIAN_POINT ( 'NONE',  ( 0.4750000000000033085, 0.4500000002000000277, 0.5500000000000018208 ) ) ;
#1480 = DIRECTION ( 'NONE',  ( 0.000000000000000000, -0.000000000000000000, 1.000000000000000000 ) ) ;
#1481 = DIRECTION ( 'NONE',  ( -1.000000000000000000, 0.000000000000000000, -0.000000000000000000 ) ) ;
#1482 = PLANE ( 'NONE',  #6774 ) ;
#1483 = CARTESIAN_POINT ( 'NONE',  ( 0.2750000000000019096, 1.050000000000000044, -0.6999999999999985123 ) ) ;
#1484 =( NAMED_UNIT ( * ) SI_UNIT ( $, .STERADIAN. ) SOLID_ANGLE_UNIT ( ) );
#1485 = ORIENTED_EDGE ( 'NONE', *, *, #1112, .T. ) ;
#1486 = EDGE_CURVE ( 'NONE', #5554, #4720, #894, .T. ) ;
#1487 = DIRECTION ( 'NONE',  ( -0.000000000000000000, -1.000000000000000000, -0.000000000000000000 ) ) ;
#1488 = SURFACE_STYLE_FILL_AREA ( #6313 ) ;
#1489 = FACE_OUTER_BOUND ( 'NONE', #4821, .T. ) ;
#1490 =( GEOMETRIC_REPRESENTATION_CONTEXT ( 3 ) GLOBAL_UNCERTAINTY_ASSIGNED_CONTEXT ( ( #5075 ) ) GLOBAL_UNIT_ASSIGNED_CONTEXT ( ( #3468, #4512, #793 ) ) REPRESENTATION_CONTEXT ( 'NONE', 'WORKASPACE' ) );
#1491 = LINE ( 'NONE', #5309, #2010 ) ;
#1492 = CARTESIAN_POINT ( 'NONE',  ( 0.3250000000000016209, 0.4500000002000000832, 0.6556624325871229786 ) ) ;
#1493 = ORIENTED_EDGE ( 'NONE', *, *, #5802, .F. ) ;
#1494 = EDGE_CURVE ( 'NONE', #1380, #1984, #3040, .T. ) ;
#1495 = DIRECTION ( 'NONE',  ( -0.000000000000000000, 0.000000000000000000, 1.000000000000000000 ) ) ;
#1496 = DIRECTION ( 'NONE',  ( -0.000000000000000000, 0.000000000000000000, -1.000000000000000000 ) ) ;
#1497 = DIRECTION ( 'NONE',  ( 0.000000000000000000, -0.000000000000000000, -1.000000000000000000 ) ) ;
#1498 = AXIS2_PLACEMENT_3D ( 'NONE', #5956, #38, #3363 ) ;
#1499 =( LENGTH_UNIT ( ) NAMED_UNIT ( * ) SI_UNIT ( .MILLI., .METRE. ) );
#1500 = FILL_AREA_STYLE ('',( #6895 ) ) ;
#1501 = ORIENTED_EDGE ( 'NONE', *, *, #4767, .T. ) ;
#1502 = EDGE_CURVE ( 'NONE', #2275, #4988, #5070, .T. ) ;
#1503 = VECTOR ( 'NONE', #2761, 1000.000000000000000 ) ;
#1504 = EDGE_LOOP ( 'NONE', ( #1058, #192, #3916, #5775 ) ) ;
#1505 = DIRECTION ( 'NONE',  ( 0.000000000000000000, -0.000000000000000000, 1.000000000000000000 ) ) ;
#1506 = DIRECTION ( 'NONE',  ( 0.000000000000000000, 0.000000000000000000, -1.000000000000000000 ) ) ;
#1507 = ORIENTED_EDGE ( 'NONE', *, *, #1920, .F. ) ;
#1508 = EDGE_CURVE ( 'NONE', #291, #768, #267, .T. ) ;
#1509 = VECTOR ( 'NONE', #4168, 1000.000000000000000 ) ;
#1510 = COLOUR_RGB ( '',0.7960784313725489669, 0.8235294117647058432, 0.9372549019607843146 ) ;
#1511 = CARTESIAN_POINT ( 'NONE',  ( -2.399999999999998579, 1.000000000000000000, -0.9499999999843734555 ) ) ;
#1512 = VECTOR ( 'NONE', #3539, 1000.000000000000000 ) ;
#1513 = VECTOR ( 'NONE', #1904, 1000.000000000000114 ) ;
#1514 = CARTESIAN_POINT ( 'NONE',  ( -1.809999999999999165, 2.750000000000000000, 0.1000000000000015599 ) ) ;
#1515 =( NAMED_UNIT ( * ) SI_UNIT ( $, .STERADIAN. ) SOLID_ANGLE_UNIT ( ) );
#1516 = CARTESIAN_POINT ( 'NONE',  ( -1.099999999999997646, 2.239999999999989555, -0.8249999999999970690 ) ) ;
#1517 = PLANE ( 'NONE',  #4166 ) ;
#1518 = CARTESIAN_POINT ( 'NONE',  ( 2.700000000000001510, 0.3500000000000000333, -1.000000000000001554 ) ) ;
#1519 = ORIENTED_EDGE ( 'NONE', *, *, #1213, .F. ) ;
#1520 = EDGE_CURVE ( 'NONE', #1412, #682, #5700, .T. ) ;
#1521 =( GEOMETRIC_REPRESENTATION_CONTEXT ( 3 ) GLOBAL_UNCERTAINTY_ASSIGNED_CONTEXT ( ( #3119 ) ) GLOBAL_UNIT_ASSIGNED_CONTEXT ( ( #6544, #6436, #121 ) ) REPRESENTATION_CONTEXT ( 'NONE', 'WORKASPACE' ) );
#1522 = DIRECTION ( 'NONE',  ( -1.000000000000000000, 0.000000000000000000, 1.355252715606883008E-16 ) ) ;
#1523 = SURFACE_SIDE_STYLE ('',( #1488 ) ) ;
#1524 = COLOUR_RGB ( '',0.7960784313725489669, 0.8235294117647058432, 0.9372549019607843146 ) ;
#1525 = ADVANCED_FACE ( 'NONE', ( #6723 ), #6830, .F. ) ;
#1526 = SURFACE_STYLE_FILL_AREA ( #4137 ) ;
#1527 = VERTEX_POINT ( 'NONE', #5215 ) ;
#1528 = DIRECTION ( 'NONE',  ( 0.000000000000000000, -0.000000000000000000, -1.000000000000000000 ) ) ;
#1529 = LINE ( 'NONE', #3688, #5678 ) ;
#1530 =( GEOMETRIC_REPRESENTATION_CONTEXT ( 3 ) GLOBAL_UNCERTAINTY_ASSIGNED_CONTEXT ( ( #6902 ) ) GLOBAL_UNIT_ASSIGNED_CONTEXT ( ( #1458, #1012, #5337 ) ) REPRESENTATION_CONTEXT ( 'NONE', 'WORKASPACE' ) );
#1531 = EDGE_CURVE ( 'NONE', #5082, #1460, #309, .T. ) ;
#1532 = EDGE_CURVE ( 'NONE', #4703, #1636, #1852, .T. ) ;
#1533 = ORIENTED_EDGE ( 'NONE', *, *, #433, .F. ) ;
#1534 = DIRECTION ( 'NONE',  ( 0.000000000000000000, 0.000000000000000000, 1.000000000000000000 ) ) ;
#1535 =( NAMED_UNIT ( * ) PLANE_ANGLE_UNIT ( ) SI_UNIT ( $, .RADIAN. ) );
#1536 = EDGE_CURVE ( 'NONE', #1572, #5682, #6225, .T. ) ;
#1537 = ORIENTED_EDGE ( 'NONE', *, *, #2264, .T. ) ;
#1538 = CARTESIAN_POINT ( 'NONE',  ( 1.900000000000001021, 0.05000000000000000971, 0.5499999999999990452 ) ) ;
#1539 = AXIS2_PLACEMENT_3D ( 'NONE', #6706, #4027, #1876 ) ;
#1540 = VERTEX_POINT ( 'NONE', #5627 ) ;
#1541 = SURFACE_SIDE_STYLE ('',( #4822 ) ) ;
#1542 =( NAMED_UNIT ( * ) PLANE_ANGLE_UNIT ( ) SI_UNIT ( $, .RADIAN. ) );
#1543 = SURFACE_STYLE_FILL_AREA ( #3639 ) ;
#1544 = DIRECTION ( 'NONE',  ( 0.9848077530122090195, -0.1736481776669255295, 0.000000000000000000 ) ) ;
#1545 = CARTESIAN_POINT ( 'NONE',  ( 1.075000000000001732, 0.7768699943250462203, -0.7000000000000012879 ) ) ;
#1546 = AXIS2_PLACEMENT_3D ( 'NONE', #3007, #2535, #5148 ) ;
#1547 = ORIENTED_EDGE ( 'NONE', *, *, #5370, .T. ) ;
#1548 = DIRECTION ( 'NONE',  ( -1.000000000000000000, 0.000000000000000000, 0.000000000000000000 ) ) ;
#1549 =( NAMED_UNIT ( * ) SI_UNIT ( $, .STERADIAN. ) SOLID_ANGLE_UNIT ( ) );
#1550 = UNCERTAINTY_MEASURE_WITH_UNIT (LENGTH_MEASURE( 1.000000000000000082E-05 ), #1639, 'distance_accuracy_value', 'NONE');
#1551 = MECHANICAL_DESIGN_GEOMETRIC_PRESENTATION_REPRESENTATION (  '', ( #80 ), #1442 ) ;
#1552 = CARTESIAN_POINT ( 'NONE',  ( -0.4999999999999982792, 2.639999999999999236, 0.04500000000000296124 ) ) ;
#1553 =( NAMED_UNIT ( * ) PLANE_ANGLE_UNIT ( ) SI_UNIT ( $, .RADIAN. ) );
#1554 =( GEOMETRIC_REPRESENTATION_CONTEXT ( 3 ) GLOBAL_UNCERTAINTY_ASSIGNED_CONTEXT ( ( #5435 ) ) GLOBAL_UNIT_ASSIGNED_CONTEXT ( ( #560, #3791, #4960 ) ) REPRESENTATION_CONTEXT ( 'NONE', 'WORKASPACE' ) );
#1555 = CARTESIAN_POINT ( 'NONE',  ( 1.300000000000001155, 2.239999999999990443, 0.04500000000000011630 ) ) ;
#1556 = VERTEX_POINT ( 'NONE', #2956 ) ;
#1557 = LINE ( 'NONE', #545, #5683 ) ;
#1558 = EDGE_CURVE ( 'NONE', #5018, #5360, #2419, .T. ) ;
#1559 = FACE_OUTER_BOUND ( 'NONE', #4551, .T. ) ;
#1560 = CARTESIAN_POINT ( 'NONE',  ( -3.500000000000000000, 1.000000000099999786, -1.000000000000001554 ) ) ;
#1561 = ORIENTED_EDGE ( 'NONE', *, *, #2713, .F. ) ;
#1562 = CARTESIAN_POINT ( 'NONE',  ( -0.4999999999999982792, 1.050000000000000044, 0.04500000000000296124 ) ) ;
#1563 = DIRECTION ( 'NONE',  ( -1.000000000000000000, 0.000000000000000000, -0.000000000000000000 ) ) ;
#1564 = PLANE ( 'NONE',  #2945 ) ;
#1565 = AXIS2_PLACEMENT_3D ( 'NONE', #1861, #317, #3425 ) ;
#1566 =( NAMED_UNIT ( * ) SI_UNIT ( $, .STERADIAN. ) SOLID_ANGLE_UNIT ( ) );
#1567 = CARTESIAN_POINT ( 'NONE',  ( 1.325000000000001954, 0.7768699943250462203, -0.8100000000000020517 ) ) ;
#1568 = ORIENTED_EDGE ( 'NONE', *, *, #1281, .F. ) ;
#1569 =( GEOMETRIC_REPRESENTATION_CONTEXT ( 3 ) GLOBAL_UNCERTAINTY_ASSIGNED_CONTEXT ( ( #4724 ) ) GLOBAL_UNIT_ASSIGNED_CONTEXT ( ( #2047, #1553, #6840 ) ) REPRESENTATION_CONTEXT ( 'NONE', 'WORKASPACE' ) );
#1570 = EDGE_LOOP ( 'NONE', ( #4455, #2519, #6614, #5528 ) ) ;
#1571 = PRESENTATION_LAYER_ASSIGNMENT (  '', '', ( #1919 ) ) ;
#1572 = VERTEX_POINT ( 'NONE', #1966 ) ;
#1573 = EDGE_CURVE ( 'NONE', #5286, #1720, #1893, .T. ) ;
#1574 = PLANE ( 'NONE',  #4896 ) ;
#1575 = DIRECTION ( 'NONE',  ( 1.000000000000000000, 0.000000000000000000, -0.000000000000000000 ) ) ;
#1576 = CARTESIAN_POINT ( 'NONE',  ( 3.200000000000001510, 2.639999999999999236, 0.2744692077166173139 ) ) ;
#1577 = ORIENTED_EDGE ( 'NONE', *, *, #3750, .T. ) ;
#1578 = AXIS2_PLACEMENT_3D ( 'NONE', #4875, #1663, #4782 ) ;
#1579 = DIRECTION ( 'NONE',  ( -1.000000000000000000, 0.000000000000000000, -0.000000000000000000 ) ) ;
#1580 = CARTESIAN_POINT ( 'NONE',  ( -2.699999999999999289, 0.4500000002000000277, 0.5500000000000018208 ) ) ;
#1581 = AXIS2_PLACEMENT_3D ( 'NONE', #6794, #2992, #2411 ) ;
#1582 = COLOUR_RGB ( '',0.7960784313725489669, 0.8235294117647058432, 0.9372549019607843146 ) ;
#1583 = LINE ( 'NONE', #6308, #4405 ) ;
#1584 = ADVANCED_FACE ( 'NONE', ( #4117 ), #3599, .F. ) ;
#1585 = CARTESIAN_POINT ( 'NONE',  ( 1.125000000000001332, 0.1999999999999999833, 0.7999999999999982681 ) ) ;
#1586 = EDGE_LOOP ( 'NONE', ( #171, #233, #6632, #4124, #3304 ) ) ;
#1587 = CARTESIAN_POINT ( 'NONE',  ( 5.600000000000001421, 2.639999999999999236, -0.3955307922833855572 ) ) ;
#1588 = CARTESIAN_POINT ( 'NONE',  ( 2.199999999940626783, 0.3499999999625000302, -1.000000000000001554 ) ) ;
#1589 = ORIENTED_EDGE ( 'NONE', *, *, #4972, .F. ) ;
#1590 = CARTESIAN_POINT ( 'NONE',  ( 4.000000000000003553, 1.050000000000000044, 0.1250000000000016376 ) ) ;
#1591 = FILL_AREA_STYLE_COLOUR ( '', #5897 ) ;
#1592 = EDGE_CURVE ( 'NONE', #1321, #3807, #4082, .T. ) ;
#1593 = VECTOR ( 'NONE', #2524, 1000.000000000000000 ) ;
#1594 = CARTESIAN_POINT ( 'NONE',  ( -2.199999999999998845, 1.000000000000000000, -0.9499999999999984013 ) ) ;
#1595 =( GEOMETRIC_REPRESENTATION_CONTEXT ( 3 ) GLOBAL_UNCERTAINTY_ASSIGNED_CONTEXT ( ( #1418 ) ) GLOBAL_UNIT_ASSIGNED_CONTEXT ( ( #2952, #2872, #3484 ) ) REPRESENTATION_CONTEXT ( 'NONE', 'WORKASPACE' ) );
#1596 = DIRECTION ( 'NONE',  ( 0.000000000000000000, 0.000000000000000000, -1.000000000000000000 ) ) ;
#1597 = ORIENTED_EDGE ( 'NONE', *, *, #4680, .T. ) ;
#1598 = VECTOR ( 'NONE', #4692, 1000.000000000000000 ) ;
#1599 = CARTESIAN_POINT ( 'NONE',  ( 1.100000000000002531, 2.639999999999999236, -0.8249999999999998446 ) ) ;
#1600 = PLANE ( 'NONE',  #6057 ) ;
#1601 = FILL_AREA_STYLE ('',( #6423 ) ) ;
#1602 = EDGE_CURVE ( 'NONE', #3129, #5036, #2997, .T. ) ;
#1603 = AXIS2_PLACEMENT_3D ( 'NONE', #754, #5572, #2894 ) ;
#1604 = ORIENTED_EDGE ( 'NONE', *, *, #4820, .T. ) ;
#1605 = DIRECTION ( 'NONE',  ( 1.000000000000000000, -0.000000000000000000, -0.000000000000000000 ) ) ;
#1606 = SURFACE_SIDE_STYLE ('',( #3662 ) ) ;
#1607 = CARTESIAN_POINT ( 'NONE',  ( -2.399999999999998579, 0.4000000000000000222, -0.9149999999999980371 ) ) ;
#1608 = ORIENTED_EDGE ( 'NONE', *, *, #1771, .F. ) ;
#1609 = PLANE ( 'NONE',  #5311 ) ;
#1610 = EDGE_CURVE ( 'NONE', #2085, #3634, #926, .T. ) ;
#1611 = ORIENTED_EDGE ( 'NONE', *, *, #228, .F. ) ;
#1612 = EDGE_CURVE ( 'NONE', #2529, #291, #4243, .T. ) ;
#1613 = FILL_AREA_STYLE ('',( #5457 ) ) ;
#1614 = CARTESIAN_POINT ( 'NONE',  ( 0.3250000000000016209, 0.05000000000000034278, 1.250000000000001110 ) ) ;
#1615 = PRESENTATION_STYLE_ASSIGNMENT (( #4294 ) ) ;
#1616 = DIRECTION ( 'NONE',  ( 1.000000000000000000, 0.000000000000000000, -0.000000000000000000 ) ) ;
#1617 = EDGE_LOOP ( 'NONE', ( #3680, #1626, #4049, #2950 ) ) ;
#1618 = SURFACE_STYLE_USAGE ( .BOTH. , #4297 ) ;
#1619 = UNCERTAINTY_MEASURE_WITH_UNIT (LENGTH_MEASURE( 1.000000000000000082E-05 ), #2141, 'distance_accuracy_value', 'NONE');
#1620 = ADVANCED_FACE ( 'NONE', ( #4711 ), #990, .F. ) ;
#1621 = LINE ( 'NONE', #5882, #4300 ) ;
#1622 = VECTOR ( 'NONE', #2589, 1000.000000000000000 ) ;
#1623 = VERTEX_POINT ( 'NONE', #2628 ) ;
#1624 = SURFACE_SIDE_STYLE ('',( #6444 ) ) ;
#1625 = DIRECTION ( 'NONE',  ( 0.1710878697460308795, 0.9702875252478155854, -0.1710878697460308795 ) ) ;
#1626 = ORIENTED_EDGE ( 'NONE', *, *, #1955, .T. ) ;
#1627 = FACE_OUTER_BOUND ( 'NONE', #1504, .T. ) ;
#1628 = PLANE ( 'NONE',  #2049 ) ;
#1629 = LINE ( 'NONE', #4874, #3990 ) ;
#1630 = CARTESIAN_POINT ( 'NONE',  ( 1.700000000000000622, 1.050000000000000044, 0.5499999999999988232 ) ) ;
#1631 = VECTOR ( 'NONE', #5049, 1000.000000000000000 ) ;
#1632 = ORIENTED_EDGE ( 'NONE', *, *, #3183, .F. ) ;
#1633 = CIRCLE ( 'NONE', #1301, 0.04999999999999991257 ) ;
#1634 = CARTESIAN_POINT ( 'NONE',  ( -0.4999999999999982792, 2.239999999999990443, 0.04500000000000296124 ) ) ;
#1635 = FILL_AREA_STYLE ('',( #4371 ) ) ;
#1636 = VERTEX_POINT ( 'NONE', #3140 ) ;
#1637 = VECTOR ( 'NONE', #5191, 1000.000000000000000 ) ;
#1638 = CARTESIAN_POINT ( 'NONE',  ( 0.3705307922833883105, 2.639999999999999236, -0.7544692077166114119 ) ) ;
#1639 =( LENGTH_UNIT ( ) NAMED_UNIT ( * ) SI_UNIT ( .MILLI., .METRE. ) );
#1640 = CARTESIAN_POINT ( 'NONE',  ( -0.4749999999999984235, 0.05000000000000000278, 1.200000000000001288 ) ) ;
#1641 = PLANE ( 'NONE',  #4705 ) ;
#1642 = CARTESIAN_POINT ( 'NONE',  ( -2.399999999999998579, 1.000000000000000000, -0.9499999999843734555 ) ) ;
#1643 = ORIENTED_EDGE ( 'NONE', *, *, #2088, .F. ) ;
#1644 = CARTESIAN_POINT ( 'NONE',  ( 1.699999998900000309, 1.050000000000000044, -0.7000000000000012879 ) ) ;
#1645 = VECTOR ( 'NONE', #114, 1000.000000000000227 ) ;
#1646 = ORIENTED_EDGE ( 'NONE', *, *, #380, .T. ) ;
#1647 = AXIS2_PLACEMENT_3D ( 'NONE', #4181, #5250, #4812 ) ;
#1648 = ADVANCED_FACE ( 'NONE', ( #5284 ), #6358, .F. ) ;
#1649 = ORIENTED_EDGE ( 'NONE', *, *, #1703, .F. ) ;
#1650 = LINE ( 'NONE', #3891, #3332 ) ;
#1651 = CARTESIAN_POINT ( 'NONE',  ( 2.400000000000000799, 1.355252715606880543E-17, -0.1164279503904903784 ) ) ;
#1652 = CARTESIAN_POINT ( 'NONE',  ( -0.2749999999999961919, 0.7768699943250462203, -0.8099999999999991651 ) ) ;
#1653 = FACE_OUTER_BOUND ( 'NONE', #6915, .T. ) ;
#1654 = ORIENTED_EDGE ( 'NONE', *, *, #2675, .T. ) ;
#1655 = VECTOR ( 'NONE', #6845, 1000.000000000000000 ) ;
#1656 = CARTESIAN_POINT ( 'NONE',  ( -2.199999999999998845, 0.1199999999999999956, -0.9499999999999984013 ) ) ;
#1657 = LINE ( 'NONE', #3804, #5568 ) ;
#1658 = ORIENTED_EDGE ( 'NONE', *, *, #4657, .F. ) ;
#1659 = PRESENTATION_STYLE_ASSIGNMENT (( #3744 ) ) ;
#1660 = LINE ( 'NONE', #6552, #6948 ) ;
#1661 = ORIENTED_EDGE ( 'NONE', *, *, #1744, .F. ) ;
#1662 = DIRECTION ( 'NONE',  ( 0.000000000000000000, -0.000000000000000000, -1.000000000000000000 ) ) ;
#1663 = DIRECTION ( 'NONE',  ( 0.000000000000000000, 0.000000000000000000, -1.000000000000000000 ) ) ;
#1664 = VECTOR ( 'NONE', #2889, 1000.000000000000000 ) ;
#1665 = DIRECTION ( 'NONE',  ( 0.000000000000000000, -0.000000000000000000, -1.000000000000000000 ) ) ;
#1666 = VECTOR ( 'NONE', #6539, 1000.000000000000000 ) ;
#1667 = ORIENTED_EDGE ( 'NONE', *, *, #4356, .T. ) ;
#1668 = EDGE_CURVE ( 'NONE', #2004, #2224, #956, .T. ) ;
#1669 = PLANE ( 'NONE',  #1498 ) ;
#1670 = ORIENTED_EDGE ( 'NONE', *, *, #357, .F. ) ;
#1671 = SURFACE_SIDE_STYLE ('',( #4312 ) ) ;
#1672 = PRESENTATION_LAYER_ASSIGNMENT (  '', '', ( #4709 ) ) ;
#1673 = CARTESIAN_POINT ( 'NONE',  ( 1.700000000000000622, 1.050000000000000044, 0.5499999999999988232 ) ) ;
#1674 = LINE ( 'NONE', #4379, #1666 ) ;
#1675 = EDGE_CURVE ( 'NONE', #4219, #5184, #4283, .T. ) ;
#1676 = CARTESIAN_POINT ( 'NONE',  ( -0.3705307922833825374, 2.639999999999999236, 0.1250000000000016376 ) ) ;
#1677 = CARTESIAN_POINT ( 'NONE',  ( -0.3705307922833817047, 2.639999999999999236, 0.1250000000000016376 ) ) ;
#1678 = ADVANCED_FACE ( 'NONE', ( #5316 ), #418, .F. ) ;
#1679 = ORIENTED_EDGE ( 'NONE', *, *, #1856, .F. ) ;
#1680 = VERTEX_POINT ( 'NONE', #3409 ) ;
#1681 = COLOUR_RGB ( '',0.7960784313725489669, 0.8235294117647058432, 0.9372549019607843146 ) ;
#1682 = VECTOR ( 'NONE', #4037, 1000.000000000000000 ) ;
#1683 = ADVANCED_FACE ( 'NONE', ( #4419 ), #2265, .F. ) ;
#1684 = LINE ( 'NONE', #5970, #4172 ) ;
#1685 = DIRECTION ( 'NONE',  ( 0.000000000000000000, 0.7071067811865355823, -0.7071067811865594521 ) ) ;
#1686 = EDGE_LOOP ( 'NONE', ( #2188, #1177, #3862, #27 ) ) ;
#1687 = ADVANCED_FACE ( 'NONE', ( #1773 ), #6601, .F. ) ;
#1688 = AXIS2_PLACEMENT_3D ( 'NONE', #1037, #4267, #2048 ) ;
#1689 = DIRECTION ( 'NONE',  ( -0.9848077530122089085, -0.1736481776669258625, -0.000000000000000000 ) ) ;
#1690 = ORIENTED_EDGE ( 'NONE', *, *, #2310, .T. ) ;
#1691 = DIRECTION ( 'NONE',  ( -0.7071067811865474617, -0.7071067811865474617, -0.000000000000000000 ) ) ;
#1692 = ORIENTED_EDGE ( 'NONE', *, *, #4629, .T. ) ;
#1693 = PLANE ( 'NONE',  #3110 ) ;
#1694 = ORIENTED_EDGE ( 'NONE', *, *, #3492, .F. ) ;
#1695 = ADVANCED_FACE ( 'NONE', ( #148 ), #5025, .F. ) ;
#1696 = CARTESIAN_POINT ( 'NONE',  ( 4.800000000000004263, 2.639999999999999236, 0.2744692077166173139 ) ) ;
#1697 = DIRECTION ( 'NONE',  ( 1.000000000000000000, 0.000000000000000000, -0.000000000000000000 ) ) ;
#1698 = LINE ( 'NONE', #6136, #3358 ) ;
#1699 = EDGE_LOOP ( 'NONE', ( #1568, #4035, #4809, #5146 ) ) ;
#1700 = VECTOR ( 'NONE', #2132, 1000.000000000000114 ) ;
#1701 = DIRECTION ( 'NONE',  ( -1.000000000000000000, 0.000000000000000000, 0.000000000000000000 ) ) ;
#1702 = PRESENTATION_LAYER_ASSIGNMENT (  '', '', ( #4747 ) ) ;
#1703 = EDGE_CURVE ( 'NONE', #807, #4576, #3370, .T. ) ;
#1704 = FACE_OUTER_BOUND ( 'NONE', #3763, .T. ) ;
#1705 = LINE ( 'NONE', #4961, #2877 ) ;
#1706 = DIRECTION ( 'NONE',  ( 0.000000000000000000, -1.204669080539449344E-16, 1.000000000000000000 ) ) ;
#1707 = VERTEX_POINT ( 'NONE', #2869 ) ;
#1708 = ORIENTED_EDGE ( 'NONE', *, *, #5824, .T. ) ;
#1709 = DIRECTION ( 'NONE',  ( -0.000000000000000000, 1.000000000000000000, -0.000000000000000000 ) ) ;
#1710 = AXIS2_PLACEMENT_3D ( 'NONE', #6951, #1596, #71 ) ;
#1711 = ORIENTED_EDGE ( 'NONE', *, *, #6950, .F. ) ;
#1712 = DIRECTION ( 'NONE',  ( 0.000000000000000000, 1.000000000000000000, -0.000000000000000000 ) ) ;
#1713 = EDGE_CURVE ( 'NONE', #5415, #4028, #49, .T. ) ;
#1714 = ORIENTED_EDGE ( 'NONE', *, *, #2088, .T. ) ;
#1715 = DIRECTION ( 'NONE',  ( -0.000000000000000000, -0.5150380749100552658, -0.8571673007021116675 ) ) ;
#1716 = CARTESIAN_POINT ( 'NONE',  ( -0.4999999999999973910, 2.239999999999989555, -0.3249999999999970690 ) ) ;
#1717 = ORIENTED_EDGE ( 'NONE', *, *, #5500, .F. ) ;
#1718 = CARTESIAN_POINT ( 'NONE',  ( 1.849999998700003090, 0.05000000000000000971, 0.4999999987000009471 ) ) ;
#1719 = EDGE_CURVE ( 'NONE', #6559, #4102, #1705, .T. ) ;
#1720 = VERTEX_POINT ( 'NONE', #6071 ) ;
#1721 = DIRECTION ( 'NONE',  ( 0.000000000000000000, -1.000000000000000000, 0.000000000000000000 ) ) ;
#1722 = CARTESIAN_POINT ( 'NONE',  ( 1.700000000912501585, 1.050000000000000044, 0.5499999999999988232 ) ) ;
#1723 = EDGE_LOOP ( 'NONE', ( #3985, #1950, #800, #2217 ) ) ;
#1724 = CARTESIAN_POINT ( 'NONE',  ( 0.3250000000000016209, -3.675261601645777964E-18, 1.200000000000000844 ) ) ;
#1725 = FACE_OUTER_BOUND ( 'NONE', #3663, .T. ) ;
#1726 = ORIENTED_EDGE ( 'NONE', *, *, #5281, .T. ) ;
#1727 = MECHANICAL_DESIGN_GEOMETRIC_PRESENTATION_REPRESENTATION (  '', ( #6567 ), #2857 ) ;
#1728 = EDGE_CURVE ( 'NONE', #6617, #4036, #5485, .T. ) ;
#1729 =( NAMED_UNIT ( * ) SI_UNIT ( $, .STERADIAN. ) SOLID_ANGLE_UNIT ( ) );
#1730 = FACE_OUTER_BOUND ( 'NONE', #2518, .T. ) ;
#1731 = ORIENTED_EDGE ( 'NONE', *, *, #31, .F. ) ;
#1732 = CARTESIAN_POINT ( 'NONE',  ( -1.699999999999998401, 2.750000000000000000, 0.1000000000000016154 ) ) ;
#1733 = LINE ( 'NONE', #6496, #4893 ) ;
#1734 = VECTOR ( 'NONE', #6815, 1000.000000000000000 ) ;
#1735 = ADVANCED_FACE ( 'NONE', ( #629 ), #5517, .F. ) ;
#1736 = VECTOR ( 'NONE', #3533, 1000.000000000000000 ) ;
#1737 = VECTOR ( 'NONE', #5820, 1000.000000000000000 ) ;
#1738 = DIRECTION ( 'NONE',  ( -0.000000000000000000, -1.000000000000000000, -0.000000000000000000 ) ) ;
#1739 = LINE ( 'NONE', #1227, #1258 ) ;
#1740 = ORIENTED_EDGE ( 'NONE', *, *, #5800, .F. ) ;
#1741 = VECTOR ( 'NONE', #3418, 1000.000000000000000 ) ;
#1742 = ADVANCED_FACE ( 'NONE', ( #2836 ), #5931, .F. ) ;
#1743 = EDGE_CURVE ( 'NONE', #6765, #6930, #2763, .T. ) ;
#1744 = EDGE_CURVE ( 'NONE', #5937, #6389, #3792, .T. ) ;
#1745 = LINE ( 'NONE', #4456, #1741 ) ;
#1746 = DIRECTION ( 'NONE',  ( 0.7071067811865474617, 0.7071067811865474617, -0.000000000000000000 ) ) ;
#1747 = VECTOR ( 'NONE', #6348, 1000.000000000000000 ) ;
#1748 = SURFACE_SIDE_STYLE ('',( #670 ) ) ;
#1749 = EDGE_LOOP ( 'NONE', ( #1604, #3422, #1561, #2240 ) ) ;
#1750 = CARTESIAN_POINT ( 'NONE',  ( -1.196273787504373631, 2.785995780779311648, -0.7287262124956209730 ) ) ;
#1751 = CARTESIAN_POINT ( 'NONE',  ( -0.4037262124956214615, 2.785995780779311648, -0.7287262124956209730 ) ) ;
#1752 = ORIENTED_EDGE ( 'NONE', *, *, #4380, .F. ) ;
#1753 = PLANE ( 'NONE',  #2994 ) ;
#1754 = STYLED_ITEM ( 'NONE', ( #2472 ), #2611 ) ;
#1755 = EDGE_CURVE ( 'NONE', #2850, #6252, #3275, .T. ) ;
#1756 = CARTESIAN_POINT ( 'NONE',  ( -1.099999999999997646, 1.050000000000000044, -0.3249999999999970690 ) ) ;
#1757 = CARTESIAN_POINT ( 'NONE',  ( 1.810000000000001386, 2.750000000000000000, -0.5000000000000013323 ) ) ;
#1758 = ORIENTED_EDGE ( 'NONE', *, *, #6620, .F. ) ;
#1759 = DIRECTION ( 'NONE',  ( 0.000000000000000000, -0.000000000000000000, -1.000000000000000000 ) ) ;
#1760 = CARTESIAN_POINT ( 'NONE',  ( 2.200000000000001066, 0.3063250300240242252, -0.8500000000000013101 ) ) ;
#1761 = DIRECTION ( 'NONE',  ( -1.000000000000000000, 0.000000000000000000, 0.000000000000000000 ) ) ;
#1762 = ORIENTED_EDGE ( 'NONE', *, *, #2129, .T. ) ;
#1763 = FACE_OUTER_BOUND ( 'NONE', #2656, .T. ) ;
#1764 = PRESENTATION_STYLE_ASSIGNMENT (( #2290 ) ) ;
#1765 = DIRECTION ( 'NONE',  ( 0.000000000000000000, 0.000000000000000000, -1.000000000000000000 ) ) ;
#1766 = VERTEX_POINT ( 'NONE', #5206 ) ;
#1767 = CARTESIAN_POINT ( 'NONE',  ( -1.274999999999998357, 0.000000000000000000, 1.200000000000000844 ) ) ;
#1768 = SHAPE_DEFINITION_REPRESENTATION ( #2943, #3212 ) ;
#1769 = VECTOR ( 'NONE', #1691, 1000.000000000000114 ) ;
#1770 = LINE ( 'NONE', #6627, #6238 ) ;
#1771 = EDGE_CURVE ( 'NONE', #4008, #4140, #258, .T. ) ;
#1772 = SURFACE_SIDE_STYLE ('',( #1805 ) ) ;
#1773 = FACE_OUTER_BOUND ( 'NONE', #6155, .T. ) ;
#1774 = ORIENTED_EDGE ( 'NONE', *, *, #2847, .F. ) ;
#1775 = COLOUR_RGB ( '',0.7960784313725489669, 0.8235294117647058432, 0.9372549019607843146 ) ;
#1776 = LINE ( 'NONE', #2412, #2633 ) ;
#1777 = ORIENTED_EDGE ( 'NONE', *, *, #6005, .F. ) ;
#1778 = FILL_AREA_STYLE_COLOUR ( '', #1224 ) ;
#1779 = DIRECTION ( 'NONE',  ( -0.000000000000000000, -1.000000000000000000, -0.000000000000000000 ) ) ;
#1780 = ORIENTED_EDGE ( 'NONE', *, *, #104, .T. ) ;
#1781 = MECHANICAL_DESIGN_GEOMETRIC_PRESENTATION_REPRESENTATION (  '', ( #5421 ), #4490 ) ;
#1782 = EDGE_CURVE ( 'NONE', #4837, #3976, #2985, .T. ) ;
#1783 = VECTOR ( 'NONE', #1342, 1000.000000000000000 ) ;
#1784 = EDGE_LOOP ( 'NONE', ( #2464, #1316, #4853, #6097 ) ) ;
#1785 = DIRECTION ( 'NONE',  ( -1.000000000000000000, -0.000000000000000000, -0.000000000000000000 ) ) ;
#1786 = ORIENTED_EDGE ( 'NONE', *, *, #2510, .T. ) ;
#1787 = LINE ( 'NONE', #4504, #673 ) ;
#1788 = DIRECTION ( 'NONE',  ( 0.000000000000000000, 0.000000000000000000, -1.000000000000000000 ) ) ;
#1789 = COLOUR_RGB ( '',0.7960784313725489669, 0.8235294117647058432, 0.9372549019607843146 ) ;
#1790 = ORIENTED_EDGE ( 'NONE', *, *, #5930, .F. ) ;
#1791 =( NAMED_UNIT ( * ) PLANE_ANGLE_UNIT ( ) SI_UNIT ( $, .RADIAN. ) );
#1792 = ADVANCED_FACE ( 'NONE', ( #1957 ), #847, .F. ) ;
#1793 = CARTESIAN_POINT ( 'NONE',  ( -1.274999999999998357, 0.1000000006499978250, 0.5499999993499998796 ) ) ;
#1794 = VECTOR ( 'NONE', #5135, 1000.000000000000000 ) ;
#1795 = FACE_OUTER_BOUND ( 'NONE', #5020, .T. ) ;
#1796 = LINE ( 'NONE', #1319, #2026 ) ;
#1797 = LINE ( 'NONE', #2362, #4818 ) ;
#1798 = VERTEX_POINT ( 'NONE', #6177 ) ;
#1799 = ADVANCED_FACE ( 'NONE', ( #3516 ), #4523, .F. ) ;
#1800 = CARTESIAN_POINT ( 'NONE',  ( -0.3249999999999967359, 0.05000000000000031503, 1.250000000000001110 ) ) ;
#1801 = CARTESIAN_POINT ( 'NONE',  ( 0.000000000000000000, 0.000000000000000000, 0.000000000000000000 ) ) ;
#1802 = DIRECTION ( 'NONE',  ( 1.355252715606883008E-16, -0.000000000000000000, 1.000000000000000000 ) ) ;
#1803 =( GEOMETRIC_REPRESENTATION_CONTEXT ( 3 ) GLOBAL_UNCERTAINTY_ASSIGNED_CONTEXT ( ( #429 ) ) GLOBAL_UNIT_ASSIGNED_CONTEXT ( ( #6474, #5287, #2496 ) ) REPRESENTATION_CONTEXT ( 'NONE', 'WORKASPACE' ) );
#1804 = VECTOR ( 'NONE', #6309, 1000.000000000000000 ) ;
#1805 = SURFACE_STYLE_FILL_AREA ( #3369 ) ;
#1806 =( NAMED_UNIT ( * ) PLANE_ANGLE_UNIT ( ) SI_UNIT ( $, .RADIAN. ) );
#1807 = VERTEX_POINT ( 'NONE', #4070 ) ;
#1808 = EDGE_LOOP ( 'NONE', ( #277, #920, #493, #5348 ) ) ;
#1809 = EDGE_CURVE ( 'NONE', #116, #6941, #6217, .T. ) ;
#1810 = DIRECTION ( 'NONE',  ( -0.000000000000000000, 0.7071067811865474617, -0.7071067811865474617 ) ) ;
#1811 = PLANE ( 'NONE',  #14 ) ;
#1812 = SURFACE_SIDE_STYLE ('',( #3449 ) ) ;
#1813 = DIRECTION ( 'NONE',  ( 0.000000000000000000, 0.000000000000000000, 1.000000000000000000 ) ) ;
#1814 = FILL_AREA_STYLE ('',( #6639 ) ) ;
#1815 = SURFACE_SIDE_STYLE ('',( #2912 ) ) ;
#1816 = AXIS2_PLACEMENT_3D ( 'NONE', #1046, #6289, #3200 ) ;
#1817 = VERTEX_POINT ( 'NONE', #2445 ) ;
#1818 = DIRECTION ( 'NONE',  ( 1.000000000000000000, 0.000000000000000000, 0.000000000000000000 ) ) ;
#1819 = STYLED_ITEM ( 'NONE', ( #288 ), #5668 ) ;
#1820 = CARTESIAN_POINT ( 'NONE',  ( 8.100000000000003197, 1.050000000000000044, -0.6999999999999985123 ) ) ;
#1821 = EDGE_CURVE ( 'NONE', #3858, #6196, #1397, .T. ) ;
#1822 = EDGE_CURVE ( 'NONE', #4524, #2434, #3550, .T. ) ;
#1823 = PRODUCT_DEFINITION_CONTEXT ( 'detailed design', #644, 'design' ) ;
#1824 = FACE_OUTER_BOUND ( 'NONE', #4085, .T. ) ;
#1825 = ORIENTED_EDGE ( 'NONE', *, *, #6808, .F. ) ;
#1826 = FILL_AREA_STYLE_COLOUR ( '', #5384 ) ;
#1827 = ORIENTED_EDGE ( 'NONE', *, *, #681, .T. ) ;
#1828 = LINE ( 'NONE', #242, #6817 ) ;
#1829 = FACE_OUTER_BOUND ( 'NONE', #2668, .T. ) ;
#1830 = ADVANCED_FACE ( 'NONE', ( #5170 ), #805, .F. ) ;
#1831 = ORIENTED_EDGE ( 'NONE', *, *, #5571, .T. ) ;
#1832 = DIRECTION ( 'NONE',  ( -1.000000000000000000, -0.000000000000000000, -0.000000000000000000 ) ) ;
#1833 = DIRECTION ( 'NONE',  ( -1.000000000000000000, 0.000000000000000000, 0.000000000000000000 ) ) ;
#1834 = DIRECTION ( 'NONE',  ( 0.000000000000000000, 0.7071067811865355823, -0.7071067811865594521 ) ) ;
#1835 = ORIENTED_EDGE ( 'NONE', *, *, #2064, .F. ) ;
#1836 = CARTESIAN_POINT ( 'NONE',  ( -2.399999999999998579, 0.3063250300240242252, -0.9499999999999986233 ) ) ;
#1837 = ORIENTED_EDGE ( 'NONE', *, *, #6257, .T. ) ;
#1838 = FACE_OUTER_BOUND ( 'NONE', #4887, .T. ) ;
#1839 = LINE ( 'NONE', #3989, #2192 ) ;
#1840 = AXIS2_PLACEMENT_3D ( 'NONE', #185, #3923, #1331 ) ;
#1841 = DIRECTION ( 'NONE',  ( -1.000000000000000000, 0.000000000000000000, 0.000000000000000000 ) ) ;
#1842 = CARTESIAN_POINT ( 'NONE',  ( -2.399999999999998579, 0.1000000012999997384, 0.05000000000812666184 ) ) ;
#1843 = ORIENTED_EDGE ( 'NONE', *, *, #691, .F. ) ;
#1844 = EDGE_LOOP ( 'NONE', ( #150, #4834, #3079, #5583 ) ) ;
#1845 =( GEOMETRIC_REPRESENTATION_CONTEXT ( 3 ) GLOBAL_UNCERTAINTY_ASSIGNED_CONTEXT ( ( #4158 ) ) GLOBAL_UNIT_ASSIGNED_CONTEXT ( ( #4404, #716, #168 ) ) REPRESENTATION_CONTEXT ( 'NONE', 'WORKASPACE' ) );
#1846 = SURFACE_SIDE_STYLE ('',( #6676 ) ) ;
#1847 = PLANE ( 'NONE',  #3072 ) ;
#1848 = FACE_OUTER_BOUND ( 'NONE', #52, .T. ) ;
#1849 = CARTESIAN_POINT ( 'NONE',  ( -0.2999999999999968803, 2.239999999999990443, 0.04500000000000294043 ) ) ;
#1850 = PRESENTATION_LAYER_ASSIGNMENT (  '', '', ( #4330 ) ) ;
#1851 = VERTEX_POINT ( 'NONE', #3624 ) ;
#1852 = LINE ( 'NONE', #4002, #6148 ) ;
#1853 = ORIENTED_EDGE ( 'NONE', *, *, #2804, .F. ) ;
#1854 =( GEOMETRIC_REPRESENTATION_CONTEXT ( 3 ) GLOBAL_UNCERTAINTY_ASSIGNED_CONTEXT ( ( #1065 ) ) GLOBAL_UNIT_ASSIGNED_CONTEXT ( ( #4540, #135, #3841 ) ) REPRESENTATION_CONTEXT ( 'NONE', 'WORKASPACE' ) );
#1855 =( LENGTH_UNIT ( ) NAMED_UNIT ( * ) SI_UNIT ( .MILLI., .METRE. ) );
#1856 = EDGE_CURVE ( 'NONE', #6502, #6139, #3131, .T. ) ;
#1857 = ORIENTED_EDGE ( 'NONE', *, *, #6523, .F. ) ;
#1858 = ORIENTED_EDGE ( 'NONE', *, *, #674, .T. ) ;
#1859 = PLANE ( 'NONE',  #270 ) ;
#1860 = ORIENTED_EDGE ( 'NONE', *, *, #2778, .T. ) ;
#1861 = CARTESIAN_POINT ( 'NONE',  ( 1.125000000000001332, 0.04999999999999996808, 1.199999999999998401 ) ) ;
#1862 = SURFACE_STYLE_FILL_AREA ( #6693 ) ;
#1863 = ORIENTED_EDGE ( 'NONE', *, *, #6698, .T. ) ;
#1864 = CARTESIAN_POINT ( 'NONE',  ( 1.075000000000001732, 2.639999999999999236, -0.7000000000000012879 ) ) ;
#1865 = CARTESIAN_POINT ( 'NONE',  ( 3.200000000000001510, 2.639999999999999236, -0.3955307922833827261 ) ) ;
#1866 = STYLED_ITEM ( 'NONE', ( #4592 ), #1799 ) ;
#1867 = SURFACE_STYLE_USAGE ( .BOTH. , #5534 ) ;
#1868 = AXIS2_PLACEMENT_3D ( 'NONE', #593, #1156, #5861 ) ;
#1869 = ORIENTED_EDGE ( 'NONE', *, *, #5643, .T. ) ;
#1870 = CARTESIAN_POINT ( 'NONE',  ( -1.299999999999998268, 1.050000000000000044, 0.04500000000000296124 ) ) ;
#1871 = CARTESIAN_POINT ( 'NONE',  ( 2.400000000000000799, 1.000000000000000000, -0.9499999999843763421 ) ) ;
#1872 = CARTESIAN_POINT ( 'NONE',  ( 2.199999999606250700, 0.05000000000000000971, -1.000000000000001554 ) ) ;
#1873 = DIRECTION ( 'NONE',  ( 0.000000000000000000, -7.572940222879532405E-11, 1.000000000000000000 ) ) ;
#1874 = DIRECTION ( 'NONE',  ( 0.000000000000000000, -1.000000000000000000, 0.000000000000000000 ) ) ;
#1875 = ORIENTED_EDGE ( 'NONE', *, *, #5824, .F. ) ;
#1876 = DIRECTION ( 'NONE',  ( 0.000000000000000000, -0.5735764363510474917, 0.8191520442889909104 ) ) ;
#1877 = ORIENTED_EDGE ( 'NONE', *, *, #2593, .T. ) ;
#1878 = AXIS2_PLACEMENT_3D ( 'NONE', #2293, #1357, #254 ) ;
#1879 = DIRECTION ( 'NONE',  ( -1.000000000000000000, 0.000000000000000000, 0.000000000000000000 ) ) ;
#1880 = ADVANCED_FACE ( 'NONE', ( #3232 ), #5759, .F. ) ;
#1881 = DIRECTION ( 'NONE',  ( 0.000000000000000000, 1.000000000000000000, 0.000000000000000000 ) ) ;
#1882 = EDGE_LOOP ( 'NONE', ( #6179, #6642, #4534, #797 ) ) ;
#1883 = VERTEX_POINT ( 'NONE', #4768 ) ;
#1884 = CARTESIAN_POINT ( 'NONE',  ( -1.700000000599999339, 2.639999999999999236, -0.6999999999999985123 ) ) ;
#1885 = DIRECTION ( 'NONE',  ( -1.000000000000000000, -0.000000000000000000, -0.000000000000000000 ) ) ;
#1886 = PRESENTATION_STYLE_ASSIGNMENT (( #5588 ) ) ;
#1887 = CARTESIAN_POINT ( 'NONE',  ( 2.700000000000001510, 0.9999999999250001048, -0.2500000000000012212 ) ) ;
#1888 = AXIS2_PLACEMENT_3D ( 'NONE', #1982, #3019, #328 ) ;
#1889 = EDGE_LOOP ( 'NONE', ( #108, #3380, #6553, #4561 ) ) ;
#1890 = EDGE_CURVE ( 'NONE', #3265, #1817, #515, .T. ) ;
#1891 = PRESENTATION_LAYER_ASSIGNMENT (  '', '', ( #1004 ) ) ;
#1892 = DIRECTION ( 'NONE',  ( -1.000000000000000000, 0.000000000000000000, 0.000000000000000000 ) ) ;
#1893 = LINE ( 'NONE', #1931, #4007 ) ;
#1894 = ORIENTED_EDGE ( 'NONE', *, *, #2780, .F. ) ;
#1895 = EDGE_CURVE ( 'NONE', #1466, #2562, #4668, .T. ) ;
#1896 = FILL_AREA_STYLE_COLOUR ( '', #4496 ) ;
#1897 = VERTEX_POINT ( 'NONE', #1492 ) ;
#1898 = EDGE_LOOP ( 'NONE', ( #5430, #3626, #3601, #814 ) ) ;
#1899 = ORIENTED_EDGE ( 'NONE', *, *, #3782, .F. ) ;
#1900 = LINE ( 'NONE', #6088, #2694 ) ;
#1901 = DIRECTION ( 'NONE',  ( 0.1710878697460311570, -0.9702875252478154744, 0.1710878697460311570 ) ) ;
#1902 = ORIENTED_EDGE ( 'NONE', *, *, #6292, .F. ) ;
#1903 = EDGE_CURVE ( 'NONE', #2177, #2501, #6820, .T. ) ;
#1904 = DIRECTION ( 'NONE',  ( -0.000000000000000000, -0.7071067811865474617, 0.7071067811865474617 ) ) ;
#1905 = LINE ( 'NONE', #6198, #1512 ) ;
#1906 = VECTOR ( 'NONE', #712, 1000.000000000000227 ) ;
#1907 = UNCERTAINTY_MEASURE_WITH_UNIT (LENGTH_MEASURE( 1.000000000000000082E-05 ), #82, 'distance_accuracy_value', 'NONE');
#1908 = ORIENTED_EDGE ( 'NONE', *, *, #2780, .T. ) ;
#1909 = SURFACE_SIDE_STYLE ('',( #6202 ) ) ;
#1910 = DIRECTION ( 'NONE',  ( 0.000000000000000000, 0.000000000000000000, 1.000000000000000000 ) ) ;
#1911 = STYLED_ITEM ( 'NONE', ( #2241 ), #2499 ) ;
#1912 =( LENGTH_UNIT ( ) NAMED_UNIT ( * ) SI_UNIT ( .MILLI., .METRE. ) );
#1913 = CARTESIAN_POINT ( 'NONE',  ( 2.400000000000000799, 1.000000000000000000, -0.9499999999843763421 ) ) ;
#1914 = VERTEX_POINT ( 'NONE', #3752 ) ;
#1915 = CARTESIAN_POINT ( 'NONE',  ( -1.699999999999998401, 2.750000000000000000, -0.4999999999999985012 ) ) ;
#1916 = ORIENTED_EDGE ( 'NONE', *, *, #5558, .F. ) ;
#1917 = CARTESIAN_POINT ( 'NONE',  ( 2.400000000000000799, 0.6936749699759758858, -0.8500000000000013101 ) ) ;
#1918 = CARTESIAN_POINT ( 'NONE',  ( 0.5250000000000021316, 0.7768699943250462203, -0.8099999999999991651 ) ) ;
#1919 = STYLED_ITEM ( 'NONE', ( #6925 ), #625 ) ;
#1920 = EDGE_CURVE ( 'NONE', #5093, #4382, #6952, .T. ) ;
#1921 = DIRECTION ( 'NONE',  ( -0.000000000000000000, -1.000000000000000000, -0.000000000000000000 ) ) ;
#1922 = SURFACE_STYLE_FILL_AREA ( #2370 ) ;
#1923 = ORIENTED_EDGE ( 'NONE', *, *, #6280, .T. ) ;
#1924 = ORIENTED_EDGE ( 'NONE', *, *, #6306, .F. ) ;
#1925 = AXIS2_PLACEMENT_3D ( 'NONE', #5613, #77, #2830 ) ;
#1926 = LINE ( 'NONE', #4143, #204 ) ;
#1927 = SURFACE_SIDE_STYLE ('',( #854 ) ) ;
#1928 = AXIS2_PLACEMENT_3D ( 'NONE', #6928, #5735, #928 ) ;
#1929 = EDGE_CURVE ( 'NONE', #4352, #1798, #1990, .T. ) ;
#1930 = DIRECTION ( 'NONE',  ( 0.000000000000000000, 0.000000000000000000, -1.000000000000000000 ) ) ;
#1931 = CARTESIAN_POINT ( 'NONE',  ( -0.2999999999999968803, 2.239999999999990443, 0.04500000000000294043 ) ) ;
#1932 = VERTEX_POINT ( 'NONE', #4804 ) ;
#1933 = CARTESIAN_POINT ( 'NONE',  ( -2.399999999999998579, 1.355252715606880543E-17, -0.1164279503904875612 ) ) ;
#1934 = MECHANICAL_DESIGN_GEOMETRIC_PRESENTATION_REPRESENTATION (  '', ( #479 ), #1595 ) ;
#1935 = EDGE_CURVE ( 'NONE', #6129, #5726, #2123, .T. ) ;
#1936 = DIRECTION ( 'NONE',  ( -0.000000000000000000, 0.7071067811865595631, 0.7071067811865355823 ) ) ;
#1937 = ORIENTED_EDGE ( 'NONE', *, *, #3211, .F. ) ;
#1938 = AXIS2_PLACEMENT_3D ( 'NONE', #969, #4793, #6872 ) ;
#1939 = CARTESIAN_POINT ( 'NONE',  ( 0.5000000000000039968, 2.239999999999989555, -0.3249999999999970690 ) ) ;
#1940 = CARTESIAN_POINT ( 'NONE',  ( -1.074999999999997735, 2.750000000000000000, -0.8099999999999991651 ) ) ;
#1941 = ORIENTED_EDGE ( 'NONE', *, *, #4408, .F. ) ;
#1942 = DIRECTION ( 'NONE',  ( 1.000000000000000000, -0.000000000000000000, -0.000000000000000000 ) ) ;
#1943 = VECTOR ( 'NONE', #139, 1000.000000000000000 ) ;
#1944 = EDGE_CURVE ( 'NONE', #6196, #1323, #408, .T. ) ;
#1945 = ORIENTED_EDGE ( 'NONE', *, *, #3421, .F. ) ;
#1946 = DIRECTION ( 'NONE',  ( -0.000000000000000000, 0.000000000000000000, -1.000000000000000000 ) ) ;
#1947 = LINE ( 'NONE', #4097, #6212 ) ;
#1948 = CARTESIAN_POINT ( 'NONE',  ( -2.399999999999998579, 0.7936749699759757526, -0.9499999999999984013 ) ) ;
#1949 = FACE_OUTER_BOUND ( 'NONE', #3347, .T. ) ;
#1950 = ORIENTED_EDGE ( 'NONE', *, *, #2887, .F. ) ;
#1951 = PLANE ( 'NONE',  #761 ) ;
#1952 = ORIENTED_EDGE ( 'NONE', *, *, #2701, .T. ) ;
#1953 = LINE ( 'NONE', #2615, #1734 ) ;
#1954 = DIRECTION ( 'NONE',  ( -1.000000000000000000, 0.000000000000000000, 0.000000000000000000 ) ) ;
#1955 = EDGE_CURVE ( 'NONE', #1897, #4780, #2584, .T. ) ;
#1956 = DIRECTION ( 'NONE',  ( 1.000000000000000000, 0.000000000000000000, -0.000000000000000000 ) ) ;
#1957 = FACE_OUTER_BOUND ( 'NONE', #775, .T. ) ;
#1958 = ORIENTED_EDGE ( 'NONE', *, *, #741, .F. ) ;
#1959 = ORIENTED_EDGE ( 'NONE', *, *, #6497, .T. ) ;
#1960 = PLANE ( 'NONE',  #2124 ) ;
#1961 = DIRECTION ( 'NONE',  ( -1.000000000000000000, 0.000000000000000000, 0.000000000000000000 ) ) ;
#1962 = DIRECTION ( 'NONE',  ( -1.000000000000000000, 0.000000000000000000, -0.000000000000000000 ) ) ;
#1963 = DIRECTION ( 'NONE',  ( 0.000000000000000000, -5.421010860823805421E-16, 1.000000000000000000 ) ) ;
#1964 = PLANE ( 'NONE',  #2037 ) ;
#1965 = VECTOR ( 'NONE', #5137, 1000.000000000000227 ) ;
#1966 = CARTESIAN_POINT ( 'NONE',  ( -0.2999999999999959921, 1.050000000000000044, -0.8249999999999970690 ) ) ;
#1967 = EDGE_LOOP ( 'NONE', ( #5338, #1166, #1858, #4909 ) ) ;
#1968 = AXIS2_PLACEMENT_3D ( 'NONE', #2220, #1040, #650 ) ;
#1969 = EDGE_CURVE ( 'NONE', #1151, #2099, #4203, .T. ) ;
#1970 = ORIENTED_EDGE ( 'NONE', *, *, #2734, .F. ) ;
#1971 =( NAMED_UNIT ( * ) PLANE_ANGLE_UNIT ( ) SI_UNIT ( $, .RADIAN. ) );
#1972 = STYLED_ITEM ( 'NONE', ( #2355 ), #3302 ) ;
#1973 =( NAMED_UNIT ( * ) PLANE_ANGLE_UNIT ( ) SI_UNIT ( $, .RADIAN. ) );
#1974 = VERTEX_POINT ( 'NONE', #5477 ) ;
#1975 = LINE ( 'NONE', #6165, #3443 ) ;
#1976 = CARTESIAN_POINT ( 'NONE',  ( -2.399999999999998579, 0.3063250300240242252, -0.8499999999999985345 ) ) ;
#1977 = UNCERTAINTY_MEASURE_WITH_UNIT (LENGTH_MEASURE( 1.000000000000000082E-05 ), #2234, 'distance_accuracy_value', 'NONE');
#1978 = DIRECTION ( 'NONE',  ( 0.000000000000000000, 0.000000000000000000, -1.000000000000000000 ) ) ;
#1979 = ADVANCED_FACE ( 'NONE', ( #3819 ), #2794, .F. ) ;
#1980 = CARTESIAN_POINT ( 'NONE',  ( -1.229469207716611612, 2.639999999999999236, -0.3955307922833827261 ) ) ;
#1981 = FACE_OUTER_BOUND ( 'NONE', #1163, .T. ) ;
#1982 = CARTESIAN_POINT ( 'NONE',  ( 4.800000000000004263, 2.639999999999999236, -0.7544692077166114119 ) ) ;
#1983 = AXIS2_PLACEMENT_3D ( 'NONE', #1226, #4885, #6035 ) ;
#1984 = VERTEX_POINT ( 'NONE', #6062 ) ;
#1985 = LINE ( 'NONE', #3125, #5921 ) ;
#1986 = DIRECTION ( 'NONE',  ( 0.000000000000000000, 0.000000000000000000, -1.000000000000000000 ) ) ;
#1987 = EDGE_CURVE ( 'NONE', #2275, #2558, #3914, .T. ) ;
#1988 = COLOUR_RGB ( '',0.7960784313725489669, 0.8235294117647058432, 0.9372549019607843146 ) ;
#1989 = DIRECTION ( 'NONE',  ( 0.000000000000000000, 0.000000000000000000, 1.000000000000000000 ) ) ;
#1990 = LINE ( 'NONE', #4274, #4448 ) ;
#1991 = ORIENTED_EDGE ( 'NONE', *, *, #2657, .T. ) ;
#1992 = ORIENTED_EDGE ( 'NONE', *, *, #4428, .F. ) ;
#1993 = VECTOR ( 'NONE', #4064, 1000.000000000000000 ) ;
#1994 = DIRECTION ( 'NONE',  ( -0.000000000000000000, -1.000000000000000000, -0.000000000000000000 ) ) ;
#1995 =( NAMED_UNIT ( * ) SI_UNIT ( $, .STERADIAN. ) SOLID_ANGLE_UNIT ( ) );
#1996 = SURFACE_STYLE_USAGE ( .BOTH. , #6889 ) ;
#1997 = EDGE_CURVE ( 'NONE', #5377, #2354, #4953, .T. ) ;
#1998 = VERTEX_POINT ( 'NONE', #140 ) ;
#1999 = CARTESIAN_POINT ( 'NONE',  ( -1.899999999999999023, 0.3500000000000000333, 0.5500000000000018208 ) ) ;
#2000 = ORIENTED_EDGE ( 'NONE', *, *, #1532, .T. ) ;
#2001 = VECTOR ( 'NONE', #6020, 1000.000000000000227 ) ;
#2002 = CARTESIAN_POINT ( 'NONE',  ( -2.399999999999998579, 0.3500000000000001443, -0.2500000000724984517 ) ) ;
#2003 = VECTOR ( 'NONE', #2955, 999.9999999999998863 ) ;
#2004 = VERTEX_POINT ( 'NONE', #6561 ) ;
#2005 = ADVANCED_FACE ( 'NONE', ( #1730 ), #3847, .T. ) ;
#2006 = FILL_AREA_STYLE_COLOUR ( '', #4217 ) ;
#2007 = DIRECTION ( 'NONE',  ( 1.000000000000000000, 0.000000000000000000, -0.000000000000000000 ) ) ;
#2008 = DIRECTION ( 'NONE',  ( 1.000000000000000000, 0.000000000000000000, 0.000000000000000000 ) ) ;
#2009 = ORIENTED_EDGE ( 'NONE', *, *, #3710, .T. ) ;
#2010 = VECTOR ( 'NONE', #3653, 1000.000000000000000 ) ;
#2011 = SURFACE_STYLE_FILL_AREA ( #6837 ) ;
#2012 = EDGE_CURVE ( 'NONE', #3467, #2529, #3878, .T. ) ;
#2013 = CARTESIAN_POINT ( 'NONE',  ( 1.699999999875001500, 1.050000000000000044, -0.7000000000000013989 ) ) ;
#2014 = LINE ( 'NONE', #398, #3433 ) ;
#2015 = PRESENTATION_STYLE_ASSIGNMENT (( #6063 ) ) ;
#2016 = EDGE_LOOP ( 'NONE', ( #3951, #1476, #870, #637 ) ) ;
#2017 = PLANE ( 'NONE',  #5589 ) ;
#2018 = PRESENTATION_LAYER_ASSIGNMENT (  '', '', ( #4482 ) ) ;
#2019 = ADVANCED_FACE ( 'NONE', ( #4442 ), #6528, .F. ) ;
#2020 = VECTOR ( 'NONE', #463, 1000.000000000000000 ) ;
#2021 = ADVANCED_FACE ( 'NONE', ( #1188 ), #1669, .F. ) ;
#2022 = CARTESIAN_POINT ( 'NONE',  ( 0.5000000000000039968, 2.639999999999999236, -0.8249999999999970690 ) ) ;
#2023 = CARTESIAN_POINT ( 'NONE',  ( 1.810000000000001386, 2.750000000000000000, -1.000000000000001554 ) ) ;
#2024 = EDGE_LOOP ( 'NONE', ( #564, #6576, #5957, #6464 ) ) ;
#2025 = DIRECTION ( 'NONE',  ( 0.000000000000000000, -1.000000000000000000, 0.000000000000000000 ) ) ;
#2026 = VECTOR ( 'NONE', #2475, 1000.000000000000000 ) ;
#2027 = CARTESIAN_POINT ( 'NONE',  ( -1.849999998699999093, 0.05000000000000000971, -0.9499999987000007362 ) ) ;
#2028 = ORIENTED_EDGE ( 'NONE', *, *, #6268, .F. ) ;
#2029 = EDGE_CURVE ( 'NONE', #5909, #3113, #3334, .T. ) ;
#2030 = CARTESIAN_POINT ( 'NONE',  ( -1.700000000512499998, 1.050000000000000044, 0.1000000000000016570 ) ) ;
#2031 = SURFACE_STYLE_FILL_AREA ( #1090 ) ;
#2032 = EDGE_LOOP ( 'NONE', ( #6145, #6434, #3672, #2915 ) ) ;
#2033 =( LENGTH_UNIT ( ) NAMED_UNIT ( * ) SI_UNIT ( .MILLI., .METRE. ) );
#2034 = ORIENTED_EDGE ( 'NONE', *, *, #6465, .T. ) ;
#2035 = ADVANCED_FACE ( 'NONE', ( #1250 ), #2197, .F. ) ;
#2036 = VERTEX_POINT ( 'NONE', #5446 ) ;
#2037 = AXIS2_PLACEMENT_3D ( 'NONE', #4773, #1455, #5102 ) ;
#2038 = FILL_AREA_STYLE_COLOUR ( '', #1347 ) ;
#2039 = CARTESIAN_POINT ( 'NONE',  ( 2.400000000000000799, 0.4000000000000000222, -0.9150000000000009237 ) ) ;
#2040 = ORIENTED_EDGE ( 'NONE', *, *, #2895, .T. ) ;
#2041 = PLANE ( 'NONE',  #275 ) ;
#2042 = EDGE_CURVE ( 'NONE', #2130, #4231, #72, .T. ) ;
#2043 = UNCERTAINTY_MEASURE_WITH_UNIT (LENGTH_MEASURE( 1.000000000000000082E-05 ), #3975, 'distance_accuracy_value', 'NONE');
#2044 = AXIS2_PLACEMENT_3D ( 'NONE', #3221, #4159, #1480 ) ;
#2045 =( NAMED_UNIT ( * ) SI_UNIT ( $, .STERADIAN. ) SOLID_ANGLE_UNIT ( ) );
#2046 = DIRECTION ( 'NONE',  ( -0.000000000000000000, 1.000000000000000000, 1.857148025303053679E-09 ) ) ;
#2047 =( LENGTH_UNIT ( ) NAMED_UNIT ( * ) SI_UNIT ( .MILLI., .METRE. ) );
#2048 = DIRECTION ( 'NONE',  ( 0.000000000000000000, 0.000000000000000000, 1.000000000000000000 ) ) ;
#2049 = AXIS2_PLACEMENT_3D ( 'NONE', #5084, #3429, #5567 ) ;
#2050 = CARTESIAN_POINT ( 'NONE',  ( -1.809999999999999165, 2.750000000000000000, -0.4999999999999985012 ) ) ;
#2051 = EDGE_LOOP ( 'NONE', ( #1786, #4622, #3336, #4937 ) ) ;
#2052 = DIRECTION ( 'NONE',  ( 0.000000000000000000, 1.000000000000000000, 0.000000000000000000 ) ) ;
#2053 = CARTESIAN_POINT ( 'NONE',  ( -2.399999999999998579, 1.355252715606880543E-17, -0.1164279503904875612 ) ) ;
#2054 = EDGE_CURVE ( 'NONE', #3510, #4401, #1796, .T. ) ;
#2055 = EDGE_CURVE ( 'NONE', #7, #1341, #5685, .T. ) ;
#2056 = SURFACE_SIDE_STYLE ('',( #1526 ) ) ;
#2057 = DIRECTION ( 'NONE',  ( 0.000000000000000000, -0.8660254037844363761, 0.5000000000000039968 ) ) ;
#2058 = EDGE_LOOP ( 'NONE', ( #4072, #671, #5720, #271 ) ) ;
#2059 = PLANE ( 'NONE',  #3820 ) ;
#2060 = FACE_OUTER_BOUND ( 'NONE', #3341, .T. ) ;
#2061 = ORIENTED_EDGE ( 'NONE', *, *, #5318, .T. ) ;
#2062 = PRESENTATION_STYLE_ASSIGNMENT (( #5386 ) ) ;
#2063 = ORIENTED_EDGE ( 'NONE', *, *, #4680, .F. ) ;
#2064 = EDGE_CURVE ( 'NONE', #4478, #1292, #2326, .T. ) ;
#2065 = VECTOR ( 'NONE', #295, 1000.000000000000000 ) ;
#2066 = ORIENTED_EDGE ( 'NONE', *, *, #6892, .F. ) ;
#2067 = DIRECTION ( 'NONE',  ( -0.000000000000000000, 1.000000000000000000, 0.000000000000000000 ) ) ;
#2068 = DIRECTION ( 'NONE',  ( 0.000000000000000000, -1.000000000000000000, 0.000000000000000000 ) ) ;
#2069 = PLANE ( 'NONE',  #2914 ) ;
#2070 = CARTESIAN_POINT ( 'NONE',  ( 1.275000000000001465, 0.1999999999999999833, 0.7999999999999982681 ) ) ;
#2071 = ORIENTED_EDGE ( 'NONE', *, *, #6372, .F. ) ;
#2072 = VECTOR ( 'NONE', #680, 1000.000000000000000 ) ;
#2073 = VECTOR ( 'NONE', #6942, 1000.000000000000000 ) ;
#2074 = FACE_OUTER_BOUND ( 'NONE', #1784, .T. ) ;
#2075 = EDGE_CURVE ( 'NONE', #2162, #56, #4549, .T. ) ;
#2076 = VECTOR ( 'NONE', #6739, 1000.000000000000000 ) ;
#2077 = VECTOR ( 'NONE', #3465, 1000.000000000000227 ) ;
#2078 = CARTESIAN_POINT ( 'NONE',  ( 1.075000000000001732, 1.050000000000000044, -0.7000000000000012879 ) ) ;
#2079 = PLANE ( 'NONE',  #456 ) ;
#2080 = CARTESIAN_POINT ( 'NONE',  ( 1.125000000000001332, 0.4500000002000000277, 0.6556624325871202030 ) ) ;
#2081 = VERTEX_POINT ( 'NONE', #4514 ) ;
#2082 = MECHANICAL_DESIGN_GEOMETRIC_PRESENTATION_REPRESENTATION (  '', ( #2420 ), #1521 ) ;
#2083 = DIRECTION ( 'NONE',  ( 0.000000000000000000, -1.000000000000000000, 0.000000000000000000 ) ) ;
#2084 = DIRECTION ( 'NONE',  ( -1.000000000000000000, 0.000000000000000000, -0.000000000000000000 ) ) ;
#2085 = VERTEX_POINT ( 'NONE', #4620 ) ;
#2086 =( NAMED_UNIT ( * ) SI_UNIT ( $, .STERADIAN. ) SOLID_ANGLE_UNIT ( ) );
#2087 = LINE ( 'NONE', #5313, #3980 ) ;
#2088 = EDGE_CURVE ( 'NONE', #5560, #4602, #4024, .T. ) ;
#2089 = FACE_OUTER_BOUND ( 'NONE', #6087, .T. ) ;
#2090 = VECTOR ( 'NONE', #5275, 1000.000000000000000 ) ;
#2091 = EDGE_LOOP ( 'NONE', ( #2460, #3189, #568, #2328 ) ) ;
#2092 = DIRECTION ( 'NONE',  ( -0.000000000000000000, 1.000000000000000000, -0.000000000000000000 ) ) ;
#2093 = ORIENTED_EDGE ( 'NONE', *, *, #2559, .T. ) ;
#2094 = DIRECTION ( 'NONE',  ( -1.000000000000000000, 0.000000000000000000, 1.355252715606883008E-16 ) ) ;
#2095 = ORIENTED_EDGE ( 'NONE', *, *, #4966, .F. ) ;
#2096 = CARTESIAN_POINT ( 'NONE',  ( -1.124999999999998446, 0.2000000000000000111, 0.8000000000000011546 ) ) ;
#2097 = DIRECTION ( 'NONE',  ( 0.000000000000000000, 0.000000000000000000, 1.000000000000000000 ) ) ;
#2098 = ADVANCED_FACE ( 'NONE', ( #2896 ), #6781, .T. ) ;
#2099 = VERTEX_POINT ( 'NONE', #3507 ) ;
#2100 = FILL_AREA_STYLE_COLOUR ( '', #947 ) ;
#2101 = ADVANCED_FACE ( 'NONE', ( #3398 ), #2397, .F. ) ;
#2102 =( LENGTH_UNIT ( ) NAMED_UNIT ( * ) SI_UNIT ( .MILLI., .METRE. ) );
#2103 = DIRECTION ( 'NONE',  ( 0.000000000000000000, 1.000000000000000000, 3.249988186109896618E-11 ) ) ;
#2104 = VECTOR ( 'NONE', #6438, 1000.000000000000000 ) ;
#2105 = VERTEX_POINT ( 'NONE', #910 ) ;
#2106 = DIRECTION ( 'NONE',  ( 0.7071067811865476838, 0.7071067811865474617, 0.000000000000000000 ) ) ;
#2107 = VECTOR ( 'NONE', #48, 1000.000000000000000 ) ;
#2108 = CARTESIAN_POINT ( 'NONE',  ( -2.399999999999998579, 0.1199999999999999956, -0.9499999999999984013 ) ) ;
#2109 = UNCERTAINTY_MEASURE_WITH_UNIT (LENGTH_MEASURE( 1.000000000000000082E-05 ), #4527, 'distance_accuracy_value', 'NONE');
#2110 = AXIS2_PLACEMENT_3D ( 'NONE', #2936, #4062, #399 ) ;
#2111 = CARTESIAN_POINT ( 'NONE',  ( 0.3250000000000016209, -3.675261601645777964E-18, 0.6500000000000011324 ) ) ;
#2112 = LINE ( 'NONE', #3930, #3683 ) ;
#2113 = PRESENTATION_LAYER_ASSIGNMENT (  '', '', ( #5167 ) ) ;
#2114 = EDGE_CURVE ( 'NONE', #4511, #3082, #5817, .T. ) ;
#2115 = ORIENTED_EDGE ( 'NONE', *, *, #2734, .T. ) ;
#2116 = CARTESIAN_POINT ( 'NONE',  ( -1.274999999999998357, 0.2000000000000000111, 0.8000000000000011546 ) ) ;
#2117 = CARTESIAN_POINT ( 'NONE',  ( 0.5000000000000039968, 2.639999999999999236, -0.3249999999999970690 ) ) ;
#2118 = ORIENTED_EDGE ( 'NONE', *, *, #3583, .T. ) ;
#2119 = DIRECTION ( 'NONE',  ( 0.000000000000000000, -1.000000000000000000, 0.000000000000000000 ) ) ;
#2120 = CARTESIAN_POINT ( 'NONE',  ( 1.075000000000001732, 0.7768699943250462203, -0.8100000000000020517 ) ) ;
#2121 = DIRECTION ( 'NONE',  ( 0.000000000000000000, 0.000000000000000000, 1.000000000000000000 ) ) ;
#2122 = FACE_OUTER_BOUND ( 'NONE', #3210, .T. ) ;
#2123 = LINE ( 'NONE', #6317, #1747 ) ;
#2124 = AXIS2_PLACEMENT_3D ( 'NONE', #6852, #2025, #1528 ) ;
#2125 = ORIENTED_EDGE ( 'NONE', *, *, #346, .T. ) ;
#2126 =( LENGTH_UNIT ( ) NAMED_UNIT ( * ) SI_UNIT ( .MILLI., .METRE. ) );
#2127 = SURFACE_STYLE_USAGE ( .BOTH. , #1047 ) ;
#2128 = AXIS2_PLACEMENT_3D ( 'NONE', #6835, #6769, #3696 ) ;
#2129 = EDGE_CURVE ( 'NONE', #3547, #527, #3579, .T. ) ;
#2130 = VERTEX_POINT ( 'NONE', #438 ) ;
#2131 = PRESENTATION_STYLE_ASSIGNMENT (( #3107 ) ) ;
#2132 = DIRECTION ( 'NONE',  ( 0.000000000000000000, -0.8660254037844363761, 0.5000000000000039968 ) ) ;
#2133 = STYLED_ITEM ( 'NONE', ( #4969 ), #2542 ) ;
#2134 =( NAMED_UNIT ( * ) SI_UNIT ( $, .STERADIAN. ) SOLID_ANGLE_UNIT ( ) );
#2135 = ORIENTED_EDGE ( 'NONE', *, *, #5607, .F. ) ;
#2136 = LINE ( 'NONE', #4965, #4502 ) ;
#2137 = ADVANCED_FACE ( 'NONE', ( #942 ), #1517, .F. ) ;
#2138 = MECHANICAL_DESIGN_GEOMETRIC_PRESENTATION_REPRESENTATION (  '', ( #1248 ), #3621 ) ;
#2139 = ORIENTED_EDGE ( 'NONE', *, *, #308, .F. ) ;
#2140 = VECTOR ( 'NONE', #3628, 1000.000000000000227 ) ;
#2141 =( LENGTH_UNIT ( ) NAMED_UNIT ( * ) SI_UNIT ( .MILLI., .METRE. ) );
#2142 = DIRECTION ( 'NONE',  ( -1.000000000000000000, 0.000000000000000000, -0.000000000000000000 ) ) ;
#2143 = DIRECTION ( 'NONE',  ( 0.000000000000000000, -0.000000000000000000, -1.000000000000000000 ) ) ;
#2144 = FACE_OUTER_BOUND ( 'NONE', #6622, .T. ) ;
#2145 = ORIENTED_EDGE ( 'NONE', *, *, #2183, .F. ) ;
#2146 = CARTESIAN_POINT ( 'NONE',  ( -1.124999999999998446, 0.05000000000000034972, 1.250000000000001110 ) ) ;
#2147 = VECTOR ( 'NONE', #2236, 1000.000000000000000 ) ;
#2148 = DIRECTION ( 'NONE',  ( 1.000000000000000000, 0.000000000000000000, 0.000000000000000000 ) ) ;
#2149 = ADVANCED_FACE ( 'NONE', ( #5269 ), #5851, .F. ) ;
#2150 = VECTOR ( 'NONE', #160, 1000.000000000000000 ) ;
#2151 = PLANE ( 'NONE',  #1938 ) ;
#2152 = FILL_AREA_STYLE_COLOUR ( '', #2315 ) ;
#2153 = LINE ( 'NONE', #1107, #6420 ) ;
#2154 = VERTEX_POINT ( 'NONE', #2116 ) ;
#2155 = CARTESIAN_POINT ( 'NONE',  ( -1.324999999999997957, 1.050000000000000044, -0.8099999999999991651 ) ) ;
#2156 =( NAMED_UNIT ( * ) PLANE_ANGLE_UNIT ( ) SI_UNIT ( $, .RADIAN. ) );
#2157 = ORIENTED_EDGE ( 'NONE', *, *, #1743, .T. ) ;
#2158 = LINE ( 'NONE', #1074, #1737 ) ;
#2159 = DIRECTION ( 'NONE',  ( 0.000000000000000000, 0.000000000000000000, -1.000000000000000000 ) ) ;
#2160 = FACE_OUTER_BOUND ( 'NONE', #882, .T. ) ;
#2161 = CARTESIAN_POINT ( 'NONE',  ( 0.4750000000000033085, 0.4500000002000000277, 0.6556624325871229786 ) ) ;
#2162 = VERTEX_POINT ( 'NONE', #5749 ) ;
#2163 = CLOSED_SHELL ( 'NONE', ( #3273, #5656, #2222, #3266, #1028, #5432, #3454, #3069, #6818, #1069 ) ) ;
#2164 = ORIENTED_EDGE ( 'NONE', *, *, #1610, .T. ) ;
#2165 =( NAMED_UNIT ( * ) PLANE_ANGLE_UNIT ( ) SI_UNIT ( $, .RADIAN. ) );
#2166 = ORIENTED_EDGE ( 'NONE', *, *, #6268, .T. ) ;
#2167 = AXIS2_PLACEMENT_3D ( 'NONE', #4059, #3981, #876 ) ;
#2168 = CARTESIAN_POINT ( 'NONE',  ( -0.3249999999999967359, -3.675261601645777502E-17, 1.200000000000000844 ) ) ;
#2169 = LINE ( 'NONE', #1673, #5895 ) ;
#2170 = STYLED_ITEM ( 'NONE', ( #4426 ), #241 ) ;
#2171 = EDGE_CURVE ( 'NONE', #3821, #1451, #2543, .T. ) ;
#2172 = ORIENTED_EDGE ( 'NONE', *, *, #4017, .T. ) ;
#2173 = APPLICATION_CONTEXT ( 'automotive_design' ) ;
#2174 = CARTESIAN_POINT ( 'NONE',  ( -2.199999999862499500, 0.9999999999250001048, -0.9999999999999986677 ) ) ;
#2175 = CARTESIAN_POINT ( 'NONE',  ( -2.199999999999998845, 8.109541161931386268E-17, -0.7786222391909453089 ) ) ;
#2176 = ORIENTED_EDGE ( 'NONE', *, *, #5293, .T. ) ;
#2177 = VERTEX_POINT ( 'NONE', #1005 ) ;
#2178 = ORIENTED_EDGE ( 'NONE', *, *, #4919, .T. ) ;
#2179 = PRESENTATION_STYLE_ASSIGNMENT (( #4324 ) ) ;
#2180 = LINE ( 'NONE', #5939, #6885 ) ;
#2181 = DIRECTION ( 'NONE',  ( -0.7071067811865475727, -0.7071067811865475727, -0.000000000000000000 ) ) ;
#2182 = ORIENTED_EDGE ( 'NONE', *, *, #2922, .T. ) ;
#2183 = EDGE_CURVE ( 'NONE', #4087, #4511, #6811, .T. ) ;
#2184 = CARTESIAN_POINT ( 'NONE',  ( 1.300000000000002043, 2.239999999999989555, -0.8249999999999998446 ) ) ;
#2185 = AXIS2_PLACEMENT_3D ( 'NONE', #6182, #3557, #1367 ) ;
#2186 = PRESENTATION_LAYER_ASSIGNMENT (  '', '', ( #3106 ) ) ;
#2187 = VERTEX_POINT ( 'NONE', #1555 ) ;
#2188 = ORIENTED_EDGE ( 'NONE', *, *, #3254, .T. ) ;
#2189 = CARTESIAN_POINT ( 'NONE',  ( 1.125000000000001332, 0.1999999999999999278, 1.249999999999998224 ) ) ;
#2190 =( NAMED_UNIT ( * ) SI_UNIT ( $, .STERADIAN. ) SOLID_ANGLE_UNIT ( ) );
#2191 = DIRECTION ( 'NONE',  ( 0.000000000000000000, 0.000000000000000000, -1.000000000000000000 ) ) ;
#2192 = VECTOR ( 'NONE', #4555, 1000.000000000000000 ) ;
#2193 = EDGE_CURVE ( 'NONE', #6139, #3690, #3704, .T. ) ;
#2194 = ORIENTED_EDGE ( 'NONE', *, *, #6962, .F. ) ;
#2195 = PRESENTATION_LAYER_ASSIGNMENT (  '', '', ( #5246 ) ) ;
#2196 = CARTESIAN_POINT ( 'NONE',  ( 1.300000000000001155, 2.639999999999999236, 0.3450000000000001399 ) ) ;
#2197 = PLANE ( 'NONE',  #1139 ) ;
#2198 = VERTEX_POINT ( 'NONE', #1483 ) ;
#2199 = EDGE_CURVE ( 'NONE', #527, #4780, #1422, .T. ) ;
#2200 = SURFACE_STYLE_FILL_AREA ( #3306 ) ;
#2201 =( LENGTH_UNIT ( ) NAMED_UNIT ( * ) SI_UNIT ( .MILLI., .METRE. ) );
#2202 = CARTESIAN_POINT ( 'NONE',  ( -0.4749999999999984235, -3.675261601645777964E-18, 0.6500000000000011324 ) ) ;
#2203 = SURFACE_STYLE_USAGE ( .BOTH. , #50 ) ;
#2204 = ORIENTED_EDGE ( 'NONE', *, *, #3406, .T. ) ;
#2205 = EDGE_CURVE ( 'NONE', #1932, #3137, #6842, .T. ) ;
#2206 = FILL_AREA_STYLE_COLOUR ( '', #2704 ) ;
#2207 = VECTOR ( 'NONE', #949, 1000.000000000000000 ) ;
#2208 = VERTEX_POINT ( 'NONE', #4760 ) ;
#2209 = VECTOR ( 'NONE', #5524, 1000.000000000000114 ) ;
#2210 = VECTOR ( 'NONE', #1406, 1000.000000000000000 ) ;
#2211 = CARTESIAN_POINT ( 'NONE',  ( 15.50000000100000186, 0.05000000000000000971, -0.9499999987000007362 ) ) ;
#2212 =( NAMED_UNIT ( * ) PLANE_ANGLE_UNIT ( ) SI_UNIT ( $, .RADIAN. ) );
#2213 = ORIENTED_EDGE ( 'NONE', *, *, #1558, .F. ) ;
#2214 = AXIS2_PLACEMENT_3D ( 'NONE', #1915, #3617, #6312 ) ;
#2215 = EDGE_CURVE ( 'NONE', #786, #6771, #2014, .T. ) ;
#2216 = LINE ( 'NONE', #6517, #3875 ) ;
#2217 = ORIENTED_EDGE ( 'NONE', *, *, #312, .T. ) ;
#2218 = CARTESIAN_POINT ( 'NONE',  ( -0.4749999999999984235, 0.1999999999999999556, 1.250000000000001110 ) ) ;
#2219 = EDGE_LOOP ( 'NONE', ( #235, #1446, #4645, #5282 ) ) ;
#2220 = CARTESIAN_POINT ( 'NONE',  ( 4.800000000000004263, 1.050000000000000044, 0.1250000000000016376 ) ) ;
#2221 = VECTOR ( 'NONE', #5226, 1000.000000000000000 ) ;
#2222 = ADVANCED_FACE ( 'NONE', ( #1981 ), #6310, .F. ) ;
#2223 =( GEOMETRIC_REPRESENTATION_CONTEXT ( 3 ) GLOBAL_UNCERTAINTY_ASSIGNED_CONTEXT ( ( #3803 ) ) GLOBAL_UNIT_ASSIGNED_CONTEXT ( ( #858, #4600, #3969 ) ) REPRESENTATION_CONTEXT ( 'NONE', 'WORKASPACE' ) );
#2224 = VERTEX_POINT ( 'NONE', #473 ) ;
#2225 = FACE_OUTER_BOUND ( 'NONE', #4877, .T. ) ;
#2226 = CARTESIAN_POINT ( 'NONE',  ( -2.399999999999998579, 0.6936749699759758858, -0.8499999999999985345 ) ) ;
#2227 =( NAMED_UNIT ( * ) SI_UNIT ( $, .STERADIAN. ) SOLID_ANGLE_UNIT ( ) );
#2228 = EDGE_LOOP ( 'NONE', ( #3244, #499, #2125, #5594 ) ) ;
#2229 = CARTESIAN_POINT ( 'NONE',  ( -0.2999999999999959921, 2.239999999999989555, -0.3249999999999970690 ) ) ;
#2230 = SURFACE_STYLE_FILL_AREA ( #557 ) ;
#2231 = EDGE_CURVE ( 'NONE', #807, #1720, #4132, .T. ) ;
#2232 = LINE ( 'NONE', #628, #188 ) ;
#2233 =( NAMED_UNIT ( * ) SI_UNIT ( $, .STERADIAN. ) SOLID_ANGLE_UNIT ( ) );
#2234 =( LENGTH_UNIT ( ) NAMED_UNIT ( * ) SI_UNIT ( .MILLI., .METRE. ) );
#2235 = ORIENTED_EDGE ( 'NONE', *, *, #6393, .F. ) ;
#2236 = DIRECTION ( 'NONE',  ( -1.000000000000000000, 0.000000000000000000, 1.355252715606883008E-16 ) ) ;
#2237 = MECHANICAL_DESIGN_GEOMETRIC_PRESENTATION_REPRESENTATION (  '', ( #4714 ), #4951 ) ;
#2238 = ADVANCED_FACE ( 'NONE', ( #364 ), #4228, .T. ) ;
#2239 = VECTOR ( 'NONE', #4391, 1000.000000000000000 ) ;
#2240 = ORIENTED_EDGE ( 'NONE', *, *, #6743, .T. ) ;
#2241 = PRESENTATION_STYLE_ASSIGNMENT (( #1100 ) ) ;
#2242 = EDGE_LOOP ( 'NONE', ( #3757, #6869, #96, #2363, #1952, #1869, #5565, #6318, #2172, #6822, #274, #784 ) ) ;
#2243 = DIRECTION ( 'NONE',  ( -0.000000000000000000, -0.000000000000000000, -1.000000000000000000 ) ) ;
#2244 = ADVANCED_FACE ( 'NONE', ( #2784 ), #3808, .F. ) ;
#2245 = ORIENTED_EDGE ( 'NONE', *, *, #6927, .F. ) ;
#2246 = PLANE ( 'NONE',  #2866 ) ;
#2247 = ORIENTED_EDGE ( 'NONE', *, *, #6487, .T. ) ;
#2248 =( NAMED_UNIT ( * ) SI_UNIT ( $, .STERADIAN. ) SOLID_ANGLE_UNIT ( ) );
#2249 = DIRECTION ( 'NONE',  ( 0.000000000000000000, -1.000000000000000000, -5.421010860823805421E-16 ) ) ;
#2250 = VERTEX_POINT ( 'NONE', #4835 ) ;
#2251 = PLANE ( 'NONE',  #3220 ) ;
#2252 = DIRECTION ( 'NONE',  ( 0.000000000000000000, 0.000000000000000000, 1.000000000000000000 ) ) ;
#2253 = VECTOR ( 'NONE', #4329, 1000.000000000000000 ) ;
#2254 = EDGE_LOOP ( 'NONE', ( #717, #5742, #2009, #4940 ) ) ;
#2255 = DIRECTION ( 'NONE',  ( 0.000000000000000000, 0.000000000000000000, 1.000000000000000000 ) ) ;
#2256 = DIRECTION ( 'NONE',  ( -1.000000000000000000, 0.000000000000000000, 0.000000000000000000 ) ) ;
#2257 = PLANE ( 'NONE',  #5095 ) ;
#2258 = ORIENTED_EDGE ( 'NONE', *, *, #811, .T. ) ;
#2259 = EDGE_CURVE ( 'NONE', #3890, #329, #1178, .T. ) ;
#2260 = VECTOR ( 'NONE', #2840, 1000.000000000000000 ) ;
#2261 = EDGE_CURVE ( 'NONE', #4028, #1540, #4943, .T. ) ;
#2262 = DIRECTION ( 'NONE',  ( 1.000000000000000000, 0.000000000000000000, 0.000000000000000000 ) ) ;
#2263 = PLANE ( 'NONE',  #6459 ) ;
#2264 = EDGE_CURVE ( 'NONE', #5687, #4962, #646, .T. ) ;
#2265 = PLANE ( 'NONE',  #3010 ) ;
#2266 = ORIENTED_EDGE ( 'NONE', *, *, #3610, .F. ) ;
#2267 = ORIENTED_EDGE ( 'NONE', *, *, #1668, .T. ) ;
#2268 = CARTESIAN_POINT ( 'NONE',  ( 0.5000000000000039968, 1.050000000000000044, -0.3249999999999970690 ) ) ;
#2269 =( GEOMETRIC_REPRESENTATION_CONTEXT ( 3 ) GLOBAL_UNCERTAINTY_ASSIGNED_CONTEXT ( ( #3457 ) ) GLOBAL_UNIT_ASSIGNED_CONTEXT ( ( #5476, #6489, #105 ) ) REPRESENTATION_CONTEXT ( 'NONE', 'WORKASPACE' ) );
#2270 = ADVANCED_FACE ( 'NONE', ( #6551 ), #6980, .T. ) ;
#2271 = VERTEX_POINT ( 'NONE', #3870 ) ;
#2272 = SURFACE_STYLE_USAGE ( .BOTH. , #6509 ) ;
#2273 = LINE ( 'NONE', #5035, #3013 ) ;
#2274 =( LENGTH_UNIT ( ) NAMED_UNIT ( * ) SI_UNIT ( .MILLI., .METRE. ) );
#2275 = VERTEX_POINT ( 'NONE', #5885 ) ;
#2276 = EDGE_CURVE ( 'NONE', #1798, #5986, #1208, .T. ) ;
#2277 = CARTESIAN_POINT ( 'NONE',  ( 3.200000000000001510, 1.050000000000000044, 0.1250000000000016376 ) ) ;
#2278 = VERTEX_POINT ( 'NONE', #2155 ) ;
#2279 = SURFACE_STYLE_FILL_AREA ( #5984 ) ;
#2280 = LINE ( 'NONE', #3809, #2001 ) ;
#2281 = ORIENTED_EDGE ( 'NONE', *, *, #6454, .F. ) ;
#2282 = ADVANCED_FACE ( 'NONE', ( #579 ), #1071, .F. ) ;
#2283 = LINE ( 'NONE', #4433, #1637 ) ;
#2284 = LINE ( 'NONE', #6697, #2072 ) ;
#2285 = PLANE ( 'NONE',  #3722 ) ;
#2286 = EDGE_LOOP ( 'NONE', ( #2819, #806, #4296, #957 ) ) ;
#2287 =( GEOMETRIC_REPRESENTATION_CONTEXT ( 3 ) GLOBAL_UNCERTAINTY_ASSIGNED_CONTEXT ( ( #6405 ) ) GLOBAL_UNIT_ASSIGNED_CONTEXT ( ( #3657, #6290, #3718 ) ) REPRESENTATION_CONTEXT ( 'NONE', 'WORKASPACE' ) );
#2288 = MECHANICAL_DESIGN_GEOMETRIC_PRESENTATION_REPRESENTATION (  '', ( #3106 ), #624 ) ;
#2289 = CARTESIAN_POINT ( 'NONE',  ( -2.399999999999998579, 0.3063250300240242252, -0.9499999999999986233 ) ) ;
#2290 = SURFACE_STYLE_USAGE ( .BOTH. , #9 ) ;
#2291 = LINE ( 'NONE', #3436, #4470 ) ;
#2292 = ORIENTED_EDGE ( 'NONE', *, *, #3806, .F. ) ;
#2293 = CARTESIAN_POINT ( 'NONE',  ( -2.199999999999998845, 0.3063250300240242252, -0.9499999999999986233 ) ) ;
#2294 = CARTESIAN_POINT ( 'NONE',  ( -0.3708079660227890373, 2.641571930389168710, 0.1158079660227947089 ) ) ;
#2295 = FACE_OUTER_BOUND ( 'NONE', #6466, .T. ) ;
#2296 = AXIS2_PLACEMENT_3D ( 'NONE', #5022, #2831, #2402 ) ;
#2297 = VECTOR ( 'NONE', #97, 1000.000000000000000 ) ;
#2298 = VECTOR ( 'NONE', #2148, 1000.000000000000000 ) ;
#2299 = DIRECTION ( 'NONE',  ( -1.000000000000000000, -0.000000000000000000, -0.000000000000000000 ) ) ;
#2300 = CARTESIAN_POINT ( 'NONE',  ( -1.099999999999998535, 2.639999999999999236, 0.3450000000000029710 ) ) ;
#2301 = LINE ( 'NONE', #766, #5526 ) ;
#2302 = ORIENTED_EDGE ( 'NONE', *, *, #5923, .F. ) ;
#2303 = EDGE_CURVE ( 'NONE', #1043, #1007, #6692, .T. ) ;
#2304 =( GEOMETRIC_REPRESENTATION_CONTEXT ( 3 ) GLOBAL_UNCERTAINTY_ASSIGNED_CONTEXT ( ( #1619 ) ) GLOBAL_UNIT_ASSIGNED_CONTEXT ( ( #2141, #3797, #2773 ) ) REPRESENTATION_CONTEXT ( 'NONE', 'WORKASPACE' ) );
#2305 = ORIENTED_EDGE ( 'NONE', *, *, #4503, .T. ) ;
#2306 = FILL_AREA_STYLE ('',( #1778 ) ) ;
#2307 = SURFACE_STYLE_FILL_AREA ( #6011 ) ;
#2308 = VECTOR ( 'NONE', #2481, 1000.000000000000000 ) ;
#2309 = VERTEX_POINT ( 'NONE', #6127 ) ;
#2310 = EDGE_CURVE ( 'NONE', #4988, #90, #2352, .T. ) ;
#2311 = EDGE_CURVE ( 'NONE', #6752, #3377, #2923, .T. ) ;
#2312 = ORIENTED_EDGE ( 'NONE', *, *, #4017, .F. ) ;
#2313 = CARTESIAN_POINT ( 'NONE',  ( -1.124999999999998446, 0.05000000000000000971, 1.200000000000001288 ) ) ;
#2314 = VERTEX_POINT ( 'NONE', #868 ) ;
#2315 = COLOUR_RGB ( '',0.7960784313725489669, 0.8235294117647058432, 0.9372549019607843146 ) ;
#2316 = CARTESIAN_POINT ( 'NONE',  ( 0.5000000000000039968, 1.050000000000000044, -0.3249999999999970690 ) ) ;
#2317 = CARTESIAN_POINT ( 'NONE',  ( -1.899999999999999023, 0.3499999999250000271, -0.9999999999999986677 ) ) ;
#2318 = ORIENTED_EDGE ( 'NONE', *, *, #3529, .F. ) ;
#2319 = CARTESIAN_POINT ( 'NONE',  ( -0.4749999999999984235, 0.05000000000000000278, 1.200000000000001288 ) ) ;
#2320 =( LENGTH_UNIT ( ) NAMED_UNIT ( * ) SI_UNIT ( .MILLI., .METRE. ) );
#2321 = LINE ( 'NONE', #3430, #5901 ) ;
#2322 = EDGE_CURVE ( 'NONE', #1007, #2908, #1787, .T. ) ;
#2323 = ORIENTED_EDGE ( 'NONE', *, *, #5802, .T. ) ;
#2324 = CARTESIAN_POINT ( 'NONE',  ( -1.324999999999997957, 0.7768699943250462203, -0.8099999999999991651 ) ) ;
#2325 = DIRECTION ( 'NONE',  ( -0.5773502691896322814, 0.5773502691896323924, -0.5773502691896124084 ) ) ;
#2326 = LINE ( 'NONE', #878, #1463 ) ;
#2327 = SURFACE_SIDE_STYLE ('',( #5540 ) ) ;
#2328 = ORIENTED_EDGE ( 'NONE', *, *, #1088, .F. ) ;
#2329 = DIRECTION ( 'NONE',  ( -1.000000000000000000, -0.000000000000000000, -0.000000000000000000 ) ) ;
#2330 = DIRECTION ( 'NONE',  ( 0.000000000000000000, 1.000000000000000000, 0.000000000000000000 ) ) ;
#2331 = PRESENTATION_LAYER_ASSIGNMENT (  '', '', ( #4020 ) ) ;
#2332 = CARTESIAN_POINT ( 'NONE',  ( 0.5250000000000021316, 1.050000000000000044, -0.8099999999999991651 ) ) ;
#2333 = COLOUR_RGB ( '',0.7960784313725489669, 0.8235294117647058432, 0.9372549019607843146 ) ;
#2334 = VECTOR ( 'NONE', #1355, 1000.000000000000227 ) ;
#2335 = DIRECTION ( 'NONE',  ( 0.000000000000000000, -0.000000000000000000, -1.000000000000000000 ) ) ;
#2336 = DIRECTION ( 'NONE',  ( 0.9848077530122090195, -0.1736481776669255295, 0.000000000000000000 ) ) ;
#2337 = ORIENTED_EDGE ( 'NONE', *, *, #423, .T. ) ;
#2338 = EDGE_CURVE ( 'NONE', #3768, #4663, #3902, .T. ) ;
#2339 = CARTESIAN_POINT ( 'NONE',  ( -0.3249999999999967359, -3.675261601645777502E-17, 0.6500000000000011324 ) ) ;
#2340 = CARTESIAN_POINT ( 'NONE',  ( 2.400000000000000799, 1.355252715606880543E-17, -0.1164279503904903784 ) ) ;
#2341 = CARTESIAN_POINT ( 'NONE',  ( 2.400000000000000799, 0.6936749699759758858, -0.9500000000000013989 ) ) ;
#2342 = EDGE_CURVE ( 'NONE', #4141, #3884, #6615, .T. ) ;
#2343 = DIRECTION ( 'NONE',  ( -1.000000000000000000, -0.000000000000000000, -0.000000000000000000 ) ) ;
#2344 = DIRECTION ( 'NONE',  ( -1.000000000000000000, 0.000000000000000000, -0.000000000000000000 ) ) ;
#2345 = EDGE_LOOP ( 'NONE', ( #1493, #1835, #3545, #1608 ) ) ;
#2346 = PLANE ( 'NONE',  #5204 ) ;
#2347 = EDGE_CURVE ( 'NONE', #4918, #3344, #2851, .T. ) ;
#2348 =( GEOMETRIC_REPRESENTATION_CONTEXT ( 3 ) GLOBAL_UNCERTAINTY_ASSIGNED_CONTEXT ( ( #5784 ) ) GLOBAL_UNIT_ASSIGNED_CONTEXT ( ( #4337, #5947, #1143 ) ) REPRESENTATION_CONTEXT ( 'NONE', 'WORKASPACE' ) );
#2349 = ORIENTED_EDGE ( 'NONE', *, *, #1969, .T. ) ;
#2350 = DIRECTION ( 'NONE',  ( -0.000000000000000000, -1.000000000000000000, -0.000000000000000000 ) ) ;
#2351 = ORIENTED_EDGE ( 'NONE', *, *, #6669, .T. ) ;
#2352 = LINE ( 'NONE', #1756, #2917 ) ;
#2353 = CARTESIAN_POINT ( 'NONE',  ( 0.3250000000000016209, 0.1000000006499978250, 0.5499999993499998796 ) ) ;
#2354 = VERTEX_POINT ( 'NONE', #5147 ) ;
#2355 = PRESENTATION_STYLE_ASSIGNMENT (( #2392 ) ) ;
#2356 = DIRECTION ( 'NONE',  ( 0.000000000000000000, 0.000000000000000000, -1.000000000000000000 ) ) ;
#2357 = ORIENTED_EDGE ( 'NONE', *, *, #4463, .F. ) ;
#2358 = VECTOR ( 'NONE', #5552, 1000.000000000000000 ) ;
#2359 = DIRECTION ( 'NONE',  ( 1.000000000000000000, 0.000000000000000000, 0.000000000000000000 ) ) ;
#2360 = VECTOR ( 'NONE', #3656, 1000.000000000000000 ) ;
#2361 = DIRECTION ( 'NONE',  ( 1.000000000000000000, 0.000000000000000000, -0.000000000000000000 ) ) ;
#2362 = CARTESIAN_POINT ( 'NONE',  ( 1.357399273160359021, 1.914472545666378256, -0.2676007268396431438 ) ) ;
#2363 = ORIENTED_EDGE ( 'NONE', *, *, #5463, .F. ) ;
#2364 = PLANE ( 'NONE',  #2663 ) ;
#2365 = CARTESIAN_POINT ( 'NONE',  ( 1.075000000000001732, 0.7768699943250462203, -0.8100000000000020517 ) ) ;
#2366 = AXIS2_PLACEMENT_3D ( 'NONE', #1918, #403, #1954 ) ;
#2367 = PRODUCT ( 'JST_BM04-SURS', 'JST_BM04-SURS', '', ( #3881 ) ) ;
#2368 =( GEOMETRIC_REPRESENTATION_CONTEXT ( 3 ) GLOBAL_UNCERTAINTY_ASSIGNED_CONTEXT ( ( #4225 ) ) GLOBAL_UNIT_ASSIGNED_CONTEXT ( ( #2605, #4157, #1549 ) ) REPRESENTATION_CONTEXT ( 'NONE', 'WORKASPACE' ) );
#2369 = DIRECTION ( 'NONE',  ( -0.000000000000000000, -1.000000000000000000, -0.000000000000000000 ) ) ;
#2370 = FILL_AREA_STYLE ('',( #2905 ) ) ;
#2371 = ORIENTED_EDGE ( 'NONE', *, *, #2769, .T. ) ;
#2372 = ORIENTED_EDGE ( 'NONE', *, *, #1987, .F. ) ;
#2373 = DIRECTION ( 'NONE',  ( 1.000000000000000000, 0.000000000000000000, -0.000000000000000000 ) ) ;
#2374 = FACE_OUTER_BOUND ( 'NONE', #5388, .T. ) ;
#2375 = EDGE_CURVE ( 'NONE', #5780, #457, #1900, .T. ) ;
#2376 = CARTESIAN_POINT ( 'NONE',  ( 2.400000000000000799, 1.000000000000000000, -0.9499999999843763421 ) ) ;
#2377 = CARTESIAN_POINT ( 'NONE',  ( 8.900000000000002132, 2.639999999999999236, -0.7000000000000012879 ) ) ;
#2378 = STYLED_ITEM ( 'NONE', ( #4626 ), #91 ) ;
#2379 = ORIENTED_EDGE ( 'NONE', *, *, #1011, .T. ) ;
#2380 = LINE ( 'NONE', #117, #6199 ) ;
#2381 = VECTOR ( 'NONE', #3703, 1000.000000000000000 ) ;
#2382 = FILL_AREA_STYLE ('',( #126 ) ) ;
#2383 = UNCERTAINTY_MEASURE_WITH_UNIT (LENGTH_MEASURE( 1.000000000000000082E-05 ), #4550, 'distance_accuracy_value', 'NONE');
#2384 = ORIENTED_EDGE ( 'NONE', *, *, #777, .T. ) ;
#2385 = ORIENTED_EDGE ( 'NONE', *, *, #6580, .F. ) ;
#2386 = FACE_OUTER_BOUND ( 'NONE', #5289, .T. ) ;
#2387 = ORIENTED_EDGE ( 'NONE', *, *, #6404, .F. ) ;
#2388 = CARTESIAN_POINT ( 'NONE',  ( -2.399999999999998579, 0.3063250300240242252, -0.9499999999999986233 ) ) ;
#2389 = SURFACE_STYLE_USAGE ( .BOTH. , #5676 ) ;
#2390 = ORIENTED_EDGE ( 'NONE', *, *, #4395, .T. ) ;
#2391 = EDGE_CURVE ( 'NONE', #2590, #6502, #6860, .T. ) ;
#2392 = SURFACE_STYLE_USAGE ( .BOTH. , #715 ) ;
#2393 = CARTESIAN_POINT ( 'NONE',  ( 1.700000000200000194, 1.050000000000000044, -0.5000000000000013323 ) ) ;
#2394 = ORIENTED_EDGE ( 'NONE', *, *, #5252, .T. ) ;
#2395 = FACE_OUTER_BOUND ( 'NONE', #4420, .T. ) ;
#2396 = LINE ( 'NONE', #1353, #1049 ) ;
#2397 = PLANE ( 'NONE',  #4385 ) ;
#2398 = DIRECTION ( 'NONE',  ( 1.000000000000000000, -0.000000000000000000, -0.000000000000000000 ) ) ;
#2399 = ORIENTED_EDGE ( 'NONE', *, *, #3666, .T. ) ;
#2400 = FACE_OUTER_BOUND ( 'NONE', #4697, .T. ) ;
#2401 = ORIENTED_EDGE ( 'NONE', *, *, #3042, .F. ) ;
#2402 = DIRECTION ( 'NONE',  ( -1.000000000000000000, 0.000000000000000000, -0.000000000000000000 ) ) ;
#2403 = EDGE_CURVE ( 'NONE', #6129, #1043, #3497, .T. ) ;
#2404 = VECTOR ( 'NONE', #852, 1000.000000000000000 ) ;
#2405 = ADVANCED_FACE ( 'NONE', ( #2888 ), #830, .F. ) ;
#2406 = CARTESIAN_POINT ( 'NONE',  ( 0.5000000000000039968, 2.639999999999999236, -0.3249999999999970690 ) ) ;
#2407 = DIRECTION ( 'NONE',  ( 0.1710878697460308795, -0.9702875252478155854, 0.1710878697460308795 ) ) ;
#2408 = ORIENTED_EDGE ( 'NONE', *, *, #28, .F. ) ;
#2409 = ORIENTED_EDGE ( 'NONE', *, *, #4939, .F. ) ;
#2410 = AXIS2_PLACEMENT_3D ( 'NONE', #5919, #2084, #1114 ) ;
#2411 = DIRECTION ( 'NONE',  ( 1.000000000000000000, 0.000000000000000000, 0.000000000000000000 ) ) ;
#2412 = CARTESIAN_POINT ( 'NONE',  ( -2.699999999999999289, 0.4500000000000001221, 1.000000000000001776 ) ) ;
#2413 = LINE ( 'NONE', #5624, #2260 ) ;
#2414 = PRESENTATION_LAYER_ASSIGNMENT (  '', '', ( #4552 ) ) ;
#2415 =( LENGTH_UNIT ( ) NAMED_UNIT ( * ) SI_UNIT ( .MILLI., .METRE. ) );
#2416 = VECTOR ( 'NONE', #1942, 1000.000000000000000 ) ;
#2417 = ADVANCED_FACE ( 'NONE', ( #933 ), #2069, .F. ) ;
#2418 = FACE_OUTER_BOUND ( 'NONE', #6427, .T. ) ;
#2419 = LINE ( 'NONE', #2493, #5368 ) ;
#2420 = STYLED_ITEM ( 'NONE', ( #3146 ), #4803 ) ;
#2421 = ORIENTED_EDGE ( 'NONE', *, *, #5040, .F. ) ;
#2422 = ORIENTED_EDGE ( 'NONE', *, *, #197, .T. ) ;
#2423 = EDGE_LOOP ( 'NONE', ( #5805, #2553, #3934, #6884 ) ) ;
#2424 = ORIENTED_EDGE ( 'NONE', *, *, #6334, .F. ) ;
#2425 =( NAMED_UNIT ( * ) PLANE_ANGLE_UNIT ( ) SI_UNIT ( $, .RADIAN. ) );
#2426 =( LENGTH_UNIT ( ) NAMED_UNIT ( * ) SI_UNIT ( .MILLI., .METRE. ) );
#2427 = EDGE_LOOP ( 'NONE', ( #3361, #782, #3971, #5044 ) ) ;
#2428 = LINE ( 'NONE', #3571, #586 ) ;
#2429 = DIRECTION ( 'NONE',  ( -1.000000000000000000, 0.000000000000000000, -0.000000000000000000 ) ) ;
#2430 = LINE ( 'NONE', #5116, #3413 ) ;
#2431 = AXIS2_PLACEMENT_3D ( 'NONE', #726, #4928, #4381 ) ;
#2432 = CARTESIAN_POINT ( 'NONE',  ( 1.170530792283387189, 2.639999999999999236, 0.1155307922833858081 ) ) ;
#2433 = ADVANCED_FACE ( 'NONE', ( #3671 ), #6265, .F. ) ;
#2434 = VERTEX_POINT ( 'NONE', #2534 ) ;
#2435 = CARTESIAN_POINT ( 'NONE',  ( 0.3000000000000017653, 2.239999999999990443, 0.04500000000000296124 ) ) ;
#2436 = CARTESIAN_POINT ( 'NONE',  ( -2.699999999999999289, 0.05000000000000000971, 0.5500000000000018208 ) ) ;
#2437 = ORIENTED_EDGE ( 'NONE', *, *, #3012, .T. ) ;
#2438 = CARTESIAN_POINT ( 'NONE',  ( -2.699999999999998401, 1.000000000000000000, -0.2499999999999984457 ) ) ;
#2439 = EDGE_LOOP ( 'NONE', ( #6144, #6401, #1055, #4466 ) ) ;
#2440 = VECTOR ( 'NONE', #2052, 1000.000000000000000 ) ;
#2441 = CARTESIAN_POINT ( 'NONE',  ( -0.3249999999999967359, 0.04999999999999997502, 1.200000000000001288 ) ) ;
#2442 = CARTESIAN_POINT ( 'NONE',  ( -2.199999999999998845, 0.1000000012999997384, 0.05000000000812666184 ) ) ;
#2443 = ADVANCED_FACE ( 'NONE', ( #1415 ), #902, .F. ) ;
#2444 = CARTESIAN_POINT ( 'NONE',  ( -1.074999999999998623, 2.639999999999998348, -0.6999999999999982903 ) ) ;
#2445 = CARTESIAN_POINT ( 'NONE',  ( -1.274999999999998357, 0.4500000002000000832, 0.5500000000000018208 ) ) ;
#2446 = COLOUR_RGB ( '',0.7960784313725489669, 0.8235294117647058432, 0.9372549019607843146 ) ;
#2447 = ORIENTED_EDGE ( 'NONE', *, *, #1903, .T. ) ;
#2448 = ORIENTED_EDGE ( 'NONE', *, *, #3659, .F. ) ;
#2449 = DIRECTION ( 'NONE',  ( 0.000000000000000000, 0.000000000000000000, -1.000000000000000000 ) ) ;
#2450 =( LENGTH_UNIT ( ) NAMED_UNIT ( * ) SI_UNIT ( .MILLI., .METRE. ) );
#2451 = DIRECTION ( 'NONE',  ( 0.000000000000000000, 0.000000000000000000, 1.000000000000000000 ) ) ;
#2452 = CARTESIAN_POINT ( 'NONE',  ( 1.275000000000001465, 0.1999999999999999278, 1.249999999999998224 ) ) ;
#2453 = ADVANCED_FACE ( 'NONE', ( #6366 ), #960, .F. ) ;
#2454 = MECHANICAL_DESIGN_GEOMETRIC_PRESENTATION_REPRESENTATION (  '', ( #5279 ), #6385 ) ;
#2455 = DIRECTION ( 'NONE',  ( -1.000000000000000000, -0.000000000000000000, -0.000000000000000000 ) ) ;
#2456 = DIRECTION ( 'NONE',  ( -1.000000000000000000, 0.000000000000000000, 0.000000000000000000 ) ) ;
#2457 = EDGE_LOOP ( 'NONE', ( #4945, #252, #2302, #1758 ) ) ;
#2458 = LINE ( 'NONE', #1933, #2150 ) ;
#2459 = ADVANCED_FACE ( 'NONE', ( #3640 ), #6300, .F. ) ;
#2460 = ORIENTED_EDGE ( 'NONE', *, *, #2610, .F. ) ;
#2461 =( LENGTH_UNIT ( ) NAMED_UNIT ( * ) SI_UNIT ( .MILLI., .METRE. ) );
#2462 = EDGE_LOOP ( 'NONE', ( #2531, #260, #1399, #5576, #1694 ) ) ;
#2463 = DIRECTION ( 'NONE',  ( -1.000000000000000000, 0.000000000000000000, 0.000000000000000000 ) ) ;
#2464 = ORIENTED_EDGE ( 'NONE', *, *, #2403, .F. ) ;
#2465 = LINE ( 'NONE', #3118, #6468 ) ;
#2466 = ADVANCED_FACE ( 'NONE', ( #2568 ), #5840, .F. ) ;
#2467 = AXIS2_PLACEMENT_3D ( 'NONE', #5225, #2007, #390 ) ;
#2468 = SURFACE_STYLE_FILL_AREA ( #4092 ) ;
#2469 = UNCERTAINTY_MEASURE_WITH_UNIT (LENGTH_MEASURE( 1.000000000000000082E-05 ), #2707, 'distance_accuracy_value', 'NONE');
#2470 = ORIENTED_EDGE ( 'NONE', *, *, #2183, .T. ) ;
#2471 = FACE_OUTER_BOUND ( 'NONE', #422, .T. ) ;
#2472 = PRESENTATION_STYLE_ASSIGNMENT (( #325 ) ) ;
#2473 = EDGE_CURVE ( 'NONE', #4140, #4478, #6231, .T. ) ;
#2474 = DIRECTION ( 'NONE',  ( 0.000000000000000000, 1.000000000000000000, 0.000000000000000000 ) ) ;
#2475 = DIRECTION ( 'NONE',  ( -1.000000000000000000, 0.000000000000000000, 1.355252715606883008E-16 ) ) ;
#2476 = SURFACE_STYLE_FILL_AREA ( #4099 ) ;
#2477 = ORIENTED_EDGE ( 'NONE', *, *, #5473, .T. ) ;
#2478 = CARTESIAN_POINT ( 'NONE',  ( 1.275000000000001465, 0.05000000000000030809, 1.249999999999998224 ) ) ;
#2479 = ORIENTED_EDGE ( 'NONE', *, *, #3038, .F. ) ;
#2480 = CARTESIAN_POINT ( 'NONE',  ( -1.124999999999998446, 0.4500000002000000832, 0.5500000000000018208 ) ) ;
#2481 = DIRECTION ( 'NONE',  ( -1.000000000000000000, 0.000000000000000000, 1.355252715606883008E-16 ) ) ;
#2482 = ORIENTED_EDGE ( 'NONE', *, *, #6532, .F. ) ;
#2483 = ORIENTED_EDGE ( 'NONE', *, *, #1024, .F. ) ;
#2484 = MECHANICAL_DESIGN_GEOMETRIC_PRESENTATION_REPRESENTATION (  '', ( #468 ), #3289 ) ;
#2485 = DIRECTION ( 'NONE',  ( 0.000000000000000000, 0.000000000000000000, 1.000000000000000000 ) ) ;
#2486 = PLANE ( 'NONE',  #5973 ) ;
#2487 = FILL_AREA_STYLE ('',( #6755 ) ) ;
#2488 = CARTESIAN_POINT ( 'NONE',  ( 1.700000000000000622, 2.639999999999999236, -0.5000000000000013323 ) ) ;
#2489 = EDGE_CURVE ( 'NONE', #6651, #6129, #5187, .T. ) ;
#2490 = MANIFOLD_SOLID_BREP ( 'Body-Move/Copy5[9]', #6890 ) ;
#2491 = VECTOR ( 'NONE', #6679, 1000.000000000000000 ) ;
#2492 = LINE ( 'NONE', #6388, #6949 ) ;
#2493 = CARTESIAN_POINT ( 'NONE',  ( 1.275000000000001465, 0.4500000002000000277, 0.5499999999999989342 ) ) ;
#2494 = COLOUR_RGB ( '',0.7960784313725489669, 0.8235294117647058432, 0.9372549019607843146 ) ;
#2495 = ORIENTED_EDGE ( 'NONE', *, *, #4428, .T. ) ;
#2496 =( NAMED_UNIT ( * ) SI_UNIT ( $, .STERADIAN. ) SOLID_ANGLE_UNIT ( ) );
#2497 = VECTOR ( 'NONE', #6760, 1000.000000000000000 ) ;
#2498 = EDGE_CURVE ( 'NONE', #4857, #2850, #355, .T. ) ;
#2499 = MANIFOLD_SOLID_BREP ( 'LPattern5[2]', #2163 ) ;
#2500 = PRESENTATION_STYLE_ASSIGNMENT (( #352 ) ) ;
#2501 = VERTEX_POINT ( 'NONE', #2671 ) ;
#2502 = COLOUR_RGB ( '',0.7960784313725489669, 0.8235294117647058432, 0.9372549019607843146 ) ;
#2503 = ADVANCED_FACE ( 'NONE', ( #2774 ), #3766, .F. ) ;
#2504 = FILL_AREA_STYLE_COLOUR ( '', #790 ) ;
#2505 = DIRECTION ( 'NONE',  ( 0.000000000000000000, 0.5150380749100552658, 0.8571673007021116675 ) ) ;
#2506 = VERTEX_POINT ( 'NONE', #6970 ) ;
#2507 = LINE ( 'NONE', #872, #6577 ) ;
#2508 = MECHANICAL_DESIGN_GEOMETRIC_PRESENTATION_REPRESENTATION (  '', ( #2378 ), #1165 ) ;
#2509 = LINE ( 'NONE', #1976, #5216 ) ;
#2510 = EDGE_CURVE ( 'NONE', #3667, #3743, #5975, .T. ) ;
#2511 = CARTESIAN_POINT ( 'NONE',  ( 0.4750000000000033085, 0.4500000002000000277, 0.6556624325871229786 ) ) ;
#2512 = PRESENTATION_STYLE_ASSIGNMENT (( #366 ) ) ;
#2513 = EDGE_LOOP ( 'NONE', ( #6173, #6562, #739, #5547 ) ) ;
#2514 = PLANE ( 'NONE',  #421 ) ;
#2515 =( NAMED_UNIT ( * ) PLANE_ANGLE_UNIT ( ) SI_UNIT ( $, .RADIAN. ) );
#2516 = FILL_AREA_STYLE ('',( #5238 ) ) ;
#2517 = CARTESIAN_POINT ( 'NONE',  ( 1.300000000000002043, 1.050000000000000044, -0.8249999999999998446 ) ) ;
#2518 = EDGE_LOOP ( 'NONE', ( #2061, #3371, #1992, #2570 ) ) ;
#2519 = ORIENTED_EDGE ( 'NONE', *, *, #3666, .F. ) ;
#2520 = DIRECTION ( 'NONE',  ( 1.000000000000000000, 0.000000000000000000, 0.000000000000000000 ) ) ;
#2521 = LINE ( 'NONE', #6825, #963 ) ;
#2522 = EDGE_CURVE ( 'NONE', #4352, #5004, #609, .T. ) ;
#2523 = DIRECTION ( 'NONE',  ( 1.000000000000000000, 0.000000000000000000, -0.000000000000000000 ) ) ;
#2524 = DIRECTION ( 'NONE',  ( 0.000000000000000000, -1.000000000000000000, 0.000000000000000000 ) ) ;
#2525 = ORIENTED_EDGE ( 'NONE', *, *, #4824, .F. ) ;
#2526 = AXIS2_PLACEMENT_3D ( 'NONE', #3882, #1802, #1287 ) ;
#2527 = ADVANCED_FACE ( 'NONE', ( #1170, #3317 ), #3286, .F. ) ;
#2528 = AXIS2_PLACEMENT_3D ( 'NONE', #2313, #4335, #3899 ) ;
#2529 = VERTEX_POINT ( 'NONE', #4936 ) ;
#2530 = DIRECTION ( 'NONE',  ( -1.000000000000000000, -0.000000000000000000, 0.000000000000000000 ) ) ;
#2531 = ORIENTED_EDGE ( 'NONE', *, *, #3750, .F. ) ;
#2532 = VECTOR ( 'NONE', #6772, 1000.000000000000000 ) ;
#2533 = EDGE_CURVE ( 'NONE', #4962, #400, #6013, .T. ) ;
#2534 = CARTESIAN_POINT ( 'NONE',  ( -2.399999999999998579, 0.3499999999999999778, 0.05000000001625162782 ) ) ;
#2535 = DIRECTION ( 'NONE',  ( 0.000000000000000000, -0.1736481776669258625, -0.9848077530122089085 ) ) ;
#2536 = ORIENTED_EDGE ( 'NONE', *, *, #3366, .T. ) ;
#2537 = LINE ( 'NONE', #3643, #6016 ) ;
#2538 = ADVANCED_FACE ( 'NONE', ( #3249 ), #5878, .F. ) ;
#2539 = UNCERTAINTY_MEASURE_WITH_UNIT (LENGTH_MEASURE( 1.000000000000000082E-05 ), #2548, 'distance_accuracy_value', 'NONE');
#2540 = FACE_OUTER_BOUND ( 'NONE', #3649, .T. ) ;
#2541 = DIRECTION ( 'NONE',  ( 0.000000000000000000, 0.000000000000000000, 1.000000000000000000 ) ) ;
#2542 = MANIFOLD_SOLID_BREP ( 'Body-Move/Copy5[7]', #3745 ) ;
#2543 = LINE ( 'NONE', #4729, #5071 ) ;
#2544 = STYLED_ITEM ( 'NONE', ( #600 ), #1678 ) ;
#2545 = ORIENTED_EDGE ( 'NONE', *, *, #5182, .F. ) ;
#2546 = FACE_OUTER_BOUND ( 'NONE', #6391, .T. ) ;
#2547 = SURFACE_STYLE_USAGE ( .BOTH. , #1523 ) ;
#2548 =( LENGTH_UNIT ( ) NAMED_UNIT ( * ) SI_UNIT ( .MILLI., .METRE. ) );
#2549 = COLOUR_RGB ( '',0.7960784313725489669, 0.8235294117647058432, 0.9372549019607843146 ) ;
#2550 = PRESENTATION_LAYER_ASSIGNMENT (  '', '', ( #5263 ) ) ;
#2551 = DIRECTION ( 'NONE',  ( 0.000000000000000000, -0.000000000000000000, -1.000000000000000000 ) ) ;
#2552 = CARTESIAN_POINT ( 'NONE',  ( 2.200000000000001066, 1.000000000000000000, -0.9499999999843763421 ) ) ;
#2553 = ORIENTED_EDGE ( 'NONE', *, *, #5040, .T. ) ;
#2554 = AXIS2_PLACEMENT_3D ( 'NONE', #3509, #658, #3880 ) ;
#2555 = LINE ( 'NONE', #1434, #4497 ) ;
#2556 = CARTESIAN_POINT ( 'NONE',  ( 1.275000000000001465, -4.042787761810355684E-17, 1.199999999999997957 ) ) ;
#2557 = SURFACE_STYLE_FILL_AREA ( #4639 ) ;
#2558 = VERTEX_POINT ( 'NONE', #1980 ) ;
#2559 = EDGE_CURVE ( 'NONE', #3113, #1623, #6575, .T. ) ;
#2560 = PLANE ( 'NONE',  #1229 ) ;
#2561 = ADVANCED_FACE ( 'NONE', ( #5267 ), #2079, .F. ) ;
#2562 = VERTEX_POINT ( 'NONE', #435 ) ;
#2563 = VECTOR ( 'NONE', #5112, 1000.000000000000000 ) ;
#2564 = VECTOR ( 'NONE', #1881, 1000.000000000000000 ) ;
#2565 = SURFACE_STYLE_USAGE ( .BOTH. , #424 ) ;
#2566 = EDGE_CURVE ( 'NONE', #2105, #5093, #5815, .T. ) ;
#2567 = FACE_OUTER_BOUND ( 'NONE', #142, .T. ) ;
#2568 = FACE_OUTER_BOUND ( 'NONE', #6648, .T. ) ;
#2569 = DIRECTION ( 'NONE',  ( 1.000000000000000000, -0.000000000000000000, 0.000000000000000000 ) ) ;
#2570 = ORIENTED_EDGE ( 'NONE', *, *, #916, .T. ) ;
#2571 = VECTOR ( 'NONE', #3515, 1000.000000000000000 ) ;
#2572 = LINE ( 'NONE', #964, #6700 ) ;
#2573 = DIRECTION ( 'NONE',  ( 0.000000000000000000, 0.7071067811865355823, -0.7071067811865594521 ) ) ;
#2574 = CARTESIAN_POINT ( 'NONE',  ( 0.5250000000000039080, 1.050000000000000044, -0.8099999999999991651 ) ) ;
#2575 = PRESENTATION_STYLE_ASSIGNMENT (( #3121 ) ) ;
#2576 = FACE_OUTER_BOUND ( 'NONE', #2764, .T. ) ;
#2577 = ORIENTED_EDGE ( 'NONE', *, *, #5370, .F. ) ;
#2578 = VECTOR ( 'NONE', #4012, 1000.000000000000000 ) ;
#2579 = CARTESIAN_POINT ( 'NONE',  ( 2.400000000000000799, 0.1199999999999999956, -0.9500000000000011768 ) ) ;
#2580 = VECTOR ( 'NONE', #4788, 1000.000000000000000 ) ;
#2581 = CARTESIAN_POINT ( 'NONE',  ( -2.399999999999998579, 1.000000000000000000, -0.2499999999999983902 ) ) ;
#2582 = CARTESIAN_POINT ( 'NONE',  ( 0.5573992731603608641, 1.914472545666378256, -0.2676007268396403127 ) ) ;
#2583 = PRESENTATION_STYLE_ASSIGNMENT (( #444 ) ) ;
#2584 = LINE ( 'NONE', #4736, #6588 ) ;
#2585 = VERTEX_POINT ( 'NONE', #3577 ) ;
#2586 = PLANE ( 'NONE',  #3283 ) ;
#2587 = DIRECTION ( 'NONE',  ( 0.000000000000000000, -0.1736481776669255295, 0.9848077530122090195 ) ) ;
#2588 = LINE ( 'NONE', #5864, #6322 ) ;
#2589 = DIRECTION ( 'NONE',  ( -0.000000000000000000, -0.000000000000000000, 1.000000000000000000 ) ) ;
#2590 = VERTEX_POINT ( 'NONE', #5714 ) ;
#2591 = VECTOR ( 'NONE', #3978, 1000.000000000000000 ) ;
#2592 = SURFACE_SIDE_STYLE ('',( #6429 ) ) ;
#2593 = EDGE_CURVE ( 'NONE', #889, #5184, #6873, .T. ) ;
#2594 = ORIENTED_EDGE ( 'NONE', *, *, #3529, .T. ) ;
#2595 = PRESENTATION_LAYER_ASSIGNMENT (  '', '', ( #468 ) ) ;
#2596 = ORIENTED_EDGE ( 'NONE', *, *, #2276, .T. ) ;
#2597 = MANIFOLD_SOLID_BREP ( 'Body-Move/Copy5[4]', #4407 ) ;
#2598 = ORIENTED_EDGE ( 'NONE', *, *, #5463, .T. ) ;
#2599 = SURFACE_STYLE_USAGE ( .BOTH. , #6744 ) ;
#2600 = VECTOR ( 'NONE', #3961, 1000.000000000000000 ) ;
#2601 = DIRECTION ( 'NONE',  ( -1.000000000000000000, 0.000000000000000000, 0.000000000000000000 ) ) ;
#2602 = CARTESIAN_POINT ( 'NONE',  ( 0.5000000000000031086, 2.239999999999990443, 0.04500000000000294043 ) ) ;
#2603 = ORIENTED_EDGE ( 'NONE', *, *, #4261, .F. ) ;
#2604 = CARTESIAN_POINT ( 'NONE',  ( 1.256666666666667709, 2.196666666666666323, 0.1066666666666657159 ) ) ;
#2605 =( LENGTH_UNIT ( ) NAMED_UNIT ( * ) SI_UNIT ( .MILLI., .METRE. ) );
#2606 = UNCERTAINTY_MEASURE_WITH_UNIT (LENGTH_MEASURE( 1.000000000000000082E-05 ), #5417, 'distance_accuracy_value', 'NONE');
#2607 = DIRECTION ( 'NONE',  ( -0.000000000000000000, 0.7071067811865595631, 0.7071067811865355823 ) ) ;
#2608 = LINE ( 'NONE', #4831, #4688 ) ;
#2609 = DIRECTION ( 'NONE',  ( 1.334663381620508699E-16, -0.1736481776669258625, 0.9848077530122089085 ) ) ;
#2610 = EDGE_CURVE ( 'NONE', #3068, #2081, #397, .T. ) ;
#2611 = MANIFOLD_SOLID_BREP ( 'LPattern5[1]', #5766 ) ;
#2612 = CLOSED_SHELL ( 'NONE', ( #434, #1648, #4901, #4883, #2270, #350, #1678, #2538, #2417, #6033 ) ) ;
#2613 = ORIENTED_EDGE ( 'NONE', *, *, #4241, .F. ) ;
#2614 =( LENGTH_UNIT ( ) NAMED_UNIT ( * ) SI_UNIT ( .MILLI., .METRE. ) );
#2615 = CARTESIAN_POINT ( 'NONE',  ( -0.4999999999999982792, 2.639999999999999236, 0.04500000000000296124 ) ) ;
#2616 = AXIS2_PLACEMENT_3D ( 'NONE', #2196, #1079, #550 ) ;
#2617 = FILL_AREA_STYLE ('',( #6850 ) ) ;
#2618 = ORIENTED_EDGE ( 'NONE', *, *, #118, .F. ) ;
#2619 = DIRECTION ( 'NONE',  ( 0.000000000000000000, -1.000000000000000000, -1.115385494969530056E-10 ) ) ;
#2620 = CARTESIAN_POINT ( 'NONE',  ( 1.325000000000001954, 2.639999999999999236, -0.7000000000000012879 ) ) ;
#2621 = EDGE_CURVE ( 'NONE', #6244, #1097, #2608, .T. ) ;
#2622 = CARTESIAN_POINT ( 'NONE',  ( -0.2999999999999968803, 2.639999999999999236, 0.04500000000000294043 ) ) ;
#2623 = CARTESIAN_POINT ( 'NONE',  ( 1.700000000400001765, 1.050000000000000044, 0.09999999999999883982 ) ) ;
#2624 = MANIFOLD_SOLID_BREP ( 'Body-Move/Copy6[3]', #707 ) ;
#2625 = EDGE_CURVE ( 'NONE', #781, #5560, #6545, .T. ) ;
#2626 = ORIENTED_EDGE ( 'NONE', *, *, #1782, .F. ) ;
#2627 = CARTESIAN_POINT ( 'NONE',  ( -0.3249999999999967359, 0.04999999999999997502, 1.200000000000001288 ) ) ;
#2628 = CARTESIAN_POINT ( 'NONE',  ( 0.5250000000000039080, 1.050000000000000044, -0.8099999999999991651 ) ) ;
#2629 = CARTESIAN_POINT ( 'NONE',  ( -1.700000000599999339, 1.050000000000000044, -0.6999999999999985123 ) ) ;
#2630 = FACE_OUTER_BOUND ( 'NONE', #860, .T. ) ;
#2631 = EDGE_LOOP ( 'NONE', ( #6178, #4538, #255, #5941 ) ) ;
#2632 = EDGE_CURVE ( 'NONE', #5925, #5097, #3970, .T. ) ;
#2633 = VECTOR ( 'NONE', #3999, 1000.000000000000000 ) ;
#2634 = ORIENTED_EDGE ( 'NONE', *, *, #3292, .F. ) ;
#2635 = DIRECTION ( 'NONE',  ( 0.000000000000000000, -0.5000000000000039968, -0.8660254037844363761 ) ) ;
#2636 = ORIENTED_EDGE ( 'NONE', *, *, #3478, .F. ) ;
#2637 = FACE_OUTER_BOUND ( 'NONE', #1686, .T. ) ;
#2638 = DIRECTION ( 'NONE',  ( -1.000000000000000000, 0.000000000000000000, 0.000000000000000000 ) ) ;
#2639 = CARTESIAN_POINT ( 'NONE',  ( -2.399999999999998579, 0.2063250300240242197, -0.9499999999999984013 ) ) ;
#2640 = ORIENTED_EDGE ( 'NONE', *, *, #2855, .F. ) ;
#2641 = STYLED_ITEM ( 'NONE', ( #3 ), #4272 ) ;
#2642 =( LENGTH_UNIT ( ) NAMED_UNIT ( * ) SI_UNIT ( .MILLI., .METRE. ) );
#2643 = CARTESIAN_POINT ( 'NONE',  ( 2.200000000000001066, 0.3063250300240242252, -0.9500000000000013989 ) ) ;
#2644 = VECTOR ( 'NONE', #4981, 1000.000000000000000 ) ;
#2645 = CARTESIAN_POINT ( 'NONE',  ( 1.810000000000001386, 2.750000000000000000, -0.5000000000000013323 ) ) ;
#2646 = EDGE_LOOP ( 'NONE', ( #710, #212, #2408, #2235 ) ) ;
#2647 = CARTESIAN_POINT ( 'NONE',  ( 1.125000000000001332, -4.042787761810355684E-17, 0.6499999999999983569 ) ) ;
#2648 = DIRECTION ( 'NONE',  ( -0.000000000000000000, 1.000000000000000000, -0.000000000000000000 ) ) ;
#2649 = ORIENTED_EDGE ( 'NONE', *, *, #5247, .F. ) ;
#2650 = AXIS2_PLACEMENT_3D ( 'NONE', #1405, #5069, #1299 ) ;
#2651 = EDGE_CURVE ( 'NONE', #2198, #400, #6118, .T. ) ;
#2652 = CARTESIAN_POINT ( 'NONE',  ( -2.199999999999998845, 0.6936749699759758858, -0.8499999999999985345 ) ) ;
#2653 = FACE_OUTER_BOUND ( 'NONE', #2091, .T. ) ;
#2654 = SURFACE_STYLE_USAGE ( .BOTH. , #514 ) ;
#2655 = CARTESIAN_POINT ( 'NONE',  ( 5.600000000000001421, 2.639999999999999236, -0.7544692077166141875 ) ) ;
#2656 = EDGE_LOOP ( 'NONE', ( #6081, #4317, #2422, #2448 ) ) ;
#2657 = EDGE_CURVE ( 'NONE', #1363, #3833, #2112, .T. ) ;
#2658 = DIRECTION ( 'NONE',  ( 0.000000000000000000, 0.000000000000000000, -1.000000000000000000 ) ) ;
#2659 = CARTESIAN_POINT ( 'NONE',  ( -1.099999999999997646, 1.050000000000000044, -0.8249999999999970690 ) ) ;
#2660 = DIRECTION ( 'NONE',  ( 0.000000000000000000, 0.000000000000000000, -1.000000000000000000 ) ) ;
#2661 = VECTOR ( 'NONE', #561, 1000.000000000000000 ) ;
#2662 = ORIENTED_EDGE ( 'NONE', *, *, #5500, .T. ) ;
#2663 = AXIS2_PLACEMENT_3D ( 'NONE', #1732, #760, #1253 ) ;
#2664 = CARTESIAN_POINT ( 'NONE',  ( -2.399999999999998579, 0.6000000000000000888, -0.9149999999999980371 ) ) ;
#2665 =( NAMED_UNIT ( * ) PLANE_ANGLE_UNIT ( ) SI_UNIT ( $, .RADIAN. ) );
#2666 = ORIENTED_EDGE ( 'NONE', *, *, #3372, .T. ) ;
#2667 = CARTESIAN_POINT ( 'NONE',  ( 1.275000000000001465, -4.042787761810355684E-17, 1.199999999999997957 ) ) ;
#2668 = EDGE_LOOP ( 'NONE', ( #4635, #6937, #1894, #5076 ) ) ;
#2669 = EDGE_CURVE ( 'NONE', #5726, #4193, #5492, .T. ) ;
#2670 = CARTESIAN_POINT ( 'NONE',  ( 1.275000000000001465, 0.1999999999999999278, 1.249999999999998224 ) ) ;
#2671 = CARTESIAN_POINT ( 'NONE',  ( 0.3705307922833874223, 2.639999999999999236, 0.2744692077166173139 ) ) ;
#2672 = PLANE ( 'NONE',  #5823 ) ;
#2673 = VECTOR ( 'NONE', #5441, 1000.000000000000000 ) ;
#2674 = ORIENTED_EDGE ( 'NONE', *, *, #6280, .F. ) ;
#2675 = EDGE_CURVE ( 'NONE', #6612, #5661, #2808, .T. ) ;
#2676 = FACE_OUTER_BOUND ( 'NONE', #2727, .T. ) ;
#2677 = MECHANICAL_DESIGN_GEOMETRIC_PRESENTATION_REPRESENTATION (  '', ( #519 ), #2223 ) ;
#2678 = UNCERTAINTY_MEASURE_WITH_UNIT (LENGTH_MEASURE( 1.000000000000000082E-05 ), #491, 'distance_accuracy_value', 'NONE');
#2679 = CARTESIAN_POINT ( 'NONE',  ( -1.124999999999998446, 0.000000000000000000, 0.6500000000000011324 ) ) ;
#2680 = CARTESIAN_POINT ( 'NONE',  ( 1.100000000000001643, 1.050000000000000044, 0.3450000000000001399 ) ) ;
#2681 = AXIS2_PLACEMENT_3D ( 'NONE', #6630, #2299, #764 ) ;
#2682 = ORIENTED_EDGE ( 'NONE', *, *, #1809, .T. ) ;
#2683 = CARTESIAN_POINT ( 'NONE',  ( 1.940000000000001279, 1.050000000000000044, 0.09999999999999879818 ) ) ;
#2684 = EDGE_LOOP ( 'NONE', ( #4712, #587, #735, #4708 ) ) ;
#2685 = EDGE_CURVE ( 'NONE', #2275, #6559, #5328, .T. ) ;
#2686 = CARTESIAN_POINT ( 'NONE',  ( -1.809999999999999165, 2.750000000000000000, -0.9999999999999986677 ) ) ;
#2687 = CARTESIAN_POINT ( 'NONE',  ( 1.300000000000002043, 1.050000000000000044, -0.8249999999999998446 ) ) ;
#2688 = DIRECTION ( 'NONE',  ( 0.000000000000000000, -0.000000000000000000, 1.000000000000000000 ) ) ;
#2689 = CARTESIAN_POINT ( 'NONE',  ( 1.275000000000001465, 0.4500000002000000277, 0.6556624325871202030 ) ) ;
#2690 = ORIENTED_EDGE ( 'NONE', *, *, #1213, .T. ) ;
#2691 = DIRECTION ( 'NONE',  ( -0.000000000000000000, -1.000000000000000000, -0.000000000000000000 ) ) ;
#2692 = ORIENTED_EDGE ( 'NONE', *, *, #3032, .F. ) ;
#2693 = SURFACE_SIDE_STYLE ('',( #2230 ) ) ;
#2694 = VECTOR ( 'NONE', #5011, 1000.000000000000000 ) ;
#2695 = ORIENTED_EDGE ( 'NONE', *, *, #6141, .T. ) ;
#2696 = CARTESIAN_POINT ( 'NONE',  ( 2.200000000000001066, 1.000000000000000000, -0.9499999999843763421 ) ) ;
#2697 =( LENGTH_UNIT ( ) NAMED_UNIT ( * ) SI_UNIT ( .MILLI., .METRE. ) );
#2698 = CARTESIAN_POINT ( 'NONE',  ( 2.400000000000000799, 0.3063250300240242252, -0.8500000000000013101 ) ) ;
#2699 = STYLED_ITEM ( 'NONE', ( #3018 ), #2098 ) ;
#2700 = ORIENTED_EDGE ( 'NONE', *, *, #1944, .F. ) ;
#2701 = EDGE_CURVE ( 'NONE', #6163, #3691, #702, .T. ) ;
#2702 = DIRECTION ( 'NONE',  ( 0.000000000000000000, 0.000000000000000000, -1.000000000000000000 ) ) ;
#2703 = EDGE_LOOP ( 'NONE', ( #5391, #5619, #4762, #94 ) ) ;
#2704 = COLOUR_RGB ( '',0.7960784313725489669, 0.8235294117647058432, 0.9372549019607843146 ) ;
#2705 = VECTOR ( 'NONE', #3589, 1000.000000000000000 ) ;
#2706 = CARTESIAN_POINT ( 'NONE',  ( 1.100000000000002531, 2.639999999999999236, -0.3249999999999999001 ) ) ;
#2707 =( LENGTH_UNIT ( ) NAMED_UNIT ( * ) SI_UNIT ( .MILLI., .METRE. ) );
#2708 =( NAMED_UNIT ( * ) SI_UNIT ( $, .STERADIAN. ) SOLID_ANGLE_UNIT ( ) );
#2709 = ORIENTED_EDGE ( 'NONE', *, *, #3372, .F. ) ;
#2710 = PRESENTATION_STYLE_ASSIGNMENT (( #1618 ) ) ;
#2711 = VECTOR ( 'NONE', #296, 1000.000000000000227 ) ;
#2712 = DIRECTION ( 'NONE',  ( 1.000000000000000000, 0.000000000000000000, 0.000000000000000000 ) ) ;
#2713 = EDGE_CURVE ( 'NONE', #2314, #6549, #4968, .T. ) ;
#2714 = VECTOR ( 'NONE', #1230, 1000.000000000000000 ) ;
#2715 = EDGE_CURVE ( 'NONE', #6419, #3159, #737, .T. ) ;
#2716 = STYLED_ITEM ( 'NONE', ( #2971 ), #1407 ) ;
#2717 = DIRECTION ( 'NONE',  ( 0.000000000000000000, 0.000000000000000000, -1.000000000000000000 ) ) ;
#2718 = DIRECTION ( 'NONE',  ( 0.000000000000000000, -1.000000000000000000, -1.857148025303053679E-09 ) ) ;
#2719 = ORIENTED_EDGE ( 'NONE', *, *, #1088, .T. ) ;
#2720 = DIRECTION ( 'NONE',  ( 0.000000000000000000, 0.000000000000000000, 1.000000000000000000 ) ) ;
#2721 = SURFACE_SIDE_STYLE ('',( #1182 ) ) ;
#2722 = PLANE ( 'NONE',  #1578 ) ;
#2723 = DIRECTION ( 'NONE',  ( 0.000000000000000000, 0.000000000000000000, -1.000000000000000000 ) ) ;
#2724 = EDGE_CURVE ( 'NONE', #1914, #5977, #2273, .T. ) ;
#2725 = PRESENTATION_LAYER_ASSIGNMENT (  '', '', ( #3845 ) ) ;
#2726 = DIRECTION ( 'NONE',  ( 0.000000000000000000, 0.000000000000000000, -1.000000000000000000 ) ) ;
#2727 = EDGE_LOOP ( 'NONE', ( #2779, #6019, #5618, #2603, #3931 ) ) ;
#2728 = VECTOR ( 'NONE', #4583, 1000.000000000000000 ) ;
#2729 = CARTESIAN_POINT ( 'NONE',  ( 1.100000000000001643, 2.639999999999999236, 0.04500000000000014405 ) ) ;
#2730 = CARTESIAN_POINT ( 'NONE',  ( -1.899999999675000106, 0.3499999999437500287, -0.9999999999999986677 ) ) ;
#2731 = DIRECTION ( 'NONE',  ( 0.000000000000000000, 0.000000000000000000, -1.000000000000000000 ) ) ;
#2732 = DIRECTION ( 'NONE',  ( 1.000000000000000000, 0.000000000000000000, -0.000000000000000000 ) ) ;
#2733 = ORIENTED_EDGE ( 'NONE', *, *, #5234, .F. ) ;
#2734 = EDGE_CURVE ( 'NONE', #2099, #807, #5883, .T. ) ;
#2735 = VECTOR ( 'NONE', #5509, 1000.000000000000000 ) ;
#2736 = ORIENTED_EDGE ( 'NONE', *, *, #4641, .T. ) ;
#2737 = CARTESIAN_POINT ( 'NONE',  ( 2.400000000000000799, 1.000000000000000000, -0.2500000000000012212 ) ) ;
#2738 = ORIENTED_EDGE ( 'NONE', *, *, #1532, .F. ) ;
#2739 = EDGE_CURVE ( 'NONE', #6110, #895, #3379, .T. ) ;
#2740 = UNCERTAINTY_MEASURE_WITH_UNIT (LENGTH_MEASURE( 1.000000000000000082E-05 ), #439, 'distance_accuracy_value', 'NONE');
#2741 = DIRECTION ( 'NONE',  ( 1.000000000000000000, -0.000000000000000000, -0.000000000000000000 ) ) ;
#2742 = AXIS2_PLACEMENT_3D ( 'NONE', #1313, #6557, #1212 ) ;
#2743 = ORIENTED_EDGE ( 'NONE', *, *, #4544, .F. ) ;
#2744 = LINE ( 'NONE', #4908, #5929 ) ;
#2745 = VERTEX_POINT ( 'NONE', #2680 ) ;
#2746 = DIRECTION ( 'NONE',  ( -0.000000000000000000, -1.000000000000000000, -1.115385494969530056E-10 ) ) ;
#2747 = PLANE ( 'NONE',  #2410 ) ;
#2748 = EDGE_CURVE ( 'NONE', #3890, #406, #6040, .T. ) ;
#2749 =( GEOMETRIC_REPRESENTATION_CONTEXT ( 3 ) GLOBAL_UNCERTAINTY_ASSIGNED_CONTEXT ( ( #4299 ) ) GLOBAL_UNIT_ASSIGNED_CONTEXT ( ( #5774, #6298, #5254 ) ) REPRESENTATION_CONTEXT ( 'NONE', 'WORKASPACE' ) );
#2750 = COLOUR_RGB ( '',0.7960784313725489669, 0.8235294117647058432, 0.9372549019607843146 ) ;
#2751 = ORIENTED_EDGE ( 'NONE', *, *, #2998, .F. ) ;
#2752 = PLANE ( 'NONE',  #4631 ) ;
#2753 = PRESENTATION_LAYER_ASSIGNMENT (  '', '', ( #2420 ) ) ;
#2754 = FACE_OUTER_BOUND ( 'NONE', #2646, .T. ) ;
#2755 =( NAMED_UNIT ( * ) SI_UNIT ( $, .STERADIAN. ) SOLID_ANGLE_UNIT ( ) );
#2756 = CARTESIAN_POINT ( 'NONE',  ( -1.124999999999998446, 0.000000000000000000, 0.6500000000000011324 ) ) ;
#2757 = ORIENTED_EDGE ( 'NONE', *, *, #4185, .F. ) ;
#2758 = PRESENTATION_LAYER_ASSIGNMENT (  '', '', ( #1972 ) ) ;
#2759 = PRESENTATION_STYLE_ASSIGNMENT (( #3754 ) ) ;
#2760 = DIRECTION ( 'NONE',  ( -1.000000000000000000, 0.000000000000000000, 0.000000000000000000 ) ) ;
#2761 = DIRECTION ( 'NONE',  ( -1.000000000000000000, -0.000000000000000000, -0.000000000000000000 ) ) ;
#2762 = ADVANCED_FACE ( 'NONE', ( #156 ), #5379, .T. ) ;
#2763 = LINE ( 'NONE', #3340, #1645 ) ;
#2764 = EDGE_LOOP ( 'NONE', ( #6341, #2213, #3541, #2305 ) ) ;
#2765 = SURFACE_STYLE_FILL_AREA ( #5453 ) ;
#2766 = AXIS2_PLACEMENT_3D ( 'NONE', #1842, #6108, #887 ) ;
#2767 = ORIENTED_EDGE ( 'NONE', *, *, #1592, .T. ) ;
#2768 = CARTESIAN_POINT ( 'NONE',  ( 0.5000000000000031086, 1.050000000000000044, 0.04500000000000294043 ) ) ;
#2769 = EDGE_CURVE ( 'NONE', #4231, #6059, #170, .T. ) ;
#2770 = COLOUR_RGB ( '',0.7960784313725489669, 0.8235294117647058432, 0.9372549019607843146 ) ;
#2771 = ORIENTED_EDGE ( 'NONE', *, *, #5923, .T. ) ;
#2772 = PRODUCT_RELATED_PRODUCT_CATEGORY ( 'part', '', ( #2367 ) ) ;
#2773 =( NAMED_UNIT ( * ) SI_UNIT ( $, .STERADIAN. ) SOLID_ANGLE_UNIT ( ) );
#2774 = FACE_OUTER_BOUND ( 'NONE', #3223, .T. ) ;
#2775 = ORIENTED_EDGE ( 'NONE', *, *, #2958, .T. ) ;
#2776 = COLOUR_RGB ( '',0.7960784313725489669, 0.8235294117647058432, 0.9372549019607843146 ) ;
#2777 = LINE ( 'NONE', #3802, #2253 ) ;
#2778 = EDGE_CURVE ( 'NONE', #6612, #4572, #6492, .T. ) ;
#2779 = ORIENTED_EDGE ( 'NONE', *, *, #5773, .F. ) ;
#2780 = EDGE_CURVE ( 'NONE', #614, #4231, #4125, .T. ) ;
#2781 = CARTESIAN_POINT ( 'NONE',  ( 16.30000000000000071, 2.750000000000000000, -0.8099999999999991651 ) ) ;
#2782 = VECTOR ( 'NONE', #65, 1000.000000000000000 ) ;
#2783 = ORIENTED_EDGE ( 'NONE', *, *, #2193, .F. ) ;
#2784 = FACE_OUTER_BOUND ( 'NONE', #621, .T. ) ;
#2785 = LINE ( 'NONE', #748, #546 ) ;
#2786 = ORIENTED_EDGE ( 'NONE', *, *, #6749, .F. ) ;
#2787 = EDGE_CURVE ( 'NONE', #880, #1932, #4847, .T. ) ;
#2788 = FACE_OUTER_BOUND ( 'NONE', #6518, .T. ) ;
#2789 = CARTESIAN_POINT ( 'NONE',  ( 2.700000000000001510, 0.3500000000000000333, 0.5499999999999989342 ) ) ;
#2790 = VECTOR ( 'NONE', #3984, 1000.000000000000000 ) ;
#2791 = VECTOR ( 'NONE', #1892, 1000.000000000000000 ) ;
#2792 = VERTEX_POINT ( 'NONE', #5996 ) ;
#2793 = LINE ( 'NONE', #4343, #1384 ) ;
#2794 = PLANE ( 'NONE',  #5779 ) ;
#2795 = ORIENTED_EDGE ( 'NONE', *, *, #5643, .F. ) ;
#2796 = LINE ( 'NONE', #4956, #5483 ) ;
#2797 = DIRECTION ( 'NONE',  ( 0.000000000000000000, 1.019985910564053253E-16, -1.000000000000000000 ) ) ;
#2798 = CARTESIAN_POINT ( 'NONE',  ( -0.3249999999999967359, 0.1999999999999999278, 1.250000000000001110 ) ) ;
#2799 = CARTESIAN_POINT ( 'NONE',  ( 0.4750000000000033085, 0.4500000002000000277, 0.5500000000000018208 ) ) ;
#2800 = LINE ( 'NONE', #5518, #2600 ) ;
#2801 = EDGE_LOOP ( 'NONE', ( #2918, #864, #4302, #3894, #1433, #5872 ) ) ;
#2802 = EDGE_LOOP ( 'NONE', ( #3483, #4165, #3396, #6844 ) ) ;
#2803 = DIRECTION ( 'NONE',  ( 0.000000000000000000, 1.000000000000000000, 0.000000000000000000 ) ) ;
#2804 = EDGE_CURVE ( 'NONE', #6857, #4894, #11, .T. ) ;
#2805 = VECTOR ( 'NONE', #497, 1000.000000000000114 ) ;
#2806 = ORIENTED_EDGE ( 'NONE', *, *, #6292, .T. ) ;
#2807 = DIRECTION ( 'NONE',  ( 0.000000000000000000, -0.1736481776669255295, -0.9848077530122090195 ) ) ;
#2808 = LINE ( 'NONE', #3185, #6598 ) ;
#2809 = SURFACE_STYLE_USAGE ( .BOTH. , #1748 ) ;
#2810 = ORIENTED_EDGE ( 'NONE', *, *, #6257, .F. ) ;
#2811 = CARTESIAN_POINT ( 'NONE',  ( -2.199999999999998845, 1.355252715606880543E-17, -0.1164279503904875612 ) ) ;
#2812 = VECTOR ( 'NONE', #169, 1000.000000000000227 ) ;
#2813 = UNCERTAINTY_MEASURE_WITH_UNIT (LENGTH_MEASURE( 1.000000000000000082E-05 ), #5620, 'distance_accuracy_value', 'NONE');
#2814 = LINE ( 'NONE', #4427, #4332 ) ;
#2815 =( GEOMETRIC_REPRESENTATION_CONTEXT ( 3 ) GLOBAL_UNCERTAINTY_ASSIGNED_CONTEXT ( ( #3181 ) ) GLOBAL_UNIT_ASSIGNED_CONTEXT ( ( #606, #6966, #4289 ) ) REPRESENTATION_CONTEXT ( 'NONE', 'WORKASPACE' ) );
#2816 = VERTEX_POINT ( 'NONE', #1191 ) ;
#2817 = DIRECTION ( 'NONE',  ( 1.000000000000000000, 0.000000000000000000, 0.000000000000000000 ) ) ;
#2818 = CARTESIAN_POINT ( 'NONE',  ( 0.4037262124956280673, 2.785995780779311648, -0.7287262124956209730 ) ) ;
#2819 = ORIENTED_EDGE ( 'NONE', *, *, #1856, .T. ) ;
#2820 =( NAMED_UNIT ( * ) SI_UNIT ( $, .STERADIAN. ) SOLID_ANGLE_UNIT ( ) );
#2821 = CARTESIAN_POINT ( 'NONE',  ( -1.099999999999998535, 2.239999999999990443, 0.3450000000000029710 ) ) ;
#2822 = COLOUR_RGB ( '',0.7960784313725489669, 0.8235294117647058432, 0.9372549019607843146 ) ;
#2823 = ORIENTED_EDGE ( 'NONE', *, *, #4820, .F. ) ;
#2824 = ADVANCED_FACE ( 'NONE', ( #5339 ), #3198, .F. ) ;
#2825 = LINE ( 'NONE', #4985, #1943 ) ;
#2826 = DIRECTION ( 'NONE',  ( 0.000000000000000000, 0.000000000000000000, 1.000000000000000000 ) ) ;
#2827 = FILL_AREA_STYLE_COLOUR ( '', #4250 ) ;
#2828 = ORIENTED_EDGE ( 'NONE', *, *, #2868, .T. ) ;
#2829 = DIRECTION ( 'NONE',  ( 0.000000000000000000, 0.000000000000000000, 1.000000000000000000 ) ) ;
#2830 = DIRECTION ( 'NONE',  ( 0.000000000000000000, -0.000000000000000000, 1.000000000000000000 ) ) ;
#2831 = DIRECTION ( 'NONE',  ( 0.000000000000000000, 0.000000000000000000, -1.000000000000000000 ) ) ;
#2832 = COLOUR_RGB ( '',0.7960784313725489669, 0.8235294117647058432, 0.9372549019607843146 ) ;
#2833 = AXIS2_PLACEMENT_3D ( 'NONE', #5198, #2068, #1421 ) ;
#2834 = DIRECTION ( 'NONE',  ( -0.000000000000000000, 1.000000000000000000, -0.000000000000000000 ) ) ;
#2835 = EDGE_CURVE ( 'NONE', #786, #2354, #6421, .T. ) ;
#2836 = FACE_OUTER_BOUND ( 'NONE', #1329, .T. ) ;
#2837 = ORIENTED_EDGE ( 'NONE', *, *, #5499, .T. ) ;
#2838 = DIRECTION ( 'NONE',  ( -0.5773502691896190697, -0.5773502691896390537, 0.5773502691896190697 ) ) ;
#2839 = FILL_AREA_STYLE ('',( #6368 ) ) ;
#2840 = DIRECTION ( 'NONE',  ( -1.000000000000000000, -0.000000000000000000, -0.000000000000000000 ) ) ;
#2841 = VECTOR ( 'NONE', #2361, 1000.000000000000000 ) ;
#2842 = EDGE_CURVE ( 'NONE', #5155, #4095, #5057, .T. ) ;
#2843 = DIRECTION ( 'NONE',  ( 1.000000000000000000, 0.000000000000000000, 0.000000000000000000 ) ) ;
#2844 =( NAMED_UNIT ( * ) PLANE_ANGLE_UNIT ( ) SI_UNIT ( $, .RADIAN. ) );
#2845 = ORIENTED_EDGE ( 'NONE', *, *, #5896, .F. ) ;
#2846 = DIRECTION ( 'NONE',  ( 0.000000000000000000, -1.857148025303053679E-09, 1.000000000000000000 ) ) ;
#2847 = EDGE_CURVE ( 'NONE', #3625, #2585, #5611, .T. ) ;
#2848 = VERTEX_POINT ( 'NONE', #213 ) ;
#2849 = CARTESIAN_POINT ( 'NONE',  ( -0.4999999999999982792, 1.050000000000000044, 0.04500000000000296124 ) ) ;
#2850 = VERTEX_POINT ( 'NONE', #798 ) ;
#2851 = LINE ( 'NONE', #6734, #451 ) ;
#2852 = DIRECTION ( 'NONE',  ( 0.000000000000000000, 0.000000000000000000, -1.000000000000000000 ) ) ;
#2853 = ORIENTED_EDGE ( 'NONE', *, *, #2625, .F. ) ;
#2854 = DIRECTION ( 'NONE',  ( 1.000000000000000000, -0.000000000000000000, -0.000000000000000000 ) ) ;
#2855 = EDGE_CURVE ( 'NONE', #6432, #1093, #5481, .T. ) ;
#2856 = EDGE_LOOP ( 'NONE', ( #4730, #604, #6374, #5709 ) ) ;
#2857 =( GEOMETRIC_REPRESENTATION_CONTEXT ( 3 ) GLOBAL_UNCERTAINTY_ASSIGNED_CONTEXT ( ( #5230 ) ) GLOBAL_UNIT_ASSIGNED_CONTEXT ( ( #2201, #4807, #6458 ) ) REPRESENTATION_CONTEXT ( 'NONE', 'WORKASPACE' ) );
#2858 = ADVANCED_FACE ( 'NONE', ( #1322 ), #1285, .F. ) ;
#2859 = CARTESIAN_POINT ( 'NONE',  ( -0.2999999999999959921, 1.050000000000000044, -0.3249999999999970690 ) ) ;
#2860 =( NAMED_UNIT ( * ) PLANE_ANGLE_UNIT ( ) SI_UNIT ( $, .RADIAN. ) );
#2861 = LINE ( 'NONE', #73, #5164 ) ;
#2862 = ORIENTED_EDGE ( 'NONE', *, *, #4611, .F. ) ;
#2863 = DIRECTION ( 'NONE',  ( 0.000000000000000000, 0.000000000000000000, 1.000000000000000000 ) ) ;
#2864 = CARTESIAN_POINT ( 'NONE',  ( 1.275000000000001465, 0.1000000006499977834, 0.5499999993499971040 ) ) ;
#2865 = VECTOR ( 'NONE', #4627, 1000.000000000000000 ) ;
#2866 = AXIS2_PLACEMENT_3D ( 'NONE', #4941, #3835, #5404 ) ;
#2867 = AXIS2_PLACEMENT_3D ( 'NONE', #1181, #5602, #1277 ) ;
#2868 = EDGE_CURVE ( 'NONE', #3170, #1032, #5141, .T. ) ;
#2869 = CARTESIAN_POINT ( 'NONE',  ( -2.699999999999999289, 0.3499999999750000867, -0.2500000001087483992 ) ) ;
#2870 = ORIENTED_EDGE ( 'NONE', *, *, #1592, .F. ) ;
#2871 = PLANE ( 'NONE',  #3622 ) ;
#2872 =( NAMED_UNIT ( * ) PLANE_ANGLE_UNIT ( ) SI_UNIT ( $, .RADIAN. ) );
#2873 = CYLINDRICAL_SURFACE ( 'NONE', #5343, 0.1000000000000000472 ) ;
#2874 = PRESENTATION_LAYER_ASSIGNMENT (  '', '', ( #1087 ) ) ;
#2875 = CARTESIAN_POINT ( 'NONE',  ( 2.400000000000000799, 0.1199999999999999956, -0.9500000000000011768 ) ) ;
#2876 = LINE ( 'NONE', #4081, #2003 ) ;
#2877 = VECTOR ( 'NONE', #5451, 1000.000000000000000 ) ;
#2878 = ADVANCED_FACE ( 'NONE', ( #3438 ), #2364, .F. ) ;
#2879 = ORIENTED_EDGE ( 'NONE', *, *, #3285, .T. ) ;
#2880 = VECTOR ( 'NONE', #3892, 1000.000000000000000 ) ;
#2881 = PRESENTATION_LAYER_ASSIGNMENT (  '', '', ( #3237 ) ) ;
#2882 = UNCERTAINTY_MEASURE_WITH_UNIT (LENGTH_MEASURE( 1.000000000000000082E-05 ), #2426, 'distance_accuracy_value', 'NONE');
#2883 = ORIENTED_EDGE ( 'NONE', *, *, #1257, .F. ) ;
#2884 = DIRECTION ( 'NONE',  ( 0.000000000000000000, 1.000000000000000000, 7.572940222879531112E-11 ) ) ;
#2885 = ORIENTED_EDGE ( 'NONE', *, *, #3790, .T. ) ;
#2886 = VECTOR ( 'NONE', #4664, 1000.000000000000000 ) ;
#2887 = EDGE_CURVE ( 'NONE', #2816, #2585, #6103, .T. ) ;
#2888 = FACE_OUTER_BOUND ( 'NONE', #1306, .T. ) ;
#2889 = DIRECTION ( 'NONE',  ( 0.000000000000000000, -0.000000000000000000, 1.000000000000000000 ) ) ;
#2890 = ORIENTED_EDGE ( 'NONE', *, *, #5625, .T. ) ;
#2891 = CARTESIAN_POINT ( 'NONE',  ( -2.399999999999999467, 1.000000000000000000, -0.2499999999999984457 ) ) ;
#2892 = CYLINDRICAL_SURFACE ( 'NONE', #623, 0.1000000000000000472 ) ;
#2893 = LINE ( 'NONE', #5050, #2591 ) ;
#2894 = DIRECTION ( 'NONE',  ( 0.000000000000000000, 0.000000000000000000, 1.000000000000000000 ) ) ;
#2895 = EDGE_CURVE ( 'NONE', #2271, #2816, #2899, .T. ) ;
#2896 = FACE_OUTER_BOUND ( 'NONE', #1335, .T. ) ;
#2897 = CARTESIAN_POINT ( 'NONE',  ( -1.699999999999999289, 1.050000000000000044, 0.5500000000000017097 ) ) ;
#2898 = ORIENTED_EDGE ( 'NONE', *, *, #1085, .T. ) ;
#2899 = LINE ( 'NONE', #4553, #993 ) ;
#2900 = DIRECTION ( 'NONE',  ( -0.000000000000000000, 0.000000000000000000, -1.000000000000000000 ) ) ;
#2901 =( GEOMETRIC_REPRESENTATION_CONTEXT ( 3 ) GLOBAL_UNCERTAINTY_ASSIGNED_CONTEXT ( ( #2882 ) ) GLOBAL_UNIT_ASSIGNED_CONTEXT ( ( #2426, #6804, #869 ) ) REPRESENTATION_CONTEXT ( 'NONE', 'WORKASPACE' ) );
#2902 = LINE ( 'NONE', #845, #5563 ) ;
#2903 = VECTOR ( 'NONE', #6499, 1000.000000000000000 ) ;
#2904 = CARTESIAN_POINT ( 'NONE',  ( -0.4447056953395503442, 2.553589584749196284, -0.3802943046604444488 ) ) ;
#2905 = FILL_AREA_STYLE_COLOUR ( '', #5911 ) ;
#2906 = ORIENTED_EDGE ( 'NONE', *, *, #6537, .F. ) ;
#2907 = VECTOR ( 'NONE', #6671, 1000.000000000000000 ) ;
#2908 = VERTEX_POINT ( 'NONE', #3987 ) ;
#2909 = PLANE ( 'NONE',  #6076 ) ;
#2910 = PLANE ( 'NONE',  #6316 ) ;
#2911 = EDGE_CURVE ( 'NONE', #1720, #618, #6172, .T. ) ;
#2912 = SURFACE_STYLE_FILL_AREA ( #3561 ) ;
#2913 = LINE ( 'NONE', #4567, #3402 ) ;
#2914 = AXIS2_PLACEMENT_3D ( 'NONE', #5708, #3177, #1506 ) ;
#2915 = ORIENTED_EDGE ( 'NONE', *, *, #3543, .T. ) ;
#2916 = VECTOR ( 'NONE', #5209, 1000.000000000000000 ) ;
#2917 = VECTOR ( 'NONE', #3388, 1000.000000000000000 ) ;
#2918 = ORIENTED_EDGE ( 'NONE', *, *, #3760, .T. ) ;
#2919 = VERTEX_POINT ( 'NONE', #1800 ) ;
#2920 = DIRECTION ( 'NONE',  ( -0.000000000000000000, 1.000000000000000000, 1.857148025303053679E-09 ) ) ;
#2921 = ORIENTED_EDGE ( 'NONE', *, *, #1297, .F. ) ;
#2922 = EDGE_CURVE ( 'NONE', #1766, #1376, #4349, .T. ) ;
#2923 = LINE ( 'NONE', #3006, #1783 ) ;
#2924 = PLANE ( 'NONE',  #1546 ) ;
#2925 = VECTOR ( 'NONE', #3983, 1000.000000000000000 ) ;
#2926 = ORIENTED_EDGE ( 'NONE', *, *, #3001, .F. ) ;
#2927 = LINE ( 'NONE', #5083, #5462 ) ;
#2928 = FACE_OUTER_BOUND ( 'NONE', #5140, .T. ) ;
#2929 = FILL_AREA_STYLE_COLOUR ( '', #6685 ) ;
#2930 = ADVANCED_FACE ( 'NONE', ( #2400 ), #5021, .F. ) ;
#2931 = EDGE_LOOP ( 'NONE', ( #1970, #3939, #3876, #6713 ) ) ;
#2932 = PRESENTATION_LAYER_ASSIGNMENT (  '', '', ( #347 ) ) ;
#2933 = DIRECTION ( 'NONE',  ( 0.000000000000000000, 0.000000000000000000, -1.000000000000000000 ) ) ;
#2934 = DIRECTION ( 'NONE',  ( -0.000000000000000000, 1.000000000000000000, 0.000000000000000000 ) ) ;
#2935 =( LENGTH_UNIT ( ) NAMED_UNIT ( * ) SI_UNIT ( .MILLI., .METRE. ) );
#2936 = CARTESIAN_POINT ( 'NONE',  ( 3.200000000000001510, 1.050000000000000044, 0.1250000000000016376 ) ) ;
#2937 = EDGE_LOOP ( 'NONE', ( #2738, #4108, #5479, #5522 ) ) ;
#2938 = DIRECTION ( 'NONE',  ( -1.000000000000000000, -0.000000000000000000, -0.000000000000000000 ) ) ;
#2939 = DIRECTION ( 'NONE',  ( 0.000000000000000000, 0.000000000000000000, 1.000000000000000000 ) ) ;
#2940 = ORIENTED_EDGE ( 'NONE', *, *, #598, .F. ) ;
#2941 = CARTESIAN_POINT ( 'NONE',  ( -2.399999999999998579, 0.4000000000000000222, -0.9149999999999980371 ) ) ;
#2942 = VECTOR ( 'NONE', #6006, 1000.000000000000114 ) ;
#2943 = PRODUCT_DEFINITION_SHAPE ( 'NONE', 'NONE',  #3726 ) ;
#2944 = EDGE_CURVE ( 'NONE', #6189, #1766, #5032, .T. ) ;
#2945 = AXIS2_PLACEMENT_3D ( 'NONE', #5866, #2660, #6958 ) ;
#2946 = VECTOR ( 'NONE', #4778, 1000.000000000000000 ) ;
#2947 = CARTESIAN_POINT ( 'NONE',  ( -2.399999999999998579, 0.1199999999999999956, -0.9499999999999984013 ) ) ;
#2948 = CARTESIAN_POINT ( 'NONE',  ( -2.399999999999998579, 0.3500000000000001443, -0.2500000000724984517 ) ) ;
#2949 = ORIENTED_EDGE ( 'NONE', *, *, #3811, .F. ) ;
#2950 = ORIENTED_EDGE ( 'NONE', *, *, #2129, .F. ) ;
#2951 = PLANE ( 'NONE',  #452 ) ;
#2952 =( LENGTH_UNIT ( ) NAMED_UNIT ( * ) SI_UNIT ( .MILLI., .METRE. ) );
#2953 = MECHANICAL_DESIGN_GEOMETRIC_PRESENTATION_REPRESENTATION (  '', ( #4747 ), #661 ) ;
#2954 = ORIENTED_EDGE ( 'NONE', *, *, #4185, .T. ) ;
#2955 = DIRECTION ( 'NONE',  ( -0.5773502691896257311, 0.5773502691896257311, 0.5773502691896257311 ) ) ;
#2956 = CARTESIAN_POINT ( 'NONE',  ( -0.4749999999999984235, 0.4500000002000000832, 0.5500000000000018208 ) ) ;
#2957 = CLOSED_SHELL ( 'NONE', ( #1735, #2005, #821, #5905, #4177, #1687, #4765, #1742, #5944, #4726 ) ) ;
#2958 = EDGE_CURVE ( 'NONE', #4087, #3282, #2796, .T. ) ;
#2959 = ORIENTED_EDGE ( 'NONE', *, *, #1890, .F. ) ;
#2960 = VECTOR ( 'NONE', #1833, 1000.000000000000000 ) ;
#2961 = ORIENTED_EDGE ( 'NONE', *, *, #5762, .F. ) ;
#2962 = ORIENTED_EDGE ( 'NONE', *, *, #1001, .F. ) ;
#2963 = CARTESIAN_POINT ( 'NONE',  ( -1.099999999999998535, 2.639999999999999236, 0.3450000000000029710 ) ) ;
#2964 = EDGE_CURVE ( 'NONE', #2501, #3467, #177, .T. ) ;
#2965 = SURFACE_STYLE_FILL_AREA ( #1241 ) ;
#2966 = FACE_OUTER_BOUND ( 'NONE', #6606, .T. ) ;
#2967 = ORIENTED_EDGE ( 'NONE', *, *, #3955, .F. ) ;
#2968 = CARTESIAN_POINT ( 'NONE',  ( 2.200000000000001066, 0.1000000012999997384, 0.05000000000812383771 ) ) ;
#2969 = FACE_OUTER_BOUND ( 'NONE', #3921, .T. ) ;
#2970 = CARTESIAN_POINT ( 'NONE',  ( -0.2749999999999961919, 1.050000000000000044, -0.8099999999999991651 ) ) ;
#2971 = PRESENTATION_STYLE_ASSIGNMENT (( #5569 ) ) ;
#2972 = UNCERTAINTY_MEASURE_WITH_UNIT (LENGTH_MEASURE( 1.000000000000000082E-05 ), #5825, 'distance_accuracy_value', 'NONE');
#2973 = ORIENTED_EDGE ( 'NONE', *, *, #2215, .T. ) ;
#2974 = CARTESIAN_POINT ( 'NONE',  ( 1.325000000000001954, 2.750000000000000000, -0.8100000000000020517 ) ) ;
#2975 = CARTESIAN_POINT ( 'NONE',  ( 4.000000000000003553, 2.639999999999999236, 0.2744692077166173139 ) ) ;
#2976 = SURFACE_SIDE_STYLE ('',( #3435 ) ) ;
#2977 = CYLINDRICAL_SURFACE ( 'NONE', #6042, 0.1000000000000000472 ) ;
#2978 = ORIENTED_EDGE ( 'NONE', *, *, #6802, .T. ) ;
#2979 = EDGE_CURVE ( 'NONE', #786, #4519, #4414, .T. ) ;
#2980 = DIRECTION ( 'NONE',  ( -0.000000000000000000, -0.000000000000000000, 1.000000000000000000 ) ) ;
#2981 = ORIENTED_EDGE ( 'NONE', *, *, #2685, .F. ) ;
#2982 = DIRECTION ( 'NONE',  ( -1.000000000000000000, 0.000000000000000000, 0.000000000000000000 ) ) ;
#2983 = VECTOR ( 'NONE', #518, 1000.000000000000000 ) ;
#2984 = FACE_OUTER_BOUND ( 'NONE', #4872, .T. ) ;
#2985 = LINE ( 'NONE', #219, #3679 ) ;
#2986 = VERTEX_POINT ( 'NONE', #3367 ) ;
#2987 = ORIENTED_EDGE ( 'NONE', *, *, #28, .T. ) ;
#2988 = VECTOR ( 'NONE', #3126, 1000.000000000000000 ) ;
#2989 = VECTOR ( 'NONE', #5235, 1000.000000000000000 ) ;
#2990 = DIRECTION ( 'NONE',  ( -0.000000000000000000, 0.000000000000000000, 1.000000000000000000 ) ) ;
#2991 = SURFACE_STYLE_USAGE ( .BOTH. , #3629 ) ;
#2992 = DIRECTION ( 'NONE',  ( 0.000000000000000000, -0.1736481776669255295, -0.9848077530122090195 ) ) ;
#2993 = CARTESIAN_POINT ( 'NONE',  ( 1.170807966022793689, 2.641571930389168710, 0.1158079660227919055 ) ) ;
#2994 = AXIS2_PLACEMENT_3D ( 'NONE', #3291, #1689, #2717 ) ;
#2995 = VECTOR ( 'NONE', #4091, 1000.000000000000000 ) ;
#2996 = FILL_AREA_STYLE_COLOUR ( '', #6579 ) ;
#2997 = LINE ( 'NONE', #6260, #4925 ) ;
#2998 = EDGE_CURVE ( 'NONE', #6930, #5456, #5512, .T. ) ;
#2999 = AXIS2_PLACEMENT_3D ( 'NONE', #3316, #2807, #2843 ) ;
#3000 = ORIENTED_EDGE ( 'NONE', *, *, #3038, .T. ) ;
#3001 = EDGE_CURVE ( 'NONE', #3117, #5456, #3403, .T. ) ;
#3002 = ORIENTED_EDGE ( 'NONE', *, *, #4259, .F. ) ;
#3003 = VERTEX_POINT ( 'NONE', #4479 ) ;
#3004 = FACE_OUTER_BOUND ( 'NONE', #2427, .T. ) ;
#3005 = ORIENTED_EDGE ( 'NONE', *, *, #5688, .T. ) ;
#3006 = CARTESIAN_POINT ( 'NONE',  ( 2.400000000000000799, 0.1000000012999997384, 0.05000000000812383771 ) ) ;
#3007 = CARTESIAN_POINT ( 'NONE',  ( 5.600000000000001421, 2.639999999999999236, 0.2744692077166144828 ) ) ;
#3008 = ORIENTED_EDGE ( 'NONE', *, *, #3977, .F. ) ;
#3009 = CARTESIAN_POINT ( 'NONE',  ( 0.5000000000000031086, 1.050000000000000044, 0.3450000000000029710 ) ) ;
#3010 = AXIS2_PLACEMENT_3D ( 'NONE', #2300, #6565, #1260 ) ;
#3011 = ADVANCED_FACE ( 'NONE', ( #4101 ), #4167, .F. ) ;
#3012 = EDGE_CURVE ( 'NONE', #728, #2590, #5125, .T. ) ;
#3013 = VECTOR ( 'NONE', #3742, 1000.000000000000000 ) ;
#3014 = ORIENTED_EDGE ( 'NONE', *, *, #3583, .F. ) ;
#3015 = DIRECTION ( 'NONE',  ( 1.000000000000000000, -0.000000000000000000, 0.000000000000000000 ) ) ;
#3016 = EDGE_CURVE ( 'NONE', #5780, #4979, #5790, .T. ) ;
#3017 = CARTESIAN_POINT ( 'NONE',  ( 16.30000000000000071, 0.4500000000000001221, 1.000000000000001776 ) ) ;
#3018 = PRESENTATION_STYLE_ASSIGNMENT (( #757 ) ) ;
#3019 = DIRECTION ( 'NONE',  ( 0.000000000000000000, -0.1736481776669255295, 0.9848077530122090195 ) ) ;
#3020 = ORIENTED_EDGE ( 'NONE', *, *, #1106, .T. ) ;
#3021 = LINE ( 'NONE', #5653, #1324 ) ;
#3022 = ORIENTED_EDGE ( 'NONE', *, *, #308, .T. ) ;
#3023 = LINE ( 'NONE', #5165, #153 ) ;
#3024 = PLANE ( 'NONE',  #5079 ) ;
#3025 = CARTESIAN_POINT ( 'NONE',  ( 0.5000000000000031086, 1.050000000000000044, 0.04500000000000294043 ) ) ;
#3026 = CARTESIAN_POINT ( 'NONE',  ( -1.274999999999998357, 0.05000000000000000971, 1.200000000000001288 ) ) ;
#3027 = DIRECTION ( 'NONE',  ( 0.000000000000000000, -5.421010860823805421E-16, 1.000000000000000000 ) ) ;
#3028 = CIRCLE ( 'NONE', #4139, 0.1000000000000000472 ) ;
#3029 = ORIENTED_EDGE ( 'NONE', *, *, #986, .F. ) ;
#3030 = ORIENTED_EDGE ( 'NONE', *, *, #4850, .T. ) ;
#3031 = DIRECTION ( 'NONE',  ( -1.000000000000000000, -0.000000000000000000, -0.000000000000000000 ) ) ;
#3032 = EDGE_CURVE ( 'NONE', #3132, #2908, #3546, .T. ) ;
#3033 = DIRECTION ( 'NONE',  ( 0.000000000000000000, -0.000000000000000000, 1.000000000000000000 ) ) ;
#3034 = DIRECTION ( 'NONE',  ( -0.000000000000000000, -1.000000000000000000, -0.000000000000000000 ) ) ;
#3035 = VECTOR ( 'NONE', #5516, 1000.000000000000000 ) ;
#3036 = LINE ( 'NONE', #449, #619 ) ;
#3037 = AXIS2_PLACEMENT_3D ( 'NONE', #1283, #4954, #3364 ) ;
#3038 = EDGE_CURVE ( 'NONE', #56, #2154, #3650, .T. ) ;
#3039 = DIRECTION ( 'NONE',  ( -1.000000000000000000, -0.000000000000000000, -0.000000000000000000 ) ) ;
#3040 = LINE ( 'NONE', #2377, #2497 ) ;
#3041 = EDGE_LOOP ( 'NONE', ( #1132, #338, #4269, #4071 ) ) ;
#3042 = EDGE_CURVE ( 'NONE', #6771, #6896, #3581, .T. ) ;
#3043 = ORIENTED_EDGE ( 'NONE', *, *, #2055, .T. ) ;
#3044 = DIRECTION ( 'NONE',  ( 0.000000000000000000, 0.000000000000000000, -1.000000000000000000 ) ) ;
#3045 = VECTOR ( 'NONE', #484, 1000.000000000000000 ) ;
#3046 = DIRECTION ( 'NONE',  ( -0.000000000000000000, -0.7071067811865475727, -0.7071067811865475727 ) ) ;
#3047 = SURFACE_STYLE_FILL_AREA ( #903 ) ;
#3048 = ORIENTED_EDGE ( 'NONE', *, *, #6719, .T. ) ;
#3049 = LINE ( 'NONE', #1864, #1513 ) ;
#3050 = AXIS2_PLACEMENT_3D ( 'NONE', #1587, #4399, #2817 ) ;
#3051 = UNCERTAINTY_MEASURE_WITH_UNIT (LENGTH_MEASURE( 1.000000000000000082E-05 ), #2450, 'distance_accuracy_value', 'NONE');
#3052 = CARTESIAN_POINT ( 'NONE',  ( -2.699999999999999289, 2.750000000000000000, -0.9999999999999986677 ) ) ;
#3053 = DIRECTION ( 'NONE',  ( -0.000000000000000000, -1.000000000000000000, -0.000000000000000000 ) ) ;
#3054 = DIRECTION ( 'NONE',  ( 0.000000000000000000, -0.8660254037844363761, 0.5000000000000039968 ) ) ;
#3055 = CARTESIAN_POINT ( 'NONE',  ( -2.399999999999998579, 0.7936749699759757526, -0.9499999999999984013 ) ) ;
#3056 = ORIENTED_EDGE ( 'NONE', *, *, #3074, .T. ) ;
#3057 = LINE ( 'NONE', #843, #6369 ) ;
#3058 = SURFACE_STYLE_FILL_AREA ( #2516 ) ;
#3059 = EDGE_CURVE ( 'NONE', #4984, #6432, #913, .T. ) ;
#3060 = VECTOR ( 'NONE', #76, 1000.000000000000000 ) ;
#3061 = DIRECTION ( 'NONE',  ( -1.000000000000000000, 0.000000000000000000, -0.000000000000000000 ) ) ;
#3062 = EDGE_LOOP ( 'NONE', ( #746, #35, #1877, #3427 ) ) ;
#3063 = ORIENTED_EDGE ( 'NONE', *, *, #6580, .T. ) ;
#3064 = VECTOR ( 'NONE', #3264, 1000.000000000000227 ) ;
#3065 = CARTESIAN_POINT ( 'NONE',  ( -0.3705307922833817047, 2.639999999999999236, -0.3955307922833827261 ) ) ;
#3066 = CARTESIAN_POINT ( 'NONE',  ( 2.400000000000000799, 0.3063250300240242252, -0.9500000000000013989 ) ) ;
#3067 = AXIS2_PLACEMENT_3D ( 'NONE', #5423, #6924, #601 ) ;
#3068 = VERTEX_POINT ( 'NONE', #5237 ) ;
#3069 = ADVANCED_FACE ( 'NONE', ( #4201 ), #2514, .F. ) ;
#3070 = FILL_AREA_STYLE ('',( #925 ) ) ;
#3071 = CARTESIAN_POINT ( 'NONE',  ( -1.809999999999999165, 2.750000000000000000, -0.9999999999999986677 ) ) ;
#3072 = AXIS2_PLACEMENT_3D ( 'NONE', #6677, #262, #2451 ) ;
#3073 = VERTEX_POINT ( 'NONE', #3089 ) ;
#3074 = EDGE_CURVE ( 'NONE', #5181, #5415, #3021, .T. ) ;
#3075 = DIRECTION ( 'NONE',  ( 0.000000000000000000, -1.000000000000000000, 0.000000000000000000 ) ) ;
#3076 = PLANE ( 'NONE',  #6077 ) ;
#3077 = ORIENTED_EDGE ( 'NONE', *, *, #3359, .F. ) ;
#3078 = LINE ( 'NONE', #3694, #5792 ) ;
#3079 = ORIENTED_EDGE ( 'NONE', *, *, #281, .T. ) ;
#3080 = MECHANICAL_DESIGN_GEOMETRIC_PRESENTATION_REPRESENTATION (  '', ( #1819 ), #5873 ) ;
#3081 = LINE ( 'NONE', #6650, #5154 ) ;
#3082 = VERTEX_POINT ( 'NONE', #6246 ) ;
#3083 = EDGE_CURVE ( 'NONE', #1974, #1527, #6783, .T. ) ;
#3084 = FACE_OUTER_BOUND ( 'NONE', #4065, .T. ) ;
#3085 = AXIS2_PLACEMENT_3D ( 'NONE', #5783, #5229, #4655 ) ;
#3086 = SURFACE_STYLE_USAGE ( .BOTH. , #6442 ) ;
#3087 = DIRECTION ( 'NONE',  ( 0.000000000000000000, 1.019985910564053253E-16, -1.000000000000000000 ) ) ;
#3088 = EDGE_LOOP ( 'NONE', ( #1328, #4045, #5934, #4533, #6302, #2312 ) ) ;
#3089 = CARTESIAN_POINT ( 'NONE',  ( -0.4749999999999984235, 0.05000000000000034278, 1.250000000000001110 ) ) ;
#3090 = CARTESIAN_POINT ( 'NONE',  ( -1.099999999999997646, 1.050000000000000044, -0.3249999999999970690 ) ) ;
#3091 = PLANE ( 'NONE',  #6911 ) ;
#3092 = PLANE ( 'NONE',  #2366 ) ;
#3093 = EDGE_CURVE ( 'NONE', #3265, #2162, #3057, .T. ) ;
#3094 = ADVANCED_FACE ( 'NONE', ( #1427 ), #1951, .F. ) ;
#3095 = PLANE ( 'NONE',  #3805 ) ;
#3096 = DIRECTION ( 'NONE',  ( 0.000000000000000000, 0.000000000000000000, 1.000000000000000000 ) ) ;
#3097 = ORIENTED_EDGE ( 'NONE', *, *, #1146, .T. ) ;
#3098 = ORIENTED_EDGE ( 'NONE', *, *, #1281, .T. ) ;
#3099 = DIRECTION ( 'NONE',  ( -1.000000000000000000, 0.000000000000000000, 0.000000000000000000 ) ) ;
#3100 = CARTESIAN_POINT ( 'NONE',  ( 2.200000000000001066, 0.2063250300240242197, -0.9500000000000011768 ) ) ;
#3101 = PLANE ( 'NONE',  #365 ) ;
#3102 = DIRECTION ( 'NONE',  ( 0.000000000000000000, 0.000000000000000000, 1.000000000000000000 ) ) ;
#3103 = EDGE_CURVE ( 'NONE', #4535, #3510, #4623, .T. ) ;
#3104 = ORIENTED_EDGE ( 'NONE', *, *, #4510, .F. ) ;
#3105 = MECHANICAL_DESIGN_GEOMETRIC_PRESENTATION_REPRESENTATION (  '', ( #6121 ), #2287 ) ;
#3106 = STYLED_ITEM ( 'NONE', ( #2575 ), #2238 ) ;
#3107 = SURFACE_STYLE_USAGE ( .BOTH. , #1606 ) ;
#3108 = ORIENTED_EDGE ( 'NONE', *, *, #6875, .F. ) ;
#3109 = VECTOR ( 'NONE', #5982, 1000.000000000000000 ) ;
#3110 = AXIS2_PLACEMENT_3D ( 'NONE', #2120, #3814, #4840 ) ;
#3111 = VECTOR ( 'NONE', #4055, 1000.000000000000000 ) ;
#3112 = DIRECTION ( 'NONE',  ( 0.000000000000000000, 0.5735764363510474917, -0.8191520442889909104 ) ) ;
#3113 = VERTEX_POINT ( 'NONE', #4586 ) ;
#3114 = AXIS2_PLACEMENT_3D ( 'NONE', #5297, #6440, #5811 ) ;
#3115 = DIRECTION ( 'NONE',  ( -0.7071067811865597852, 0.7071067811865352493, 0.000000000000000000 ) ) ;
#3116 = CARTESIAN_POINT ( 'NONE',  ( 1.125000000000001332, -4.042787761810355684E-17, 1.199999999999997957 ) ) ;
#3117 = VERTEX_POINT ( 'NONE', #6209 ) ;
#3118 = CARTESIAN_POINT ( 'NONE',  ( -1.124999999999998446, 0.2000000000000000111, 0.8000000000000011546 ) ) ;
#3119 = UNCERTAINTY_MEASURE_WITH_UNIT (LENGTH_MEASURE( 1.000000000000000082E-05 ), #6544, 'distance_accuracy_value', 'NONE');
#3120 = CARTESIAN_POINT ( 'NONE',  ( -1.700000000850000692, 1.050000000000000044, -0.6999999999999985123 ) ) ;
#3121 = SURFACE_STYLE_USAGE ( .BOTH. , #971 ) ;
#3122 = DIRECTION ( 'NONE',  ( -1.000000000000000000, 0.000000000000000000, 0.000000000000000000 ) ) ;
#3123 = MECHANICAL_DESIGN_GEOMETRIC_PRESENTATION_REPRESENTATION (  '', ( #1866 ), #1092 ) ;
#3124 = EDGE_LOOP ( 'NONE', ( #2771, #6090, #5490, #4199, #32, #6201, #4516, #4670 ) ) ;
#3125 = CARTESIAN_POINT ( 'NONE',  ( -0.3249999999999967359, 0.4500000002000000277, 0.6556624325871229786 ) ) ;
#3126 = DIRECTION ( 'NONE',  ( 0.000000000000000000, 1.000000000000000000, 7.572940222879531112E-11 ) ) ;
#3127 = VECTOR ( 'NONE', #122, 1000.000000000000114 ) ;
#3128 = EDGE_CURVE ( 'NONE', #1460, #4857, #1985, .T. ) ;
#3129 = VERTEX_POINT ( 'NONE', #5272 ) ;
#3130 = LINE ( 'NONE', #373, #443 ) ;
#3131 = LINE ( 'NONE', #5794, #2090 ) ;
#3132 = VERTEX_POINT ( 'NONE', #1392 ) ;
#3133 = AXIS2_PLACEMENT_3D ( 'NONE', #5162, #1452, #5753 ) ;
#3134 = CARTESIAN_POINT ( 'NONE',  ( 1.170530792283388077, 2.639999999999999236, -0.7544692077166141875 ) ) ;
#3135 = CARTESIAN_POINT ( 'NONE',  ( -2.699999999999999289, 2.750000000000000000, 1.000000000000001776 ) ) ;
#3136 = PLANE ( 'NONE',  #466 ) ;
#3137 = VERTEX_POINT ( 'NONE', #5690 ) ;
#3138 = AXIS2_PLACEMENT_3D ( 'NONE', #6616, #6089, #5045 ) ;
#3139 = FILL_AREA_STYLE_COLOUR ( '', #3143 ) ;
#3140 = CARTESIAN_POINT ( 'NONE',  ( -2.199999999999998845, 0.3500000000000001443, -0.2500000000724984517 ) ) ;
#3141 = ORIENTED_EDGE ( 'NONE', *, *, #1755, .F. ) ;
#3142 =( GEOMETRIC_REPRESENTATION_CONTEXT ( 3 ) GLOBAL_UNCERTAINTY_ASSIGNED_CONTEXT ( ( #3865 ) ) GLOBAL_UNIT_ASSIGNED_CONTEXT ( ( #426, #997, #5359 ) ) REPRESENTATION_CONTEXT ( 'NONE', 'WORKASPACE' ) );
#3143 = COLOUR_RGB ( '',0.7960784313725489669, 0.8235294117647058432, 0.9372549019607843146 ) ;
#3144 = EDGE_LOOP ( 'NONE', ( #6491, #319, #4053, #316 ) ) ;
#3145 = ADVANCED_FACE ( 'NONE', ( #881 ), #5202, .F. ) ;
#3146 = PRESENTATION_STYLE_ASSIGNMENT (( #2565 ) ) ;
#3147 = EDGE_LOOP ( 'NONE', ( #3172, #5819, #3020, #6776 ) ) ;
#3148 =( LENGTH_UNIT ( ) NAMED_UNIT ( * ) SI_UNIT ( .MILLI., .METRE. ) );
#3149 = DIRECTION ( 'NONE',  ( -1.000000000000000000, 0.000000000000000000, 0.000000000000000000 ) ) ;
#3150 = VERTEX_POINT ( 'NONE', #4698 ) ;
#3151 = PLANE ( 'NONE',  #3330 ) ;
#3152 = SURFACE_SIDE_STYLE ('',( #4658 ) ) ;
#3153 = DIRECTION ( 'NONE',  ( 0.7071067811865474617, -0.7071067811865474617, -0.000000000000000000 ) ) ;
#3154 = ADVANCED_FACE ( 'NONE', ( #2546 ), #2017, .F. ) ;
#3155 = SURFACE_STYLE_FILL_AREA ( #6337 ) ;
#3156 = LINE ( 'NONE', #1516, #3734 ) ;
#3157 = CARTESIAN_POINT ( 'NONE',  ( -1.299999999999998268, 2.239999999999990443, 0.04500000000000296124 ) ) ;
#3158 = PLANE ( 'NONE',  #1440 ) ;
#3159 = VERTEX_POINT ( 'NONE', #3779 ) ;
#3160 = PRESENTATION_STYLE_ASSIGNMENT (( #1148 ) ) ;
#3161 = LINE ( 'NONE', #5308, #1509 ) ;
#3162 = ADVANCED_FACE ( 'NONE', ( #1627 ), #3747, .F. ) ;
#3163 = CARTESIAN_POINT ( 'NONE',  ( 1.229469207716616497, 2.639999999999999236, 0.1249999999999988065 ) ) ;
#3164 = ORIENTED_EDGE ( 'NONE', *, *, #2498, .T. ) ;
#3165 = CARTESIAN_POINT ( 'NONE',  ( 0.5000000000000039968, 2.239999999999989555, -0.8249999999999970690 ) ) ;
#3166 = DIRECTION ( 'NONE',  ( 0.000000000000000000, -1.000000000000000000, 0.000000000000000000 ) ) ;
#3167 = ADVANCED_FACE ( 'NONE', ( #6375 ), #4270, .T. ) ;
#3168 = FACE_OUTER_BOUND ( 'NONE', #39, .T. ) ;
#3169 = CARTESIAN_POINT ( 'NONE',  ( -0.2999999999999968803, 1.050000000000000044, 0.3450000000000029710 ) ) ;
#3170 = VERTEX_POINT ( 'NONE', #5412 ) ;
#3171 = VECTOR ( 'NONE', #125, 1000.000000000000227 ) ;
#3172 = ORIENTED_EDGE ( 'NONE', *, *, #4750, .F. ) ;
#3173 = EDGE_CURVE ( 'NONE', #5705, #2919, #2158, .T. ) ;
#3174 = CARTESIAN_POINT ( 'NONE',  ( 1.900000000000001021, 0.05000000000000000971, -1.000000000000001554 ) ) ;
#3175 = VECTOR ( 'NONE', #2343, 1000.000000000000000 ) ;
#3176 = DIRECTION ( 'NONE',  ( -1.000000000000000000, 0.000000000000000000, 0.000000000000000000 ) ) ;
#3177 = DIRECTION ( 'NONE',  ( 1.000000000000000000, 0.000000000000000000, 0.000000000000000000 ) ) ;
#3178 = CARTESIAN_POINT ( 'NONE',  ( -2.399999999999998579, 0.3499999999999999778, 0.05000000001625162782 ) ) ;
#3179 = ORIENTED_EDGE ( 'NONE', *, *, #4386, .T. ) ;
#3180 = CARTESIAN_POINT ( 'NONE',  ( 0.3962737875043785829, 2.785995780779311648, -0.7287262124956209730 ) ) ;
#3181 = UNCERTAINTY_MEASURE_WITH_UNIT (LENGTH_MEASURE( 1.000000000000000082E-05 ), #606, 'distance_accuracy_value', 'NONE');
#3182 = AXIS2_PLACEMENT_3D ( 'NONE', #2670, #4823, #2142 ) ;
#3183 = EDGE_CURVE ( 'NONE', #508, #5705, #4233, .T. ) ;
#3184 = LINE ( 'NONE', #2111, #3843 ) ;
#3185 = CARTESIAN_POINT ( 'NONE',  ( 2.400000000000000799, 0.4000000000000000222, -0.9150000000000009237 ) ) ;
#3186 = DIRECTION ( 'NONE',  ( -0.000000000000000000, -1.000000000000000000, -7.572940222879532405E-11 ) ) ;
#3187 = VECTOR ( 'NONE', #5744, 1000.000000000000000 ) ;
#3188 = LINE ( 'NONE', #2683, #6271 ) ;
#3189 = ORIENTED_EDGE ( 'NONE', *, *, #6185, .T. ) ;
#3190 = LINE ( 'NONE', #4910, #5693 ) ;
#3191 = PRESENTATION_STYLE_ASSIGNMENT (( #3813 ) ) ;
#3192 = DIRECTION ( 'NONE',  ( 0.000000000000000000, 0.000000000000000000, -1.000000000000000000 ) ) ;
#3193 = VECTOR ( 'NONE', #4548, 1000.000000000000000 ) ;
#3194 = EDGE_CURVE ( 'NONE', #6137, #4524, #5854, .T. ) ;
#3195 = FILL_AREA_STYLE_COLOUR ( '', #6323 ) ;
#3196 = DIRECTION ( 'NONE',  ( 0.000000000000000000, -0.1736481776669255295, 0.9848077530122090195 ) ) ;
#3197 = ORIENTED_EDGE ( 'NONE', *, *, #741, .T. ) ;
#3198 = PLANE ( 'NONE',  #4802 ) ;
#3199 = CARTESIAN_POINT ( 'NONE',  ( 1.174905914307186272, 2.664812549992180646, 0.2700940856928153999 ) ) ;
#3200 = DIRECTION ( 'NONE',  ( 1.000000000000000000, 0.000000000000000000, 0.000000000000000000 ) ) ;
#3201 = DIRECTION ( 'NONE',  ( -1.000000000000000000, 0.000000000000000000, -0.000000000000000000 ) ) ;
#3202 = DIRECTION ( 'NONE',  ( -1.000000000000000000, 0.000000000000000000, 0.000000000000000000 ) ) ;
#3203 = ORIENTED_EDGE ( 'NONE', *, *, #1288, .F. ) ;
#3204 = SURFACE_STYLE_USAGE ( .BOTH. , #632 ) ;
#3205 = VERTEX_POINT ( 'NONE', #583 ) ;
#3206 = DIRECTION ( 'NONE',  ( 0.000000000000000000, 0.000000000000000000, -1.000000000000000000 ) ) ;
#3207 = DIRECTION ( 'NONE',  ( -1.000000000000000000, 0.000000000000000000, 0.000000000000000000 ) ) ;
#3208 = FILL_AREA_STYLE ('',( #1168 ) ) ;
#3209 = VECTOR ( 'NONE', #5730, 1000.000000000000000 ) ;
#3210 = EDGE_LOOP ( 'NONE', ( #6218, #832, #4109, #5789, #4021, #1350, #475, #4249, #6226, #3269, #5217, #944, #5320, #99 ) ) ;
#3211 = EDGE_CURVE ( 'NONE', #4141, #5110, #6909, .T. ) ;
#3213 = FACE_OUTER_BOUND ( 'NONE', #5143, .T. ) ;
#3212 = ADVANCED_BREP_SHAPE_REPRESENTATION ( 'JST_BM04-SURS', ( #4815, #2597, #241, #111, #2542, #4843, #2490, #4950, #2624, #91, #4745, #2611, #2499, #4803, #4902, #3374 ), #4851 ) ;
#3214 = CARTESIAN_POINT ( 'NONE',  ( 8.900000000000002132, 2.639999999999999236, -0.7000000000000012879 ) ) ;
#3215 = DIRECTION ( 'NONE',  ( -0.000000000000000000, 0.000000000000000000, -1.000000000000000000 ) ) ;
#3216 = ORIENTED_EDGE ( 'NONE', *, *, #3610, .T. ) ;
#3217 = VECTOR ( 'NONE', #6525, 1000.000000000000000 ) ;
#3218 = CARTESIAN_POINT ( 'NONE',  ( 0.3000000000000026534, 2.639999999999999236, -0.8249999999999970690 ) ) ;
#3219 = COLOUR_RGB ( '',0.7960784313725489669, 0.8235294117647058432, 0.9372549019607843146 ) ;
#3220 = AXIS2_PLACEMENT_3D ( 'NONE', #2891, #6586, #4402 ) ;
#3221 = CARTESIAN_POINT ( 'NONE',  ( 0.4750000000000033085, -3.675261601645777502E-17, 1.200000000000000844 ) ) ;
#3222 = CARTESIAN_POINT ( 'NONE',  ( -1.124999999999998446, 0.1999999999999999556, 1.250000000000001110 ) ) ;
#3223 = EDGE_LOOP ( 'NONE', ( #3963, #2962, #5557, #3252 ) ) ;
#3224 = DIRECTION ( 'NONE',  ( 0.000000000000000000, -1.000000000000000000, 0.000000000000000000 ) ) ;
#3225 = DIRECTION ( 'NONE',  ( -1.000000000000000000, 0.000000000000000000, -0.000000000000000000 ) ) ;
#3226 = ORIENTED_EDGE ( 'NONE', *, *, #5473, .F. ) ;
#3227 = CARTESIAN_POINT ( 'NONE',  ( -2.399999999999998579, 1.000000000000000000, -0.2499999999999983902 ) ) ;
#3228 = LINE ( 'NONE', #5372, #3217 ) ;
#3229 = LINE ( 'NONE', #2689, #6416 ) ;
#3230 = EDGE_CURVE ( 'NONE', #4519, #6451, #544, .T. ) ;
#3231 = PRESENTATION_LAYER_ASSIGNMENT (  '', '', ( #2544 ) ) ;
#3232 = FACE_OUTER_BOUND ( 'NONE', #2016, .T. ) ;
#3233 = ORIENTED_EDGE ( 'NONE', *, *, #3487, .T. ) ;
#3234 = FILL_AREA_STYLE ('',( #1123 ) ) ;
#3235 = AXIS2_PLACEMENT_3D ( 'NONE', #6955, #4920, #3270 ) ;
#3236 =( LENGTH_UNIT ( ) NAMED_UNIT ( * ) SI_UNIT ( .MILLI., .METRE. ) );
#3237 = STYLED_ITEM ( 'NONE', ( #2062 ), #1648 ) ;
#3238 = EDGE_LOOP ( 'NONE', ( #221, #2337, #1154, #4216 ) ) ;
#3239 = MECHANICAL_DESIGN_GEOMETRIC_PRESENTATION_REPRESENTATION (  '', ( #5373 ), #4570 ) ;
#3240 = EDGE_CURVE ( 'NONE', #4102, #4988, #3190, .T. ) ;
#3241 = SURFACE_SIDE_STYLE ('',( #2031 ) ) ;
#3242 = DIRECTION ( 'NONE',  ( 0.000000000000000000, 0.000000000000000000, -1.000000000000000000 ) ) ;
#3243 = DIRECTION ( 'NONE',  ( -1.000000000000000000, -0.000000000000000000, -0.000000000000000000 ) ) ;
#3244 = ORIENTED_EDGE ( 'NONE', *, *, #771, .F. ) ;
#3245 = EDGE_CURVE ( 'NONE', #1372, #5880, #5333, .T. ) ;
#3246 = DIRECTION ( 'NONE',  ( 0.000000000000000000, 0.000000000000000000, -1.000000000000000000 ) ) ;
#3247 = FILL_AREA_STYLE_COLOUR ( '', #974 ) ;
#3248 = FILL_AREA_STYLE ('',( #2100 ) ) ;
#3249 = FACE_OUTER_BOUND ( 'NONE', #2856, .T. ) ;
#3250 = CARTESIAN_POINT ( 'NONE',  ( 2.400000000000000799, 0.3063250300240242252, -0.9500000000000013989 ) ) ;
#3251 = AXIS2_PLACEMENT_3D ( 'NONE', #2117, #4198, #3225 ) ;
#3252 = ORIENTED_EDGE ( 'NONE', *, *, #4966, .T. ) ;
#3253 = FACE_OUTER_BOUND ( 'NONE', #919, .T. ) ;
#3254 = EDGE_CURVE ( 'NONE', #3159, #2590, #4873, .T. ) ;
#3255 = UNCERTAINTY_MEASURE_WITH_UNIT (LENGTH_MEASURE( 1.000000000000000082E-05 ), #2697, 'distance_accuracy_value', 'NONE');
#3256 = CARTESIAN_POINT ( 'NONE',  ( -2.399999999999998579, 1.355252715606880543E-17, -0.1164279503904875612 ) ) ;
#3257 = DIRECTION ( 'NONE',  ( 0.000000000000000000, -1.000000000000000000, -5.576927474847650278E-11 ) ) ;
#3258 = VERTEX_POINT ( 'NONE', #3296 ) ;
#3259 = SURFACE_STYLE_USAGE ( .BOTH. , #1624 ) ;
#3260 = CARTESIAN_POINT ( 'NONE',  ( 0.4750000000000033085, 0.4500000002000000277, 0.5500000000000018208 ) ) ;
#3261 = EDGE_LOOP ( 'NONE', ( #234, #460, #1611, #3002 ) ) ;
#3262 = DIRECTION ( 'NONE',  ( 0.000000000000000000, -0.000000000000000000, 1.000000000000000000 ) ) ;
#3263 = DIRECTION ( 'NONE',  ( 0.000000000000000000, 1.000000000000000000, 0.000000000000000000 ) ) ;
#3264 = DIRECTION ( 'NONE',  ( 0.1710878697460311570, 0.9702875252478154744, -0.1710878697460311570 ) ) ;
#3265 = VERTEX_POINT ( 'NONE', #67 ) ;
#3266 = ADVANCED_FACE ( 'NONE', ( #6524 ), #1008, .F. ) ;
#3267 = PRESENTATION_STYLE_ASSIGNMENT (( #2654 ) ) ;
#3268 =( GEOMETRIC_REPRESENTATION_CONTEXT ( 3 ) GLOBAL_UNCERTAINTY_ASSIGNED_CONTEXT ( ( #2813 ) ) GLOBAL_UNIT_ASSIGNED_CONTEXT ( ( #5620, #261, #2708 ) ) REPRESENTATION_CONTEXT ( 'NONE', 'WORKASPACE' ) );
#3269 = ORIENTED_EDGE ( 'NONE', *, *, #3313, .F. ) ;
#3270 = DIRECTION ( 'NONE',  ( 0.000000000000000000, 0.000000000000000000, 1.000000000000000000 ) ) ;
#3271 = CARTESIAN_POINT ( 'NONE',  ( -2.699999999999999289, 0.4500000002000001387, 1.000000000000001776 ) ) ;
#3272 = AXIS2_PLACEMENT_3D ( 'NONE', #4718, #3046, #5808 ) ;
#3273 = ADVANCED_FACE ( 'NONE', ( #788 ), #3873, .F. ) ;
#3274 = LINE ( 'NONE', #1089, #548 ) ;
#3275 = LINE ( 'NONE', #1291, #5362 ) ;
#3276 = LINE ( 'NONE', #1567, #4741 ) ;
#3277 = EDGE_LOOP ( 'NONE', ( #2034, #2757, #5582, #6798 ) ) ;
#3278 = ORIENTED_EDGE ( 'NONE', *, *, #5757, .T. ) ;
#3279 = VECTOR ( 'NONE', #3054, 1000.000000000000114 ) ;
#3280 = CARTESIAN_POINT ( 'NONE',  ( 1.275000000000001465, 0.05000000000000030809, 1.249999999999998224 ) ) ;
#3281 = EDGE_CURVE ( 'NONE', #6193, #5004, #2927, .T. ) ;
#3282 = VERTEX_POINT ( 'NONE', #4507 ) ;
#3283 = AXIS2_PLACEMENT_3D ( 'NONE', #4595, #2520, #2449 ) ;
#3284 = EDGE_LOOP ( 'NONE', ( #5172, #3278, #3588, #2870 ) ) ;
#3285 = EDGE_CURVE ( 'NONE', #5925, #667, #1828, .T. ) ;
#3286 = PLANE ( 'NONE',  #5623 ) ;
#3287 = CARTESIAN_POINT ( 'NONE',  ( -2.166666666666671848, 0.3666666679666726880, 0.8166666666666654306 ) ) ;
#3288 = ORIENTED_EDGE ( 'NONE', *, *, #6719, .F. ) ;
#3289 =( GEOMETRIC_REPRESENTATION_CONTEXT ( 3 ) GLOBAL_UNCERTAINTY_ASSIGNED_CONTEXT ( ( #361 ) ) GLOBAL_UNIT_ASSIGNED_CONTEXT ( ( #2033, #5142, #385 ) ) REPRESENTATION_CONTEXT ( 'NONE', 'WORKASPACE' ) );
#3290 = DIRECTION ( 'NONE',  ( 0.000000000000000000, -0.000000000000000000, 1.000000000000000000 ) ) ;
#3291 = CARTESIAN_POINT ( 'NONE',  ( -1.170530792283384303, 2.639999999999999236, 0.1250000000000016376 ) ) ;
#3292 = EDGE_CURVE ( 'NONE', #4524, #1636, #6091, .T. ) ;
#3293 = DIRECTION ( 'NONE',  ( 0.000000000000000000, -1.000000000000000000, -0.000000000000000000 ) ) ;
#3294 = CARTESIAN_POINT ( 'NONE',  ( 1.229469207716616497, 2.639999999999999236, 0.1249999999999988065 ) ) ;
#3295 = EDGE_LOOP ( 'NONE', ( #6674, #4996, #2267, #3714 ) ) ;
#3296 = CARTESIAN_POINT ( 'NONE',  ( -1.324999999999999734, 2.750000000000000000, -0.8099999999999991651 ) ) ;
#3297 = VECTOR ( 'NONE', #6220, 1000.000000000000000 ) ;
#3298 = PLANE ( 'NONE',  #4210 ) ;
#3299 = MECHANICAL_DESIGN_GEOMETRIC_PRESENTATION_REPRESENTATION (  '', ( #829 ), #1490 ) ;
#3300 = ORIENTED_EDGE ( 'NONE', *, *, #189, .T. ) ;
#3301 = COLOUR_RGB ( '',0.7960784313725489669, 0.8235294117647058432, 0.9372549019607843146 ) ;
#3302 = ADVANCED_FACE ( 'NONE', ( #5505 ), #5987, .F. ) ;
#3303 = FILL_AREA_STYLE ('',( #5924 ) ) ;
#3304 = ORIENTED_EDGE ( 'NONE', *, *, #3285, .F. ) ;
#3305 = VECTOR ( 'NONE', #2325, 1000.000000000000114 ) ;
#3306 = FILL_AREA_STYLE ('',( #6455 ) ) ;
#3307 = EDGE_CURVE ( 'NONE', #5163, #4525, #1245, .T. ) ;
#3308 = LINE ( 'NONE', #6428, #3693 ) ;
#3309 = DIRECTION ( 'NONE',  ( -1.000000000000000000, 0.000000000000000000, -0.000000000000000000 ) ) ;
#3310 = DIRECTION ( 'NONE',  ( 0.000000000000000000, -0.000000000000000000, -1.000000000000000000 ) ) ;
#3311 = ORIENTED_EDGE ( 'NONE', *, *, #750, .F. ) ;
#3312 = EDGE_CURVE ( 'NONE', #3073, #4894, #3772, .T. ) ;
#3313 = EDGE_CURVE ( 'NONE', #406, #5695, #3428, .T. ) ;
#3314 = VECTOR ( 'NONE', #2256, 1000.000000000000000 ) ;
#3315 = ORIENTED_EDGE ( 'NONE', *, *, #4323, .T. ) ;
#3316 = CARTESIAN_POINT ( 'NONE',  ( 3.200000000000001510, 2.639999999999999236, -0.3955307922833827261 ) ) ;
#3317 = FACE_BOUND ( 'NONE', #875, .T. ) ;
#3318 = ORIENTED_EDGE ( 'NONE', *, *, #4386, .F. ) ;
#3319 =( GEOMETRIC_REPRESENTATION_CONTEXT ( 3 ) GLOBAL_UNCERTAINTY_ASSIGNED_CONTEXT ( ( #4656 ) ) GLOBAL_UNIT_ASSIGNED_CONTEXT ( ( #3236, #597, #5960 ) ) REPRESENTATION_CONTEXT ( 'NONE', 'WORKASPACE' ) );
#3320 = CARTESIAN_POINT ( 'NONE',  ( -0.3249999999999967359, 0.4500000002000000277, 0.6556624325871229786 ) ) ;
#3321 = VECTOR ( 'NONE', #3327, 1000.000000000000000 ) ;
#3322 = ORIENTED_EDGE ( 'NONE', *, *, #1304, .F. ) ;
#3323 = DIRECTION ( 'NONE',  ( 1.000000000000000000, -0.000000000000000000, -0.000000000000000000 ) ) ;
#3324 = CARTESIAN_POINT ( 'NONE',  ( 1.700000000000000622, 1.050000000000000044, 0.09999999999999885369 ) ) ;
#3325 = ORIENTED_EDGE ( 'NONE', *, *, #5212, .F. ) ;
#3326 = DIRECTION ( 'NONE',  ( -1.000000000000000000, 0.000000000000000000, -0.000000000000000000 ) ) ;
#3327 = DIRECTION ( 'NONE',  ( -1.000000000000000000, 0.000000000000000000, -0.000000000000000000 ) ) ;
#3328 = AXIS2_PLACEMENT_3D ( 'NONE', #5876, #528, #4716 ) ;
#3329 = CARTESIAN_POINT ( 'NONE',  ( 1.700000000000000622, 2.639999999999999236, 0.09999999999999885369 ) ) ;
#3330 = AXIS2_PLACEMENT_3D ( 'NONE', #5910, #6402, #1548 ) ;
#3331 = ORIENTED_EDGE ( 'NONE', *, *, #3811, .T. ) ;
#3332 = VECTOR ( 'NONE', #4935, 1000.000000000000114 ) ;
#3333 = SURFACE_STYLE_USAGE ( .BOTH. , #4370 ) ;
#3334 = LINE ( 'NONE', #4917, #2735 ) ;
#3335 = PRESENTATION_STYLE_ASSIGNMENT (( #1217 ) ) ;
#3336 = ORIENTED_EDGE ( 'NONE', *, *, #5364, .F. ) ;
#3337 = SURFACE_SIDE_STYLE ('',( #2200 ) ) ;
#3338 = ADVANCED_FACE ( 'NONE', ( #2788 ), #6653, .F. ) ;
#3339 = FACE_OUTER_BOUND ( 'NONE', #2058, .T. ) ;
#3340 = CARTESIAN_POINT ( 'NONE',  ( -0.2426007268396391803, 1.914472545666378256, -0.2676007268396403127 ) ) ;
#3341 = EDGE_LOOP ( 'NONE', ( #6469, #2166, #70, #5761 ) ) ;
#3342 = CARTESIAN_POINT ( 'NONE',  ( 1.300000000000002043, 2.639999999999999236, -0.8249999999999998446 ) ) ;
#3343 = VECTOR ( 'NONE', #6940, 1000.000000000000000 ) ;
#3344 = VERTEX_POINT ( 'NONE', #101 ) ;
#3345 = DIRECTION ( 'NONE',  ( -1.000000000000000000, -0.000000000000000000, 0.000000000000000000 ) ) ;
#3346 = CARTESIAN_POINT ( 'NONE',  ( 0.2750000000000023537, 2.639999999999999236, -0.6999999999999985123 ) ) ;
#3347 = EDGE_LOOP ( 'NONE', ( #5809, #5918, #5236, #4574 ) ) ;
#3348 = ADVANCED_FACE ( 'NONE', ( #3356 ), #2251, .F. ) ;
#3349 = EDGE_LOOP ( 'NONE', ( #2372, #3496, #2626, #3384 ) ) ;
#3350 = CARTESIAN_POINT ( 'NONE',  ( -2.399999999999998579, 0.3500000000000001443, -0.2500000000724984517 ) ) ;
#3351 = VECTOR ( 'NONE', #6400, 1000.000000000000000 ) ;
#3352 = ORIENTED_EDGE ( 'NONE', *, *, #3093, .T. ) ;
#3353 = FILL_AREA_STYLE_COLOUR ( '', #1019 ) ;
#3354 = LINE ( 'NONE', #2317, #1664 ) ;
#3355 = ORIENTED_EDGE ( 'NONE', *, *, #5410, .T. ) ;
#3356 = FACE_OUTER_BOUND ( 'NONE', #6633, .T. ) ;
#3357 = CARTESIAN_POINT ( 'NONE',  ( 1.810000000000001386, 2.750000000000000000, -1.000000000000001554 ) ) ;
#3358 = VECTOR ( 'NONE', #4515, 1000.000000000000114 ) ;
#3359 = EDGE_CURVE ( 'NONE', #1623, #648, #1312, .T. ) ;
#3360 = VECTOR ( 'NONE', #4242, 1000.000000000000000 ) ;
#3361 = ORIENTED_EDGE ( 'NONE', *, *, #2342, .F. ) ;
#3362 = CARTESIAN_POINT ( 'NONE',  ( 2.400000000000000799, 0.2063250300240242197, -0.9500000000000011768 ) ) ;
#3363 = DIRECTION ( 'NONE',  ( 0.000000000000000000, -0.000000000000000000, 1.000000000000000000 ) ) ;
#3364 = DIRECTION ( 'NONE',  ( -1.000000000000000000, 0.000000000000000000, -0.000000000000000000 ) ) ;
#3365 = ORIENTED_EDGE ( 'NONE', *, *, #4105, .F. ) ;
#3366 = EDGE_CURVE ( 'NONE', #457, #3833, #2283, .T. ) ;
#3367 = CARTESIAN_POINT ( 'NONE',  ( 1.275000000000001465, 0.1999999999999999278, 1.249999999999998224 ) ) ;
#3368 = PLANE ( 'NONE',  #5010 ) ;
#3369 = FILL_AREA_STYLE ('',( #725 ) ) ;
#3370 = LINE ( 'NONE', #1676, #525 ) ;
#3371 = ORIENTED_EDGE ( 'NONE', *, *, #312, .F. ) ;
#3372 = EDGE_CURVE ( 'NONE', #3660, #1380, #3049, .T. ) ;
#3373 = VECTOR ( 'NONE', #3293, 1000.000000000000000 ) ;
#3374 = AXIS2_PLACEMENT_3D ( 'NONE', #1801, #2939, #6030 ) ;
#3375 = CARTESIAN_POINT ( 'NONE',  ( 1.700000000000000622, 2.639999999999999236, 0.5499999999999988232 ) ) ;
#3376 = VECTOR ( 'NONE', #1481, 1000.000000000000000 ) ;
#3377 = VERTEX_POINT ( 'NONE', #2968 ) ;
#3378 = FACE_OUTER_BOUND ( 'NONE', #3349, .T. ) ;
#3379 = LINE ( 'NONE', #3222, #2880 ) ;
#3380 = ORIENTED_EDGE ( 'NONE', *, *, #6018, .F. ) ;
#3381 = CARTESIAN_POINT ( 'NONE',  ( -0.3249999999999967359, 0.4500000002000000277, 0.5500000000000018208 ) ) ;
#3382 = EDGE_CURVE ( 'NONE', #1851, #6059, #6269, .T. ) ;
#3383 = UNCERTAINTY_MEASURE_WITH_UNIT (LENGTH_MEASURE( 1.000000000000000082E-05 ), #6283, 'distance_accuracy_value', 'NONE');
#3384 = ORIENTED_EDGE ( 'NONE', *, *, #157, .F. ) ;
#3385 = LINE ( 'NONE', #6613, #6012 ) ;
#3386 = STYLED_ITEM ( 'NONE', ( #2710 ), #953 ) ;
#3387 = ORIENTED_EDGE ( 'NONE', *, *, #823, .T. ) ;
#3388 = DIRECTION ( 'NONE',  ( 1.000000000000000000, -0.000000000000000000, -0.000000000000000000 ) ) ;
#3389 = CARTESIAN_POINT ( 'NONE',  ( -2.199999999999998845, 1.000000000000000000, -0.9499999999843734555 ) ) ;
#3390 = ORIENTED_EDGE ( 'NONE', *, *, #2651, .T. ) ;
#3391 = FILL_AREA_STYLE ('',( #201 ) ) ;
#3392 = LINE ( 'NONE', #1865, #6098 ) ;
#3393 = DIRECTION ( 'NONE',  ( -1.000000000000000000, 0.000000000000000000, 0.000000000000000000 ) ) ;
#3394 = VECTOR ( 'NONE', #4284, 1000.000000000000000 ) ;
#3395 = ADVANCED_FACE ( 'NONE', ( #905 ), #1477, .F. ) ;
#3396 = ORIENTED_EDGE ( 'NONE', *, *, #811, .F. ) ;
#3397 = CARTESIAN_POINT ( 'NONE',  ( 1.900000000000001021, 0.1000000012999997384, -1.000000000000001554 ) ) ;
#3398 = FACE_OUTER_BOUND ( 'NONE', #1410, .T. ) ;
#3399 = PRESENTATION_LAYER_ASSIGNMENT (  '', '', ( #6426 ) ) ;
#3400 = FILL_AREA_STYLE_COLOUR ( '', #5978 ) ;
#3401 = VERTEX_POINT ( 'NONE', #5782 ) ;
#3402 = VECTOR ( 'NONE', #4601, 1000.000000000000000 ) ;
#3403 = LINE ( 'NONE', #143, #651 ) ;
#3404 = CARTESIAN_POINT ( 'NONE',  ( 2.900000000000000799, 0.1000000012999997384, -0.9999999999999986677 ) ) ;
#3405 = CLOSED_SHELL ( 'NONE', ( #5668, #5014, #480, #4707, #6190, #5875, #953, #3302, #607, #5813 ) ) ;
#3406 = EDGE_CURVE ( 'NONE', #3807, #5909, #2537, .T. ) ;
#3407 = AXIS2_PLACEMENT_3D ( 'NONE', #6702, #5746, #1387 ) ;
#3408 = LINE ( 'NONE', #5060, #6503 ) ;
#3409 = CARTESIAN_POINT ( 'NONE',  ( 0.3705307922833874223, 2.639999999999999236, 0.1155307922833886253 ) ) ;
#3410 = DIRECTION ( 'NONE',  ( -0.000000000000000000, -1.000000000000000000, -0.000000000000000000 ) ) ;
#3411 = ORIENTED_EDGE ( 'NONE', *, *, #2944, .T. ) ;
#3412 = CARTESIAN_POINT ( 'NONE',  ( -1.074999999999999512, 2.639999999999999236, -0.6999999999999985123 ) ) ;
#3413 = VECTOR ( 'NONE', #6696, 1000.000000000000000 ) ;
#3414 = FACE_OUTER_BOUND ( 'NONE', #6745, .T. ) ;
#3415 = DIRECTION ( 'NONE',  ( 0.9848077530122089085, -0.1736481776669258625, 0.000000000000000000 ) ) ;
#3416 = PLANE ( 'NONE',  #1142 ) ;
#3417 = EDGE_CURVE ( 'NONE', #1247, #1914, #2572, .T. ) ;
#3418 = DIRECTION ( 'NONE',  ( 1.000000000000000000, 0.000000000000000000, 0.000000000000000000 ) ) ;
#3419 = CARTESIAN_POINT ( 'NONE',  ( -2.199999999999998845, 1.000000000000000000, -0.2499999999999983902 ) ) ;
#3420 = ORIENTED_EDGE ( 'NONE', *, *, #1822, .T. ) ;
#3421 = EDGE_CURVE ( 'NONE', #1097, #5560, #2507, .T. ) ;
#3422 = ORIENTED_EDGE ( 'NONE', *, *, #6141, .F. ) ;
#3423 = SURFACE_STYLE_FILL_AREA ( #4649 ) ;
#3424 = ORIENTED_EDGE ( 'NONE', *, *, #3183, .T. ) ;
#3425 = DIRECTION ( 'NONE',  ( 0.000000000000000000, 0.000000000000000000, -1.000000000000000000 ) ) ;
#3426 = LINE ( 'NONE', #3294, #2673 ) ;
#3427 = ORIENTED_EDGE ( 'NONE', *, *, #1304, .T. ) ;
#3428 = LINE ( 'NONE', #4468, #4333 ) ;
#3429 = DIRECTION ( 'NONE',  ( 1.000000000000000000, -0.000000000000000000, 0.000000000000000000 ) ) ;
#3430 = CARTESIAN_POINT ( 'NONE',  ( -0.5249999999999981348, 0.7768699943250462203, -0.8099999999999991651 ) ) ;
#3431 = CYLINDRICAL_SURFACE ( 'NONE', #1603, 0.1000000000000000472 ) ;
#3432 = VECTOR ( 'NONE', #3953, 1000.000000000000000 ) ;
#3433 = VECTOR ( 'NONE', #5305, 1000.000000000000227 ) ;
#3434 = CARTESIAN_POINT ( 'NONE',  ( -1.099999999999998535, 2.639999999999999236, 0.04500000000000294043 ) ) ;
#3435 = SURFACE_STYLE_FILL_AREA ( #327 ) ;
#3436 = CARTESIAN_POINT ( 'NONE',  ( -1.324999999999997957, 0.7768699943250462203, -0.8099999999999991651 ) ) ;
#3437 = ORIENTED_EDGE ( 'NONE', *, *, #691, .T. ) ;
#3438 = FACE_OUTER_BOUND ( 'NONE', #2462, .T. ) ;
#3439 = DIRECTION ( 'NONE',  ( 0.000000000000000000, 0.000000000000000000, 1.000000000000000000 ) ) ;
#3440 = COLOUR_RGB ( '',0.7960784313725489669, 0.8235294117647058432, 0.9372549019607843146 ) ;
#3441 = EDGE_CURVE ( 'NONE', #2154, #4918, #4654, .T. ) ;
#3442 = COLOUR_RGB ( '',0.7960784313725489669, 0.8235294117647058432, 0.9372549019607843146 ) ;
#3443 = VECTOR ( 'NONE', #1417, 1000.000000000000000 ) ;
#3444 = DIRECTION ( 'NONE',  ( 1.000000000000000000, 0.000000000000000000, -0.000000000000000000 ) ) ;
#3445 = SURFACE_STYLE_USAGE ( .BOTH. , #4484 ) ;
#3446 = ORIENTED_EDGE ( 'NONE', *, *, #5881, .T. ) ;
#3447 = LINE ( 'NONE', #1262, #6516 ) ;
#3448 = FACE_OUTER_BOUND ( 'NONE', #1408, .T. ) ;
#3449 = SURFACE_STYLE_FILL_AREA ( #2839 ) ;
#3450 = EDGE_CURVE ( 'NONE', #701, #6473, #5743, .T. ) ;
#3451 = CARTESIAN_POINT ( 'NONE',  ( -0.3249999999999967359, 0.4500000002000000277, 0.6556624325871229786 ) ) ;
#3452 = AXIS2_PLACEMENT_3D ( 'NONE', #2655, #3196, #3684 ) ;
#3453 = EDGE_LOOP ( 'NONE', ( #2845, #2357, #240, #6359 ) ) ;
#3454 = ADVANCED_FACE ( 'NONE', ( #6695 ), #278, .F. ) ;
#3455 = VECTOR ( 'NONE', #6029, 1000.000000000000000 ) ;
#3456 =( GEOMETRIC_REPRESENTATION_CONTEXT ( 3 ) GLOBAL_UNCERTAINTY_ASSIGNED_CONTEXT ( ( #3540 ) ) GLOBAL_UNIT_ASSIGNED_CONTEXT ( ( #455, #1535, #3758 ) ) REPRESENTATION_CONTEXT ( 'NONE', 'WORKASPACE' ) );
#3457 = UNCERTAINTY_MEASURE_WITH_UNIT (LENGTH_MEASURE( 1.000000000000000082E-05 ), #5476, 'distance_accuracy_value', 'NONE');
#3458 = EDGE_LOOP ( 'NONE', ( #3322, #1386, #1416, #1843 ) ) ;
#3459 = ORIENTED_EDGE ( 'NONE', *, *, #206, .T. ) ;
#3460 = ORIENTED_EDGE ( 'NONE', *, *, #2610, .T. ) ;
#3461 = VECTOR ( 'NONE', #6746, 1000.000000000000000 ) ;
#3462 = CARTESIAN_POINT ( 'NONE',  ( 1.125000000000001332, 0.1999999999999999833, 0.7999999999999982681 ) ) ;
#3463 = ORIENTED_EDGE ( 'NONE', *, *, #3313, .T. ) ;
#3464 = EDGE_CURVE ( 'NONE', #3377, #3821, #321, .T. ) ;
#3465 = DIRECTION ( 'NONE',  ( -0.5773502691896190697, -0.5773502691896390537, -0.5773502691896190697 ) ) ;
#3466 = CARTESIAN_POINT ( 'NONE',  ( 15.30000000000000071, 2.639999999999999236, -0.6999999999999985123 ) ) ;
#3467 = VERTEX_POINT ( 'NONE', #1345 ) ;
#3468 =( LENGTH_UNIT ( ) NAMED_UNIT ( * ) SI_UNIT ( .MILLI., .METRE. ) );
#3469 = CARTESIAN_POINT ( 'NONE',  ( 2.200000000000001066, 0.3063250300240242252, -0.9500000000000013989 ) ) ;
#3470 = FILL_AREA_STYLE ('',( #3948 ) ) ;
#3471 = FILL_AREA_STYLE ('',( #3400 ) ) ;
#3472 = ORIENTED_EDGE ( 'NONE', *, *, #4481, .T. ) ;
#3473 = DIRECTION ( 'NONE',  ( -0.000000000000000000, -1.000000000000000000, -0.000000000000000000 ) ) ;
#3474 = EDGE_LOOP ( 'NONE', ( #2063, #6658, #6784, #3988 ) ) ;
#3475 = MECHANICAL_DESIGN_GEOMETRIC_PRESENTATION_REPRESENTATION (  '', ( #3800 ), #3142 ) ;
#3476 = CYLINDRICAL_SURFACE ( 'NONE', #4888, 0.04999999999999991257 ) ;
#3477 = VECTOR ( 'NONE', #1841, 1000.000000000000000 ) ;
#3478 = EDGE_CURVE ( 'NONE', #866, #2154, #2465, .T. ) ;
#3479 = CARTESIAN_POINT ( 'NONE',  ( 2.200000000000001066, 0.3500000000000001443, -0.2500000000725012272 ) ) ;
#3480 = CARTESIAN_POINT ( 'NONE',  ( -1.229469207716611612, 2.639999999999999236, 0.1250000000000016376 ) ) ;
#3481 = ORIENTED_EDGE ( 'NONE', *, *, #450, .F. ) ;
#3482 = AXIS2_PLACEMENT_3D ( 'NONE', #917, #4735, #6216 ) ;
#3483 = ORIENTED_EDGE ( 'NONE', *, *, #763, .T. ) ;
#3484 =( NAMED_UNIT ( * ) SI_UNIT ( $, .STERADIAN. ) SOLID_ANGLE_UNIT ( ) );
#3485 = CARTESIAN_POINT ( 'NONE',  ( 1.125000000000001332, 0.1000000006499977834, 0.5499999993499971040 ) ) ;
#3486 = LINE ( 'NONE', #4491, #5756 ) ;
#3487 = EDGE_CURVE ( 'NONE', #2506, #3616, #5261, .T. ) ;
#3488 = LINE ( 'NONE', #5626, #1116 ) ;
#3489 = CARTESIAN_POINT ( 'NONE',  ( 0.3250000000000016209, 0.1999999999999999556, 1.250000000000001110 ) ) ;
#3490 = AXIS2_PLACEMENT_3D ( 'NONE', #2388, #198, #1309 ) ;
#3491 = AXIS2_PLACEMENT_3D ( 'NONE', #3250, #5399, #4719 ) ;
#3492 = EDGE_CURVE ( 'NONE', #6262, #6193, #1975, .T. ) ;
#3493 = ORIENTED_EDGE ( 'NONE', *, *, #6047, .F. ) ;
#3494 = EDGE_LOOP ( 'NONE', ( #837, #300, #4827, #6541 ) ) ;
#3495 = CARTESIAN_POINT ( 'NONE',  ( 0.3250000000000016209, 0.4500000002000000832, 0.5500000000000018208 ) ) ;
#3496 = ORIENTED_EDGE ( 'NONE', *, *, #380, .F. ) ;
#3497 = LINE ( 'NONE', #5637, #5950 ) ;
#3498 = EDGE_LOOP ( 'NONE', ( #687, #1120, #714, #3315 ) ) ;
#3499 = CARTESIAN_POINT ( 'NONE',  ( 1.229469207716615609, 2.639999999999999236, 0.1155307922833858081 ) ) ;
#3500 = VECTOR ( 'NONE', #4695, 1000.000000000000000 ) ;
#3501 = SURFACE_STYLE_FILL_AREA ( #6841 ) ;
#3502 = ADVANCED_FACE ( 'NONE', ( #5115 ), #3607, .F. ) ;
#3503 = ORIENTED_EDGE ( 'NONE', *, *, #1414, .T. ) ;
#3504 = MECHANICAL_DESIGN_GEOMETRIC_PRESENTATION_REPRESENTATION (  '', ( #347 ), #4963 ) ;
#3505 = CARTESIAN_POINT ( 'NONE',  ( 1.125000000000001332, 0.04999999999999996808, 1.199999999999998401 ) ) ;
#3506 = DIRECTION ( 'NONE',  ( 1.000000000000000000, 0.000000000000000000, -0.000000000000000000 ) ) ;
#3507 = CARTESIAN_POINT ( 'NONE',  ( -0.4294692077166126221, 2.639999999999999236, 0.2744692077166173139 ) ) ;
#3508 = ORIENTED_EDGE ( 'NONE', *, *, #5224, .T. ) ;
#3509 = CARTESIAN_POINT ( 'NONE',  ( -2.199999999999998845, 0.3063250300240242252, -0.9499999999999986233 ) ) ;
#3510 = VERTEX_POINT ( 'NONE', #3499 ) ;
#3511 = DIRECTION ( 'NONE',  ( 0.000000000000000000, 0.000000000000000000, -1.000000000000000000 ) ) ;
#3512 = AXIS2_PLACEMENT_3D ( 'NONE', #5951, #1149, #2688 ) ;
#3513 = ADVANCED_FACE ( 'NONE', ( #6197 ), #3538, .F. ) ;
#3514 = VECTOR ( 'NONE', #4638, 1000.000000000000000 ) ;
#3515 = DIRECTION ( 'NONE',  ( 0.000000000000000000, 0.000000000000000000, -1.000000000000000000 ) ) ;
#3516 = FACE_OUTER_BOUND ( 'NONE', #3494, .T. ) ;
#3517 = ORIENTED_EDGE ( 'NONE', *, *, #5847, .T. ) ;
#3518 = ORIENTED_EDGE ( 'NONE', *, *, #2498, .F. ) ;
#3519 = PRESENTATION_STYLE_ASSIGNMENT (( #3997 ) ) ;
#3520 = CARTESIAN_POINT ( 'NONE',  ( 1.700000000000000622, 1.050000000000000044, -0.5000000000000013323 ) ) ;
#3521 = CARTESIAN_POINT ( 'NONE',  ( -1.099999999999997646, 2.239999999999989555, -0.3249999999999970690 ) ) ;
#3522 = LINE ( 'NONE', #5665, #2404 ) ;
#3523 = ADVANCED_FACE ( 'NONE', ( #3084 ), #5228, .F. ) ;
#3524 = VECTOR ( 'NONE', #3542, 1000.000000000000000 ) ;
#3525 = DIRECTION ( 'NONE',  ( 0.000000000000000000, -0.5150380749100552658, -0.8571673007021116675 ) ) ;
#3526 = DIRECTION ( 'NONE',  ( -1.000000000000000000, 0.000000000000000000, 0.000000000000000000 ) ) ;
#3527 = CLOSED_SHELL ( 'NONE', ( #5424, #959, #5856, #5769, #1695, #5636, #2019, #4033, #173, #6009 ) ) ;
#3528 = ORIENTED_EDGE ( 'NONE', *, *, #5702, .F. ) ;
#3529 = EDGE_CURVE ( 'NONE', #2309, #6189, #3770, .T. ) ;
#3530 = EDGE_CURVE ( 'NONE', #5726, #6972, #4790, .T. ) ;
#3531 = ADVANCED_FACE ( 'NONE', ( #4866 ), #6938, .F. ) ;
#3532 = ORIENTED_EDGE ( 'NONE', *, *, #37, .F. ) ;
#3533 = DIRECTION ( 'NONE',  ( 0.000000000000000000, -1.204669080539449344E-16, 1.000000000000000000 ) ) ;
#3534 = ORIENTED_EDGE ( 'NONE', *, *, #6604, .T. ) ;
#3535 =( NAMED_UNIT ( * ) PLANE_ANGLE_UNIT ( ) SI_UNIT ( $, .RADIAN. ) );
#3536 = DIRECTION ( 'NONE',  ( 0.000000000000000000, 0.000000000000000000, -1.000000000000000000 ) ) ;
#3537 = EDGE_LOOP ( 'NONE', ( #207, #3014, #3104, #6761 ) ) ;
#3538 = PLANE ( 'NONE',  #4116 ) ;
#3539 = DIRECTION ( 'NONE',  ( -0.000000000000000000, -1.000000000000000000, -0.000000000000000000 ) ) ;
#3540 = UNCERTAINTY_MEASURE_WITH_UNIT (LENGTH_MEASURE( 1.000000000000000082E-05 ), #455, 'distance_accuracy_value', 'NONE');
#3541 = ORIENTED_EDGE ( 'NONE', *, *, #6859, .F. ) ;
#3542 = DIRECTION ( 'NONE',  ( 0.000000000000000000, 0.000000000000000000, 1.000000000000000000 ) ) ;
#3543 = EDGE_CURVE ( 'NONE', #6896, #5646, #4258, .T. ) ;
#3544 = DIRECTION ( 'NONE',  ( -1.000000000000000000, 0.000000000000000000, 0.000000000000000000 ) ) ;
#3545 = ORIENTED_EDGE ( 'NONE', *, *, #2473, .F. ) ;
#3546 = LINE ( 'NONE', #6342, #5812 ) ;
#3547 = VERTEX_POINT ( 'NONE', #5361 ) ;
#3548 = SURFACE_SIDE_STYLE ('',( #3058 ) ) ;
#3549 = ADVANCED_FACE ( 'NONE', ( #535 ), #3151, .F. ) ;
#3550 = LINE ( 'NONE', #2948, #4915 ) ;
#3551 = ORIENTED_EDGE ( 'NONE', *, *, #1024, .T. ) ;
#3552 = EDGE_LOOP ( 'NONE', ( #1128, #2828, #194, #420 ) ) ;
#3553 = AXIS2_PLACEMENT_3D ( 'NONE', #6247, #6279, #5755 ) ;
#3554 = CARTESIAN_POINT ( 'NONE',  ( 0.3708079660227938668, 2.641571930389168710, 0.1158079660227947227 ) ) ;
#3555 = CARTESIAN_POINT ( 'NONE',  ( -2.399999999999998579, 0.3499999999999999778, 0.05000000001625162782 ) ) ;
#3556 = LINE ( 'NONE', #892, #232 ) ;
#3557 = DIRECTION ( 'NONE',  ( -1.000000000000000000, -0.000000000000000000, -0.000000000000000000 ) ) ;
#3558 = ADVANCED_FACE ( 'NONE', ( #3253 ), #2041, .F. ) ;
#3559 = MECHANICAL_DESIGN_GEOMETRIC_PRESENTATION_REPRESENTATION (  '', ( #4552 ), #2749 ) ;
#3560 = VECTOR ( 'NONE', #4613, 1000.000000000000000 ) ;
#3561 = FILL_AREA_STYLE ('',( #2996 ) ) ;
#3562 = CARTESIAN_POINT ( 'NONE',  ( 2.200000000000001066, 8.109541161931386268E-17, -0.7786222391909481955 ) ) ;
#3563 = AXIS2_PLACEMENT_3D ( 'NONE', #5906, #5491, #5002 ) ;
#3564 = ORIENTED_EDGE ( 'NONE', *, *, #665, .F. ) ;
#3565 = PRESENTATION_LAYER_ASSIGNMENT (  '', '', ( #1866 ) ) ;
#3566 = ORIENTED_EDGE ( 'NONE', *, *, #43, .T. ) ;
#3567 = DIRECTION ( 'NONE',  ( -0.000000000000000000, 0.000000000000000000, -1.000000000000000000 ) ) ;
#3568 = ORIENTED_EDGE ( 'NONE', *, *, #6973, .T. ) ;
#3569 =( LENGTH_UNIT ( ) NAMED_UNIT ( * ) SI_UNIT ( .MILLI., .METRE. ) );
#3570 = EDGE_LOOP ( 'NONE', ( #1419, #3141, #3518, #4737, #2245, #1661, #2028, #482 ) ) ;
#3571 = CARTESIAN_POINT ( 'NONE',  ( -0.3249999999999967359, -3.675261601645777502E-17, 1.200000000000000844 ) ) ;
#3572 = ADVANCED_FACE ( 'NONE', ( #2676 ), #1104, .F. ) ;
#3573 = CARTESIAN_POINT ( 'NONE',  ( -0.3249999999999967359, -3.675261601645777502E-17, 0.6500000000000011324 ) ) ;
#3574 = PRESENTATION_LAYER_ASSIGNMENT (  '', '', ( #533 ) ) ;
#3575 = DIRECTION ( 'NONE',  ( -1.000000000000000000, 0.000000000000000000, 0.000000000000000000 ) ) ;
#3576 = FACE_OUTER_BOUND ( 'NONE', #3498, .T. ) ;
#3577 = CARTESIAN_POINT ( 'NONE',  ( -1.274999999999998357, 0.000000000000000000, 0.6500000000000011324 ) ) ;
#3578 = FACE_OUTER_BOUND ( 'NONE', #1137, .T. ) ;
#3579 = LINE ( 'NONE', #2511, #3279 ) ;
#3580 = ORIENTED_EDGE ( 'NONE', *, *, #2964, .T. ) ;
#3581 = LINE ( 'NONE', #975, #1993 ) ;
#3582 = LINE ( 'NONE', #4341, #47 ) ;
#3583 = EDGE_CURVE ( 'NONE', #2792, #4602, #3737, .T. ) ;
#3584 = ADVANCED_FACE ( 'NONE', ( #2074 ), #574, .F. ) ;
#3585 = SURFACE_STYLE_USAGE ( .BOTH. , #4633 ) ;
#3586 = VECTOR ( 'NONE', #2648, 1000.000000000000000 ) ;
#3587 = ORIENTED_EDGE ( 'NONE', *, *, #1987, .T. ) ;
#3588 = ORIENTED_EDGE ( 'NONE', *, *, #4032, .F. ) ;
#3589 = DIRECTION ( 'NONE',  ( -1.000000000000000000, -0.000000000000000000, -0.000000000000000000 ) ) ;
#3590 = FILL_AREA_STYLE ('',( #5210 ) ) ;
#3591 = MECHANICAL_DESIGN_GEOMETRIC_PRESENTATION_REPRESENTATION (  '', ( #85 ), #5389 ) ;
#3592 = CARTESIAN_POINT ( 'NONE',  ( 1.300000000000001155, 2.639999999999999236, 0.04500000000000011630 ) ) ;
#3593 =( NAMED_UNIT ( * ) SI_UNIT ( $, .STERADIAN. ) SOLID_ANGLE_UNIT ( ) );
#3594 = AXIS2_PLACEMENT_3D ( 'NONE', #1913, #1874, #4621 ) ;
#3595 = ORIENTED_EDGE ( 'NONE', *, *, #4959, .T. ) ;
#3596 = MECHANICAL_DESIGN_GEOMETRIC_PRESENTATION_REPRESENTATION (  '', ( #6508 ), #5936 ) ;
#3597 = ADVANCED_FACE ( 'NONE', ( #6475 ), #5431, .F. ) ;
#3598 = DIRECTION ( 'NONE',  ( 1.000000000000000000, 0.000000000000000000, 0.000000000000000000 ) ) ;
#3599 = PLANE ( 'NONE',  #991 ) ;
#3600 = VERTEX_POINT ( 'NONE', #1511 ) ;
#3601 = ORIENTED_EDGE ( 'NONE', *, *, #2748, .T. ) ;
#3602 = CARTESIAN_POINT ( 'NONE',  ( 0.3250000000000016209, 0.2000000000000000111, 0.8000000000000011546 ) ) ;
#3603 = AXIS2_PLACEMENT_3D ( 'NONE', #6511, #6472, #1495 ) ;
#3604 = CARTESIAN_POINT ( 'NONE',  ( 2.400000000000000799, 1.000000000000000000, -0.9499999999843763421 ) ) ;
#3605 = ORIENTED_EDGE ( 'NONE', *, *, #1719, .F. ) ;
#3606 = ADVANCED_FACE ( 'NONE', ( #3673 ), #4224, .F. ) ;
#3607 = PLANE ( 'NONE',  #1303 ) ;
#3608 = CARTESIAN_POINT ( 'NONE',  ( -0.2999999999999959921, 2.239999999999989555, -0.3249999999999970690 ) ) ;
#3609 = STYLED_ITEM ( 'NONE', ( #6803 ), #2417 ) ;
#3610 = EDGE_CURVE ( 'NONE', #247, #3377, #307, .T. ) ;
#3611 = PRODUCT_DEFINITION_FORMATION_WITH_SPECIFIED_SOURCE ( 'ANY', '', #2367, .NOT_KNOWN. ) ;
#3612 = UNCERTAINTY_MEASURE_WITH_UNIT (LENGTH_MEASURE( 1.000000000000000082E-05 ), #551, 'distance_accuracy_value', 'NONE');
#3613 =( LENGTH_UNIT ( ) NAMED_UNIT ( * ) SI_UNIT ( .MILLI., .METRE. ) );
#3614 = FILL_AREA_STYLE ('',( #1450 ) ) ;
#3615 =( NAMED_UNIT ( * ) SI_UNIT ( $, .STERADIAN. ) SOLID_ANGLE_UNIT ( ) );
#3616 = VERTEX_POINT ( 'NONE', #1296 ) ;
#3617 = DIRECTION ( 'NONE',  ( -1.000000000000000000, 0.000000000000000000, -0.000000000000000000 ) ) ;
#3618 = CARTESIAN_POINT ( 'NONE',  ( -1.299999999999998268, 2.239999999999990443, 0.3450000000000029710 ) ) ;
#3619 = FACE_OUTER_BOUND ( 'NONE', #5400, .T. ) ;
#3620 = EDGE_CURVE ( 'NONE', #2036, #5597, #225, .T. ) ;
#3621 =( GEOMETRIC_REPRESENTATION_CONTEXT ( 3 ) GLOBAL_UNCERTAINTY_ASSIGNED_CONTEXT ( ( #5712 ) ) GLOBAL_UNIT_ASSIGNED_CONTEXT ( ( #706, #743, #1337 ) ) REPRESENTATION_CONTEXT ( 'NONE', 'WORKASPACE' ) );
#3622 = AXIS2_PLACEMENT_3D ( 'NONE', #2737, #183, #5976 ) ;
#3623 =( NAMED_UNIT ( * ) SI_UNIT ( $, .STERADIAN. ) SOLID_ANGLE_UNIT ( ) );
#3624 = CARTESIAN_POINT ( 'NONE',  ( -2.399999999999998579, 0.7936749699759758636, -0.9499999999999984013 ) ) ;
#3625 = VERTEX_POINT ( 'NONE', #6222 ) ;
#3626 = ORIENTED_EDGE ( 'NONE', *, *, #2259, .F. ) ;
#3627 = AXIS2_PLACEMENT_3D ( 'NONE', #5461, #6513, #640 ) ;
#3628 = DIRECTION ( 'NONE',  ( 0.1710878697460311570, 0.9702875252478154744, 0.1710878697460311293 ) ) ;
#3629 = SURFACE_SIDE_STYLE ('',( #412 ) ) ;
#3630 = PLANE ( 'NONE',  #4319 ) ;
#3631 = VECTOR ( 'NONE', #6978, 1000.000000000000227 ) ;
#3632 = ORIENTED_EDGE ( 'NONE', *, *, #6779, .F. ) ;
#3633 = CARTESIAN_POINT ( 'NONE',  ( 2.700000000000001510, 0.4500000002000000832, 0.9999999999999988898 ) ) ;
#3634 = VERTEX_POINT ( 'NONE', #4040 ) ;
#3635 = VECTOR ( 'NONE', #2159, 1000.000000000000000 ) ;
#3636 = SURFACE_STYLE_FILL_AREA ( #4151 ) ;
#3637 = ORIENTED_EDGE ( 'NONE', *, *, #3644, .F. ) ;
#3638 = PRESENTATION_LAYER_ASSIGNMENT (  '', '', ( #829 ) ) ;
#3639 = FILL_AREA_STYLE ('',( #6299 ) ) ;
#3640 = FACE_OUTER_BOUND ( 'NONE', #3979, .T. ) ;
#3641 = DIRECTION ( 'NONE',  ( -1.000000000000000000, -0.000000000000000000, -0.000000000000000000 ) ) ;
#3642 = ORIENTED_EDGE ( 'NONE', *, *, #5962, .F. ) ;
#3643 = CARTESIAN_POINT ( 'NONE',  ( 1.075000000000001732, 1.050000000000000044, -0.8100000000000020517 ) ) ;
#3644 = EDGE_CURVE ( 'NONE', #5163, #5525, #1403, .T. ) ;
#3645 = FACE_OUTER_BOUND ( 'NONE', #5869, .T. ) ;
#3646 = DIRECTION ( 'NONE',  ( -1.000000000000000000, 0.000000000000000000, 1.355252715606883008E-16 ) ) ;
#3647 = DIRECTION ( 'NONE',  ( 1.355252715606883008E-16, -0.000000000000000000, 1.000000000000000000 ) ) ;
#3648 = DIRECTION ( 'NONE',  ( 0.000000000000000000, 0.000000000000000000, -1.000000000000000000 ) ) ;
#3649 = EDGE_LOOP ( 'NONE', ( #2806, #5138, #5474, #4669 ) ) ;
#3650 = LINE ( 'NONE', #368, #6151 ) ;
#3651 = FACE_OUTER_BOUND ( 'NONE', #2937, .T. ) ;
#3652 = AXIS2_PLACEMENT_3D ( 'NONE', #6490, #5376, #2826 ) ;
#3653 = DIRECTION ( 'NONE',  ( -0.000000000000000000, -0.000000000000000000, -1.000000000000000000 ) ) ;
#3654 = DIRECTION ( 'NONE',  ( 0.000000000000000000, 0.000000000000000000, 1.000000000000000000 ) ) ;
#3655 = EDGE_LOOP ( 'NONE', ( #6851, #6328, #2823, #1902, #2940, #2783, #1679, #973 ) ) ;
#3656 = DIRECTION ( 'NONE',  ( 0.000000000000000000, -0.000000000000000000, 1.000000000000000000 ) ) ;
#3657 =( LENGTH_UNIT ( ) NAMED_UNIT ( * ) SI_UNIT ( .MILLI., .METRE. ) );
#3658 = COLOUR_RGB ( '',0.7960784313725489669, 0.8235294117647058432, 0.9372549019607843146 ) ;
#3659 = EDGE_CURVE ( 'NONE', #1412, #532, #1776, .T. ) ;
#3660 = VERTEX_POINT ( 'NONE', #6635 ) ;
#3661 = VECTOR ( 'NONE', #180, 1000.000000000000000 ) ;
#3662 = SURFACE_STYLE_FILL_AREA ( #3724 ) ;
#3663 = EDGE_LOOP ( 'NONE', ( #6625, #5365, #6505, #2700 ) ) ;
#3664 = VECTOR ( 'NONE', #6689, 1000.000000000000114 ) ;
#3665 = EDGE_CURVE ( 'NONE', #6137, #4703, #6678, .T. ) ;
#3666 = EDGE_CURVE ( 'NONE', #5661, #2848, #857, .T. ) ;
#3667 = VERTEX_POINT ( 'NONE', #6149 ) ;
#3668 = CIRCLE ( 'NONE', #5694, 0.1000000000000000472 ) ;
#3669 = EDGE_CURVE ( 'NONE', #4837, #2506, #3522, .T. ) ;
#3670 =( GEOMETRIC_REPRESENTATION_CONTEXT ( 3 ) GLOBAL_UNCERTAINTY_ASSIGNED_CONTEXT ( ( #2109 ) ) GLOBAL_UNIT_ASSIGNED_CONTEXT ( ( #4527, #810, #5622 ) ) REPRESENTATION_CONTEXT ( 'NONE', 'WORKASPACE' ) );
#3671 = FACE_OUTER_BOUND ( 'NONE', #1273, .T. ) ;
#3672 = ORIENTED_EDGE ( 'NONE', *, *, #3042, .T. ) ;
#3673 = FACE_OUTER_BOUND ( 'NONE', #6158, .T. ) ;
#3674 = PLANE ( 'NONE',  #3085 ) ;
#3675 = DIRECTION ( 'NONE',  ( 0.000000000000000000, -0.000000000000000000, -1.000000000000000000 ) ) ;
#3676 = ADVANCED_FACE ( 'NONE', ( #1848 ), #4453, .F. ) ;
#3677 = CARTESIAN_POINT ( 'NONE',  ( 0.5000000000000031086, 2.639999999999999236, 0.04500000000000294043 ) ) ;
#3678 = LINE ( 'NONE', #4229, #3586 ) ;
#3679 = VECTOR ( 'NONE', #2407, 1000.000000000000227 ) ;
#3680 = ORIENTED_EDGE ( 'NONE', *, *, #5716, .T. ) ;
#3681 = SURFACE_STYLE_FILL_AREA ( #6946 ) ;
#3682 = CARTESIAN_POINT ( 'NONE',  ( 4.800000000000004263, 2.639999999999999236, 0.1155307922833880285 ) ) ;
#3683 = VECTOR ( 'NONE', #3345, 1000.000000000000000 ) ;
#3684 = DIRECTION ( 'NONE',  ( -1.000000000000000000, 0.000000000000000000, 0.000000000000000000 ) ) ;
#3685 = ORIENTED_EDGE ( 'NONE', *, *, #197, .F. ) ;
#3686 = PRESENTATION_LAYER_ASSIGNMENT (  '', '', ( #4575 ) ) ;
#3687 = PLANE ( 'NONE',  #565 ) ;
#3688 = CARTESIAN_POINT ( 'NONE',  ( -1.229469207716611612, 2.639999999999999236, 0.1250000000000016376 ) ) ;
#3689 = EDGE_CURVE ( 'NONE', #889, #4401, #6075, .T. ) ;
#3690 = VERTEX_POINT ( 'NONE', #3485 ) ;
#3691 = VERTEX_POINT ( 'NONE', #5550 ) ;
#3692 = EDGE_CURVE ( 'NONE', #2986, #3159, #1263, .T. ) ;
#3693 = VECTOR ( 'NONE', #5385, 1000.000000000000227 ) ;
#3694 = CARTESIAN_POINT ( 'NONE',  ( -0.4999999999999973910, 1.050000000000000044, -0.8249999999999970690 ) ) ;
#3695 = SURFACE_STYLE_USAGE ( .BOTH. , #4191 ) ;
#3696 = DIRECTION ( 'NONE',  ( 0.000000000000000000, -0.000000000000000000, -1.000000000000000000 ) ) ;
#3697 = DIRECTION ( 'NONE',  ( 0.000000000000000000, -0.000000000000000000, 1.000000000000000000 ) ) ;
#3698 = ORIENTED_EDGE ( 'NONE', *, *, #5731, .F. ) ;
#3699 = PRESENTATION_STYLE_ASSIGNMENT (( #5326 ) ) ;
#3700 = PLANE ( 'NONE',  #6315 ) ;
#3701 = ADVANCED_FACE ( 'NONE', ( #732 ), #2873, .F. ) ;
#3702 = FACE_OUTER_BOUND ( 'NONE', #5511, .T. ) ;
#3703 = DIRECTION ( 'NONE',  ( -0.000000000000000000, -0.000000000000000000, 1.000000000000000000 ) ) ;
#3704 = LINE ( 'NONE', #2647, #4056 ) ;
#3705 = CARTESIAN_POINT ( 'NONE',  ( -1.124999999999998446, 0.1999999999999999556, 1.250000000000001110 ) ) ;
#3706 = ORIENTED_EDGE ( 'NONE', *, *, #1290, .F. ) ;
#3707 = PRESENTATION_LAYER_ASSIGNMENT (  '', '', ( #4838 ) ) ;
#3708 = CARTESIAN_POINT ( 'NONE',  ( -0.3249999999999967359, 0.1999999999999999833, 0.8000000000000011546 ) ) ;
#3709 = FILL_AREA_STYLE ('',( #1591 ) ) ;
#3710 = EDGE_CURVE ( 'NONE', #2187, #4219, #5280, .T. ) ;
#3711 = VECTOR ( 'NONE', #3053, 1000.000000000000000 ) ;
#3712 = DIRECTION ( 'NONE',  ( 0.000000000000000000, -0.5000000000000039968, -0.8660254037844363761 ) ) ;
#3713 = DIRECTION ( 'NONE',  ( 0.1710878697460311570, 0.9702875252478154744, -0.1710878697460311570 ) ) ;
#3714 = ORIENTED_EDGE ( 'NONE', *, *, #487, .T. ) ;
#3715 = SURFACE_STYLE_USAGE ( .BOTH. , #5418 ) ;
#3716 = FILL_AREA_STYLE_COLOUR ( '', #2494 ) ;
#3717 = FACE_OUTER_BOUND ( 'NONE', #6542, .T. ) ;
#3718 =( NAMED_UNIT ( * ) SI_UNIT ( $, .STERADIAN. ) SOLID_ANGLE_UNIT ( ) );
#3719 = VECTOR ( 'NONE', #6167, 1000.000000000000000 ) ;
#3720 = ADVANCED_FACE ( 'NONE', ( #893 ), #3630, .F. ) ;
#3721 = ORIENTED_EDGE ( 'NONE', *, *, #513, .T. ) ;
#3722 = AXIS2_PLACEMENT_3D ( 'NONE', #1630, #6415, #2191 ) ;
#3723 = SURFACE_STYLE_FILL_AREA ( #4180 ) ;
#3724 = FILL_AREA_STYLE ('',( #6326 ) ) ;
#3725 = EDGE_LOOP ( 'NONE', ( #3785, #6733, #6453, #1991 ) ) ;
#3726 = PRODUCT_DEFINITION ( 'UNKNOWN', '', #3611, #1823 ) ;
#3727 = DIRECTION ( 'NONE',  ( -1.000000000000000000, -0.000000000000000000, -0.000000000000000000 ) ) ;
#3728 = ORIENTED_EDGE ( 'NONE', *, *, #6425, .F. ) ;
#3729 = VECTOR ( 'NONE', #1017, 1000.000000000000000 ) ;
#3730 = LINE ( 'NONE', #1056, #4738 ) ;
#3731 = VECTOR ( 'NONE', #1036, 1000.000000000000227 ) ;
#3732 = CARTESIAN_POINT ( 'NONE',  ( 8.900000000000002132, 1.050000000000000044, -0.7000000000000012879 ) ) ;
#3733 = LINE ( 'NONE', #6934, #2728 ) ;
#3734 = VECTOR ( 'NONE', #5816, 1000.000000000000000 ) ;
#3735 = PLANE ( 'NONE',  #6637 ) ;
#3736 = ORIENTED_EDGE ( 'NONE', *, *, #1112, .F. ) ;
#3737 = LINE ( 'NONE', #2604, #1082 ) ;
#3738 = EDGE_CURVE ( 'NONE', #1093, #6612, #44, .T. ) ;
#3739 = UNCERTAINTY_MEASURE_WITH_UNIT (LENGTH_MEASURE( 1.000000000000000082E-05 ), #5821, 'distance_accuracy_value', 'NONE');
#3740 = AXIS2_PLACEMENT_3D ( 'NONE', #3052, #1317, #1946 ) ;
#3741 = SURFACE_STYLE_FILL_AREA ( #4830 ) ;
#3742 = DIRECTION ( 'NONE',  ( -1.000000000000000000, -0.000000000000000000, 0.000000000000000000 ) ) ;
#3743 = VERTEX_POINT ( 'NONE', #4113 ) ;
#3744 = SURFACE_STYLE_USAGE ( .BOTH. , #4977 ) ;
#3745 = CLOSED_SHELL ( 'NONE', ( #5114, #3954, #536, #3513, #268, #2137, #5437, #4134, #4993, #3886 ) ) ;
#3746 = VERTEX_POINT ( 'NONE', #2488 ) ;
#3747 = PLANE ( 'NONE',  #978 ) ;
#3748 = SURFACE_STYLE_USAGE ( .BOTH. , #6414 ) ;
#3749 = VECTOR ( 'NONE', #2255, 1000.000000000000000 ) ;
#3750 = EDGE_CURVE ( 'NONE', #3634, #6262, #2087, .T. ) ;
#3751 =( LENGTH_UNIT ( ) NAMED_UNIT ( * ) SI_UNIT ( .MILLI., .METRE. ) );
#3752 = CARTESIAN_POINT ( 'NONE',  ( 2.700000000000001510, 0.3500000000000000333, -0.2500000000362512242 ) ) ;
#3753 = VERTEX_POINT ( 'NONE', #2623 ) ;
#3754 = SURFACE_STYLE_USAGE ( .BOTH. , #1671 ) ;
#3755 = DIRECTION ( 'NONE',  ( 0.000000000000000000, 1.000000000000000000, 0.000000000000000000 ) ) ;
#3756 = DIRECTION ( 'NONE',  ( 1.000000000000000000, 0.000000000000000000, 0.000000000000000000 ) ) ;
#3757 = ORIENTED_EDGE ( 'NONE', *, *, #2657, .F. ) ;
#3758 =( NAMED_UNIT ( * ) SI_UNIT ( $, .STERADIAN. ) SOLID_ANGLE_UNIT ( ) );
#3759 = DIRECTION ( 'NONE',  ( 0.000000000000000000, -1.000000000000000000, -0.000000000000000000 ) ) ;
#3760 = EDGE_CURVE ( 'NONE', #1914, #2208, #3036, .T. ) ;
#3761 = ORIENTED_EDGE ( 'NONE', *, *, #5341, .F. ) ;
#3762 = CARTESIAN_POINT ( 'NONE',  ( 1.100000000000002531, 2.639999999999999236, -0.8249999999999998446 ) ) ;
#3763 = EDGE_LOOP ( 'NONE', ( #6758, #526, #1252, #4605 ) ) ;
#3764 = SURFACE_SIDE_STYLE ('',( #5523 ) ) ;
#3765 = LINE ( 'NONE', #3174, #704 ) ;
#3766 = PLANE ( 'NONE',  #3824 ) ;
#3767 = CARTESIAN_POINT ( 'NONE',  ( -1.299999999999997380, 2.239999999999989555, -0.8249999999999970690 ) ) ;
#3768 = VERTEX_POINT ( 'NONE', #4208 ) ;
#3769 = VECTOR ( 'NONE', #5791, 1000.000000000000000 ) ;
#3770 = LINE ( 'NONE', #1656, #1413 ) ;
#3771 = AXIS2_PLACEMENT_3D ( 'NONE', #3357, #5015, #6619 ) ;
#3772 = CIRCLE ( 'NONE', #4556, 0.04999999999999991257 ) ;
#3773 = FACE_OUTER_BOUND ( 'NONE', #6901, .T. ) ;
#3774 = FACE_OUTER_BOUND ( 'NONE', #163, .T. ) ;
#3775 = EDGE_CURVE ( 'NONE', #1341, #1897, #4239, .T. ) ;
#3776 = ORIENTED_EDGE ( 'NONE', *, *, #5264, .F. ) ;
#3777 = CARTESIAN_POINT ( 'NONE',  ( -2.199999999999998845, 0.2063250300240242197, -0.9499999999999984013 ) ) ;
#3778 = ORIENTED_EDGE ( 'NONE', *, *, #4859, .T. ) ;
#3779 = CARTESIAN_POINT ( 'NONE',  ( 1.125000000000001332, 0.1999999999999999278, 1.249999999999998224 ) ) ;
#3780 =( NAMED_UNIT ( * ) PLANE_ANGLE_UNIT ( ) SI_UNIT ( $, .RADIAN. ) );
#3781 = DIRECTION ( 'NONE',  ( 0.000000000000000000, 0.000000000000000000, 1.000000000000000000 ) ) ;
#3782 = EDGE_CURVE ( 'NONE', #1636, #543, #343, .T. ) ;
#3783 = ORIENTED_EDGE ( 'NONE', *, *, #4611, .T. ) ;
#3784 = MECHANICAL_DESIGN_GEOMETRIC_PRESENTATION_REPRESENTATION (  '', ( #752 ), #4120 ) ;
#3785 = ORIENTED_EDGE ( 'NONE', *, *, #3366, .F. ) ;
#3786 = ADVANCED_FACE ( 'NONE', ( #1436 ), #5245, .F. ) ;
#3787 = STYLED_ITEM ( 'NONE', ( #4276 ), #2824 ) ;
#3788 = DIRECTION ( 'NONE',  ( 0.000000000000000000, 0.5735764363510474917, -0.8191520442889909104 ) ) ;
#3789 =( GEOMETRIC_REPRESENTATION_CONTEXT ( 3 ) GLOBAL_UNCERTAINTY_ASSIGNED_CONTEXT ( ( #3255 ) ) GLOBAL_UNIT_ASSIGNED_CONTEXT ( ( #2697, #489, #6923 ) ) REPRESENTATION_CONTEXT ( 'NONE', 'WORKASPACE' ) );
#3790 = EDGE_CURVE ( 'NONE', #5144, #3282, #6352, .T. ) ;
#3791 =( NAMED_UNIT ( * ) PLANE_ANGLE_UNIT ( ) SI_UNIT ( $, .RADIAN. ) );
#3792 = LINE ( 'NONE', #2202, #985 ) ;
#3793 = LINE ( 'NONE', #149, #1373 ) ;
#3794 = EDGE_LOOP ( 'NONE', ( #992, #6208, #5208, #1958 ) ) ;
#3795 = ORIENTED_EDGE ( 'NONE', *, *, #5702, .T. ) ;
#3796 = EDGE_LOOP ( 'NONE', ( #458, #293, #3685, #4438 ) ) ;
#3797 =( NAMED_UNIT ( * ) PLANE_ANGLE_UNIT ( ) SI_UNIT ( $, .RADIAN. ) );
#3798 = LINE ( 'NONE', #5397, #5535 ) ;
#3799 = DIRECTION ( 'NONE',  ( -0.000000000000000000, -1.000000000000000000, -0.000000000000000000 ) ) ;
#3800 = STYLED_ITEM ( 'NONE', ( #6162 ), #6494 ) ;
#3801 = ORIENTED_EDGE ( 'NONE', *, *, #450, .T. ) ;
#3802 = CARTESIAN_POINT ( 'NONE',  ( -1.124999999999998446, 0.05000000000000034972, 1.250000000000001110 ) ) ;
#3803 = UNCERTAINTY_MEASURE_WITH_UNIT (LENGTH_MEASURE( 1.000000000000000082E-05 ), #858, 'distance_accuracy_value', 'NONE');
#3804 = CARTESIAN_POINT ( 'NONE',  ( -0.3249999999999967359, 0.4500000002000000277, 0.5500000000000018208 ) ) ;
#3805 = AXIS2_PLACEMENT_3D ( 'NONE', #5240, #407, #2551 ) ;
#3806 = EDGE_CURVE ( 'NONE', #4186, #6389, #5798, .T. ) ;
#3807 = VERTEX_POINT ( 'NONE', #414 ) ;
#3808 = PLANE ( 'NONE',  #3050 ) ;
#3809 = CARTESIAN_POINT ( 'NONE',  ( 1.229192033977209109, 2.641571930389168710, 0.1158079660227918917 ) ) ;
#3810 = ORIENTED_EDGE ( 'NONE', *, *, #4750, .T. ) ;
#3811 = EDGE_CURVE ( 'NONE', #1807, #1321, #2521, .T. ) ;
#3812 = DIRECTION ( 'NONE',  ( 0.000000000000000000, -1.000000000000000000, 0.000000000000000000 ) ) ;
#3813 = SURFACE_STYLE_USAGE ( .BOTH. , #2721 ) ;
#3814 = DIRECTION ( 'NONE',  ( -1.000000000000000000, 0.000000000000000000, 0.000000000000000000 ) ) ;
#3815 = PLANE ( 'NONE',  #3512 ) ;
#3816 = ORIENTED_EDGE ( 'NONE', *, *, #791, .F. ) ;
#3817 = VECTOR ( 'NONE', #2601, 1000.000000000000000 ) ;
#3818 = CARTESIAN_POINT ( 'NONE',  ( -0.5249999999999981348, 1.050000000000000044, -0.8099999999999991651 ) ) ;
#3819 = FACE_OUTER_BOUND ( 'NONE', #3537, .T. ) ;
#3820 = AXIS2_PLACEMENT_3D ( 'NONE', #4704, #4671, #3099 ) ;
#3821 = VERTEX_POINT ( 'NONE', #984 ) ;
#3822 = EDGE_CURVE ( 'NONE', #3616, #2558, #1529, .T. ) ;
#3823 =( NAMED_UNIT ( * ) SI_UNIT ( $, .STERADIAN. ) SOLID_ANGLE_UNIT ( ) );
#3824 = AXIS2_PLACEMENT_3D ( 'NONE', #1652, #1575, #3831 ) ;
#3825 = CARTESIAN_POINT ( 'NONE',  ( -1.899999999999999023, 0.1000000012999997523, 0.5500000000000018208 ) ) ;
#3826 = SURFACE_STYLE_USAGE ( .BOTH. , #3241 ) ;
#3827 = FACE_OUTER_BOUND ( 'NONE', #6285, .T. ) ;
#3828 = ORIENTED_EDGE ( 'NONE', *, *, #970, .F. ) ;
#3829 = ORIENTED_EDGE ( 'NONE', *, *, #6023, .F. ) ;
#3830 = DIRECTION ( 'NONE',  ( 1.000000000000000000, 0.000000000000000000, 0.000000000000000000 ) ) ;
#3831 = DIRECTION ( 'NONE',  ( -0.000000000000000000, 0.000000000000000000, -1.000000000000000000 ) ) ;
#3832 = FACE_OUTER_BOUND ( 'NONE', #6267, .T. ) ;
#3833 = VERTEX_POINT ( 'NONE', #6535 ) ;
#3834 =( GEOMETRIC_REPRESENTATION_CONTEXT ( 3 ) GLOBAL_UNCERTAINTY_ASSIGNED_CONTEXT ( ( #1977 ) ) GLOBAL_UNIT_ASSIGNED_CONTEXT ( ( #2234, #2665, #4244 ) ) REPRESENTATION_CONTEXT ( 'NONE', 'WORKASPACE' ) );
#3835 = DIRECTION ( 'NONE',  ( 0.7071067811865475727, -0.7071067811865475727, 0.000000000000000000 ) ) ;
#3836 = ORIENTED_EDGE ( 'NONE', *, *, #5027, .F. ) ;
#3837 = CARTESIAN_POINT ( 'NONE',  ( -2.399999999999998579, 8.109541161931386268E-17, -0.7786222391909453089 ) ) ;
#3838 = DIRECTION ( 'NONE',  ( 0.000000000000000000, -1.000000000000000000, 0.000000000000000000 ) ) ;
#3839 = ORIENTED_EDGE ( 'NONE', *, *, #4223, .T. ) ;
#3840 = EDGE_CURVE ( 'NONE', #6617, #6139, #660, .T. ) ;
#3841 =( NAMED_UNIT ( * ) SI_UNIT ( $, .STERADIAN. ) SOLID_ANGLE_UNIT ( ) );
#3842 = LINE ( 'NONE', #5989, #968 ) ;
#3843 = VECTOR ( 'NONE', #2573, 1000.000000000000114 ) ;
#3844 = ORIENTED_EDGE ( 'NONE', *, *, #2303, .F. ) ;
#3845 = STYLED_ITEM ( 'NONE', ( #967 ), #21 ) ;
#3846 = CARTESIAN_POINT ( 'NONE',  ( 3.200000000000001510, 2.639999999999999236, 0.1155307922833880285 ) ) ;
#3847 = CYLINDRICAL_SURFACE ( 'NONE', #3652, 0.04999999999999991257 ) ;
#3848 = PLANE ( 'NONE',  #3037 ) ;
#3849 = ORIENTED_EDGE ( 'NONE', *, *, #4122, .F. ) ;
#3850 = AXIS2_PLACEMENT_3D ( 'NONE', #840, #4441, #6169 ) ;
#3851 = CARTESIAN_POINT ( 'NONE',  ( 2.400000000000000799, 1.000000000000000000, -0.2500000000000012212 ) ) ;
#3852 = FACE_OUTER_BOUND ( 'NONE', #1699, .T. ) ;
#3853 = ORIENTED_EDGE ( 'NONE', *, *, #3620, .F. ) ;
#3854 = PLANE ( 'NONE',  #5600 ) ;
#3855 = CARTESIAN_POINT ( 'NONE',  ( -0.4294692077166126221, 2.639999999999999236, 0.1155307922833886253 ) ) ;
#3856 = EDGE_CURVE ( 'NONE', #927, #329, #1733, .T. ) ;
#3857 = CARTESIAN_POINT ( 'NONE',  ( 0.5000000000000031086, 2.239999999999990443, 0.04500000000000294043 ) ) ;
#3858 = VERTEX_POINT ( 'NONE', #6957 ) ;
#3859 = ORIENTED_EDGE ( 'NONE', *, *, #5193, .T. ) ;
#3860 = CARTESIAN_POINT ( 'NONE',  ( -1.699999999999998401, 2.750000000000000000, -0.4999999999999985012 ) ) ;
#3861 = CARTESIAN_POINT ( 'NONE',  ( -1.699999999999998401, 2.750000000000000000, 0.1000000000000017264 ) ) ;
#3862 = ORIENTED_EDGE ( 'NONE', *, *, #4439, .F. ) ;
#3863 = EDGE_CURVE ( 'NONE', #6263, #3753, #2169, .T. ) ;
#3864 = AXIS2_PLACEMENT_3D ( 'NONE', #5175, #6386, #1563 ) ;
#3865 = UNCERTAINTY_MEASURE_WITH_UNIT (LENGTH_MEASURE( 1.000000000000000082E-05 ), #426, 'distance_accuracy_value', 'NONE');
#3866 = EDGE_CURVE ( 'NONE', #329, #2309, #5894, .T. ) ;
#3867 = CARTESIAN_POINT ( 'NONE',  ( -2.399999999999998579, 1.000000000000000000, -0.9499999999843734555 ) ) ;
#3868 = CIRCLE ( 'NONE', #861, 0.1000000000000000472 ) ;
#3869 = ORIENTED_EDGE ( 'NONE', *, *, #6636, .F. ) ;
#3870 = CARTESIAN_POINT ( 'NONE',  ( -1.124999999999998446, 0.000000000000000000, 1.200000000000000844 ) ) ;
#3871 = CARTESIAN_POINT ( 'NONE',  ( 2.400000000000000799, 0.3500000000000001443, -0.2500000000725012272 ) ) ;
#3872 = ORIENTED_EDGE ( 'NONE', *, *, #3103, .T. ) ;
#3873 = PLANE ( 'NONE',  #2867 ) ;
#3874 = PLANE ( 'NONE',  #3771 ) ;
#3875 = VECTOR ( 'NONE', #643, 1000.000000000000000 ) ;
#3876 = ORIENTED_EDGE ( 'NONE', *, *, #1231, .F. ) ;
#3877 = CARTESIAN_POINT ( 'NONE',  ( 0.2750000000000019096, 0.7768699943250462203, -0.8099999999999991651 ) ) ;
#3878 = LINE ( 'NONE', #5993, #1176 ) ;
#3879 = ORIENTED_EDGE ( 'NONE', *, *, #3644, .T. ) ;
#3880 = DIRECTION ( 'NONE',  ( 0.000000000000000000, 0.000000000000000000, 1.000000000000000000 ) ) ;
#3881 = PRODUCT_CONTEXT ( 'NONE', #2173, 'mechanical' ) ;
#3882 = CARTESIAN_POINT ( 'NONE',  ( -0.2999999999999968803, 2.639999999999999236, 0.04500000000000294043 ) ) ;
#3883 = CARTESIAN_POINT ( 'NONE',  ( -1.699999999999998401, 2.639999999999999236, -0.4999999999999985012 ) ) ;
#3884 = VERTEX_POINT ( 'NONE', #2730 ) ;
#3885 = COLOUR_RGB ( '',0.7960784313725489669, 0.8235294117647058432, 0.9372549019607843146 ) ;
#3886 = ADVANCED_FACE ( 'NONE', ( #42 ), #2263, .F. ) ;
#3887 = LINE ( 'NONE', #3925, #592 ) ;
#3888 = CARTESIAN_POINT ( 'NONE',  ( 1.203726212495626058, 2.785995780779311648, -0.7287262124956238596 ) ) ;
#3889 = PRESENTATION_LAYER_ASSIGNMENT (  '', '', ( #3787 ) ) ;
#3890 = VERTEX_POINT ( 'NONE', #4924 ) ;
#3891 = CARTESIAN_POINT ( 'NONE',  ( 1.125000000000001332, 0.4500000002000000277, 0.6556624325871202030 ) ) ;
#3892 = DIRECTION ( 'NONE',  ( 0.000000000000000000, -1.000000000000000000, 0.000000000000000000 ) ) ;
#3893 = LINE ( 'NONE', #6188, #478 ) ;
#3894 = ORIENTED_EDGE ( 'NONE', *, *, #2701, .F. ) ;
#3895 = FILL_AREA_STYLE_COLOUR ( '', #1150 ) ;
#3896 = EDGE_CURVE ( 'NONE', #1883, #1026, #1086, .T. ) ;
#3897 = LINE ( 'NONE', #6045, #5754 ) ;
#3898 = ORIENTED_EDGE ( 'NONE', *, *, #5247, .T. ) ;
#3899 = DIRECTION ( 'NONE',  ( 0.000000000000000000, 0.000000000000000000, -1.000000000000000000 ) ) ;
#3900 = PRESENTATION_LAYER_ASSIGNMENT (  '', '', ( #1115 ) ) ;
#3901 = VERTEX_POINT ( 'NONE', #4278 ) ;
#3902 = LINE ( 'NONE', #1274, #1906 ) ;
#3903 = FACE_OUTER_BOUND ( 'NONE', #1013, .T. ) ;
#3904 = ORIENTED_EDGE ( 'NONE', *, *, #6875, .T. ) ;
#3905 = VECTOR ( 'NONE', #3994, 1000.000000000000000 ) ;
#3906 = CARTESIAN_POINT ( 'NONE',  ( 1.275000000000001465, 0.1999999999999999833, 0.7999999999999982681 ) ) ;
#3907 = LINE ( 'NONE', #1383, #6467 ) ;
#3908 = ADVANCED_FACE ( 'NONE', ( #3852 ), #79, .F. ) ;
#3909 = COLOUR_RGB ( '',0.7960784313725489669, 0.8235294117647058432, 0.9372549019607843146 ) ;
#3910 = CARTESIAN_POINT ( 'NONE',  ( 1.300000000000001155, 1.050000000000000044, 0.3450000000000001399 ) ) ;
#3911 = VECTOR ( 'NONE', #3061, 1000.000000000000000 ) ;
#3912 = ORIENTED_EDGE ( 'NONE', *, *, #2029, .F. ) ;
#3913 = LINE ( 'NONE', #6593, #3193 ) ;
#3914 = LINE ( 'NONE', #4878, #6673 ) ;
#3915 = DIRECTION ( 'NONE',  ( 1.000000000000000000, 0.000000000000000000, 0.000000000000000000 ) ) ;
#3916 = ORIENTED_EDGE ( 'NONE', *, *, #771, .T. ) ;
#3917 = CARTESIAN_POINT ( 'NONE',  ( 2.400000000000000799, 0.3063250300240242252, -0.9500000000000013989 ) ) ;
#3918 = CARTESIAN_POINT ( 'NONE',  ( -0.5249999999999981348, 1.050000000000000044, -0.6999999999999985123 ) ) ;
#3919 = VECTOR ( 'NONE', #6533, 1000.000000000000000 ) ;
#3920 = CARTESIAN_POINT ( 'NONE',  ( 1.100000000000001643, 1.050000000000000044, 0.04500000000000014405 ) ) ;
#3921 = EDGE_LOOP ( 'NONE', ( #4368, #3390, #4967, #2095 ) ) ;
#3922 = CARTESIAN_POINT ( 'NONE',  ( -1.124999999999998446, 0.000000000000000000, 1.200000000000000844 ) ) ;
#3923 = DIRECTION ( 'NONE',  ( 0.000000000000000000, -0.1736481776669258625, -0.9848077530122089085 ) ) ;
#3924 = EDGE_CURVE ( 'NONE', #5525, #4141, #5058, .T. ) ;
#3925 = CARTESIAN_POINT ( 'NONE',  ( 0.5000000000000039968, 1.050000000000000044, -0.8249999999999970690 ) ) ;
#3926 = CARTESIAN_POINT ( 'NONE',  ( -1.124999999999998446, 0.1000000006499978250, 0.5499999993499998796 ) ) ;
#3927 = FACE_OUTER_BOUND ( 'NONE', #5915, .T. ) ;
#3928 = ORIENTED_EDGE ( 'NONE', *, *, #871, .F. ) ;
#3929 = LINE ( 'NONE', #1333, #772 ) ;
#3930 = CARTESIAN_POINT ( 'NONE',  ( 2.900000000000000799, 2.750000000000000000, -0.9999999999999986677 ) ) ;
#3931 = ORIENTED_EDGE ( 'NONE', *, *, #5252, .F. ) ;
#3932 = AXIS2_PLACEMENT_3D ( 'NONE', #6504, #4779, #2094 ) ;
#3933 = VECTOR ( 'NONE', #5958, 1000.000000000000114 ) ;
#3934 = ORIENTED_EDGE ( 'NONE', *, *, #6950, .T. ) ;
#3935 = CARTESIAN_POINT ( 'NONE',  ( 1.700000000000000622, 2.639999999999999236, -0.5000000000000013323 ) ) ;
#3936 = EDGE_LOOP ( 'NONE', ( #2387, #2640, #1831, #1202 ) ) ;
#3937 =( NAMED_UNIT ( * ) SI_UNIT ( $, .STERADIAN. ) SOLID_ANGLE_UNIT ( ) );
#3938 = DIRECTION ( 'NONE',  ( 0.000000000000000000, 0.000000000000000000, 1.000000000000000000 ) ) ;
#3939 = ORIENTED_EDGE ( 'NONE', *, *, #823, .F. ) ;
#3940 = ADVANCED_FACE ( 'NONE', ( #4030 ), #5543, .F. ) ;
#3941 = DIRECTION ( 'NONE',  ( 1.000000000000000000, 0.000000000000000000, -0.000000000000000000 ) ) ;
#3942 = DIRECTION ( 'NONE',  ( -0.000000000000000000, 1.000000000000000000, -0.000000000000000000 ) ) ;
#3943 =( GEOMETRIC_REPRESENTATION_CONTEXT ( 3 ) GLOBAL_UNCERTAINTY_ASSIGNED_CONTEXT ( ( #5300 ) ) GLOBAL_UNIT_ASSIGNED_CONTEXT ( ( #1855, #705, #1336 ) ) REPRESENTATION_CONTEXT ( 'NONE', 'WORKASPACE' ) );
#3944 = CARTESIAN_POINT ( 'NONE',  ( -0.4999999999999973910, 2.639999999999999236, -0.8249999999999970690 ) ) ;
#3945 = MECHANICAL_DESIGN_GEOMETRIC_PRESENTATION_REPRESENTATION (  '', ( #4068 ), #1155 ) ;
#3946 = FACE_OUTER_BOUND ( 'NONE', #3936, .T. ) ;
#3947 = CARTESIAN_POINT ( 'NONE',  ( -2.399999999999998579, 1.000000000000000000, -0.9499999999843734555 ) ) ;
#3948 = FILL_AREA_STYLE_COLOUR ( '', #1789 ) ;
#3949 = VECTOR ( 'NONE', #1962, 1000.000000000000000 ) ;
#3950 = CARTESIAN_POINT ( 'NONE',  ( -1.849999998699999093, 0.05000000000000000971, 0.4999999987000037782 ) ) ;
#3951 = ORIENTED_EDGE ( 'NONE', *, *, #5991, .T. ) ;
#3952 = DIRECTION ( 'NONE',  ( -0.000000000000000000, 0.000000000000000000, 1.000000000000000000 ) ) ;
#3953 = DIRECTION ( 'NONE',  ( 0.000000000000000000, -0.000000000000000000, -1.000000000000000000 ) ) ;
#3954 = ADVANCED_FACE ( 'NONE', ( #6174 ), #3476, .T. ) ;
#3955 = EDGE_CURVE ( 'NONE', #4193, #1043, #4447, .T. ) ;
#3956 = STYLED_ITEM ( 'NONE', ( #3191 ), #111 ) ;
#3957 = AXIS2_PLACEMENT_3D ( 'NONE', #909, #3544, #6363 ) ;
#3958 = EDGE_CURVE ( 'NONE', #5925, #2081, #4521, .T. ) ;
#3959 = CARTESIAN_POINT ( 'NONE',  ( -1.939999999924999941, 2.750000000000000000, -0.4999999999999985012 ) ) ;
#3960 = PRESENTATION_STYLE_ASSIGNMENT (( #3585 ) ) ;
#3961 = DIRECTION ( 'NONE',  ( -0.000000000000000000, -0.000000000000000000, -1.000000000000000000 ) ) ;
#3962 = ORIENTED_EDGE ( 'NONE', *, *, #937, .T. ) ;
#3963 = ORIENTED_EDGE ( 'NONE', *, *, #1278, .T. ) ;
#3964 = DIRECTION ( 'NONE',  ( -0.5773502691896322814, 0.5773502691896323924, 0.5773502691896124084 ) ) ;
#3965 = VECTOR ( 'NONE', #6235, 1000.000000000000114 ) ;
#3966 = LINE ( 'NONE', #305, #3297 ) ;
#3967 = DIRECTION ( 'NONE',  ( -0.9848077530122089085, -0.1736481776669258625, -0.000000000000000000 ) ) ;
#3968 = EDGE_CURVE ( 'NONE', #1032, #1376, #5578, .T. ) ;
#3969 =( NAMED_UNIT ( * ) SI_UNIT ( $, .STERADIAN. ) SOLID_ANGLE_UNIT ( ) );
#3970 = LINE ( 'NONE', #3860, #5704 ) ;
#3971 = ORIENTED_EDGE ( 'NONE', *, *, #5152, .T. ) ;
#3972 = CARTESIAN_POINT ( 'NONE',  ( 1.275000000000001465, 0.1999999999999999833, 0.7999999999999982681 ) ) ;
#3973 = DIRECTION ( 'NONE',  ( 0.1710878697460308795, 0.9702875252478155854, 0.1710878697460308795 ) ) ;
#3974 = ORIENTED_EDGE ( 'NONE', *, *, #4417, .F. ) ;
#3975 =( LENGTH_UNIT ( ) NAMED_UNIT ( * ) SI_UNIT ( .MILLI., .METRE. ) );
#3976 = VERTEX_POINT ( 'NONE', #801 ) ;
#3977 = EDGE_CURVE ( 'NONE', #1623, #3901, #145, .T. ) ;
#3978 = DIRECTION ( 'NONE',  ( -1.000000000000000000, 0.000000000000000000, 0.000000000000000000 ) ) ;
#3979 = EDGE_LOOP ( 'NONE', ( #46, #4610, #2139, #3637 ) ) ;
#3980 = VECTOR ( 'NONE', #6256, 1000.000000000000000 ) ;
#3981 = DIRECTION ( 'NONE',  ( -0.000000000000000000, 0.7071067811865595631, 0.7071067811865355823 ) ) ;
#3982 = PLANE ( 'NONE',  #246 ) ;
#3983 = DIRECTION ( 'NONE',  ( 0.000000000000000000, 0.000000000000000000, 1.000000000000000000 ) ) ;
#3984 = DIRECTION ( 'NONE',  ( 1.000000000000000000, -0.000000000000000000, -0.000000000000000000 ) ) ;
#3985 = ORIENTED_EDGE ( 'NONE', *, *, #2847, .T. ) ;
#3986 = VECTOR ( 'NONE', #2920, 1000.000000000000000 ) ;
#3987 = CARTESIAN_POINT ( 'NONE',  ( 0.5000000000000039968, 1.050000000000000044, -0.8249999999999970690 ) ) ;
#3988 = ORIENTED_EDGE ( 'NONE', *, *, #1771, .T. ) ;
#3989 = CARTESIAN_POINT ( 'NONE',  ( 0.4750000000000033085, -3.675261601645777502E-17, 1.200000000000000844 ) ) ;
#3990 = VECTOR ( 'NONE', #4911, 1000.000000000000000 ) ;
#3991 = EDGE_CURVE ( 'NONE', #3901, #2198, #1770, .T. ) ;
#3992 = VECTOR ( 'NONE', #3830, 1000.000000000000000 ) ;
#3993 = VECTOR ( 'NONE', #1138, 1000.000000000000227 ) ;
#3994 = DIRECTION ( 'NONE',  ( 0.000000000000000000, -5.421010860823805421E-16, 1.000000000000000000 ) ) ;
#3995 = ORIENTED_EDGE ( 'NONE', *, *, #4767, .F. ) ;
#3996 = ORIENTED_EDGE ( 'NONE', *, *, #1612, .T. ) ;
#3997 = SURFACE_STYLE_USAGE ( .BOTH. , #1846 ) ;
#3998 = SURFACE_SIDE_STYLE ('',( #6074 ) ) ;
#3999 = DIRECTION ( 'NONE',  ( 0.000000000000000000, -0.000000000000000000, 1.000000000000000000 ) ) ;
#4000 = DIRECTION ( 'NONE',  ( 1.000000000000000000, 0.000000000000000000, -1.355252715606883008E-16 ) ) ;
#4001 = ADVANCED_FACE ( 'NONE', ( #1254 ), #5655, .F. ) ;
#4002 = CARTESIAN_POINT ( 'NONE',  ( -2.199999999999998845, 1.000000000000000000, -0.2499999999999983902 ) ) ;
#4003 =( GEOMETRIC_REPRESENTATION_CONTEXT ( 3 ) GLOBAL_UNCERTAINTY_ASSIGNED_CONTEXT ( ( #1907 ) ) GLOBAL_UNIT_ASSIGNED_CONTEXT ( ( #82, #1126, #2233 ) ) REPRESENTATION_CONTEXT ( 'NONE', 'WORKASPACE' ) );
#4004 = ORIENTED_EDGE ( 'NONE', *, *, #4850, .F. ) ;
#4005 =( GEOMETRIC_REPRESENTATION_CONTEXT ( 3 ) GLOBAL_UNCERTAINTY_ASSIGNED_CONTEXT ( ( #6775 ) ) GLOBAL_UNIT_ASSIGNED_CONTEXT ( ( #3613, #6778, #4661 ) ) REPRESENTATION_CONTEXT ( 'NONE', 'WORKASPACE' ) );
#4006 = EDGE_CURVE ( 'NONE', #6196, #3667, #2902, .T. ) ;
#4007 = VECTOR ( 'NONE', #4044, 1000.000000000000000 ) ;
#4008 = VERTEX_POINT ( 'NONE', #6140 ) ;
#4009 = EDGE_LOOP ( 'NONE', ( #4100, #6922, #3564, #3869 ) ) ;
#4010 = CARTESIAN_POINT ( 'NONE',  ( 1.700000001450000298, 1.050000000000000044, 0.5499999999999988232 ) ) ;
#4011 = ORIENTED_EDGE ( 'NONE', *, *, #118, .T. ) ;
#4012 = DIRECTION ( 'NONE',  ( 1.000000000000000000, -0.000000000000000000, -0.000000000000000000 ) ) ;
#4013 = SURFACE_STYLE_USAGE ( .BOTH. , #1379 ) ;
#4014 = EDGE_LOOP ( 'NONE', ( #639, #6944, #1519, #2695 ) ) ;
#4015 = DIRECTION ( 'NONE',  ( -1.000000000000000000, -0.000000000000000000, -0.000000000000000000 ) ) ;
#4016 = FACE_OUTER_BOUND ( 'NONE', #4222, .T. ) ;
#4017 = EDGE_CURVE ( 'NONE', #3884, #4095, #4992, .T. ) ;
#4018 = CARTESIAN_POINT ( 'NONE',  ( 1.357399273160358133, 1.914472545666377146, 0.4023992731603573403 ) ) ;
#4019 = UNCERTAINTY_MEASURE_WITH_UNIT (LENGTH_MEASURE( 1.000000000000000082E-05 ), #668, 'distance_accuracy_value', 'NONE');
#4020 = STYLED_ITEM ( 'NONE', ( #785 ), #6449 ) ;
#4021 = ORIENTED_EDGE ( 'NONE', *, *, #370, .F. ) ;
#4022 = PLANE ( 'NONE',  #3740 ) ;
#4023 = LINE ( 'NONE', #249, #3305 ) ;
#4024 = LINE ( 'NONE', #4098, #2925 ) ;
#4025 = FILL_AREA_STYLE_COLOUR ( '', #3909 ) ;
#4026 = ORIENTED_EDGE ( 'NONE', *, *, #2171, .F. ) ;
#4027 = DIRECTION ( 'NONE',  ( -0.000000000000000000, 0.8191520442889909104, 0.5735764363510474917 ) ) ;
#4028 = VERTEX_POINT ( 'NONE', #3918 ) ;
#4029 = VECTOR ( 'NONE', #4164, 1000.000000000000000 ) ;
#4030 = FACE_OUTER_BOUND ( 'NONE', #2439, .T. ) ;
#4031 = PRESENTATION_LAYER_ASSIGNMENT (  '', '', ( #85 ) ) ;
#4032 = EDGE_CURVE ( 'NONE', #3807, #3660, #1222, .T. ) ;
#4033 = ADVANCED_FACE ( 'NONE', ( #2295 ), #3368, .F. ) ;
#4034 = LINE ( 'NONE', #6176, #2571 ) ;
#4035 = ORIENTED_EDGE ( 'NONE', *, *, #3968, .F. ) ;
#4036 = VERTEX_POINT ( 'NONE', #2864 ) ;
#4037 = DIRECTION ( 'NONE',  ( 0.000000000000000000, 1.000000000000000000, 0.000000000000000000 ) ) ;
#4038 = DIRECTION ( 'NONE',  ( -0.000000000000000000, -0.000000000000000000, -1.000000000000000000 ) ) ;
#4039 = LINE ( 'NONE', #851, #4625 ) ;
#4040 = CARTESIAN_POINT ( 'NONE',  ( -1.809999999999999165, 2.750000000000000000, 0.1000000000000016154 ) ) ;
#4041 = ADVANCED_FACE ( 'NONE', ( #5513 ), #689, .F. ) ;
#4042 = DIRECTION ( 'NONE',  ( 0.000000000000000000, -1.000000000000000000, 0.000000000000000000 ) ) ;
#4043 = CARTESIAN_POINT ( 'NONE',  ( -1.074999999999997735, 0.7768699943250462203, -0.8099999999999991651 ) ) ;
#4044 = DIRECTION ( 'NONE',  ( 0.000000000000000000, 0.000000000000000000, 1.000000000000000000 ) ) ;
#4045 = ORIENTED_EDGE ( 'NONE', *, *, #1486, .T. ) ;
#4046 = PRESENTATION_STYLE_ASSIGNMENT (( #6862 ) ) ;
#4047 = COLOUR_RGB ( '',0.7960784313725489669, 0.8235294117647058432, 0.9372549019607843146 ) ;
#4048 = ORIENTED_EDGE ( 'NONE', *, *, #1944, .T. ) ;
#4049 = ORIENTED_EDGE ( 'NONE', *, *, #2199, .F. ) ;
#4050 = CARTESIAN_POINT ( 'NONE',  ( -1.124999999999998446, 0.4500000002000000832, 0.5500000000000018208 ) ) ;
#4051 = ORIENTED_EDGE ( 'NONE', *, *, #2625, .T. ) ;
#4052 = CARTESIAN_POINT ( 'NONE',  ( 0.4750000000000033085, 0.1000000006499977834, 0.5499999993499998796 ) ) ;
#4053 = ORIENTED_EDGE ( 'NONE', *, *, #4791, .T. ) ;
#4054 = DIRECTION ( 'NONE',  ( 1.000000000000000000, -0.000000000000000000, -0.000000000000000000 ) ) ;
#4055 = DIRECTION ( 'NONE',  ( 0.000000000000000000, 0.000000000000000000, -1.000000000000000000 ) ) ;
#4056 = VECTOR ( 'NONE', #4662, 1000.000000000000114 ) ;
#4057 = ORIENTED_EDGE ( 'NONE', *, *, #216, .T. ) ;
#4058 = COLOUR_RGB ( '',0.7960784313725489669, 0.8235294117647058432, 0.9372549019607843146 ) ;
#4059 = CARTESIAN_POINT ( 'NONE',  ( 0.4750000000000033085, -3.675261601645777502E-17, 0.6500000000000011324 ) ) ;
#4060 = EDGE_CURVE ( 'NONE', #663, #4634, #1839, .T. ) ;
#4061 = FACE_OUTER_BOUND ( 'NONE', #610, .T. ) ;
#4062 = DIRECTION ( 'NONE',  ( 0.000000000000000000, -1.000000000000000000, 0.000000000000000000 ) ) ;
#4063 = ORIENTED_EDGE ( 'NONE', *, *, #2632, .F. ) ;
#4064 = DIRECTION ( 'NONE',  ( 0.000000000000000000, 0.000000000000000000, 1.000000000000000000 ) ) ;
#4065 = EDGE_LOOP ( 'NONE', ( #898, #6701, #5046, #1649 ) ) ;
#4066 = CARTESIAN_POINT ( 'NONE',  ( -2.399999999999998579, 0.6000000000000000888, -0.9149999999999980371 ) ) ;
#4067 = VECTOR ( 'NONE', #3075, 1000.000000000000000 ) ;
#4068 = STYLED_ITEM ( 'NONE', ( #1029 ), #1244 ) ;
#4069 = CARTESIAN_POINT ( 'NONE',  ( 0.4750000000000033085, 0.04999999999999997502, 1.200000000000001288 ) ) ;
#4070 = CARTESIAN_POINT ( 'NONE',  ( 1.325000000000001954, 1.050000000000000044, -0.7000000000000012879 ) ) ;
#4071 = ORIENTED_EDGE ( 'NONE', *, *, #1278, .F. ) ;
#4072 = ORIENTED_EDGE ( 'NONE', *, *, #6537, .T. ) ;
#4073 = CARTESIAN_POINT ( 'NONE',  ( -2.199999999999998845, 0.3499999999999999778, 0.05000000001625162782 ) ) ;
#4074 = FACE_OUTER_BOUND ( 'NONE', #4842, .T. ) ;
#4075 = CARTESIAN_POINT ( 'NONE',  ( 1.229469207716615609, 2.639999999999999236, 0.1249999999999988065 ) ) ;
#4076 = CARTESIAN_POINT ( 'NONE',  ( 2.200000000000001066, 0.3499999999999999778, 0.05000000001624881063 ) ) ;
#4077 = AXIS2_PLACEMENT_3D ( 'NONE', #4175, #1496, #1961 ) ;
#4078 = PRESENTATION_LAYER_ASSIGNMENT (  '', '', ( #483 ) ) ;
#4079 = FACE_OUTER_BOUND ( 'NONE', #2802, .T. ) ;
#4080 = EDGE_CURVE ( 'NONE', #4090, #2130, #3868, .T. ) ;
#4081 = CARTESIAN_POINT ( 'NONE',  ( 0.1666666663333346288, 0.7733333336666661229, -1.316666666333331293 ) ) ;
#4082 = LINE ( 'NONE', #859, #2210 ) ;
#4083 = ORIENTED_EDGE ( 'NONE', *, *, #37, .T. ) ;
#4084 = AXIS2_PLACEMENT_3D ( 'NONE', #4844, #3712, #5858 ) ;
#4085 = EDGE_LOOP ( 'NONE', ( #5161, #951, #1276, #520 ) ) ;
#4086 = PLANE ( 'NONE',  #1193 ) ;
#4087 = VERTEX_POINT ( 'NONE', #3618 ) ;
#4088 = EDGE_CURVE ( 'NONE', #728, #6481, #1077, .T. ) ;
#4089 = CARTESIAN_POINT ( 'NONE',  ( 2.400000000000000799, 0.1000000012999997384, 0.05000000000812383771 ) ) ;
#4090 = VERTEX_POINT ( 'NONE', #4066 ) ;
#4091 = DIRECTION ( 'NONE',  ( 0.000000000000000000, -0.5150380749100552658, -0.8571673007021116675 ) ) ;
#4092 = FILL_AREA_STYLE ('',( #4579 ) ) ;
#4093 = EDGE_CURVE ( 'NONE', #1038, #4860, #915, .T. ) ;
#4094 = UNCERTAINTY_MEASURE_WITH_UNIT (LENGTH_MEASURE( 1.000000000000000082E-05 ), #2614, 'distance_accuracy_value', 'NONE');
#4095 = VERTEX_POINT ( 'NONE', #5822 ) ;
#4096 = CARTESIAN_POINT ( 'NONE',  ( 2.400000000000000799, 0.3500000000000001443, -0.2500000000725012272 ) ) ;
#4097 = CARTESIAN_POINT ( 'NONE',  ( -0.3249999999999967359, 0.1999999999999999833, 0.8000000000000011546 ) ) ;
#4098 = CARTESIAN_POINT ( 'NONE',  ( 1.810000000000001386, 2.750000000000000000, -1.000000000000001554 ) ) ;
#4099 = FILL_AREA_STYLE ('',( #4025 ) ) ;
#4100 = ORIENTED_EDGE ( 'NONE', *, *, #6975, .F. ) ;
#4101 = FACE_OUTER_BOUND ( 'NONE', #4642, .T. ) ;
#4102 = VERTEX_POINT ( 'NONE', #4136 ) ;
#4103 = DIRECTION ( 'NONE',  ( 0.000000000000000000, -1.000000000000000000, -1.857148025303053679E-09 ) ) ;
#4104 = LINE ( 'NONE', #4999, #2942 ) ;
#4105 = EDGE_CURVE ( 'NONE', #5827, #134, #3161, .T. ) ;
#4106 = PRESENTATION_LAYER_ASSIGNMENT (  '', '', ( #6567 ) ) ;
#4107 = CARTESIAN_POINT ( 'NONE',  ( 1.125000000000001332, 0.4500000002000000277, 0.5499999999999989342 ) ) ;
#4108 = ORIENTED_EDGE ( 'NONE', *, *, #3665, .F. ) ;
#4109 = ORIENTED_EDGE ( 'NONE', *, *, #5551, .F. ) ;
#4110 = VECTOR ( 'NONE', #1454, 1000.000000000000000 ) ;
#4111 = CARTESIAN_POINT ( 'NONE',  ( 1.275000000000001465, 0.4500000002000000277, 0.5499999999999989342 ) ) ;
#4112 = CARTESIAN_POINT ( 'NONE',  ( 3.200000000000001510, 2.639999999999999236, -0.7544692077166114119 ) ) ;
#4113 = CARTESIAN_POINT ( 'NONE',  ( 1.325000000000001954, 2.639999999999998348, -0.7000000000000010658 ) ) ;
#4114 = AXIS2_PLACEMENT_3D ( 'NONE', #2277, #711, #675 ) ;
#4115 = DIRECTION ( 'NONE',  ( 1.000000000000000000, 0.000000000000000000, 0.000000000000000000 ) ) ;
#4116 = AXIS2_PLACEMENT_3D ( 'NONE', #3573, #5710, #5679 ) ;
#4117 = FACE_OUTER_BOUND ( 'NONE', #4769, .T. ) ;
#4118 = EDGE_CURVE ( 'NONE', #4485, #3890, #477, .T. ) ;
#4119 = EDGE_LOOP ( 'NONE', ( #4306, #848, #2596, #3517 ) ) ;
#4120 =( GEOMETRIC_REPRESENTATION_CONTEXT ( 3 ) GLOBAL_UNCERTAINTY_ASSIGNED_CONTEXT ( ( #4580 ) ) GLOBAL_UNIT_ASSIGNED_CONTEXT ( ( #918, #1362, #980 ) ) REPRESENTATION_CONTEXT ( 'NONE', 'WORKASPACE' ) );
#4121 = ORIENTED_EDGE ( 'NONE', *, *, #3281, .T. ) ;
#4122 = EDGE_CURVE ( 'NONE', #5628, #6941, #1953, .T. ) ;
#4123 = LINE ( 'NONE', #5081, #6838 ) ;
#4124 = ORIENTED_EDGE ( 'NONE', *, *, #6669, .F. ) ;
#4125 = CIRCLE ( 'NONE', #1868, 0.1000000000000000472 ) ;
#4126 = CARTESIAN_POINT ( 'NONE',  ( 8.900000000000002132, 1.050000000000000044, -0.7000000000000012879 ) ) ;
#4127 = LINE ( 'NONE', #1751, #1270 ) ;
#4128 = MECHANICAL_DESIGN_GEOMETRIC_PRESENTATION_REPRESENTATION (  '', ( #4575 ), #4691 ) ;
#4129 = DIRECTION ( 'NONE',  ( 1.000000000000000000, 0.000000000000000000, 0.000000000000000000 ) ) ;
#4130 = CARTESIAN_POINT ( 'NONE',  ( 2.700000000000001510, 2.750000000000000000, 1.000000000000001776 ) ) ;
#4131 = FILL_AREA_STYLE_COLOUR ( '', #4047 ) ;
#4132 = LINE ( 'NONE', #6275, #6912 ) ;
#4133 = ORIENTED_EDGE ( 'NONE', *, *, #2621, .T. ) ;
#4134 = ADVANCED_FACE ( 'NONE', ( #1489 ), #4764, .F. ) ;
#4135 = DIRECTION ( 'NONE',  ( -1.000000000000000000, -0.000000000000000000, -0.000000000000000000 ) ) ;
#4136 = CARTESIAN_POINT ( 'NONE',  ( -1.299999999999997380, 1.050000000000000044, -0.8249999999999970690 ) ) ;
#4137 = FILL_AREA_STYLE ('',( #5274 ) ) ;
#4138 = DIRECTION ( 'NONE',  ( -0.9848077530122090195, -0.1736481776669255295, -0.000000000000000000 ) ) ;
#4139 = AXIS2_PLACEMENT_3D ( 'NONE', #4505, #5531, #1788 ) ;
#4140 = VERTEX_POINT ( 'NONE', #6211 ) ;
#4141 = VERTEX_POINT ( 'NONE', #6846 ) ;
#4142 = EDGE_CURVE ( 'NONE', #2529, #1680, #1428, .T. ) ;
#4143 = CARTESIAN_POINT ( 'NONE',  ( -1.939999999999999059, 1.050000000000000044, 0.1000000000000016154 ) ) ;
#4144 = DIRECTION ( 'NONE',  ( 0.000000000000000000, 0.000000000000000000, 1.000000000000000000 ) ) ;
#4145 = MECHANICAL_DESIGN_GEOMETRIC_PRESENTATION_REPRESENTATION (  '', ( #1004 ), #1554 ) ;
#4146 = AXIS2_PLACEMENT_3D ( 'NONE', #886, #5169, #6249 ) ;
#4147 = LINE ( 'NONE', #1021, #6737 ) ;
#4148 = CARTESIAN_POINT ( 'NONE',  ( 1.300000000000001155, 2.239999999999990443, 0.3450000000000001399 ) ) ;
#4149 = EDGE_CURVE ( 'NONE', #2848, #351, #946, .T. ) ;
#4150 = ORIENTED_EDGE ( 'NONE', *, *, #4093, .T. ) ;
#4151 = FILL_AREA_STYLE ('',( #2006 ) ) ;
#4152 = VECTOR ( 'NONE', #1994, 1000.000000000000000 ) ;
#4153 = PLANE ( 'NONE',  #6305 ) ;
#4154 = ORIENTED_EDGE ( 'NONE', *, *, #4463, .T. ) ;
#4155 = DIRECTION ( 'NONE',  ( -1.000000000000000000, -0.000000000000000000, 0.000000000000000000 ) ) ;
#4156 = VECTOR ( 'NONE', #3323, 1000.000000000000000 ) ;
#4157 =( NAMED_UNIT ( * ) PLANE_ANGLE_UNIT ( ) SI_UNIT ( $, .RADIAN. ) );
#4158 = UNCERTAINTY_MEASURE_WITH_UNIT (LENGTH_MEASURE( 1.000000000000000082E-05 ), #4404, 'distance_accuracy_value', 'NONE');
#4159 = DIRECTION ( 'NONE',  ( -0.000000000000000000, 1.000000000000000000, 0.000000000000000000 ) ) ;
#4160 = MECHANICAL_DESIGN_GEOMETRIC_PRESENTATION_REPRESENTATION (  '', ( #2699 ), #5736 ) ;
#4161 = FILL_AREA_STYLE ('',( #6241 ) ) ;
#4162 = ADVANCED_FACE ( 'NONE', ( #3651 ), #3091, .F. ) ;
#4163 = DIRECTION ( 'NONE',  ( 1.000000000000000000, 0.000000000000000000, -1.355252715606883008E-16 ) ) ;
#4164 = DIRECTION ( 'NONE',  ( 0.000000000000000000, 1.000000000000000000, 7.572940222879531112E-11 ) ) ;
#4165 = ORIENTED_EDGE ( 'NONE', *, *, #6185, .F. ) ;
#4166 = AXIS2_PLACEMENT_3D ( 'NONE', #506, #5330, #4796 ) ;
#4167 = PLANE ( 'NONE',  #2214 ) ;
#4168 = DIRECTION ( 'NONE',  ( -0.000000000000000000, 0.000000000000000000, 1.000000000000000000 ) ) ;
#4169 = VECTOR ( 'NONE', #531, 1000.000000000000000 ) ;
#4170 =( NAMED_UNIT ( * ) SI_UNIT ( $, .STERADIAN. ) SOLID_ANGLE_UNIT ( ) );
#4171 = ORIENTED_EDGE ( 'NONE', *, *, #2944, .F. ) ;
#4172 = VECTOR ( 'NONE', #5288, 1000.000000000000000 ) ;
#4173 = CARTESIAN_POINT ( 'NONE',  ( -0.3249999999999967359, -3.675261601645777502E-17, 1.200000000000000844 ) ) ;
#4174 = EDGE_CURVE ( 'NONE', #3137, #247, #3023, .T. ) ;
#4175 = CARTESIAN_POINT ( 'NONE',  ( -0.2749999999999979128, 0.7768699943250462203, -0.8099999999999991651 ) ) ;
#4176 = CARTESIAN_POINT ( 'NONE',  ( 0.3250000000000016209, 0.4500000002000000832, 0.6556624325871229786 ) ) ;
#4177 = ADVANCED_FACE ( 'NONE', ( #6343 ), #333, .F. ) ;
#4178 = VECTOR ( 'NONE', #1910, 1000.000000000000000 ) ;
#4179 = ORIENTED_EDGE ( 'NONE', *, *, #4980, .T. ) ;
#4180 = FILL_AREA_STYLE ('',( #3139 ) ) ;
#4181 = CARTESIAN_POINT ( 'NONE',  ( -0.2999999999999959921, 2.639999999999999236, -0.8249999999999970690 ) ) ;
#4182 = COLOUR_RGB ( '',0.7960784313725489669, 0.8235294117647058432, 0.9372549019607843146 ) ;
#4183 = ORIENTED_EDGE ( 'NONE', *, *, #6887, .T. ) ;
#4184 = VECTOR ( 'NONE', #3153, 1000.000000000000114 ) ;
#4185 = EDGE_CURVE ( 'NONE', #291, #6470, #3582, .T. ) ;
#4186 = VERTEX_POINT ( 'NONE', #4364 ) ;
#4187 = AXIS2_PLACEMENT_3D ( 'NONE', #2643, #6939, #6272 ) ;
#4188 = FACE_OUTER_BOUND ( 'NONE', #5900, .T. ) ;
#4189 = VERTEX_POINT ( 'NONE', #617 ) ;
#4190 = VECTOR ( 'NONE', #1152, 1000.000000000000000 ) ;
#4191 = SURFACE_SIDE_STYLE ('',( #1543 ) ) ;
#4192 = CARTESIAN_POINT ( 'NONE',  ( 1.275000000000001465, -4.042787761810355684E-17, 0.6499999999999983569 ) ) ;
#4193 = VERTEX_POINT ( 'NONE', #1075 ) ;
#4194 = CARTESIAN_POINT ( 'NONE',  ( 2.700000000000001510, 1.000000000000000000, -0.2500000000000012768 ) ) ;
#4195 = PLANE ( 'NONE',  #6786 ) ;
#4196 = CARTESIAN_POINT ( 'NONE',  ( -0.4999999999999982792, 2.239999999999990443, 0.3450000000000029710 ) ) ;
#4197 = CARTESIAN_POINT ( 'NONE',  ( 0.4750000000000033085, 0.1999999999999999833, 0.8000000000000011546 ) ) ;
#4198 = DIRECTION ( 'NONE',  ( 0.000000000000000000, 0.000000000000000000, -1.000000000000000000 ) ) ;
#4199 = ORIENTED_EDGE ( 'NONE', *, *, #970, .T. ) ;
#4200 = ADVANCED_FACE ( 'NONE', ( #2160 ), #2747, .F. ) ;
#4201 = FACE_OUTER_BOUND ( 'NONE', #6736, .T. ) ;
#4202 = COLOUR_RGB ( '',0.7960784313725489669, 0.8235294117647058432, 0.9372549019607843146 ) ;
#4203 = LINE ( 'NONE', #654, #4881 ) ;
#4204 = ORIENTED_EDGE ( 'NONE', *, *, #6740, .F. ) ;
#4205 = ADVANCED_FACE ( 'NONE', ( #584 ), #1693, .F. ) ;
#4206 = LINE ( 'NONE', #4073, #2916 ) ;
#4207 = DIRECTION ( 'NONE',  ( 0.5773502691896257311, -0.5773502691896257311, 0.5773502691896257311 ) ) ;
#4208 = CARTESIAN_POINT ( 'NONE',  ( -1.170530792283384303, 2.639999999999999236, 0.2744692077166173139 ) ) ;
#4209 = COLOUR_RGB ( '',0.7960784313725489669, 0.8235294117647058432, 0.9372549019607843146 ) ;
#4210 = AXIS2_PLACEMENT_3D ( 'NONE', #6910, #3393, #2252 ) ;
#4211 = DIRECTION ( 'NONE',  ( -1.000000000000000000, -0.000000000000000000, -0.000000000000000000 ) ) ;
#4212 = ORIENTED_EDGE ( 'NONE', *, *, #6859, .T. ) ;
#4213 = EDGE_CURVE ( 'NONE', #6972, #6602, #3228, .T. ) ;
#4214 = CIRCLE ( 'NONE', #4785, 0.1000000000000000472 ) ;
#4215 = MECHANICAL_DESIGN_GEOMETRIC_PRESENTATION_REPRESENTATION (  '', ( #1972 ), #1854 ) ;
#4216 = ORIENTED_EDGE ( 'NONE', *, *, #2911, .F. ) ;
#4217 = COLOUR_RGB ( '',0.7960784313725489669, 0.8235294117647058432, 0.9372549019607843146 ) ;
#4218 = FILL_AREA_STYLE ('',( #4786 ) ) ;
#4219 = VERTEX_POINT ( 'NONE', #5472 ) ;
#4220 = PRESENTATION_LAYER_ASSIGNMENT (  '', '', ( #5465 ) ) ;
#4221 = CARTESIAN_POINT ( 'NONE',  ( -1.899999999999999023, 0.3500000000000000333, 0.5700000000000017275 ) ) ;
#4222 = EDGE_LOOP ( 'NONE', ( #5672, #3233, #767, #6526 ) ) ;
#4223 = EDGE_CURVE ( 'NONE', #4572, #1108, #1557, .T. ) ;
#4224 = PLANE ( 'NONE',  #6355 ) ;
#4225 = UNCERTAINTY_MEASURE_WITH_UNIT (LENGTH_MEASURE( 1.000000000000000082E-05 ), #2605, 'distance_accuracy_value', 'NONE');
#4226 =( LENGTH_UNIT ( ) NAMED_UNIT ( * ) SI_UNIT ( .MILLI., .METRE. ) );
#4227 = SURFACE_STYLE_USAGE ( .BOTH. , #6904 ) ;
#4228 = PLANE ( 'NONE',  #6346 ) ;
#4229 = CARTESIAN_POINT ( 'NONE',  ( -1.324999999999997957, 0.7768699943250462203, -0.6999999999999985123 ) ) ;
#4230 = AXIS2_PLACEMENT_3D ( 'NONE', #3163, #4138, #374 ) ;
#4231 = VERTEX_POINT ( 'NONE', #2652 ) ;
#4232 = ADVANCED_FACE ( 'NONE', ( #4271 ), #5334, .T. ) ;
#4233 = LINE ( 'NONE', #3708, #6691 ) ;
#4234 = LINE ( 'NONE', #1183, #3321 ) ;
#4235 = VECTOR ( 'NONE', #2619, 1000.000000000000000 ) ;
#4236 = FACE_OUTER_BOUND ( 'NONE', #1343, .T. ) ;
#4237 = DIRECTION ( 'NONE',  ( 1.000000000000000000, 0.000000000000000000, 0.000000000000000000 ) ) ;
#4238 = ORIENTED_EDGE ( 'NONE', *, *, #3822, .F. ) ;
#4239 = LINE ( 'NONE', #4176, #1622 ) ;
#4240 = EDGE_CURVE ( 'NONE', #2208, #4189, #4801, .T. ) ;
#4241 = EDGE_CURVE ( 'NONE', #5286, #116, #1629, .T. ) ;
#4242 = DIRECTION ( 'NONE',  ( 1.000000000000000000, 0.000000000000000000, 0.000000000000000000 ) ) ;
#4243 = LINE ( 'NONE', #1051, #6592 ) ;
#4244 =( NAMED_UNIT ( * ) SI_UNIT ( $, .STERADIAN. ) SOLID_ANGLE_UNIT ( ) );
#4245 = EDGE_LOOP ( 'NONE', ( #6085, #4406, #4083, #3311 ) ) ;
#4246 = VECTOR ( 'NONE', #1738, 1000.000000000000000 ) ;
#4247 = EDGE_CURVE ( 'NONE', #5597, #5377, #68, .T. ) ;
#4248 = CARTESIAN_POINT ( 'NONE',  ( 0.5250000000000039080, 2.750000000000000000, -0.8099999999999991651 ) ) ;
#4249 = ORIENTED_EDGE ( 'NONE', *, *, #2868, .F. ) ;
#4250 = COLOUR_RGB ( '',0.7960784313725489669, 0.8235294117647058432, 0.9372549019607843146 ) ;
#4251 = CARTESIAN_POINT ( 'NONE',  ( -0.4294692077166117339, 2.639999999999999236, 0.1250000000000016376 ) ) ;
#4252 = ORIENTED_EDGE ( 'NONE', *, *, #4006, .F. ) ;
#4253 = DIRECTION ( 'NONE',  ( 0.000000000000000000, 0.8660254037844363761, -0.5000000000000039968 ) ) ;
#4254 = CARTESIAN_POINT ( 'NONE',  ( 2.700000000000001510, 1.000000000000000000, -0.2500000000000012212 ) ) ;
#4255 = LINE ( 'NONE', #6399, #6881 ) ;
#4256 = LINE ( 'NONE', #1545, #3351 ) ;
#4257 = ORIENTED_EDGE ( 'NONE', *, *, #4980, .F. ) ;
#4258 = LINE ( 'NONE', #29, #2298 ) ;
#4259 = EDGE_CURVE ( 'NONE', #581, #6791, #3842, .T. ) ;
#4260 = DIRECTION ( 'NONE',  ( -1.000000000000000000, 0.000000000000000000, 0.000000000000000000 ) ) ;
#4261 = EDGE_CURVE ( 'NONE', #3401, #134, #4234, .T. ) ;
#4262 = LINE ( 'NONE', #6406, #19 ) ;
#4263 = LINE ( 'NONE', #6407, #236 ) ;
#4264 = CARTESIAN_POINT ( 'NONE',  ( -1.299999999999997380, 2.239999999999989555, -0.8249999999999970690 ) ) ;
#4265 = CARTESIAN_POINT ( 'NONE',  ( 9.140000000000002345, 1.050000000000000044, 0.09999999999999885369 ) ) ;
#4266 = ORIENTED_EDGE ( 'NONE', *, *, #4510, .T. ) ;
#4267 = DIRECTION ( 'NONE',  ( -1.000000000000000000, 0.000000000000000000, 0.000000000000000000 ) ) ;
#4268 = SURFACE_SIDE_STYLE ('',( #5306 ) ) ;
#4269 = ORIENTED_EDGE ( 'NONE', *, *, #2264, .F. ) ;
#4270 = PLANE ( 'NONE',  #867 ) ;
#4271 = FACE_OUTER_BOUND ( 'NONE', #5273, .T. ) ;
#4272 = ADVANCED_FACE ( 'NONE', ( #6376 ), #3298, .F. ) ;
#4273 =( GEOMETRIC_REPRESENTATION_CONTEXT ( 3 ) GLOBAL_UNCERTAINTY_ASSIGNED_CONTEXT ( ( #501 ) ) GLOBAL_UNIT_ASSIGNED_CONTEXT ( ( #2274, #4759, #1515 ) ) REPRESENTATION_CONTEXT ( 'NONE', 'WORKASPACE' ) );
#4274 = CARTESIAN_POINT ( 'NONE',  ( -1.699999999999998401, 2.639999999999999236, 0.5500000000000017097 ) ) ;
#4275 = ORIENTED_EDGE ( 'NONE', *, *, #1821, .F. ) ;
#4276 = PRESENTATION_STYLE_ASSIGNMENT (( #4770 ) ) ;
#4277 = CARTESIAN_POINT ( 'NONE',  ( -1.203726212495621395, 2.785995780779311648, -0.7287262124956209730 ) ) ;
#4278 = CARTESIAN_POINT ( 'NONE',  ( 0.2750000000000019096, 1.050000000000000044, -0.8099999999999991651 ) ) ;
#4279 = MECHANICAL_DESIGN_GEOMETRIC_PRESENTATION_REPRESENTATION (  '', ( #1919 ), #222 ) ;
#4280 = ORIENTED_EDGE ( 'NONE', *, *, #1377, .T. ) ;
#4281 = VECTOR ( 'NONE', #2803, 1000.000000000000000 ) ;
#4282 = CARTESIAN_POINT ( 'NONE',  ( -0.3705307922833817047, 2.639999999999999236, -0.7544692077166114119 ) ) ;
#4283 = LINE ( 'NONE', #6858, #1204 ) ;
#4284 = DIRECTION ( 'NONE',  ( -0.000000000000000000, -0.5150380749100552658, -0.8571673007021116675 ) ) ;
#4285 = ORIENTED_EDGE ( 'NONE', *, *, #4060, .F. ) ;
#4286 = CARTESIAN_POINT ( 'NONE',  ( 1.100000000000001643, 2.239999999999990443, 0.3450000000000001399 ) ) ;
#4287 = ORIENTED_EDGE ( 'NONE', *, *, #5488, .T. ) ;
#4288 = LINE ( 'NONE', #2582, #2711 ) ;
#4289 =( NAMED_UNIT ( * ) SI_UNIT ( $, .STERADIAN. ) SOLID_ANGLE_UNIT ( ) );
#4290 = MECHANICAL_DESIGN_GEOMETRIC_PRESENTATION_REPRESENTATION (  '', ( #119 ), #3834 ) ;
#4291 = ORIENTED_EDGE ( 'NONE', *, *, #5716, .F. ) ;
#4292 = EDGE_CURVE ( 'NONE', #176, #3003, #1246, .T. ) ;
#4293 = CARTESIAN_POINT ( 'NONE',  ( 0.3250000000000016209, -3.675261601645777964E-18, 0.6500000000000011324 ) ) ;
#4294 = SURFACE_STYLE_USAGE ( .BOTH. , #6935 ) ;
#4295 = DIRECTION ( 'NONE',  ( 0.000000000000000000, 0.000000000000000000, -1.000000000000000000 ) ) ;
#4296 = ORIENTED_EDGE ( 'NONE', *, *, #5935, .F. ) ;
#4297 = SURFACE_SIDE_STYLE ('',( #534 ) ) ;
#4298 = AXIS2_PLACEMENT_3D ( 'NONE', #5641, #2356, #6655 ) ;
#4299 = UNCERTAINTY_MEASURE_WITH_UNIT (LENGTH_MEASURE( 1.000000000000000082E-05 ), #5774, 'distance_accuracy_value', 'NONE');
#4300 = VECTOR ( 'NONE', #6976, 1000.000000000000000 ) ;
#4301 = ADVANCED_FACE ( 'NONE', ( #1829 ), #2892, .F. ) ;
#4302 = ORIENTED_EDGE ( 'NONE', *, *, #4356, .F. ) ;
#4303 = FILL_AREA_STYLE ('',( #3353 ) ) ;
#4304 = VECTOR ( 'NONE', #322, 1000.000000000000000 ) ;
#4305 = LINE ( 'NONE', #5331, #187 ) ;
#4306 = ORIENTED_EDGE ( 'NONE', *, *, #2522, .F. ) ;
#4307 = DIRECTION ( 'NONE',  ( 0.000000000000000000, 0.000000000000000000, 1.000000000000000000 ) ) ;
#4308 = ADVANCED_FACE ( 'NONE', ( #4016 ), #6131, .F. ) ;
#4309 = CARTESIAN_POINT ( 'NONE',  ( -0.3705307922833825374, 2.639999999999999236, 0.2744692077166173139 ) ) ;
#4310 = ORIENTED_EDGE ( 'NONE', *, *, #2842, .T. ) ;
#4311 = EDGE_LOOP ( 'NONE', ( #1338, #440, #3912, #6021 ) ) ;
#4312 = SURFACE_STYLE_FILL_AREA ( #6383 ) ;
#4313 = EDGE_CURVE ( 'NONE', #5259, #1372, #2284, .T. ) ;
#4314 = CARTESIAN_POINT ( 'NONE',  ( 2.400000000000000799, 1.355252715606880543E-17, -0.1164279503904903784 ) ) ;
#4315 = DIRECTION ( 'NONE',  ( 0.000000000000000000, -1.000000000000000000, -1.204669080539449344E-16 ) ) ;
#4316 = ORIENTED_EDGE ( 'NONE', *, *, #1173, .T. ) ;
#4317 = ORIENTED_EDGE ( 'NONE', *, *, #558, .F. ) ;
#4318 = ADVANCED_FACE ( 'NONE', ( #1346 ), #5085, .F. ) ;
#4319 = AXIS2_PLACEMENT_3D ( 'NONE', #5211, #3166, #1497 ) ;
#4320 = ORIENTED_EDGE ( 'NONE', *, *, #777, .F. ) ;
#4321 = AXIS2_PLACEMENT_3D ( 'NONE', #3677, #3647, #4163 ) ;
#4322 = ORIENTED_EDGE ( 'NONE', *, *, #3059, .F. ) ;
#4323 = EDGE_CURVE ( 'NONE', #5415, #5426, #2321, .T. ) ;
#4324 = SURFACE_STYLE_USAGE ( .BOTH. , #3764 ) ;
#4325 = CARTESIAN_POINT ( 'NONE',  ( -2.399999999999998579, 0.2063250300240242197, -0.9499999999999984013 ) ) ;
#4326 = DIRECTION ( 'NONE',  ( 0.000000000000000000, -1.000000000000000000, 0.000000000000000000 ) ) ;
#4327 = CARTESIAN_POINT ( 'NONE',  ( -0.4294692077166117339, 2.639999999999999236, -0.7544692077166114119 ) ) ;
#4328 = ORIENTED_EDGE ( 'NONE', *, *, #6795, .T. ) ;
#4329 = DIRECTION ( 'NONE',  ( -1.000000000000000000, -0.000000000000000000, -0.000000000000000000 ) ) ;
#4330 = STYLED_ITEM ( 'NONE', ( #753 ), #4301 ) ;
#4331 = DIRECTION ( 'NONE',  ( 0.000000000000000000, 0.000000000000000000, -1.000000000000000000 ) ) ;
#4332 = VECTOR ( 'NONE', #1340, 1000.000000000000000 ) ;
#4333 = VECTOR ( 'NONE', #5566, 1000.000000000000000 ) ;
#4334 = ADVANCED_FACE ( 'NONE', ( #4435 ), #4469, .F. ) ;
#4335 = DIRECTION ( 'NONE',  ( 1.000000000000000000, 0.000000000000000000, 0.000000000000000000 ) ) ;
#4336 = ORIENTED_EDGE ( 'NONE', *, *, #567, .T. ) ;
#4337 =( LENGTH_UNIT ( ) NAMED_UNIT ( * ) SI_UNIT ( .MILLI., .METRE. ) );
#4338 = DIRECTION ( 'NONE',  ( -0.7071067811865474617, 0.7071067811865474617, -0.000000000000000000 ) ) ;
#4339 = VERTEX_POINT ( 'NONE', #4947 ) ;
#4340 = DIRECTION ( 'NONE',  ( 1.000000000000000000, 0.000000000000000000, -0.000000000000000000 ) ) ;
#4341 = CARTESIAN_POINT ( 'NONE',  ( 0.5000000000000031086, 2.239999999999990443, 0.04500000000000294043 ) ) ;
#4342 = ORIENTED_EDGE ( 'NONE', *, *, #5401, .F. ) ;
#4343 = CARTESIAN_POINT ( 'NONE',  ( -0.4999999999999973910, 2.639999999999999236, -0.3249999999999970690 ) ) ;
#4344 = DIRECTION ( 'NONE',  ( 1.000000000000000000, 0.000000000000000000, -1.355252715606883008E-16 ) ) ;
#4345 = EDGE_LOOP ( 'NONE', ( #427, #1717, #4462, #2247 ) ) ;
#4346 = LINE ( 'NONE', #12, #3919 ) ;
#4347 = VECTOR ( 'NONE', #1779, 1000.000000000000000 ) ;
#4348 = VECTOR ( 'NONE', #6961, 1000.000000000000000 ) ;
#4349 = CIRCLE ( 'NONE', #1878, 0.1000000000000000472 ) ;
#4350 = CARTESIAN_POINT ( 'NONE',  ( -0.3249999999999967359, 0.4500000002000000277, 0.5500000000000018208 ) ) ;
#4351 = DIRECTION ( 'NONE',  ( 0.000000000000000000, 0.7071067811865355823, -0.7071067811865594521 ) ) ;
#4352 = VERTEX_POINT ( 'NONE', #102 ) ;
#4353 = ORIENTED_EDGE ( 'NONE', *, *, #31, .T. ) ;
#4354 = CARTESIAN_POINT ( 'NONE',  ( 0.4750000000000033085, 0.04999999999999997502, 1.200000000000001288 ) ) ;
#4355 = CARTESIAN_POINT ( 'NONE',  ( 2.400000000000000799, 0.7936749699759758636, -0.9500000000000011768 ) ) ;
#4356 = EDGE_CURVE ( 'NONE', #3691, #4189, #245, .T. ) ;
#4357 = FACE_OUTER_BOUND ( 'NONE', #1171, .T. ) ;
#4358 =( NAMED_UNIT ( * ) SI_UNIT ( $, .STERADIAN. ) SOLID_ANGLE_UNIT ( ) );
#4359 = ORIENTED_EDGE ( 'NONE', *, *, #5037, .F. ) ;
#4360 = LINE ( 'NONE', #3867, #1078 ) ;
#4361 = EDGE_LOOP ( 'NONE', ( #4011, #5105, #2885, #6332 ) ) ;
#4362 = CARTESIAN_POINT ( 'NONE',  ( -1.074999999999997735, 0.7768699943250462203, -0.6999999999999985123 ) ) ;
#4363 =( NAMED_UNIT ( * ) PLANE_ANGLE_UNIT ( ) SI_UNIT ( $, .RADIAN. ) );
#4364 = CARTESIAN_POINT ( 'NONE',  ( -0.3249999999999967359, 0.1000000006499977834, 0.5499999993499998796 ) ) ;
#4365 = LINE ( 'NONE', #5335, #3064 ) ;
#4366 = EDGE_LOOP ( 'NONE', ( #6694, #5654, #120, #929 ) ) ;
#4367 = ADVANCED_FACE ( 'NONE', ( #1725 ), #3874, .F. ) ;
#4368 = ORIENTED_EDGE ( 'NONE', *, *, #237, .F. ) ;
#4369 = AXIS2_PLACEMENT_3D ( 'NONE', #1474, #3115, #425 ) ;
#4370 = SURFACE_SIDE_STYLE ('',( #5375 ) ) ;
#4371 = FILL_AREA_STYLE_COLOUR ( '', #4202 ) ;
#4372 = LINE ( 'NONE', #5055, #6608 ) ;
#4373 = VECTOR ( 'NONE', #1810, 1000.000000000000114 ) ;
#4374 = EDGE_LOOP ( 'NONE', ( #4266, #5903, #3288, #6277 ) ) ;
#4375 = DIRECTION ( 'NONE',  ( -1.000000000000000000, -0.000000000000000000, -0.000000000000000000 ) ) ;
#4376 = DIRECTION ( 'NONE',  ( 0.000000000000000000, 0.000000000000000000, -1.000000000000000000 ) ) ;
#4377 = DIRECTION ( 'NONE',  ( 0.000000000000000000, 0.000000000000000000, -1.000000000000000000 ) ) ;
#4378 = AXIS2_PLACEMENT_3D ( 'NONE', #5358, #530, #4825 ) ;
#4379 = CARTESIAN_POINT ( 'NONE',  ( -1.899999999999999023, 0.3500000000000000333, 0.5500000000000018208 ) ) ;
#4380 = EDGE_CURVE ( 'NONE', #4663, #4087, #5506, .T. ) ;
#4381 = DIRECTION ( 'NONE',  ( 0.000000000000000000, 0.000000000000000000, -1.000000000000000000 ) ) ;
#4382 = VERTEX_POINT ( 'NONE', #136 ) ;
#4383 = PLANE ( 'NONE',  #3932 ) ;
#4384 = EDGE_LOOP ( 'NONE', ( #5310, #57, #5126, #1863, #3472, #6286, #4607, #3424 ) ) ;
#4385 = AXIS2_PLACEMENT_3D ( 'NONE', #1948, #1873, #3186 ) ;
#4386 = EDGE_CURVE ( 'NONE', #4576, #1151, #3907, .T. ) ;
#4387 =( GEOMETRIC_REPRESENTATION_CONTEXT ( 3 ) GLOBAL_UNCERTAINTY_ASSIGNED_CONTEXT ( ( #1550 ) ) GLOBAL_UNIT_ASSIGNED_CONTEXT ( ( #1639, #5959, #595 ) ) REPRESENTATION_CONTEXT ( 'NONE', 'WORKASPACE' ) );
#4388 = ORIENTED_EDGE ( 'NONE', *, *, #1265, .T. ) ;
#4389 = PLANE ( 'NONE',  #3563 ) ;
#4390 =( LENGTH_UNIT ( ) NAMED_UNIT ( * ) SI_UNIT ( .MILLI., .METRE. ) );
#4391 = DIRECTION ( 'NONE',  ( -0.000000000000000000, -1.000000000000000000, 0.000000000000000000 ) ) ;
#4392 = ORIENTED_EDGE ( 'NONE', *, *, #6670, .T. ) ;
#4393 = VECTOR ( 'NONE', #3781, 1000.000000000000000 ) ;
#4394 = CARTESIAN_POINT ( 'NONE',  ( 2.200000000000001066, 0.3499999999999999778, 0.05000000001624881063 ) ) ;
#4395 = EDGE_CURVE ( 'NONE', #1228, #5181, #5681, .T. ) ;
#4396 = VECTOR ( 'NONE', #6725, 1000.000000000000114 ) ;
#4397 = CARTESIAN_POINT ( 'NONE',  ( -1.099999999999998535, 1.050000000000000044, 0.04500000000000294043 ) ) ;
#4398 = EDGE_LOOP ( 'NONE', ( #2682, #3849, #4444, #4717 ) ) ;
#4399 = DIRECTION ( 'NONE',  ( 0.000000000000000000, -0.1736481776669255295, -0.9848077530122090195 ) ) ;
#4400 = FACE_OUTER_BOUND ( 'NONE', #2703, .T. ) ;
#4401 = VERTEX_POINT ( 'NONE', #2432 ) ;
#4402 = DIRECTION ( 'NONE',  ( 1.000000000000000000, 0.000000000000000000, -0.000000000000000000 ) ) ;
#4403 = STYLED_ITEM ( 'NONE', ( #6824 ), #480 ) ;
#4404 =( LENGTH_UNIT ( ) NAMED_UNIT ( * ) SI_UNIT ( .MILLI., .METRE. ) );
#4405 = VECTOR ( 'NONE', #5846, 1000.000000000000000 ) ;
#4406 = ORIENTED_EDGE ( 'NONE', *, *, #4531, .F. ) ;
#4407 = CLOSED_SHELL ( 'NONE', ( #5752, #1683, #5545, #5515, #2453, #4543, #3676, #4423, #1584, #641 ) ) ;
#4408 = EDGE_CURVE ( 'NONE', #457, #532, #4578, .T. ) ;
#4409 = DIRECTION ( 'NONE',  ( -1.000000000000000000, 0.000000000000000000, 0.000000000000000000 ) ) ;
#4410 = DIRECTION ( 'NONE',  ( 0.000000000000000000, 0.000000000000000000, 1.000000000000000000 ) ) ;
#4411 = FACE_OUTER_BOUND ( 'NONE', #749, .T. ) ;
#4412 = EDGE_LOOP ( 'NONE', ( #1020, #4976, #3721, #3437 ) ) ;
#4413 = MECHANICAL_DESIGN_GEOMETRIC_PRESENTATION_REPRESENTATION (  '', ( #6548 ), #6215 ) ;
#4414 = LINE ( 'NONE', #6597, #6721 ) ;
#4415 = SURFACE_STYLE_USAGE ( .BOTH. , #2693 ) ;
#4416 = DIRECTION ( 'NONE',  ( 0.000000000000000000, 0.000000000000000000, 1.000000000000000000 ) ) ;
#4417 = EDGE_CURVE ( 'NONE', #4087, #4008, #1905, .T. ) ;
#4418 = LINE ( 'NONE', #5963, #4246 ) ;
#4419 = FACE_OUTER_BOUND ( 'NONE', #3474, .T. ) ;
#4420 = EDGE_LOOP ( 'NONE', ( #1280, #1941, #2536, #331, #6581, #2281, #6866, #4494 ) ) ;
#4421 = ORIENTED_EDGE ( 'NONE', *, *, #3382, .F. ) ;
#4422 = CARTESIAN_POINT ( 'NONE',  ( 4.000000000000003553, 2.639999999999999236, 0.2744692077166173139 ) ) ;
#4423 = ADVANCED_FACE ( 'NONE', ( #1141 ), #1753, .F. ) ;
#4424 = ORIENTED_EDGE ( 'NONE', *, *, #4743, .F. ) ;
#4425 = DIRECTION ( 'NONE',  ( 0.000000000000000000, 0.000000000000000000, -1.000000000000000000 ) ) ;
#4426 = PRESENTATION_STYLE_ASSIGNMENT (( #6684 ) ) ;
#4427 = CARTESIAN_POINT ( 'NONE',  ( -1.299999999999998268, 2.639999999999999236, 0.04500000000000296124 ) ) ;
#4428 = EDGE_CURVE ( 'NONE', #895, #2271, #401, .T. ) ;
#4429 = MECHANICAL_DESIGN_GEOMETRIC_PRESENTATION_REPRESENTATION (  '', ( #512 ), #6570 ) ;
#4430 =( NAMED_UNIT ( * ) SI_UNIT ( $, .STERADIAN. ) SOLID_ANGLE_UNIT ( ) );
#4431 = DIRECTION ( 'NONE',  ( -1.000000000000000000, 0.000000000000000000, -0.000000000000000000 ) ) ;
#4432 = EDGE_LOOP ( 'NONE', ( #2318, #2545, #3463, #4934 ) ) ;
#4433 = CARTESIAN_POINT ( 'NONE',  ( -2.699999999999999289, 2.750000000000000000, -0.9999999999999986677 ) ) ;
#4434 = LINE ( 'NONE', #244, #6431 ) ;
#4435 = FACE_OUTER_BOUND ( 'NONE', #2457, .T. ) ;
#4436 = VECTOR ( 'NONE', #1473, 1000.000000000000000 ) ;
#4437 = STYLED_ITEM ( 'NONE', ( #3699 ), #3523 ) ;
#4438 = ORIENTED_EDGE ( 'NONE', *, *, #3016, .F. ) ;
#4439 = EDGE_CURVE ( 'NONE', #2986, #728, #1239, .T. ) ;
#4440 = STYLED_ITEM ( 'NONE', ( #2179 ), #4815 ) ;
#4441 = DIRECTION ( 'NONE',  ( 1.355252715606883008E-16, -0.000000000000000000, 1.000000000000000000 ) ) ;
#4442 = FACE_OUTER_BOUND ( 'NONE', #1617, .T. ) ;
#4443 = SURFACE_SIDE_STYLE ('',( #141 ) ) ;
#4444 = ORIENTED_EDGE ( 'NONE', *, *, #1290, .T. ) ;
#4445 = CARTESIAN_POINT ( 'NONE',  ( 0.3705307922833883105, 2.639999999999999236, 0.1250000000000016376 ) ) ;
#4446 = DIRECTION ( 'NONE',  ( 0.1710878697460311570, -0.9702875252478154744, -0.1710878697460311848 ) ) ;
#4447 = LINE ( 'NONE', #4480, #729 ) ;
#4448 = VECTOR ( 'NONE', #5859, 1000.000000000000000 ) ;
#4449 = LINE ( 'NONE', #2904, #6611 ) ;
#4450 = DIRECTION ( 'NONE',  ( 0.000000000000000000, 0.000000000000000000, -1.000000000000000000 ) ) ;
#4451 = DIRECTION ( 'NONE',  ( 0.000000000000000000, -0.000000000000000000, 1.000000000000000000 ) ) ;
#4452 = ORIENTED_EDGE ( 'NONE', *, *, #1385, .T. ) ;
#4453 = PLANE ( 'NONE',  #1840 ) ;
#4454 = VECTOR ( 'NONE', #5556, 1000.000000000000000 ) ;
#4455 = ORIENTED_EDGE ( 'NONE', *, *, #4149, .F. ) ;
#4456 = CARTESIAN_POINT ( 'NONE',  ( 4.800000000000004263, 2.639999999999999236, -0.3955307922833827261 ) ) ;
#4457 = SURFACE_STYLE_USAGE ( .BOTH. , #6977 ) ;
#4458 = ORIENTED_EDGE ( 'NONE', *, *, #5220, .T. ) ;
#4459 = VERTEX_POINT ( 'NONE', #1205 ) ;
#4460 = FACE_OUTER_BOUND ( 'NONE', #912, .T. ) ;
#4461 = VECTOR ( 'NONE', #6053, 1000.000000000000000 ) ;
#4462 = ORIENTED_EDGE ( 'NONE', *, *, #1414, .F. ) ;
#4463 = EDGE_CURVE ( 'NONE', #6941, #5255, #6050, .T. ) ;
#4464 = PRESENTATION_STYLE_ASSIGNMENT (( #6649 ) ) ;
#4465 = PLANE ( 'NONE',  #3138 ) ;
#4466 = ORIENTED_EDGE ( 'NONE', *, *, #4105, .T. ) ;
#4467 = VECTOR ( 'NONE', #1605, 1000.000000000000000 ) ;
#4468 = CARTESIAN_POINT ( 'NONE',  ( -2.399999999999998579, 0.1199999999999999956, -0.9499999999999984013 ) ) ;
#4469 = PLANE ( 'NONE',  #158 ) ;
#4470 = VECTOR ( 'NONE', #6662, 1000.000000000000000 ) ;
#4471 = LINE ( 'NONE', #4018, #2812 ) ;
#4472 = ADVANCED_FACE ( 'NONE', ( #4460 ), #2246, .F. ) ;
#4473 = AXIS2_PLACEMENT_3D ( 'NONE', #3026, #1396, #4632 ) ;
#4474 = ORIENTED_EDGE ( 'NONE', *, *, #3760, .F. ) ;
#4475 = DIRECTION ( 'NONE',  ( -1.000000000000000000, 0.000000000000000000, 0.000000000000000000 ) ) ;
#4476 = CARTESIAN_POINT ( 'NONE',  ( 16.30000000000000071, 2.750000000000000000, 0.6600000000000023626 ) ) ;
#4477 = CARTESIAN_POINT ( 'NONE',  ( -1.124999999999998446, 0.4500000002000000832, 0.6556624325871229786 ) ) ;
#4478 = VERTEX_POINT ( 'NONE', #4397 ) ;
#4479 = CARTESIAN_POINT ( 'NONE',  ( 0.4294692077166183397, 2.639999999999999236, -0.7544692077166114119 ) ) ;
#4480 = CARTESIAN_POINT ( 'NONE',  ( 0.3000000000000026534, 1.050000000000000044, -0.8249999999999970690 ) ) ;
#4481 = EDGE_CURVE ( 'NONE', #4186, #5082, #5501, .T. ) ;
#4482 = STYLED_ITEM ( 'NONE', ( #3519 ), #6728 ) ;
#4483 = FACE_OUTER_BOUND ( 'NONE', #1570, .T. ) ;
#4484 = SURFACE_SIDE_STYLE ('',( #1922 ) ) ;
#4485 = VERTEX_POINT ( 'NONE', #3256 ) ;
#4486 = EDGE_LOOP ( 'NONE', ( #5842, #6133, #4684, #2649 ) ) ;
#4487 = FACE_OUTER_BOUND ( 'NONE', #2801, .T. ) ;
#4488 = DIRECTION ( 'NONE',  ( -1.000000000000000000, -0.000000000000000000, -0.000000000000000000 ) ) ;
#4489 =( GEOMETRIC_REPRESENTATION_CONTEXT ( 3 ) GLOBAL_UNCERTAINTY_ASSIGNED_CONTEXT ( ( #2043 ) ) GLOBAL_UNIT_ASSIGNED_CONTEXT ( ( #3975, #3535, #3937 ) ) REPRESENTATION_CONTEXT ( 'NONE', 'WORKASPACE' ) );
#4490 =( GEOMETRIC_REPRESENTATION_CONTEXT ( 3 ) GLOBAL_UNCERTAINTY_ASSIGNED_CONTEXT ( ( #193 ) ) GLOBAL_UNIT_ASSIGNED_CONTEXT ( ( #2126, #799, #6104 ) ) REPRESENTATION_CONTEXT ( 'NONE', 'WORKASPACE' ) );
#4491 = CARTESIAN_POINT ( 'NONE',  ( 1.100000000000001643, 1.050000000000000044, 0.04500000000000014405 ) ) ;
#4492 = PLANE ( 'NONE',  #2650 ) ;
#4493 = EDGE_CURVE ( 'NONE', #5082, #1556, #1657, .T. ) ;
#4494 = ORIENTED_EDGE ( 'NONE', *, *, #5455, .T. ) ;
#4495 = CARTESIAN_POINT ( 'NONE',  ( 15.50000000100000186, 0.05000000000000000971, -0.9499999987000007362 ) ) ;
#4496 = COLOUR_RGB ( '',0.7960784313725489669, 0.8235294117647058432, 0.9372549019607843146 ) ;
#4497 = VECTOR ( 'NONE', #3031, 1000.000000000000000 ) ;
#4498 = UNCERTAINTY_MEASURE_WITH_UNIT (LENGTH_MEASURE( 1.000000000000000082E-05 ), #720, 'distance_accuracy_value', 'NONE');
#4499 = EDGE_LOOP ( 'NONE', ( #5836, #5242, #2292, #15 ) ) ;
#4500 = CARTESIAN_POINT ( 'NONE',  ( -1.899999999999999023, 0.3500000000000000333, -0.9999999999999986677 ) ) ;
#4501 = VERTEX_POINT ( 'NONE', #5008 ) ;
#4502 = VECTOR ( 'NONE', #1709, 1000.000000000000000 ) ;
#4503 = EDGE_CURVE ( 'NONE', #4036, #3690, #5946, .T. ) ;
#4504 = CARTESIAN_POINT ( 'NONE',  ( 0.5000000000000039968, 1.050000000000000044, -0.8249999999999970690 ) ) ;
#4505 = CARTESIAN_POINT ( 'NONE',  ( 2.200000000000001066, 0.6936749699759758858, -0.9500000000000013989 ) ) ;
#4506 = ORIENTED_EDGE ( 'NONE', *, *, #1602, .T. ) ;
#4507 = CARTESIAN_POINT ( 'NONE',  ( -1.229469207716612500, 2.639999999999999236, 0.2744692077166173139 ) ) ;
#4508 = FILL_AREA_STYLE ('',( #2929 ) ) ;
#4509 = MECHANICAL_DESIGN_GEOMETRIC_PRESENTATION_REPRESENTATION (  '', ( #2716 ), #2368 ) ;
#4510 = EDGE_CURVE ( 'NONE', #1798, #2792, #3385, .T. ) ;
#4511 = VERTEX_POINT ( 'NONE', #162 ) ;
#4512 =( NAMED_UNIT ( * ) PLANE_ANGLE_UNIT ( ) SI_UNIT ( $, .RADIAN. ) );
#4513 = DIRECTION ( 'NONE',  ( -1.000000000000000000, -0.000000000000000000, -0.000000000000000000 ) ) ;
#4514 = CARTESIAN_POINT ( 'NONE',  ( -1.700000000299998870, 1.050000000000000044, -0.6999999999999985123 ) ) ;
#4515 = DIRECTION ( 'NONE',  ( -0.000000000000000000, -0.7071067811865474617, 0.7071067811865474617 ) ) ;
#4516 = ORIENTED_EDGE ( 'NONE', *, *, #1486, .F. ) ;
#4517 = EDGE_CURVE ( 'NONE', #3746, #3667, #130, .T. ) ;
#4518 = DIRECTION ( 'NONE',  ( 0.000000000000000000, 0.000000000000000000, -1.000000000000000000 ) ) ;
#4519 = VERTEX_POINT ( 'NONE', #2184 ) ;
#4520 = LINE ( 'NONE', #144, #6536 ) ;
#4521 = LINE ( 'NONE', #6599, #3432 ) ;
#4522 = LINE ( 'NONE', #6711, #2907 ) ;
#4523 = PLANE ( 'NONE',  #2766 ) ;
#4524 = VERTEX_POINT ( 'NONE', #3350 ) ;
#4525 = VERTEX_POINT ( 'NONE', #1718 ) ;
#4526 = LINE ( 'NONE', #3412, #4373 ) ;
#4527 =( LENGTH_UNIT ( ) NAMED_UNIT ( * ) SI_UNIT ( .MILLI., .METRE. ) );
#4528 = CARTESIAN_POINT ( 'NONE',  ( -0.4749999999999984235, 0.1999999999999999556, 1.250000000000001110 ) ) ;
#4529 = DIRECTION ( 'NONE',  ( 0.000000000000000000, -0.000000000000000000, -1.000000000000000000 ) ) ;
#4530 = DIRECTION ( 'NONE',  ( -0.000000000000000000, -1.000000000000000000, -0.000000000000000000 ) ) ;
#4531 = EDGE_CURVE ( 'NONE', #5880, #3258, #5530, .T. ) ;
#4532 = ORIENTED_EDGE ( 'NONE', *, *, #357, .T. ) ;
#4533 = ORIENTED_EDGE ( 'NONE', *, *, #5129, .T. ) ;
#4534 = ORIENTED_EDGE ( 'NONE', *, *, #4776, .T. ) ;
#4535 = VERTEX_POINT ( 'NONE', #1175 ) ;
#4536 = CARTESIAN_POINT ( 'NONE',  ( -1.899999999999999023, 0.3500000000000000333, -0.9999999999999986677 ) ) ;
#4537 = CARTESIAN_POINT ( 'NONE',  ( 0.5000000000000031086, 1.050000000000000044, 0.3450000000000029710 ) ) ;
#4538 = ORIENTED_EDGE ( 'NONE', *, *, #394, .F. ) ;
#4539 = VECTOR ( 'NONE', #4598, 1000.000000000000000 ) ;
#4540 =( LENGTH_UNIT ( ) NAMED_UNIT ( * ) SI_UNIT ( .MILLI., .METRE. ) );
#4541 = PLANE ( 'NONE',  #4298 ) ;
#4542 = CARTESIAN_POINT ( 'NONE',  ( 1.900000003850001340, 0.3500000000000000333, 0.5699999999999988409 ) ) ;
#4543 = ADVANCED_FACE ( 'NONE', ( #4869 ), #4975, .T. ) ;
#4544 = EDGE_CURVE ( 'NONE', #1460, #508, #5438, .T. ) ;
#4545 = ORIENTED_EDGE ( 'NONE', *, *, #2887, .T. ) ;
#4546 = VECTOR ( 'NONE', #5614, 1000.000000000000000 ) ;
#4547 = DIRECTION ( 'NONE',  ( -1.000000000000000000, -0.000000000000000000, -0.000000000000000000 ) ) ;
#4548 = DIRECTION ( 'NONE',  ( 1.000000000000000000, 0.000000000000000000, 0.000000000000000000 ) ) ;
#4549 = LINE ( 'NONE', #4477, #215 ) ;
#4550 =( LENGTH_UNIT ( ) NAMED_UNIT ( * ) SI_UNIT ( .MILLI., .METRE. ) );
#4551 = EDGE_LOOP ( 'NONE', ( #1398, #3164, #5487, #2743 ) ) ;
#4552 = STYLED_ITEM ( 'NONE', ( #6865 ), #4745 ) ;
#4553 = CARTESIAN_POINT ( 'NONE',  ( -1.124999999999998446, 0.000000000000000000, 1.200000000000000844 ) ) ;
#4554 = ORIENTED_EDGE ( 'NONE', *, *, #665, .T. ) ;
#4555 = DIRECTION ( 'NONE',  ( 0.000000000000000000, 0.000000000000000000, -1.000000000000000000 ) ) ;
#4556 = AXIS2_PLACEMENT_3D ( 'NONE', #2319, #6555, #649 ) ;
#4557 = MECHANICAL_DESIGN_GEOMETRIC_PRESENTATION_REPRESENTATION (  '', ( #5465 ), #3670 ) ;
#4558 = LINE ( 'NONE', #2947, #3035 ) ;
#4559 = DIRECTION ( 'NONE',  ( 1.000000000000000000, -0.000000000000000000, -0.000000000000000000 ) ) ;
#4560 = ORIENTED_EDGE ( 'NONE', *, *, #3620, .T. ) ;
#4561 = ORIENTED_EDGE ( 'NONE', *, *, #6652, .F. ) ;
#4562 = FACE_OUTER_BOUND ( 'NONE', #4616, .T. ) ;
#4563 = DIRECTION ( 'NONE',  ( -0.000000000000000000, -1.000000000000000000, -0.000000000000000000 ) ) ;
#4564 = CARTESIAN_POINT ( 'NONE',  ( -2.399999999999998579, 1.000000000000000000, -0.2499999999999983902 ) ) ;
#4565 = DIRECTION ( 'NONE',  ( 0.000000000000000000, 0.000000000000000000, 1.000000000000000000 ) ) ;
#4566 = LINE ( 'NONE', #4043, #5497 ) ;
#4567 = CARTESIAN_POINT ( 'NONE',  ( 4.800000000000004263, 2.639999999999999236, -0.7544692077166114119 ) ) ;
#4568 = MECHANICAL_DESIGN_GEOMETRIC_PRESENTATION_REPRESENTATION (  '', ( #297 ), #1530 ) ;
#4569 = ORIENTED_EDGE ( 'NONE', *, *, #6223, .F. ) ;
#4570 =( GEOMETRIC_REPRESENTATION_CONTEXT ( 3 ) GLOBAL_UNCERTAINTY_ASSIGNED_CONTEXT ( ( #2606 ) ) GLOBAL_UNIT_ASSIGNED_CONTEXT ( ( #5417, #1083, #5480 ) ) REPRESENTATION_CONTEXT ( 'NONE', 'WORKASPACE' ) );
#4571 = EDGE_CURVE ( 'NONE', #3600, #6237, #4360, .T. ) ;
#4572 = VERTEX_POINT ( 'NONE', #4905 ) ;
#4573 = EDGE_LOOP ( 'NONE', ( #6078, #6690, #5983, #2618 ) ) ;
#4574 = ORIENTED_EDGE ( 'NONE', *, *, #6306, .T. ) ;
#4575 = STYLED_ITEM ( 'NONE', ( #3160 ), #3162 ) ;
#4576 = VERTEX_POINT ( 'NONE', #5466 ) ;
#4577 = CARTESIAN_POINT ( 'NONE',  ( -1.274999999999998357, 0.2000000000000000111, 0.8000000000000011546 ) ) ;
#4578 = LINE ( 'NONE', #5117, #2076 ) ;
#4579 = FILL_AREA_STYLE_COLOUR ( '', #4612 ) ;
#4580 = UNCERTAINTY_MEASURE_WITH_UNIT (LENGTH_MEASURE( 1.000000000000000082E-05 ), #918, 'distance_accuracy_value', 'NONE');
#4581 = EDGE_LOOP ( 'NONE', ( #3179, #2349, #2115, #5416 ) ) ;
#4582 = PLANE ( 'NONE',  #3407 ) ;
#4583 = DIRECTION ( 'NONE',  ( -1.000000000000000000, -0.000000000000000000, -0.000000000000000000 ) ) ;
#4584 =( LENGTH_UNIT ( ) NAMED_UNIT ( * ) SI_UNIT ( .MILLI., .METRE. ) );
#4585 = ORIENTED_EDGE ( 'NONE', *, *, #6945, .T. ) ;
#4586 = CARTESIAN_POINT ( 'NONE',  ( 0.5250000000000039080, 1.050000000000000044, -0.6999999999999985123 ) ) ;
#4587 = ORIENTED_EDGE ( 'NONE', *, *, #6917, .T. ) ;
#4588 = VECTOR ( 'NONE', #4338, 1000.000000000000114 ) ;
#4589 = DIRECTION ( 'NONE',  ( -1.000000000000000000, 0.000000000000000000, 0.000000000000000000 ) ) ;
#4590 = EDGE_CURVE ( 'NONE', #889, #2187, #2216, .T. ) ;
#4591 = PLANE ( 'NONE',  #3482 ) ;
#4592 = PRESENTATION_STYLE_ASSIGNMENT (( #3445 ) ) ;
#4593 = ORIENTED_EDGE ( 'NONE', *, *, #1728, .T. ) ;
#4594 = EDGE_LOOP ( 'NONE', ( #3566, #4057, #4171, #6439 ) ) ;
#4595 = CARTESIAN_POINT ( 'NONE',  ( 0.3000000000000017653, 2.639999999999999236, 0.04500000000000296124 ) ) ;
#4596 = PLANE ( 'NONE',  #6882 ) ;
#4597 = LINE ( 'NONE', #2340, #5650 ) ;
#4598 = DIRECTION ( 'NONE',  ( -1.000000000000000000, -0.000000000000000000, -0.000000000000000000 ) ) ;
#4599 = EDGE_CURVE ( 'NONE', #4511, #1292, #2814, .T. ) ;
#4600 =( NAMED_UNIT ( * ) PLANE_ANGLE_UNIT ( ) SI_UNIT ( $, .RADIAN. ) );
#4601 = DIRECTION ( 'NONE',  ( -1.000000000000000000, 0.000000000000000000, 0.000000000000000000 ) ) ;
#4602 = VERTEX_POINT ( 'NONE', #6229 ) ;
#4603 = EDGE_CURVE ( 'NONE', #6792, #3082, #899, .T. ) ;
#4604 = VECTOR ( 'NONE', #2638, 1000.000000000000000 ) ;
#4605 = ORIENTED_EDGE ( 'NONE', *, *, #394, .T. ) ;
#4606 = CARTESIAN_POINT ( 'NONE',  ( 2.400000000000000799, 0.3063250300240242252, -0.9500000000000013989 ) ) ;
#4607 = ORIENTED_EDGE ( 'NONE', *, *, #4544, .T. ) ;
#4608 = DIRECTION ( 'NONE',  ( -0.000000000000000000, -0.7071067811865475727, -0.7071067811865475727 ) ) ;
#4609 = FACE_OUTER_BOUND ( 'NONE', #4009, .T. ) ;
#4610 = ORIENTED_EDGE ( 'NONE', *, *, #5281, .F. ) ;
#4611 = EDGE_CURVE ( 'NONE', #5639, #656, #1633, .T. ) ;
#4612 = COLOUR_RGB ( '',0.7960784313725489669, 0.8235294117647058432, 0.9372549019607843146 ) ;
#4613 = DIRECTION ( 'NONE',  ( -1.000000000000000000, 0.000000000000000000, 0.000000000000000000 ) ) ;
#4614 = LINE ( 'NONE', #5262, #3965 ) ;
#4615 = PRESENTATION_STYLE_ASSIGNMENT (( #6236 ) ) ;
#4616 = EDGE_LOOP ( 'NONE', ( #5933, #2577, #3532, #591 ) ) ;
#4617 = CIRCLE ( 'NONE', #4971, 0.04999999999999991257 ) ;
#4618 = CARTESIAN_POINT ( 'NONE',  ( 1.939999999000002529, 2.750000000000000000, -0.5000000000000013323 ) ) ;
#4619 = CARTESIAN_POINT ( 'NONE',  ( -0.4999999999999973910, 1.050000000000000044, -0.8249999999999970690 ) ) ;
#4620 = CARTESIAN_POINT ( 'NONE',  ( -1.809999999999999165, 2.750000000000000000, 0.6600000000000023626 ) ) ;
#4621 = DIRECTION ( 'NONE',  ( 0.000000000000000000, -0.000000000000000000, -1.000000000000000000 ) ) ;
#4622 = ORIENTED_EDGE ( 'NONE', *, *, #5220, .F. ) ;
#4623 = LINE ( 'NONE', #5721, #1655 ) ;
#4624 = ORIENTED_EDGE ( 'NONE', *, *, #3478, .T. ) ;
#4625 = VECTOR ( 'NONE', #4563, 1000.000000000000000 ) ;
#4626 = PRESENTATION_STYLE_ASSIGNMENT (( #2547 ) ) ;
#4627 = DIRECTION ( 'NONE',  ( -1.000000000000000000, 0.000000000000000000, 1.355252715606883008E-16 ) ) ;
#4628 = VECTOR ( 'NONE', #817, 1000.000000000000000 ) ;
#4629 = EDGE_CURVE ( 'NONE', #866, #6110, #5185, .T. ) ;
#4630 = VECTOR ( 'NONE', #341, 1000.000000000000000 ) ;
#4631 = AXIS2_PLACEMENT_3D ( 'NONE', #6378, #2541, #5186 ) ;
#4632 = DIRECTION ( 'NONE',  ( 0.000000000000000000, 0.000000000000000000, -1.000000000000000000 ) ) ;
#4633 = SURFACE_SIDE_STYLE ('',( #765 ) ) ;
#4634 = VERTEX_POINT ( 'NONE', #5109 ) ;
#4635 = ORIENTED_EDGE ( 'NONE', *, *, #4080, .T. ) ;
#4636 = CARTESIAN_POINT ( 'NONE',  ( -1.170530792283384303, 2.639999999999999236, 0.1155307922833886253 ) ) ;
#4637 = DIRECTION ( 'NONE',  ( -0.000000000000000000, -1.000000000000000000, -0.000000000000000000 ) ) ;
#4638 = DIRECTION ( 'NONE',  ( -1.000000000000000000, -0.000000000000000000, -0.000000000000000000 ) ) ;
#4639 = FILL_AREA_STYLE ('',( #5765 ) ) ;
#4640 =( GEOMETRIC_REPRESENTATION_CONTEXT ( 3 ) GLOBAL_UNCERTAINTY_ASSIGNED_CONTEXT ( ( #5559 ) ) GLOBAL_UNIT_ASSIGNED_CONTEXT ( ( #4226, #432, #5327 ) ) REPRESENTATION_CONTEXT ( 'NONE', 'WORKASPACE' ) );
#4641 = EDGE_CURVE ( 'NONE', #6059, #6237, #745, .T. ) ;
#4642 = EDGE_LOOP ( 'NONE', ( #2719, #1547, #4063, #901 ) ) ;
#4643 = CARTESIAN_POINT ( 'NONE',  ( 1.700000001000000927, 1.050000000000000044, 0.09999999999999879818 ) ) ;
#4644 = CLOSED_SHELL ( 'NONE', ( #3154, #283, #2149, #3338, #4308, #6073, #4808, #1426, #1792, #459 ) ) ;
#4645 = ORIENTED_EDGE ( 'NONE', *, *, #5027, .T. ) ;
#4646 = CIRCLE ( 'NONE', #836, 0.1000000000000000472 ) ;
#4647 = EDGE_CURVE ( 'NONE', #2250, #4984, #5633, .T. ) ;
#4648 = ORIENTED_EDGE ( 'NONE', *, *, #6214, .F. ) ;
#4649 = FILL_AREA_STYLE ('',( #6800 ) ) ;
#4650 = ORIENTED_EDGE ( 'NONE', *, *, #1502, .T. ) ;
#4651 = FILL_AREA_STYLE ('',( #2504 ) ) ;
#4652 = CARTESIAN_POINT ( 'NONE',  ( 1.300000000000002043, 2.239999999999989555, -0.3249999999999999001 ) ) ;
#4653 = ORIENTED_EDGE ( 'NONE', *, *, #1602, .F. ) ;
#4654 = LINE ( 'NONE', #4577, #2532 ) ;
#4655 = DIRECTION ( 'NONE',  ( 0.000000000000000000, 0.000000000000000000, -1.000000000000000000 ) ) ;
#4656 = UNCERTAINTY_MEASURE_WITH_UNIT (LENGTH_MEASURE( 1.000000000000000082E-05 ), #3236, 'distance_accuracy_value', 'NONE');
#4657 = EDGE_CURVE ( 'NONE', #6233, #1341, #865, .T. ) ;
#4658 = SURFACE_STYLE_FILL_AREA ( #4725 ) ;
#4659 = FILL_AREA_STYLE ('',( #286 ) ) ;
#4660 = LINE ( 'NONE', #1871, #4178 ) ;
#4661 =( NAMED_UNIT ( * ) SI_UNIT ( $, .STERADIAN. ) SOLID_ANGLE_UNIT ( ) );
#4662 = DIRECTION ( 'NONE',  ( 0.000000000000000000, 0.7071067811865355823, -0.7071067811865594521 ) ) ;
#4663 = VERTEX_POINT ( 'NONE', #5042 ) ;
#4664 = DIRECTION ( 'NONE',  ( 0.000000000000000000, -0.000000000000000000, 1.000000000000000000 ) ) ;
#4665 = CARTESIAN_POINT ( 'NONE',  ( 2.400000000000000799, 0.7936749699759757526, -0.9500000000000011768 ) ) ;
#4666 = EDGE_CURVE ( 'NONE', #759, #3265, #195, .T. ) ;
#4667 =( NAMED_UNIT ( * ) PLANE_ANGLE_UNIT ( ) SI_UNIT ( $, .RADIAN. ) );
#4668 = LINE ( 'NONE', #1560, #2207 ) ;
#4669 = ORIENTED_EDGE ( 'NONE', *, *, #1558, .T. ) ;
#4670 = ORIENTED_EDGE ( 'NONE', *, *, #5152, .F. ) ;
#4671 = DIRECTION ( 'NONE',  ( -0.000000000000000000, 0.000000000000000000, -1.000000000000000000 ) ) ;
#4672 = CARTESIAN_POINT ( 'NONE',  ( -2.199999999999998845, 0.3500000000000001443, -0.2500000000724984517 ) ) ;
#4673 = VECTOR ( 'NONE', #5673, 1000.000000000000000 ) ;
#4674 = AXIS2_PLACEMENT_3D ( 'NONE', #751, #4946, #6055 ) ;
#4675 = SURFACE_STYLE_USAGE ( .BOTH. , #381 ) ;
#4676 = CARTESIAN_POINT ( 'NONE',  ( 0.5000000000000031086, 2.639999999999999236, 0.04500000000000294043 ) ) ;
#4677 = MECHANICAL_DESIGN_GEOMETRIC_PRESENTATION_REPRESENTATION (  '', ( #1087 ), #2348 ) ;
#4678 = EDGE_LOOP ( 'NONE', ( #5374, #409, #5251, #5599 ) ) ;
#4679 = SURFACE_STYLE_FILL_AREA ( #6762 ) ;
#4680 = EDGE_CURVE ( 'NONE', #4663, #4140, #314, .T. ) ;
#4681 = AXIS2_PLACEMENT_3D ( 'NONE', #2799, #5546, #6500 ) ;
#4682 = ORIENTED_EDGE ( 'NONE', *, *, #2559, .F. ) ;
#4683 = DIRECTION ( 'NONE',  ( 0.000000000000000000, 0.000000000000000000, 1.000000000000000000 ) ) ;
#4684 = ORIENTED_EDGE ( 'NONE', *, *, #2303, .T. ) ;
#4685 = CARTESIAN_POINT ( 'NONE',  ( 8.100000000000003197, 2.639999999999999236, -0.6999999999999985123 ) ) ;
#4686 = FACE_OUTER_BOUND ( 'NONE', #3088, .T. ) ;
#4687 = ORIENTED_EDGE ( 'NONE', *, *, #2055, .F. ) ;
#4688 = VECTOR ( 'NONE', #191, 1000.000000000000000 ) ;
#4689 = FILL_AREA_STYLE_COLOUR ( '', #2750 ) ;
#4690 = AXIS2_PLACEMENT_3D ( 'NONE', #4643, #6682, #1437 ) ;
#4691 =( GEOMETRIC_REPRESENTATION_CONTEXT ( 3 ) GLOBAL_UNCERTAINTY_ASSIGNED_CONTEXT ( ( #4094 ) ) GLOBAL_UNIT_ASSIGNED_CONTEXT ( ( #2614, #4363, #1039 ) ) REPRESENTATION_CONTEXT ( 'NONE', 'WORKASPACE' ) );
#4692 = DIRECTION ( 'NONE',  ( 1.000000000000000000, 0.000000000000000000, 0.000000000000000000 ) ) ;
#4693 = ADVANCED_FACE ( 'NONE', ( #2386 ), #1859, .F. ) ;
#4694 = FILL_AREA_STYLE_COLOUR ( '', #1582 ) ;
#4695 = DIRECTION ( 'NONE',  ( 1.000000000000000000, 0.000000000000000000, -1.355252715606883008E-16 ) ) ;
#4696 = DIRECTION ( 'NONE',  ( -0.000000000000000000, 0.000000000000000000, 1.000000000000000000 ) ) ;
#4697 = EDGE_LOOP ( 'NONE', ( #1501, #2921, #1070, #2890 ) ) ;
#4698 = CARTESIAN_POINT ( 'NONE',  ( -1.099999999999997646, 1.050000000000000044, -0.8249999999999970690 ) ) ;
#4699 =( NAMED_UNIT ( * ) PLANE_ANGLE_UNIT ( ) SI_UNIT ( $, .RADIAN. ) );
#4700 = ADVANCED_FACE ( 'NONE', ( #3004 ), #4086, .F. ) ;
#4701 = CARTESIAN_POINT ( 'NONE',  ( 0.4750000000000033085, 0.1999999999999999833, 0.8000000000000011546 ) ) ;
#4702 =( GEOMETRIC_REPRESENTATION_CONTEXT ( 3 ) GLOBAL_UNCERTAINTY_ASSIGNED_CONTEXT ( ( #2740 ) ) GLOBAL_UNIT_ASSIGNED_CONTEXT ( ( #439, #2156, #4761 ) ) REPRESENTATION_CONTEXT ( 'NONE', 'WORKASPACE' ) );
#4703 = VERTEX_POINT ( 'NONE', #5077 ) ;
#4704 = CARTESIAN_POINT ( 'NONE',  ( -1.074999999999997735, 0.7768699943250462203, -0.8099999999999991651 ) ) ;
#4705 = AXIS2_PLACEMENT_3D ( 'NONE', #2798, #16, #3201 ) ;
#4706 = DIRECTION ( 'NONE',  ( 0.000000000000000000, 0.000000000000000000, -1.000000000000000000 ) ) ;
#4707 = ADVANCED_FACE ( 'NONE', ( #1824 ), #6192, .F. ) ;
#4708 = ORIENTED_EDGE ( 'NONE', *, *, #4481, .F. ) ;
#4709 = STYLED_ITEM ( 'NONE', ( #6417 ), #5392 ) ;
#4710 = FACE_OUTER_BOUND ( 'NONE', #5507, .T. ) ;
#4711 = FACE_OUTER_BOUND ( 'NONE', #3295, .T. ) ;
#4712 = ORIENTED_EDGE ( 'NONE', *, *, #3806, .T. ) ;
#4713 = DIRECTION ( 'NONE',  ( 0.000000000000000000, -0.5735764363510474917, 0.8191520442889909104 ) ) ;
#4714 = STYLED_ITEM ( 'NONE', ( #1615 ), #2490 ) ;
#4715 = EDGE_CURVE ( 'NONE', #6263, #2792, #5595, .T. ) ;
#4716 = DIRECTION ( 'NONE',  ( 0.000000000000000000, 0.000000000000000000, -1.000000000000000000 ) ) ;
#4717 = ORIENTED_EDGE ( 'NONE', *, *, #4241, .T. ) ;
#4718 = CARTESIAN_POINT ( 'NONE',  ( 8.900000000000002132, 2.639999999999999236, -0.7000000000000012879 ) ) ;
#4719 = DIRECTION ( 'NONE',  ( 0.000000000000000000, 0.000000000000000000, 1.000000000000000000 ) ) ;
#4720 = VERTEX_POINT ( 'NONE', #4751 ) ;
#4721 = DIRECTION ( 'NONE',  ( 0.000000000000000000, -1.000000000000000000, 0.000000000000000000 ) ) ;
#4722 = DIRECTION ( 'NONE',  ( 1.000000000000000000, -0.000000000000000000, -0.000000000000000000 ) ) ;
#4723 = VECTOR ( 'NONE', #941, 1000.000000000000000 ) ;
#4724 = UNCERTAINTY_MEASURE_WITH_UNIT (LENGTH_MEASURE( 1.000000000000000082E-05 ), #2047, 'distance_accuracy_value', 'NONE');
#4725 = FILL_AREA_STYLE ('',( #502 ) ) ;
#4726 = ADVANCED_FACE ( 'NONE', ( #3213 ), #5356, .F. ) ;
#4727 = FILL_AREA_STYLE_COLOUR ( '', #2502 ) ;
#4728 = CARTESIAN_POINT ( 'NONE',  ( 2.400000000000000799, 0.7936749699759757526, -0.9500000000000011768 ) ) ;
#4729 = CARTESIAN_POINT ( 'NONE',  ( 2.200000000000001066, 1.355252715606880543E-17, -0.1164279503904903784 ) ) ;
#4730 = ORIENTED_EDGE ( 'NONE', *, *, #4776, .F. ) ;
#4731 = CARTESIAN_POINT ( 'NONE',  ( 2.700000000000001510, 2.750000000000000000, 1.000000000000001776 ) ) ;
#4732 = DIRECTION ( 'NONE',  ( 0.000000000000000000, 1.000000000000000000, 1.115385494969530056E-10 ) ) ;
#4733 = AXIS2_PLACEMENT_3D ( 'NONE', #602, #4889, #86 ) ;
#4734 = ADVANCED_FACE ( 'NONE', ( #930 ), #1574, .F. ) ;
#4735 = DIRECTION ( 'NONE',  ( 1.334663381620508699E-16, -0.1736481776669258625, 0.9848077530122089085 ) ) ;
#4736 = CARTESIAN_POINT ( 'NONE',  ( 0.3250000000000016209, 0.4500000002000000832, 0.6556624325871229786 ) ) ;
#4737 = ORIENTED_EDGE ( 'NONE', *, *, #5573, .F. ) ;
#4738 = VECTOR ( 'NONE', #3207, 1000.000000000000000 ) ;
#4739 = DIRECTION ( 'NONE',  ( -1.000000000000000000, -0.000000000000000000, -0.000000000000000000 ) ) ;
#4740 = CARTESIAN_POINT ( 'NONE',  ( -0.3249999999999967359, 0.1000000006499977834, 0.5499999993499998796 ) ) ;
#4741 = VECTOR ( 'NONE', #2092, 1000.000000000000000 ) ;
#4742 = ORIENTED_EDGE ( 'NONE', *, *, #1288, .T. ) ;
#4743 = EDGE_CURVE ( 'NONE', #5682, #3117, #3078, .T. ) ;
#4744 = DIRECTION ( 'NONE',  ( 0.000000000000000000, 0.000000000000000000, -1.000000000000000000 ) ) ;
#4745 = MANIFOLD_SOLID_BREP ( 'Body-Move/Copy6[5]', #6787 ) ;
#4746 = ORIENTED_EDGE ( 'NONE', *, *, #5847, .F. ) ;
#4747 = STYLED_ITEM ( 'NONE', ( #3335 ), #5954 ) ;
#4748 = ORIENTED_EDGE ( 'NONE', *, *, #1743, .F. ) ;
#4749 = COLOUR_RGB ( '',0.7960784313725489669, 0.8235294117647058432, 0.9372549019607843146 ) ;
#4750 = EDGE_CURVE ( 'NONE', #888, #3150, #5740, .T. ) ;
#4751 = CARTESIAN_POINT ( 'NONE',  ( -2.699999999999999289, 0.3499999999250001381, 0.5500000000000018208 ) ) ;
#4752 = ORIENTED_EDGE ( 'NONE', *, *, #6779, .T. ) ;
#4753 = VECTOR ( 'NONE', #718, 1000.000000000000000 ) ;
#4754 = SURFACE_STYLE_USAGE ( .BOTH. , #1030 ) ;
#4755 = DIRECTION ( 'NONE',  ( 1.000000000000000000, 0.000000000000000000, -1.355252715606883008E-16 ) ) ;
#4756 = ORIENTED_EDGE ( 'NONE', *, *, #6164, .F. ) ;
#4757 = DIRECTION ( 'NONE',  ( 0.000000000000000000, 1.000000000000000000, 0.000000000000000000 ) ) ;
#4758 = DIRECTION ( 'NONE',  ( 0.000000000000000000, 0.000000000000000000, -1.000000000000000000 ) ) ;
#4759 =( NAMED_UNIT ( * ) PLANE_ANGLE_UNIT ( ) SI_UNIT ( $, .RADIAN. ) );
#4760 = CARTESIAN_POINT ( 'NONE',  ( 2.700000000000001510, 0.3499999999500000847, 0.5499999999999989342 ) ) ;
#4761 =( NAMED_UNIT ( * ) SI_UNIT ( $, .STERADIAN. ) SOLID_ANGLE_UNIT ( ) );
#4762 = ORIENTED_EDGE ( 'NONE', *, *, #2205, .F. ) ;
#4763 = DIRECTION ( 'NONE',  ( 0.000000000000000000, -1.204669080539449344E-16, 1.000000000000000000 ) ) ;
#4764 = PLANE ( 'NONE',  #3553 ) ;
#4765 = ADVANCED_FACE ( 'NONE', ( #4188 ), #5222, .F. ) ;
#4766 = EDGE_CURVE ( 'NONE', #1466, #4459, #6264, .T. ) ;
#4767 = EDGE_CURVE ( 'NONE', #1451, #5227, #1059, .T. ) ;
#4768 = CARTESIAN_POINT ( 'NONE',  ( -2.399999999999998579, 0.1000000012999997384, 0.05000000000812666184 ) ) ;
#4769 = EDGE_LOOP ( 'NONE', ( #2775, #6836, #6010, #2145 ) ) ;
#4770 = SURFACE_STYLE_USAGE ( .BOTH. , #3337 ) ;
#4771 = SURFACE_STYLE_FILL_AREA ( #6495 ) ;
#4772 = VECTOR ( 'NONE', #3788, 1000.000000000000114 ) ;
#4773 = CARTESIAN_POINT ( 'NONE',  ( -2.399999999999998579, 1.355252715606880543E-17, -0.1164279503904875612 ) ) ;
#4774 = ORIENTED_EDGE ( 'NONE', *, *, #6497, .F. ) ;
#4775 = AXIS2_PLACEMENT_3D ( 'NONE', #2480, #6785, #4103 ) ;
#4776 = EDGE_CURVE ( 'NONE', #6791, #5632, #6396, .T. ) ;
#4777 = DIRECTION ( 'NONE',  ( 0.1710878697460311570, -0.9702875252478154744, -0.1710878697460311848 ) ) ;
#4778 = DIRECTION ( 'NONE',  ( 0.000000000000000000, 1.000000000000000000, 0.000000000000000000 ) ) ;
#4779 = DIRECTION ( 'NONE',  ( 1.334663381620508699E-16, -0.1736481776669258625, 0.9848077530122089085 ) ) ;
#4780 = VERTEX_POINT ( 'NONE', #3602 ) ;
#4781 = VECTOR ( 'NONE', #2350, 1000.000000000000000 ) ;
#4782 = DIRECTION ( 'NONE',  ( -1.000000000000000000, 0.000000000000000000, -0.000000000000000000 ) ) ;
#4783 = VECTOR ( 'NONE', #2746, 1000.000000000000000 ) ;
#4784 = ORIENTED_EDGE ( 'NONE', *, *, #5037, .T. ) ;
#4785 = AXIS2_PLACEMENT_3D ( 'NONE', #995, #2530, #4683 ) ;
#4786 = FILL_AREA_STYLE_COLOUR ( '', #3219 ) ;
#4787 =( NAMED_UNIT ( * ) SI_UNIT ( $, .STERADIAN. ) SOLID_ANGLE_UNIT ( ) );
#4788 = DIRECTION ( 'NONE',  ( 1.000000000000000000, -0.000000000000000000, -0.000000000000000000 ) ) ;
#4789 = VERTEX_POINT ( 'NONE', #387 ) ;
#4790 = LINE ( 'NONE', #3180, #3993 ) ;
#4791 = EDGE_CURVE ( 'NONE', #123, #4572, #4214, .T. ) ;
#4792 = UNCERTAINTY_MEASURE_WITH_UNIT (LENGTH_MEASURE( 1.000000000000000082E-05 ), #6918, 'distance_accuracy_value', 'NONE');
#4793 = DIRECTION ( 'NONE',  ( 0.000000000000000000, -1.000000000000000000, 0.000000000000000000 ) ) ;
#4794 = DIRECTION ( 'NONE',  ( 0.000000000000000000, 1.000000000000000000, 0.000000000000000000 ) ) ;
#4795 = ORIENTED_EDGE ( 'NONE', *, *, #3991, .T. ) ;
#4796 = DIRECTION ( 'NONE',  ( 0.000000000000000000, -0.000000000000000000, -1.000000000000000000 ) ) ;
#4797 = CARTESIAN_POINT ( 'NONE',  ( 1.275000000000001465, 0.4500000002000000277, 0.5499999999999989342 ) ) ;
#4798 = VECTOR ( 'NONE', #3096, 1000.000000000000000 ) ;
#4799 = ORIENTED_EDGE ( 'NONE', *, *, #6757, .T. ) ;
#4800 = FILL_AREA_STYLE_COLOUR ( '', #2776 ) ;
#4801 = LINE ( 'NONE', #2789, #6809 ) ;
#4802 = AXIS2_PLACEMENT_3D ( 'NONE', #2729, #517, #2658 ) ;
#4803 = MANIFOLD_SOLID_BREP ( 'LPattern5[3]', #3527 ) ;
#4804 = CARTESIAN_POINT ( 'NONE',  ( 2.400000000000000799, 0.3500000000000001443, -0.2500000000725012272 ) ) ;
#4805 = EDGE_LOOP ( 'NONE', ( #540, #4388, #645, #310 ) ) ;
#4806 = DIRECTION ( 'NONE',  ( 0.000000000000000000, 0.000000000000000000, -1.000000000000000000 ) ) ;
#4807 =( NAMED_UNIT ( * ) PLANE_ANGLE_UNIT ( ) SI_UNIT ( $, .RADIAN. ) );
#4808 = ADVANCED_FACE ( 'NONE', ( #3378 ), #6833, .F. ) ;
#4809 = ORIENTED_EDGE ( 'NONE', *, *, #571, .T. ) ;
#4810 = AXIS2_PLACEMENT_3D ( 'NONE', #1242, #4431, #4944 ) ;
#4811 = CARTESIAN_POINT ( 'NONE',  ( -1.229469207716612500, 2.639999999999999236, 0.1155307922833886253 ) ) ;
#4812 = DIRECTION ( 'NONE',  ( 0.000000000000000000, 0.000000000000000000, 1.000000000000000000 ) ) ;
#4813 = ORIENTED_EDGE ( 'NONE', *, *, #4603, .T. ) ;
#4814 = VECTOR ( 'NONE', #1921, 1000.000000000000000 ) ;
#4815 = MANIFOLD_SOLID_BREP ( 'Body-Move/Copy5[3]', #4644 ) ;
#4816 = CYLINDRICAL_SURFACE ( 'NONE', #4733, 0.1000000000000000472 ) ;
#4817 = ORIENTED_EDGE ( 'NONE', *, *, #3240, .T. ) ;
#4818 = VECTOR ( 'NONE', #620, 1000.000000000000227 ) ;
#4819 = SURFACE_STYLE_FILL_AREA ( #3208 ) ;
#4820 = EDGE_CURVE ( 'NONE', #6119, #6419, #1650, .T. ) ;
#4821 = EDGE_LOOP ( 'NONE', ( #3005, #6782, #2906, #1632 ) ) ;
#4822 = SURFACE_STYLE_FILL_AREA ( #4218 ) ;
#4823 = DIRECTION ( 'NONE',  ( 0.000000000000000000, 0.000000000000000000, -1.000000000000000000 ) ) ;
#4824 = EDGE_CURVE ( 'NONE', #269, #1998, #92, .T. ) ;
#4825 = DIRECTION ( 'NONE',  ( -1.000000000000000000, 0.000000000000000000, 0.000000000000000000 ) ) ;
#4826 = CARTESIAN_POINT ( 'NONE',  ( -0.3249999999999967359, 0.1999999999999999278, 1.250000000000001110 ) ) ;
#4827 = ORIENTED_EDGE ( 'NONE', *, *, #1041, .T. ) ;
#4828 =( NAMED_UNIT ( * ) PLANE_ANGLE_UNIT ( ) SI_UNIT ( $, .RADIAN. ) );
#4829 = VECTOR ( 'NONE', #555, 1000.000000000000227 ) ;
#4830 = FILL_AREA_STYLE ('',( #4727 ) ) ;
#4831 = CARTESIAN_POINT ( 'NONE',  ( 1.940000000000001279, 2.750000000000000000, 0.09999999999999879818 ) ) ;
#4832 = ADVANCED_FACE ( 'NONE', ( #4357 ), #4389, .F. ) ;
#4833 = CARTESIAN_POINT ( 'NONE',  ( -0.4291920339772061221, 2.641571930389168710, 0.1158079660227947227 ) ) ;
#4834 = ORIENTED_EDGE ( 'NONE', *, *, #2669, .F. ) ;
#4835 = CARTESIAN_POINT ( 'NONE',  ( 2.400000000000000799, 8.109541161931386268E-17, -0.7786222391909481955 ) ) ;
#4836 = FILL_AREA_STYLE_COLOUR ( '', #2446 ) ;
#4837 = VERTEX_POINT ( 'NONE', #1098 ) ;
#4838 = STYLED_ITEM ( 'NONE', ( #5407 ), #2282 ) ;
#4839 = SURFACE_SIDE_STYLE ('',( #3681 ) ) ;
#4840 = DIRECTION ( 'NONE',  ( 0.000000000000000000, 0.000000000000000000, 1.000000000000000000 ) ) ;
#4841 = DIRECTION ( 'NONE',  ( -0.000000000000000000, -0.000000000000000000, 1.000000000000000000 ) ) ;
#4842 = EDGE_LOOP ( 'NONE', ( #6382, #4891, #3801, #5149 ) ) ;
#4843 = MANIFOLD_SOLID_BREP ( 'Body-Move/Copy5[8]', #2957 ) ;
#4844 = CARTESIAN_POINT ( 'NONE',  ( -0.3249999999999967359, 0.4500000002000000277, 0.6556624325871229786 ) ) ;
#4845 = CARTESIAN_POINT ( 'NONE',  ( 0.4750000000000033085, 0.4500000002000000277, 0.6556624325871229786 ) ) ;
#4846 = EDGE_LOOP ( 'NONE', ( #6327, #703, #3828, #4474, #137, #4359, #4392, #1364 ) ) ;
#4847 = LINE ( 'NONE', #3851, #4235 ) ;
#4848 = DIRECTION ( 'NONE',  ( 0.1710878697460308795, 0.9702875252478155854, 0.1710878697460308795 ) ) ;
#4849 = CARTESIAN_POINT ( 'NONE',  ( 0.4750000000000033085, 0.1999999999999999833, 0.8000000000000011546 ) ) ;
#4850 = EDGE_CURVE ( 'NONE', #6602, #176, #1745, .T. ) ;
#4851 =( GEOMETRIC_REPRESENTATION_CONTEXT ( 3 ) GLOBAL_UNCERTAINTY_ASSIGNED_CONTEXT ( ( #5980 ) ) GLOBAL_UNIT_ASSIGNED_CONTEXT ( ( #6493, #6919, #3823 ) ) REPRESENTATION_CONTEXT ( 'NONE', 'WORKASPACE' ) );
#4852 = ADVANCED_FACE ( 'NONE', ( #5938 ), #6186, .F. ) ;
#4853 = ORIENTED_EDGE ( 'NONE', *, *, #2669, .T. ) ;
#4854 = LINE ( 'NONE', #6034, #2903 ) ;
#4855 = CARTESIAN_POINT ( 'NONE',  ( 1.939999999850001489, 2.750000000000000000, 0.09999999999999882594 ) ) ;
#4856 = CARTESIAN_POINT ( 'NONE',  ( -2.199999999999998845, 0.6000000000000000888, -0.9149999999999980371 ) ) ;
#4857 = VERTEX_POINT ( 'NONE', #6722 ) ;
#4858 = VECTOR ( 'NONE', #1232, 1000.000000000000114 ) ;
#4859 = EDGE_CURVE ( 'NONE', #2848, #1038, #3668, .T. ) ;
#4860 = VERTEX_POINT ( 'NONE', #2376 ) ;
#4861 = VECTOR ( 'NONE', #6288, 1000.000000000000000 ) ;
#4862 = LINE ( 'NONE', #2706, #5213 ) ;
#4863 =( NAMED_UNIT ( * ) PLANE_ANGLE_UNIT ( ) SI_UNIT ( $, .RADIAN. ) );
#4864 = PLANE ( 'NONE',  #3603 ) ;
#4865 = ORIENTED_EDGE ( 'NONE', *, *, #6917, .F. ) ;
#4866 = FACE_OUTER_BOUND ( 'NONE', #5062, .T. ) ;
#4867 = UNCERTAINTY_MEASURE_WITH_UNIT (LENGTH_MEASURE( 1.000000000000000082E-05 ), #3569, 'distance_accuracy_value', 'NONE');
#4868 = MECHANICAL_DESIGN_GEOMETRIC_PRESENTATION_REPRESENTATION (  '', ( #483 ), #4640 ) ;
#4869 = FACE_OUTER_BOUND ( 'NONE', #2345, .T. ) ;
#4870 = ORIENTED_EDGE ( 'NONE', *, *, #916, .F. ) ;
#4871 = PRESENTATION_STYLE_ASSIGNMENT (( #1006 ) ) ;
#4872 = EDGE_LOOP ( 'NONE', ( #6397, #6799, #5949, #5098 ) ) ;
#4873 = LINE ( 'NONE', #2189, #404 ) ;
#4874 = CARTESIAN_POINT ( 'NONE',  ( -0.2999999999999968803, 2.639999999999999236, 0.04500000000000294043 ) ) ;
#4875 = CARTESIAN_POINT ( 'NONE',  ( 15.30000000000000071, 1.050000000000000044, -0.6999999999999985123 ) ) ;
#4876 = FACE_OUTER_BOUND ( 'NONE', #1723, .T. ) ;
#4877 = EDGE_LOOP ( 'NONE', ( #6064, #1271, #2194, #5108 ) ) ;
#4878 = CARTESIAN_POINT ( 'NONE',  ( -1.244705695339550333, 2.553589584749196284, -0.3802943046604444488 ) ) ;
#4879 = EDGE_LOOP ( 'NONE', ( #492, #1269, #3029, #3736 ) ) ;
#4880 = LINE ( 'NONE', #2659, #6856 ) ;
#4881 = VECTOR ( 'NONE', #4410, 1000.000000000000000 ) ;
#4882 = CARTESIAN_POINT ( 'NONE',  ( -2.399999999999998579, 0.1000000012999997384, 0.05000000000812666184 ) ) ;
#4883 = ADVANCED_FACE ( 'NONE', ( #2418 ), #5103, .F. ) ;
#4884 = CARTESIAN_POINT ( 'NONE',  ( 1.275000000000001465, 0.4500000002000000277, 0.5499999999999989342 ) ) ;
#4885 = DIRECTION ( 'NONE',  ( 0.000000000000000000, -1.000000000000000000, 0.000000000000000000 ) ) ;
#4886 = FILL_AREA_STYLE ('',( #1091 ) ) ;
#4887 = EDGE_LOOP ( 'NONE', ( #3859, #631, #4322, #1439 ) ) ;
#4888 = AXIS2_PLACEMENT_3D ( 'NONE', #2441, #6106, #1359 ) ;
#4889 = DIRECTION ( 'NONE',  ( 1.000000000000000000, -0.000000000000000000, -0.000000000000000000 ) ) ;
#4890 = LINE ( 'NONE', #1644, #2714 ) ;
#4891 = ORIENTED_EDGE ( 'NONE', *, *, #1001, .T. ) ;
#4892 = SURFACE_SIDE_STYLE ('',( #4819 ) ) ;
#4893 = VECTOR ( 'NONE', #2797, 1000.000000000000000 ) ;
#4894 = VERTEX_POINT ( 'NONE', #5666 ) ;
#4895 = SURFACE_STYLE_FILL_AREA ( #5396 ) ;
#4896 = AXIS2_PLACEMENT_3D ( 'NONE', #3732, #6969, #6899 ) ;
#4897 = CARTESIAN_POINT ( 'NONE',  ( -0.4749999999999984235, 0.4500000002000000832, 0.6556624325871229786 ) ) ;
#4898 = CARTESIAN_POINT ( 'NONE',  ( -1.809999999999999165, 2.750000000000000000, -0.9999999999999986677 ) ) ;
#4899 = ORIENTED_EDGE ( 'NONE', *, *, #2259, .T. ) ;
#4900 = LINE ( 'NONE', #1750, #3171 ) ;
#4901 = ADVANCED_FACE ( 'NONE', ( #6224 ), #4492, .F. ) ;
#4902 = MANIFOLD_SOLID_BREP ( 'Boss-Extrude7', #6092 ) ;
#4903 = STYLED_ITEM ( 'NONE', ( #5427 ), #4843 ) ;
#4904 = VECTOR ( 'NONE', #6447, 1000.000000000000000 ) ;
#4905 = CARTESIAN_POINT ( 'NONE',  ( 2.200000000000001066, 0.4000000000000000222, -0.9150000000000009237 ) ) ;
#4906 = EDGE_LOOP ( 'NONE', ( #3974, #2470, #696, #2323 ) ) ;
#4907 =( NAMED_UNIT ( * ) PLANE_ANGLE_UNIT ( ) SI_UNIT ( $, .RADIAN. ) );
#4908 = CARTESIAN_POINT ( 'NONE',  ( 0.4750000000000033085, 0.1999999999999999278, 1.250000000000001110 ) ) ;
#4909 = ORIENTED_EDGE ( 'NONE', *, *, #4743, .T. ) ;
#4910 = CARTESIAN_POINT ( 'NONE',  ( -1.299999999999997380, 1.050000000000000044, -0.8249999999999970690 ) ) ;
#4911 = DIRECTION ( 'NONE',  ( -0.000000000000000000, -1.000000000000000000, -0.000000000000000000 ) ) ;
#4912 = CARTESIAN_POINT ( 'NONE',  ( 1.100000000000002531, 2.239999999999989555, -0.8249999999999998446 ) ) ;
#4913 = EDGE_CURVE ( 'NONE', #1798, #2085, #2876, .T. ) ;
#4914 = ORIENTED_EDGE ( 'NONE', *, *, #6023, .T. ) ;
#4915 = VECTOR ( 'NONE', #3027, 1000.000000000000000 ) ;
#4916 = PLANE ( 'NONE',  #1710 ) ;
#4917 = CARTESIAN_POINT ( 'NONE',  ( 8.900000000000002132, 1.050000000000000044, -0.7000000000000012879 ) ) ;
#4918 = VERTEX_POINT ( 'NONE', #6079 ) ;
#4919 = EDGE_CURVE ( 'NONE', #5036, #2278, #6607, .T. ) ;
#4920 = DIRECTION ( 'NONE',  ( 1.000000000000000000, 0.000000000000000000, -0.000000000000000000 ) ) ;
#4921 = LINE ( 'NONE', #5448, #3060 ) ;
#4922 = DIRECTION ( 'NONE',  ( 0.000000000000000000, 0.000000000000000000, 1.000000000000000000 ) ) ;
#4923 = VECTOR ( 'NONE', #75, 1000.000000000000000 ) ;
#4924 = CARTESIAN_POINT ( 'NONE',  ( -2.399999999999998579, 8.109541161931386268E-17, -0.7786222391909453089 ) ) ;
#4925 = VECTOR ( 'NONE', #5733, 1000.000000000000000 ) ;
#4926 = VECTOR ( 'NONE', #3473, 1000.000000000000000 ) ;
#4927 = DIRECTION ( 'NONE',  ( 1.000000000000000000, 0.000000000000000000, -0.000000000000000000 ) ) ;
#4928 = DIRECTION ( 'NONE',  ( -0.9848077530122090195, -0.1736481776669255295, -0.000000000000000000 ) ) ;
#4929 = CARTESIAN_POINT ( 'NONE',  ( -2.399999999999998579, 0.1000000012999997384, 0.05000000000812666184 ) ) ;
#4930 = ORIENTED_EDGE ( 'NONE', *, *, #6764, .T. ) ;
#4931 = EDGE_CURVE ( 'NONE', #6752, #5707, #3929, .T. ) ;
#4932 = VERTEX_POINT ( 'NONE', #5590 ) ;
#4933 = PRESENTATION_LAYER_ASSIGNMENT (  '', '', ( #3800 ) ) ;
#4934 = ORIENTED_EDGE ( 'NONE', *, *, #6610, .T. ) ;
#4935 = DIRECTION ( 'NONE',  ( 0.000000000000000000, -0.8660254037844363761, 0.5000000000000039968 ) ) ;
#4936 = CARTESIAN_POINT ( 'NONE',  ( 0.4294692077166175070, 2.639999999999999236, 0.1155307922833886253 ) ) ;
#4937 = ORIENTED_EDGE ( 'NONE', *, *, #304, .F. ) ;
#4938 = CARTESIAN_POINT ( 'NONE',  ( 1.100000000000001643, 2.239999999999990443, 0.04500000000000014405 ) ) ;
#4939 = EDGE_CURVE ( 'NONE', #5036, #677, #4566, .T. ) ;
#4940 = ORIENTED_EDGE ( 'NONE', *, *, #1675, .T. ) ;
#4941 = CARTESIAN_POINT ( 'NONE',  ( 1.810000000000001386, 2.750000000000000000, -1.000000000000001554 ) ) ;
#4942 = ORIENTED_EDGE ( 'NONE', *, *, #4948, .F. ) ;
#4943 = LINE ( 'NONE', #5468, #6294 ) ;
#4944 = DIRECTION ( 'NONE',  ( -0.000000000000000000, 0.000000000000000000, 1.000000000000000000 ) ) ;
#4945 = ORIENTED_EDGE ( 'NONE', *, *, #681, .F. ) ;
#4946 = DIRECTION ( 'NONE',  ( 0.000000000000000000, -0.000000000000000000, 1.000000000000000000 ) ) ;
#4947 = CARTESIAN_POINT ( 'NONE',  ( -2.199999999999998845, 1.000000000000000000, -0.2499999999999983902 ) ) ;
#4948 = EDGE_CURVE ( 'NONE', #5661, #1108, #3488, .T. ) ;
#4949 = ORIENTED_EDGE ( 'NONE', *, *, #1494, .F. ) ;
#4950 = MANIFOLD_SOLID_BREP ( 'Body-Move/Copy6[2]', #834 ) ;
#4951 =( GEOMETRIC_REPRESENTATION_CONTEXT ( 3 ) GLOBAL_UNCERTAINTY_ASSIGNED_CONTEXT ( ( #1478 ) ) GLOBAL_UNIT_ASSIGNED_CONTEXT ( ( #2102, #2212, #4358 ) ) REPRESENTATION_CONTEXT ( 'NONE', 'WORKASPACE' ) );
#4952 = DIRECTION ( 'NONE',  ( 0.000000000000000000, -0.1736481776669258625, -0.9848077530122089085 ) ) ;
#4953 = LINE ( 'NONE', #106, #3314 ) ;
#4954 = DIRECTION ( 'NONE',  ( 0.000000000000000000, 0.000000000000000000, -1.000000000000000000 ) ) ;
#4955 = ORIENTED_EDGE ( 'NONE', *, *, #1465, .T. ) ;
#4956 = CARTESIAN_POINT ( 'NONE',  ( -1.225094085692813417, 2.664812549992180646, 0.2700940856928182310 ) ) ;
#4957 = CARTESIAN_POINT ( 'NONE',  ( -2.199999999999998845, 8.109541161931386268E-17, -0.7786222391909453089 ) ) ;
#4958 = MECHANICAL_DESIGN_GEOMETRIC_PRESENTATION_REPRESENTATION (  '', ( #1911 ), #5843 ) ;
#4959 = EDGE_CURVE ( 'NONE', #648, #3660, #155, .T. ) ;
#4960 =( NAMED_UNIT ( * ) SI_UNIT ( $, .STERADIAN. ) SOLID_ANGLE_UNIT ( ) );
#4961 = CARTESIAN_POINT ( 'NONE',  ( -1.299999999999997380, 2.639999999999999236, -0.8249999999999970690 ) ) ;
#4962 = VERTEX_POINT ( 'NONE', #6259 ) ;
#4963 =( GEOMETRIC_REPRESENTATION_CONTEXT ( 3 ) GLOBAL_UNCERTAINTY_ASSIGNED_CONTEXT ( ( #6200 ) ) GLOBAL_UNIT_ASSIGNED_CONTEXT ( ( #2415, #5177, #3593 ) ) REPRESENTATION_CONTEXT ( 'NONE', 'WORKASPACE' ) );
#4964 = EDGE_LOOP ( 'NONE', ( #3816, #578, #5541, #4287 ) ) ;
#4965 = CARTESIAN_POINT ( 'NONE',  ( -0.2749999999999961919, 0.7768699943250462203, -0.8099999999999991651 ) ) ;
#4966 = EDGE_CURVE ( 'NONE', #1228, #5221, #4147, .T. ) ;
#4967 = ORIENTED_EDGE ( 'NONE', *, *, #146, .T. ) ;
#4968 = LINE ( 'NONE', #538, #3127 ) ;
#4969 = PRESENTATION_STYLE_ASSIGNMENT (( #2809 ) ) ;
#4970 = EDGE_LOOP ( 'NONE', ( #3872, #5634, #1837, #6014 ) ) ;
#4971 = AXIS2_PLACEMENT_3D ( 'NONE', #5920, #585, #2723 ) ;
#4972 = EDGE_CURVE ( 'NONE', #6110, #4918, #2492, .T. ) ;
#4973 = VECTOR ( 'NONE', #3243, 1000.000000000000000 ) ;
#4974 = PRESENTATION_LAYER_ASSIGNMENT (  '', '', ( #4068 ) ) ;
#4975 = PLANE ( 'NONE',  #4114 ) ;
#4976 = ORIENTED_EDGE ( 'NONE', *, *, #1462, .T. ) ;
#4977 = SURFACE_SIDE_STYLE ('',( #2279 ) ) ;
#4978 = PLANE ( 'NONE',  #4810 ) ;
#4979 = VERTEX_POINT ( 'NONE', #3633 ) ;
#4980 = EDGE_CURVE ( 'NONE', #6559, #888, #989, .T. ) ;
#4981 = DIRECTION ( 'NONE',  ( -0.000000000000000000, 1.000000000000000000, -0.000000000000000000 ) ) ;
#4982 = DIRECTION ( 'NONE',  ( 0.000000000000000000, 0.000000000000000000, 1.000000000000000000 ) ) ;
#4983 = VECTOR ( 'NONE', #3015, 1000.000000000000000 ) ;
#4984 = VERTEX_POINT ( 'NONE', #454 ) ;
#4985 = CARTESIAN_POINT ( 'NONE',  ( -0.4749999999999984235, 0.4500000002000000832, 0.6556624325871229786 ) ) ;
#4986 = DIRECTION ( 'NONE',  ( 1.355252715606883008E-16, -0.000000000000000000, 1.000000000000000000 ) ) ;
#4987 = FILL_AREA_STYLE ('',( #2827 ) ) ;
#4988 = VERTEX_POINT ( 'NONE', #955 ) ;
#4989 = VECTOR ( 'NONE', #6061, 1000.000000000000000 ) ;
#4990 = DIRECTION ( 'NONE',  ( -0.000000000000000000, -1.000000000000000000, -0.000000000000000000 ) ) ;
#4991 = CARTESIAN_POINT ( 'NONE',  ( -2.199999999999998845, 0.3499999999999999778, 0.05000000001625162782 ) ) ;
#4992 = LINE ( 'NONE', #1325, #3661 ) ;
#4993 = ADVANCED_FACE ( 'NONE', ( #6357 ), #2560, .T. ) ;
#4994 = CARTESIAN_POINT ( 'NONE',  ( -1.939999999999999059, 2.750000000000000000, 0.1000000000000016154 ) ) ;
#4995 = CARTESIAN_POINT ( 'NONE',  ( -1.124999999999998446, 0.2000000000000000111, 0.8000000000000011546 ) ) ;
#4996 = ORIENTED_EDGE ( 'NONE', *, *, #442, .T. ) ;
#4997 = CARTESIAN_POINT ( 'NONE',  ( 1.300000000000002043, 1.050000000000000044, -0.3249999999999999001 ) ) ;
#4998 = LINE ( 'NONE', #2875, #3175 ) ;
#4999 = CARTESIAN_POINT ( 'NONE',  ( -1.324999999999999734, 2.639999999999999236, -0.6999999999999985123 ) ) ;
#5000 = LINE ( 'NONE', #1131, #2358 ) ;
#5001 = ADVANCED_FACE ( 'NONE', ( #4710 ), #5732, .F. ) ;
#5002 = DIRECTION ( 'NONE',  ( -1.000000000000000000, 0.000000000000000000, -0.000000000000000000 ) ) ;
#5003 = CARTESIAN_POINT ( 'NONE',  ( 2.700000000000001510, 0.3500000000000000333, -1.000000000000001554 ) ) ;
#5004 = VERTEX_POINT ( 'NONE', #2030 ) ;
#5005 = DIRECTION ( 'NONE',  ( 0.000000000000000000, -1.000000000000000000, -1.857148025303053679E-09 ) ) ;
#5006 = AXIS2_PLACEMENT_3D ( 'NONE', #5419, #6667, #2982 ) ;
#5007 = EDGE_LOOP ( 'NONE', ( #196, #2495, #2040, #453, #6036, #3352, #2898, #1692 ) ) ;
#5008 = CARTESIAN_POINT ( 'NONE',  ( -2.199999999999998845, 0.3500000000000000333, -0.2500000000362483932 ) ) ;
#5009 = ORIENTED_EDGE ( 'NONE', *, *, #2205, .T. ) ;
#5010 = AXIS2_PLACEMENT_3D ( 'NONE', #256, #6068, #723 ) ;
#5011 = DIRECTION ( 'NONE',  ( -1.000000000000000000, -0.000000000000000000, -0.000000000000000000 ) ) ;
#5012 = LINE ( 'NONE', #3324, #896 ) ;
#5013 = ORIENTED_EDGE ( 'NONE', *, *, #3689, .F. ) ;
#5014 = ADVANCED_FACE ( 'NONE', ( #3168 ), #488, .T. ) ;
#5015 = DIRECTION ( 'NONE',  ( 0.7071067811865475727, -0.7071067811865475727, 0.000000000000000000 ) ) ;
#5016 = VECTOR ( 'NONE', #6056, 1000.000000000000000 ) ;
#5017 = COLOUR_RGB ( '',0.7960784313725489669, 0.8235294117647058432, 0.9372549019607843146 ) ;
#5018 = VERTEX_POINT ( 'NONE', #4884 ) ;
#5019 = LINE ( 'NONE', #1872, #485 ) ;
#5020 = EDGE_LOOP ( 'NONE', ( #3836, #6712, #1597, #5772 ) ) ;
#5021 = PLANE ( 'NONE',  #1539 ) ;
#5022 = CARTESIAN_POINT ( 'NONE',  ( -0.2999999999999968803, 2.639999999999999236, 0.3450000000000029710 ) ) ;
#5023 = MECHANICAL_DESIGN_GEOMETRIC_PRESENTATION_REPRESENTATION (  '', ( #2544 ), #4003 ) ;
#5024 = CARTESIAN_POINT ( 'NONE',  ( 1.939999999937501718, 1.050000000000000044, 0.09999999999999885369 ) ) ;
#5025 = PLANE ( 'NONE',  #4681 ) ;
#5026 = ORIENTED_EDGE ( 'NONE', *, *, #5224, .F. ) ;
#5027 = EDGE_CURVE ( 'NONE', #3082, #4478, #4418, .T. ) ;
#5028 = CARTESIAN_POINT ( 'NONE',  ( -1.939999999999999059, 2.750000000000000000, -0.4999999999999985012 ) ) ;
#5029 = LINE ( 'NONE', #5664, #3514 ) ;
#5030 = VECTOR ( 'NONE', #4530, 1000.000000000000000 ) ;
#5031 = CARTESIAN_POINT ( 'NONE',  ( 1.900000000000001021, 0.1000000012999997384, -1.000000000000001554 ) ) ;
#5032 = CIRCLE ( 'NONE', #2554, 0.1000000000000000472 ) ;
#5033 = ORIENTED_EDGE ( 'NONE', *, *, #6532, .T. ) ;
#5034 = PRESENTATION_STYLE_ASSIGNMENT (( #736 ) ) ;
#5035 = CARTESIAN_POINT ( 'NONE',  ( 2.700000000000001510, 0.3500000000000000333, -0.2500000001450011777 ) ) ;
#5036 = VERTEX_POINT ( 'NONE', #6960 ) ;
#5037 = EDGE_CURVE ( 'NONE', #2562, #1247, #599, .T. ) ;
#5038 = FACE_OUTER_BOUND ( 'NONE', #2684, .T. ) ;
#5039 = DIRECTION ( 'NONE',  ( 0.000000000000000000, 0.8191520442889909104, 0.5735764363510474917 ) ) ;
#5040 = EDGE_CURVE ( 'NONE', #2177, #5669, #3274, .T. ) ;
#5041 = EDGE_LOOP ( 'NONE', ( #5091, #5795, #2973, #3928 ) ) ;
#5042 = CARTESIAN_POINT ( 'NONE',  ( -1.099999999999998535, 2.239999999999990443, 0.3450000000000029710 ) ) ;
#5043 = VECTOR ( 'NONE', #5503, 1000.000000000000227 ) ;
#5044 = ORIENTED_EDGE ( 'NONE', *, *, #6303, .F. ) ;
#5045 = DIRECTION ( 'NONE',  ( -0.000000000000000000, 0.000000000000000000, 1.000000000000000000 ) ) ;
#5046 = ORIENTED_EDGE ( 'NONE', *, *, #567, .F. ) ;
#5047 = AXIS2_PLACEMENT_3D ( 'NONE', #6894, #1534, #2523 ) ;
#5048 = CARTESIAN_POINT ( 'NONE',  ( 1.383333333333346182, -0.4166666653666731279, 0.03333333333334419224 ) ) ;
#5049 = DIRECTION ( 'NONE',  ( 0.000000000000000000, 0.000000000000000000, -1.000000000000000000 ) ) ;
#5050 = CARTESIAN_POINT ( 'NONE',  ( 15.50000000100000186, 0.05000000000000000971, 0.4999999987000037782 ) ) ;
#5051 = VECTOR ( 'NONE', #336, 1000.000000000000000 ) ;
#5052 = ORIENTED_EDGE ( 'NONE', *, *, #4647, .T. ) ;
#5053 = PLANE ( 'NONE',  #6095 ) ;
#5054 = LINE ( 'NONE', #3877, #4753 ) ;
#5055 = CARTESIAN_POINT ( 'NONE',  ( 15.30000000000000071, 2.639999999999999236, -0.6999999999999985123 ) ) ;
#5056 = VERTEX_POINT ( 'NONE', #4282 ) ;
#5057 = LINE ( 'NONE', #6138, #302 ) ;
#5058 = LINE ( 'NONE', #3404, #1186 ) ;
#5059 = VECTOR ( 'NONE', #2008, 1000.000000000000000 ) ;
#5060 = CARTESIAN_POINT ( 'NONE',  ( 1.325000000000001954, 0.7768699943250462203, -0.7000000000000012879 ) ) ;
#5061 = CARTESIAN_POINT ( 'NONE',  ( -1.099999999999998535, 1.050000000000000044, 0.3450000000000029710 ) ) ;
#5062 = EDGE_LOOP ( 'NONE', ( #1441, #1937, #1339, #5107 ) ) ;
#5063 = ORIENTED_EDGE ( 'NONE', *, *, #5073, .T. ) ;
#5064 = EDGE_CURVE ( 'NONE', #4511, #5144, #3308, .T. ) ;
#5065 = DIRECTION ( 'NONE',  ( 0.000000000000000000, -0.000000000000000000, 1.000000000000000000 ) ) ;
#5066 = SURFACE_STYLE_USAGE ( .BOTH. , #3998 ) ;
#5067 = CARTESIAN_POINT ( 'NONE',  ( 1.170530792283387189, 2.639999999999999236, 0.1249999999999988065 ) ) ;
#5068 = AXIS2_PLACEMENT_3D ( 'NONE', #5257, #1544, #6867 ) ;
#5069 = DIRECTION ( 'NONE',  ( 0.000000000000000000, -0.000000000000000000, 1.000000000000000000 ) ) ;
#5070 = LINE ( 'NONE', #5104, #5030 ) ;
#5071 = VECTOR ( 'NONE', #3087, 1000.000000000000000 ) ;
#5072 = ORIENTED_EDGE ( 'NONE', *, *, #3406, .F. ) ;
#5073 = EDGE_CURVE ( 'NONE', #618, #116, #521, .T. ) ;
#5074 = AXIS2_PLACEMENT_3D ( 'NONE', #2622, #41, #4922 ) ;
#5075 = UNCERTAINTY_MEASURE_WITH_UNIT (LENGTH_MEASURE( 1.000000000000000082E-05 ), #3468, 'distance_accuracy_value', 'NONE');
#5076 = ORIENTED_EDGE ( 'NONE', *, *, #5130, .F. ) ;
#5077 = CARTESIAN_POINT ( 'NONE',  ( -2.199999999999998845, 1.000000000000000000, -0.2499999999999983902 ) ) ;
#5078 = ORIENTED_EDGE ( 'NONE', *, *, #2391, .T. ) ;
#5079 = AXIS2_PLACEMENT_3D ( 'NONE', #6816, #5835, #3310 ) ;
#5080 = DIRECTION ( 'NONE',  ( -0.000000000000000000, -0.000000000000000000, -1.000000000000000000 ) ) ;
#5081 = CARTESIAN_POINT ( 'NONE',  ( -2.699999999999999289, 2.750000000000000000, -0.2500000001449984022 ) ) ;
#5082 = VERTEX_POINT ( 'NONE', #4350 ) ;
#5083 = CARTESIAN_POINT ( 'NONE',  ( -1.699999999999998401, 1.050000000000000044, 0.1000000000000016154 ) ) ;
#5084 = CARTESIAN_POINT ( 'NONE',  ( 1.940000000000001279, 1.050000000000000044, 0.09999999999999879818 ) ) ;
#5085 = PLANE ( 'NONE',  #6008 ) ;
#5086 = AXIS2_PLACEMENT_3D ( 'NONE', #5671, #603, #2732 ) ;
#5087 = ORIENTED_EDGE ( 'NONE', *, *, #6945, .F. ) ;
#5088 = LINE ( 'NONE', #5120, #2381 ) ;
#5089 = LINE ( 'NONE', #5574, #2841 ) ;
#5090 = MECHANICAL_DESIGN_GEOMETRIC_PRESENTATION_REPRESENTATION (  '', ( #4403 ), #6206 ) ;
#5091 = ORIENTED_EDGE ( 'NONE', *, *, #596, .T. ) ;
#5092 = CARTESIAN_POINT ( 'NONE',  ( -0.2999999999999968803, 2.639999999999999236, 0.3450000000000029710 ) ) ;
#5093 = VERTEX_POINT ( 'NONE', #2696 ) ;
#5094 = DIRECTION ( 'NONE',  ( -1.000000000000000000, 0.000000000000000000, 0.000000000000000000 ) ) ;
#5095 = AXIS2_PLACEMENT_3D ( 'NONE', #1320, #3915, #175 ) ;
#5096 = LINE ( 'NONE', #3479, #3905 ) ;
#5097 = VERTEX_POINT ( 'NONE', #3883 ) ;
#5098 = ORIENTED_EDGE ( 'NONE', *, *, #2054, .F. ) ;
#5099 = LINE ( 'NONE', #809, #6418 ) ;
#5100 = DIRECTION ( 'NONE',  ( 0.000000000000000000, -1.000000000000000000, -3.249988186109896618E-11 ) ) ;
#5101 = EDGE_CURVE ( 'NONE', #2177, #701, #4854, .T. ) ;
#5102 = DIRECTION ( 'NONE',  ( 0.000000000000000000, -1.019985910564053253E-16, 1.000000000000000000 ) ) ;
#5103 = PLANE ( 'NONE',  #634 ) ;
#5104 = CARTESIAN_POINT ( 'NONE',  ( -1.299999999999997380, 2.639999999999999236, -0.3249999999999970690 ) ) ;
#5105 = ORIENTED_EDGE ( 'NONE', *, *, #5401, .T. ) ;
#5106 = AXIS2_PLACEMENT_3D ( 'NONE', #4845, #6026, #6594 ) ;
#5107 = ORIENTED_EDGE ( 'NONE', *, *, #1223, .F. ) ;
#5108 = ORIENTED_EDGE ( 'NONE', *, *, #6465, .F. ) ;
#5109 = CARTESIAN_POINT ( 'NONE',  ( 0.4750000000000033085, -3.675261601645777502E-17, 0.6500000000000011324 ) ) ;
#5110 = VERTEX_POINT ( 'NONE', #3825 ) ;
#5111 = SURFACE_SIDE_STYLE ('',( #2965 ) ) ;
#5112 = DIRECTION ( 'NONE',  ( -1.000000000000000000, -0.000000000000000000, -0.000000000000000000 ) ) ;
#5113 = ORIENTED_EDGE ( 'NONE', *, *, #433, .T. ) ;
#5114 = ADVANCED_FACE ( 'NONE', ( #3339 ), #1641, .F. ) ;
#5115 = FACE_OUTER_BOUND ( 'NONE', #5953, .T. ) ;
#5116 = CARTESIAN_POINT ( 'NONE',  ( 8.100000000000003197, 2.639999999999999236, -0.6999999999999985123 ) ) ;
#5117 = CARTESIAN_POINT ( 'NONE',  ( -2.699999999999999289, 2.750000000000000000, 1.000000000000001776 ) ) ;
#5118 = ORIENTED_EDGE ( 'NONE', *, *, #237, .T. ) ;
#5119 = PRESENTATION_LAYER_ASSIGNMENT (  '', '', ( #512 ) ) ;
#5120 = CARTESIAN_POINT ( 'NONE',  ( -1.274999999999998357, 0.4500000002000000832, 0.6556624325871229786 ) ) ;
#5121 = PLANE ( 'NONE',  #129 ) ;
#5122 = FACE_OUTER_BOUND ( 'NONE', #3124, .T. ) ;
#5123 = ORIENTED_EDGE ( 'NONE', *, *, #3958, .F. ) ;
#5124 = VECTOR ( 'NONE', #1761, 1000.000000000000000 ) ;
#5125 = LINE ( 'NONE', #2478, #3461 ) ;
#5126 = ORIENTED_EDGE ( 'NONE', *, *, #885, .T. ) ;
#5127 = DIRECTION ( 'NONE',  ( 0.000000000000000000, 0.000000000000000000, -1.000000000000000000 ) ) ;
#5128 = VECTOR ( 'NONE', #5443, 1000.000000000000000 ) ;
#5129 = EDGE_CURVE ( 'NONE', #1707, #4501, #2232, .T. ) ;
#5130 = EDGE_CURVE ( 'NONE', #4090, #614, #5999, .T. ) ;
#5131 = VECTOR ( 'NONE', #5100, 1000.000000000000000 ) ;
#5132 = DIRECTION ( 'NONE',  ( 0.000000000000000000, 0.000000000000000000, -1.000000000000000000 ) ) ;
#5133 = VERTEX_POINT ( 'NONE', #81 ) ;
#5134 = ORIENTED_EDGE ( 'NONE', *, *, #819, .F. ) ;
#5135 = DIRECTION ( 'NONE',  ( -0.000000000000000000, 1.000000000000000000, 1.857148025303053679E-09 ) ) ;
#5136 = FACE_OUTER_BOUND ( 'NONE', #87, .T. ) ;
#5137 = DIRECTION ( 'NONE',  ( 0.1710878697460311570, 0.9702875252478154744, 0.1710878697460311293 ) ) ;
#5138 = ORIENTED_EDGE ( 'NONE', *, *, #6743, .F. ) ;
#5139 = CARTESIAN_POINT ( 'NONE',  ( -2.699999999999999289, 0.4500000002000000832, 0.5500000000000018208 ) ) ;
#5140 = EDGE_LOOP ( 'NONE', ( #1356, #1081, #2394, #4756 ) ) ;
#5141 = CIRCLE ( 'NONE', #6031, 0.1000000000000000472 ) ;
#5142 =( NAMED_UNIT ( * ) PLANE_ANGLE_UNIT ( ) SI_UNIT ( $, .RADIAN. ) );
#5143 = EDGE_LOOP ( 'NONE', ( #5968, #5631, #2479, #1875, #259, #904, #1774, #962 ) ) ;
#5144 = VERTEX_POINT ( 'NONE', #4811 ) ;
#5145 = CARTESIAN_POINT ( 'NONE',  ( -1.170807966022790580, 2.641571930389168710, 0.1158079660227947089 ) ) ;
#5146 = ORIENTED_EDGE ( 'NONE', *, *, #5130, .T. ) ;
#5147 = CARTESIAN_POINT ( 'NONE',  ( 1.100000000000002531, 1.050000000000000044, -0.8249999999999998446 ) ) ;
#5148 = DIRECTION ( 'NONE',  ( 1.000000000000000000, 0.000000000000000000, 0.000000000000000000 ) ) ;
#5149 = ORIENTED_EDGE ( 'NONE', *, *, #4323, .F. ) ;
#5150 = CARTESIAN_POINT ( 'NONE',  ( 0.5000000000000039968, 2.639999999999999236, -0.8249999999999970690 ) ) ;
#5151 = CARTESIAN_POINT ( 'NONE',  ( 16.30000000000000071, 0.4500000004000000997, 1.000000000000001776 ) ) ;
#5152 = EDGE_CURVE ( 'NONE', #5110, #5554, #1674, .T. ) ;
#5153 = UNCERTAINTY_MEASURE_WITH_UNIT (LENGTH_MEASURE( 1.000000000000000082E-05 ), #2935, 'distance_accuracy_value', 'NONE');
#5154 = VECTOR ( 'NONE', #1901, 1000.000000000000227 ) ;
#5155 = VERTEX_POINT ( 'NONE', #2174 ) ;
#5156 = PLANE ( 'NONE',  #369 ) ;
#5157 = SURFACE_SIDE_STYLE ('',( #5848 ) ) ;
#5158 = CARTESIAN_POINT ( 'NONE',  ( -0.4999999999999982792, 2.239999999999990443, 0.04500000000000296124 ) ) ;
#5159 = DIRECTION ( 'NONE',  ( 0.000000000000000000, -1.000000000000000000, 0.000000000000000000 ) ) ;
#5160 = FACE_OUTER_BOUND ( 'NONE', #465, .T. ) ;
#5161 = ORIENTED_EDGE ( 'NONE', *, *, #2193, .T. ) ;
#5162 = CARTESIAN_POINT ( 'NONE',  ( 8.900000000000002132, 2.639999999999999236, -0.7000000000000012879 ) ) ;
#5163 = VERTEX_POINT ( 'NONE', #6461 ) ;
#5164 = VECTOR ( 'NONE', #5994, 1000.000000000000000 ) ;
#5165 = CARTESIAN_POINT ( 'NONE',  ( 2.400000000000000799, 0.3499999999999999778, 0.05000000001624881063 ) ) ;
#5166 = ADVANCED_FACE ( 'NONE', ( #1704 ), #3854, .F. ) ;
#5167 = STYLED_ITEM ( 'NONE', ( #2583 ), #5378 ) ;
#5168 = DIRECTION ( 'NONE',  ( -0.000000000000000000, -1.000000000000000000, -0.000000000000000000 ) ) ;
#5169 = DIRECTION ( 'NONE',  ( 0.000000000000000000, 3.249988186109896618E-11, -1.000000000000000000 ) ) ;
#5170 = FACE_OUTER_BOUND ( 'NONE', #5041, .T. ) ;
#5171 = EDGE_LOOP ( 'NONE', ( #1899, #2634, #3420, #4914 ) ) ;
#5172 = ORIENTED_EDGE ( 'NONE', *, *, #1044, .T. ) ;
#5173 = LINE ( 'NONE', #340, #6965 ) ;
#5174 = LINE ( 'NONE', #6113, #3949 ) ;
#5175 = CARTESIAN_POINT ( 'NONE',  ( -1.939999999999999059, 2.750000000000000000, -0.4999999999999985012 ) ) ;
#5176 = ADVANCED_FACE ( 'NONE', ( #662 ), #804, .F. ) ;
#5177 =( NAMED_UNIT ( * ) PLANE_ANGLE_UNIT ( ) SI_UNIT ( $, .RADIAN. ) );
#5178 = VECTOR ( 'NONE', #4739, 1000.000000000000000 ) ;
#5179 = DIRECTION ( 'NONE',  ( -0.000000000000000000, -0.000000000000000000, 1.000000000000000000 ) ) ;
#5180 = AXIS2_PLACEMENT_3D ( 'NONE', #4685, #4608, #3149 ) ;
#5181 = VERTEX_POINT ( 'NONE', #5544 ) ;
#5182 = EDGE_CURVE ( 'NONE', #406, #2309, #4558, .T. ) ;
#5183 = SURFACE_SIDE_STYLE ('',( #4679 ) ) ;
#5184 = VERTEX_POINT ( 'NONE', #3920 ) ;
#5185 = LINE ( 'NONE', #6160, #1736 ) ;
#5186 = DIRECTION ( 'NONE',  ( 1.000000000000000000, 0.000000000000000000, -0.000000000000000000 ) ) ;
#5187 = LINE ( 'NONE', #1939, #3817 ) ;
#5188 = CARTESIAN_POINT ( 'NONE',  ( 0.4294692077166183397, 2.639999999999999236, 0.1250000000000016376 ) ) ;
#5189 = ORIENTED_EDGE ( 'NONE', *, *, #1265, .F. ) ;
#5190 = PRESENTATION_LAYER_ASSIGNMENT (  '', '', ( #1248 ) ) ;
#5191 = DIRECTION ( 'NONE',  ( 0.000000000000000000, -0.000000000000000000, -1.000000000000000000 ) ) ;
#5192 = DIRECTION ( 'NONE',  ( 1.000000000000000000, 0.000000000000000000, 0.000000000000000000 ) ) ;
#5193 = EDGE_CURVE ( 'NONE', #5227, #446, #1289, .T. ) ;
#5194 = VECTOR ( 'NONE', #5763, 1000.000000000000000 ) ;
#5195 = PLANE ( 'NONE',  #4187 ) ;
#5196 = AXIS2_PLACEMENT_3D ( 'NONE', #4354, #6506, #5969 ) ;
#5197 = SURFACE_STYLE_USAGE ( .BOTH. , #1909 ) ;
#5198 = CARTESIAN_POINT ( 'NONE',  ( 0.4750000000000033085, 0.4500000002000000277, 0.6556624325871229786 ) ) ;
#5199 = DIRECTION ( 'NONE',  ( 0.000000000000000000, 0.000000000000000000, -1.000000000000000000 ) ) ;
#5200 = FACE_OUTER_BOUND ( 'NONE', #272, .T. ) ;
#5201 = ORIENTED_EDGE ( 'NONE', *, *, #3245, .T. ) ;
#5202 = PLANE ( 'NONE',  #3133 ) ;
#5203 = DIRECTION ( 'NONE',  ( 0.000000000000000000, 0.000000000000000000, 1.000000000000000000 ) ) ;
#5204 = AXIS2_PLACEMENT_3D ( 'NONE', #4495, #6643, #1818 ) ;
#5205 = LINE ( 'NONE', #4701, #5051 ) ;
#5206 = CARTESIAN_POINT ( 'NONE',  ( -2.199999999999998845, 0.3063250300240242252, -0.8499999999999985345 ) ) ;
#5207 = EDGE_LOOP ( 'NONE', ( #6349, #5296, #4687, #4569 ) ) ;
#5208 = ORIENTED_EDGE ( 'NONE', *, *, #652, .T. ) ;
#5209 = DIRECTION ( 'NONE',  ( -0.000000000000000000, -1.000000000000000000, -3.249988186109896618E-11 ) ) ;
#5210 = FILL_AREA_STYLE_COLOUR ( '', #4182 ) ;
#5211 = CARTESIAN_POINT ( 'NONE',  ( 5.600000000000001421, 2.639999999999999236, 0.1249999999999988065 ) ) ;
#5212 = EDGE_CURVE ( 'NONE', #5768, #247, #5096, .T. ) ;
#5213 = VECTOR ( 'NONE', #6471, 1000.000000000000000 ) ;
#5214 = SURFACE_STYLE_FILL_AREA ( #3070 ) ;
#5215 = CARTESIAN_POINT ( 'NONE',  ( -2.699999999999999289, 0.9999999999000001027, -0.2500000000724983962 ) ) ;
#5216 = VECTOR ( 'NONE', #4722, 1000.000000000000000 ) ;
#5217 = ORIENTED_EDGE ( 'NONE', *, *, #2748, .F. ) ;
#5218 = FACE_OUTER_BOUND ( 'NONE', #1243, .T. ) ;
#5219 = FACE_OUTER_BOUND ( 'NONE', #5171, .T. ) ;
#5220 = EDGE_CURVE ( 'NONE', #1807, #3743, #3408, .T. ) ;
#5221 = VERTEX_POINT ( 'NONE', #6143 ) ;
#5222 = PLANE ( 'NONE',  #6813 ) ;
#5223 = ORIENTED_EDGE ( 'NONE', *, *, #3543, .F. ) ;
#5224 = EDGE_CURVE ( 'NONE', #6451, #5760, #257, .T. ) ;
#5225 = CARTESIAN_POINT ( 'NONE',  ( 0.5250000000000039080, 0.7768699943250462203, -0.8099999999999991651 ) ) ;
#5226 = DIRECTION ( 'NONE',  ( -1.000000000000000000, -0.000000000000000000, -0.000000000000000000 ) ) ;
#5227 = VERTEX_POINT ( 'NONE', #1225 ) ;
#5228 = PLANE ( 'NONE',  #3114 ) ;
#5229 = DIRECTION ( 'NONE',  ( 1.000000000000000000, 0.000000000000000000, 0.000000000000000000 ) ) ;
#5230 = UNCERTAINTY_MEASURE_WITH_UNIT (LENGTH_MEASURE( 1.000000000000000082E-05 ), #2201, 'distance_accuracy_value', 'NONE');
#5231 =( LENGTH_UNIT ( ) NAMED_UNIT ( * ) SI_UNIT ( .MILLI., .METRE. ) );
#5232 = LINE ( 'NONE', #396, #1598 ) ;
#5233 = CARTESIAN_POINT ( 'NONE',  ( 2.200000000000001066, 0.7936749699759757526, -0.9500000000000011768 ) ) ;
#5234 = EDGE_CURVE ( 'NONE', #6262, #5259, #6107, .T. ) ;
#5235 = DIRECTION ( 'NONE',  ( 0.000000000000000000, -5.421010860823805421E-16, 1.000000000000000000 ) ) ;
#5236 = ORIENTED_EDGE ( 'NONE', *, *, #1465, .F. ) ;
#5237 = CARTESIAN_POINT ( 'NONE',  ( -1.324999999999997957, 1.050000000000000044, -0.6999999999999985123 ) ) ;
#5238 = FILL_AREA_STYLE_COLOUR ( '', #3440 ) ;
#5239 = COLOUR_RGB ( '',0.7960784313725489669, 0.8235294117647058432, 0.9372549019607843146 ) ;
#5240 = CARTESIAN_POINT ( 'NONE',  ( 5.600000000000001421, 2.639999999999999236, 0.1249999999999988065 ) ) ;
#5241 = SURFACE_STYLE_FILL_AREA ( #2617 ) ;
#5242 = ORIENTED_EDGE ( 'NONE', *, *, #1744, .T. ) ;
#5243 = ORIENTED_EDGE ( 'NONE', *, *, #4142, .F. ) ;
#5244 = FACE_OUTER_BOUND ( 'NONE', #301, .T. ) ;
#5245 = PLANE ( 'NONE',  #3864 ) ;
#5246 = STYLED_ITEM ( 'NONE', ( #2500 ), #4707 ) ;
#5247 = EDGE_CURVE ( 'NONE', #6651, #1007, #147, .T. ) ;
#5248 = PRESENTATION_LAYER_ASSIGNMENT (  '', '', ( #4437 ) ) ;
#5249 = VERTEX_POINT ( 'NONE', #5024 ) ;
#5250 = DIRECTION ( 'NONE',  ( -1.000000000000000000, 0.000000000000000000, 0.000000000000000000 ) ) ;
#5251 = ORIENTED_EDGE ( 'NONE', *, *, #3530, .F. ) ;
#5252 = EDGE_CURVE ( 'NONE', #6244, #3401, #218, .T. ) ;
#5253 = COLOUR_RGB ( '',0.7960784313725489669, 0.8235294117647058432, 0.9372549019607843146 ) ;
#5254 =( NAMED_UNIT ( * ) SI_UNIT ( $, .STERADIAN. ) SOLID_ANGLE_UNIT ( ) );
#5255 = VERTEX_POINT ( 'NONE', #5580 ) ;
#5256 = ADVANCED_FACE ( 'NONE', ( #4483 ), #694, .F. ) ;
#5257 = CARTESIAN_POINT ( 'NONE',  ( 1.170530792283388077, 2.639999999999999236, 0.1249999999999988065 ) ) ;
#5258 = LINE ( 'NONE', #2639, #2580 ) ;
#5259 = VERTEX_POINT ( 'NONE', #3959 ) ;
#5260 = VECTOR ( 'NONE', #1746, 1000.000000000000114 ) ;
#5261 = LINE ( 'NONE', #6234, #3560 ) ;
#5262 = CARTESIAN_POINT ( 'NONE',  ( 0.5250000000000039080, 2.639999999999999236, -0.6999999999999985123 ) ) ;
#5263 = STYLED_ITEM ( 'NONE', ( #2131 ), #1620 ) ;
#5264 = EDGE_CURVE ( 'NONE', #581, #1180, #4449, .T. ) ;
#5265 = VECTOR ( 'NONE', #2262, 1000.000000000000000 ) ;
#5266 = LINE ( 'NONE', #3120, #5436 ) ;
#5267 = FACE_OUTER_BOUND ( 'NONE', #1459, .T. ) ;
#5268 = LINE ( 'NONE', #4265, #1804 ) ;
#5269 = FACE_OUTER_BOUND ( 'NONE', #3147, .T. ) ;
#5270 = DIRECTION ( 'NONE',  ( 0.000000000000000000, 0.000000000000000000, 1.000000000000000000 ) ) ;
#5271 = VERTEX_POINT ( 'NONE', #2444 ) ;
#5272 = CARTESIAN_POINT ( 'NONE',  ( -1.074999999999997735, 1.050000000000000044, -0.6999999999999985123 ) ) ;
#5273 = EDGE_LOOP ( 'NONE', ( #3844, #2967, #2883, #5442 ) ) ;
#5274 = FILL_AREA_STYLE_COLOUR ( '', #1775 ) ;
#5275 = DIRECTION ( 'NONE',  ( 0.000000000000000000, 0.000000000000000000, -1.000000000000000000 ) ) ;
#5276 = AXIS2_PLACEMENT_3D ( 'NONE', #1518, #3122, #5270 ) ;
#5277 = ORIENTED_EDGE ( 'NONE', *, *, #4931, .T. ) ;
#5278 = CARTESIAN_POINT ( 'NONE',  ( 2.400000000000000799, 1.355252715606880543E-17, -0.1164279503904903784 ) ) ;
#5279 = STYLED_ITEM ( 'NONE', ( #5034 ), #4950 ) ;
#5280 = LINE ( 'NONE', #3592, #3209 ) ;
#5281 = EDGE_CURVE ( 'NONE', #1998, #4525, #4522, .T. ) ;
#5282 = ORIENTED_EDGE ( 'NONE', *, *, #2064, .T. ) ;
#5283 = SURFACE_STYLE_USAGE ( .BOTH. , #5315 ) ;
#5284 = FACE_OUTER_BOUND ( 'NONE', #1808, .T. ) ;
#5285 = EDGE_CURVE ( 'NONE', #5977, #6163, #4034, .T. ) ;
#5286 = VERTEX_POINT ( 'NONE', #6600 ) ;
#5287 =( NAMED_UNIT ( * ) PLANE_ANGLE_UNIT ( ) SI_UNIT ( $, .RADIAN. ) );
#5288 = DIRECTION ( 'NONE',  ( -1.000000000000000000, 0.000000000000000000, 0.000000000000000000 ) ) ;
#5289 = EDGE_LOOP ( 'NONE', ( #5009, #3904, #5277, #4328, #5052, #6861, #559, #6767, #1654, #2399, #3778, #4150, #3503, #1261 ) ) ;
#5290 = PRESENTATION_LAYER_ASSIGNMENT (  '', '', ( #4714 ) ) ;
#5291 = CARTESIAN_POINT ( 'NONE',  ( -0.2999999999999959921, 2.239999999999989555, -0.8249999999999970690 ) ) ;
#5292 = VECTOR ( 'NONE', #3799, 1000.000000000000000 ) ;
#5293 = EDGE_CURVE ( 'NONE', #4932, #663, #6956, .T. ) ;
#5294 = ADVANCED_FACE ( 'NONE', ( #2984 ), #4591, .F. ) ;
#5295 = CARTESIAN_POINT ( 'NONE',  ( -1.099999999999998535, 1.050000000000000044, 0.04500000000000294043 ) ) ;
#5296 = ORIENTED_EDGE ( 'NONE', *, *, #4657, .T. ) ;
#5297 = CARTESIAN_POINT ( 'NONE',  ( -0.3705307922833825374, 2.639999999999999236, 0.1250000000000016376 ) ) ;
#5298 = VECTOR ( 'NONE', #638, 1000.000000000000114 ) ;
#5299 = EDGE_CURVE ( 'NONE', #90, #3150, #1491, .T. ) ;
#5300 = UNCERTAINTY_MEASURE_WITH_UNIT (LENGTH_MEASURE( 1.000000000000000082E-05 ), #1855, 'distance_accuracy_value', 'NONE');
#5301 =( NAMED_UNIT ( * ) PLANE_ANGLE_UNIT ( ) SI_UNIT ( $, .RADIAN. ) );
#5302 = LINE ( 'NONE', #470, #1160 ) ;
#5303 = CARTESIAN_POINT ( 'NONE',  ( 15.30000000000000071, 1.050000000000000044, -0.6999999999999985123 ) ) ;
#5304 = CARTESIAN_POINT ( 'NONE',  ( -1.809999999999999165, 2.750000000000000000, -0.4999999999999985012 ) ) ;
#5305 = DIRECTION ( 'NONE',  ( 0.1710878697460308795, 0.9702875252478155854, 0.1710878697460308795 ) ) ;
#5306 = SURFACE_STYLE_FILL_AREA ( #5818 ) ;
#5307 = EDGE_LOOP ( 'NONE', ( #844, #6812, #3580, #20 ) ) ;
#5308 = CARTESIAN_POINT ( 'NONE',  ( 1.700000000600001560, 1.050000000000000044, -0.7000000000000012879 ) ) ;
#5309 = CARTESIAN_POINT ( 'NONE',  ( -1.099999999999997646, 1.050000000000000044, -0.8249999999999970690 ) ) ;
#5310 = ORIENTED_EDGE ( 'NONE', *, *, #3173, .T. ) ;
#5311 = AXIS2_PLACEMENT_3D ( 'NONE', #3762, #1094, #3246 ) ;
#5312 = DIRECTION ( 'NONE',  ( 0.000000000000000000, 0.000000000000000000, 1.000000000000000000 ) ) ;
#5313 = CARTESIAN_POINT ( 'NONE',  ( -1.699999999999998401, 2.750000000000000000, 0.1000000000000016154 ) ) ;
#5314 = VECTOR ( 'NONE', #4042, 1000.000000000000000 ) ;
#5315 = SURFACE_SIDE_STYLE ('',( #3723 ) ) ;
#5316 = FACE_OUTER_BOUND ( 'NONE', #744, .T. ) ;
#5317 = LINE ( 'NONE', #1677, #354 ) ;
#5318 = EDGE_CURVE ( 'NONE', #3344, #3625, #6848, .T. ) ;
#5319 =( NAMED_UNIT ( * ) PLANE_ANGLE_UNIT ( ) SI_UNIT ( $, .RADIAN. ) );
#5320 = ORIENTED_EDGE ( 'NONE', *, *, #1041, .F. ) ;
#5321 = FACE_OUTER_BOUND ( 'NONE', #6043, .T. ) ;
#5322 = CARTESIAN_POINT ( 'NONE',  ( -1.099999999999997646, 2.639999999999999236, -0.8249999999999970690 ) ) ;
#5323 = CARTESIAN_POINT ( 'NONE',  ( 1.229469207716616497, 2.639999999999999236, -0.3955307922833855572 ) ) ;
#5324 = PRESENTATION_LAYER_ASSIGNMENT (  '', '', ( #6548 ) ) ;
#5325 = ORIENTED_EDGE ( 'NONE', *, *, #5433, .T. ) ;
#5326 = SURFACE_STYLE_USAGE ( .BOTH. , #6304 ) ;
#5327 =( NAMED_UNIT ( * ) SI_UNIT ( $, .STERADIAN. ) SOLID_ANGLE_UNIT ( ) );
#5328 = LINE ( 'NONE', #4264, #3343 ) ;
#5329 = ADVANCED_FACE ( 'NONE', ( #5758 ), #6819, .F. ) ;
#5330 = DIRECTION ( 'NONE',  ( 0.000000000000000000, -1.000000000000000000, 0.000000000000000000 ) ) ;
#5331 = CARTESIAN_POINT ( 'NONE',  ( -1.099999999999998535, 2.239999999999990443, 0.04500000000000294043 ) ) ;
#5332 = ORIENTED_EDGE ( 'NONE', *, *, #206, .F. ) ;
#5333 = LINE ( 'NONE', #2686, #4904 ) ;
#5334 = PLANE ( 'NONE',  #1968 ) ;
#5335 = CARTESIAN_POINT ( 'NONE',  ( -0.4250940856928135392, 2.664812549992180646, 0.2700940856928182310 ) ) ;
#5336 = FILL_AREA_STYLE ('',( #3195 ) ) ;
#5337 =( NAMED_UNIT ( * ) SI_UNIT ( $, .STERADIAN. ) SOLID_ANGLE_UNIT ( ) );
#5338 = ORIENTED_EDGE ( 'NONE', *, *, #5410, .F. ) ;
#5339 = FACE_OUTER_BOUND ( 'NONE', #3062, .T. ) ;
#5340 = PRESENTATION_STYLE_ASSIGNMENT (( #3715 ) ) ;
#5341 = EDGE_CURVE ( 'NONE', #527, #5593, #5205, .T. ) ;
#5342 = CARTESIAN_POINT ( 'NONE',  ( -1.274999999999998357, 0.4500000002000000832, 0.6556624325871229786 ) ) ;
#5343 = AXIS2_PLACEMENT_3D ( 'NONE', #2341, #4488, #6114 ) ;
#5344 = ADVANCED_FACE ( 'NONE', ( #5793 ), #6789, .F. ) ;
#5345 = PRESENTATION_LAYER_ASSIGNMENT (  '', '', ( #2641 ) ) ;
#5346 = DIRECTION ( 'NONE',  ( 0.000000000000000000, 0.000000000000000000, 1.000000000000000000 ) ) ;
#5347 = SURFACE_STYLE_FILL_AREA ( #4886 ) ;
#5348 = ORIENTED_EDGE ( 'NONE', *, *, #924, .T. ) ;
#5349 = LINE ( 'NONE', #6004, #4281 ) ;
#5350 = VECTOR ( 'NONE', #1505, 1000.000000000000000 ) ;
#5351 = CARTESIAN_POINT ( 'NONE',  ( 2.400000000000000799, 1.000000000000000000, -0.2500000000000012212 ) ) ;
#5352 = AXIS2_PLACEMENT_3D ( 'NONE', #999, #2106, #6870 ) ;
#5353 = SURFACE_STYLE_USAGE ( .BOTH. , #4892 ) ;
#5354 = ORIENTED_EDGE ( 'NONE', *, *, #2489, .F. ) ;
#5355 = PRESENTATION_LAYER_ASSIGNMENT (  '', '', ( #4440 ) ) ;
#5356 = PLANE ( 'NONE',  #3328 ) ;
#5357 = CARTESIAN_POINT ( 'NONE',  ( 0.4750000000000033085, 0.1999999999999999278, 1.250000000000001110 ) ) ;
#5358 = CARTESIAN_POINT ( 'NONE',  ( 4.000000000000003553, 2.639999999999999236, -0.7544692077166114119 ) ) ;
#5359 =( NAMED_UNIT ( * ) SI_UNIT ( $, .STERADIAN. ) SOLID_ANGLE_UNIT ( ) );
#5360 = VERTEX_POINT ( 'NONE', #4107 ) ;
#5361 = CARTESIAN_POINT ( 'NONE',  ( 0.4750000000000033085, 0.4500000002000000277, 0.6556624325871229786 ) ) ;
#5362 = VECTOR ( 'NONE', #5581, 1000.000000000000000 ) ;
#5363 = UNCERTAINTY_MEASURE_WITH_UNIT (LENGTH_MEASURE( 1.000000000000000082E-05 ), #5413, 'distance_accuracy_value', 'NONE');
#5364 = EDGE_CURVE ( 'NONE', #5827, #1807, #979, .T. ) ;
#5365 = ORIENTED_EDGE ( 'NONE', *, *, #4517, .F. ) ;
#5366 = CARTESIAN_POINT ( 'NONE',  ( 9.100000000000003197, 2.750000000000000000, -0.8099999999999991651 ) ) ;
#5367 = DIRECTION ( 'NONE',  ( -1.000000000000000000, 0.000000000000000000, -0.000000000000000000 ) ) ;
#5368 = VECTOR ( 'NONE', #6797, 1000.000000000000000 ) ;
#5369 = ORIENTED_EDGE ( 'NONE', *, *, #2835, .T. ) ;
#5370 = EDGE_CURVE ( 'NONE', #6683, #5097, #3130, .T. ) ;
#5371 = CARTESIAN_POINT ( 'NONE',  ( -1.899999999999999023, 0.1000000012999997523, -0.9999999999999986677 ) ) ;
#5372 = CARTESIAN_POINT ( 'NONE',  ( 0.3705307922833883105, 2.639999999999999236, 0.1250000000000016376 ) ) ;
#5373 = STYLED_ITEM ( 'NONE', ( #2759 ), #2762 ) ;
#5374 = ORIENTED_EDGE ( 'NONE', *, *, #6214, .T. ) ;
#5375 = SURFACE_STYLE_FILL_AREA ( #3303 ) ;
#5376 = DIRECTION ( 'NONE',  ( -1.000000000000000000, -0.000000000000000000, -0.000000000000000000 ) ) ;
#5377 = VERTEX_POINT ( 'NONE', #2517 ) ;
#5378 = ADVANCED_FACE ( 'NONE', ( #481 ), #3095, .F. ) ;
#5379 = PLANE ( 'NONE',  #3235 ) ;
#5380 = CARTESIAN_POINT ( 'NONE',  ( 15.50000000100000186, 0.05000000000000000971, 0.5700000000000017275 ) ) ;
#5381 = PLANE ( 'NONE',  #5074 ) ;
#5382 = LINE ( 'NONE', #294, #5538 ) ;
#5383 = FILL_AREA_STYLE_COLOUR ( '', #5239 ) ;
#5384 = COLOUR_RGB ( '',0.7960784313725489669, 0.8235294117647058432, 0.9372549019607843146 ) ;
#5385 = DIRECTION ( 'NONE',  ( 0.1710878697460311570, 0.9702875252478154744, 0.1710878697460311293 ) ) ;
#5386 = SURFACE_STYLE_USAGE ( .BOTH. , #2592 ) ;
#5387 = CARTESIAN_POINT ( 'NONE',  ( 0.5250000000000039080, 0.7768699943250462203, -0.6999999999999985123 ) ) ;
#5388 = EDGE_LOOP ( 'NONE', ( #4554, #6665, #2424, #63 ) ) ;
#5389 =( GEOMETRIC_REPRESENTATION_CONTEXT ( 3 ) GLOBAL_UNCERTAINTY_ASSIGNED_CONTEXT ( ( #1140 ) ) GLOBAL_UNIT_ASSIGNED_CONTEXT ( ( #1499, #6796, #417 ) ) REPRESENTATION_CONTEXT ( 'NONE', 'WORKASPACE' ) );
#5390 = LINE ( 'NONE', #697, #590 ) ;
#5391 = ORIENTED_EDGE ( 'NONE', *, *, #5212, .T. ) ;
#5392 = ADVANCED_FACE ( 'NONE', ( #6849 ), #5955, .F. ) ;
#5393 = AXIS2_PLACEMENT_3D ( 'NONE', #6243, #1423, #4696 ) ;
#5394 = LINE ( 'NONE', #4355, #5857 ) ;
#5395 = EDGE_LOOP ( 'NONE', ( #5460, #229, #323, #6646, #5734, #2594, #3411, #2182, #3098, #1908, #2371, #2736, #4183, #2000 ) ) ;
#5396 = FILL_AREA_STYLE ('',( #3247 ) ) ;
#5397 = CARTESIAN_POINT ( 'NONE',  ( 0.4750000000000033085, 0.4500000002000000277, 0.6556624325871229786 ) ) ;
#5398 = SURFACE_STYLE_FILL_AREA ( #93 ) ;
#5399 = DIRECTION ( 'NONE',  ( -1.000000000000000000, -0.000000000000000000, -0.000000000000000000 ) ) ;
#5400 = EDGE_LOOP ( 'NONE', ( #3008, #6979, #4353, #3226 ) ) ;
#5401 = EDGE_CURVE ( 'NONE', #6792, #5144, #5992, .T. ) ;
#5402 = DIRECTION ( 'NONE',  ( 0.000000000000000000, 0.000000000000000000, -1.000000000000000000 ) ) ;
#5403 = COLOUR_RGB ( '',0.7960784313725489669, 0.8235294117647058432, 0.9372549019607843146 ) ;
#5404 = DIRECTION ( 'NONE',  ( 0.000000000000000000, 0.000000000000000000, 1.000000000000000000 ) ) ;
#5405 = FACE_OUTER_BOUND ( 'NONE', #4432, .T. ) ;
#5406 = ORIENTED_EDGE ( 'NONE', *, *, #4223, .F. ) ;
#5407 = PRESENTATION_STYLE_ASSIGNMENT (( #3259 ) ) ;
#5408 = FACE_OUTER_BOUND ( 'NONE', #4486, .T. ) ;
#5409 = ORIENTED_EDGE ( 'NONE', *, *, #652, .F. ) ;
#5410 = EDGE_CURVE ( 'NONE', #581, #3117, #2793, .T. ) ;
#5411 = STYLED_ITEM ( 'NONE', ( #4464 ), #2405 ) ;
#5412 = CARTESIAN_POINT ( 'NONE',  ( -2.399999999999998579, 0.3063250300240242252, -0.8499999999999985345 ) ) ;
#5413 =( LENGTH_UNIT ( ) NAMED_UNIT ( * ) SI_UNIT ( .MILLI., .METRE. ) );
#5414 = CARTESIAN_POINT ( 'NONE',  ( -1.324999999999997957, 1.050000000000000044, -0.8099999999999991651 ) ) ;
#5415 = VERTEX_POINT ( 'NONE', #3818 ) ;
#5416 = ORIENTED_EDGE ( 'NONE', *, *, #1703, .T. ) ;
#5417 =( LENGTH_UNIT ( ) NAMED_UNIT ( * ) SI_UNIT ( .MILLI., .METRE. ) );
#5418 = SURFACE_SIDE_STYLE ('',( #6384 ) ) ;
#5419 = CARTESIAN_POINT ( 'NONE',  ( -2.399999999999998579, 0.4000000000000000222, -0.9149999999999980371 ) ) ;
#5420 = VECTOR ( 'NONE', #2330, 1000.000000000000000 ) ;
#5421 = STYLED_ITEM ( 'NONE', ( #5340 ), #3212 ) ;
#5422 = MECHANICAL_DESIGN_GEOMETRIC_PRESENTATION_REPRESENTATION (  '', ( #3386 ), #1803 ) ;
#5423 = CARTESIAN_POINT ( 'NONE',  ( 0.3705307922833874223, 2.639999999999999236, 0.1250000000000016376 ) ) ;
#5424 = ADVANCED_FACE ( 'NONE', ( #2754 ), #4916, .F. ) ;
#5425 = ORIENTED_EDGE ( 'NONE', *, *, #924, .F. ) ;
#5426 = VERTEX_POINT ( 'NONE', #1187 ) ;
#5427 = PRESENTATION_STYLE_ASSIGNMENT (( #2272 ) ) ;
#5428 = PRESENTATION_LAYER_ASSIGNMENT (  '', '', ( #479 ) ) ;
#5429 = CARTESIAN_POINT ( 'NONE',  ( 0.5000000000000039968, 2.239999999999989555, -0.3249999999999970690 ) ) ;
#5430 = ORIENTED_EDGE ( 'NONE', *, *, #3866, .F. ) ;
#5431 = PLANE ( 'NONE',  #635 ) ;
#5432 = ADVANCED_FACE ( 'NONE', ( #2225 ), #6527, .F. ) ;
#5433 = EDGE_CURVE ( 'NONE', #1358, #5628, #6379, .T. ) ;
#5434 =( GEOMETRIC_REPRESENTATION_CONTEXT ( 3 ) GLOBAL_UNCERTAINTY_ASSIGNED_CONTEXT ( ( #5912 ) ) GLOBAL_UNIT_ASSIGNED_CONTEXT ( ( #2320, #1791, #2820 ) ) REPRESENTATION_CONTEXT ( 'NONE', 'WORKASPACE' ) );
#5435 = UNCERTAINTY_MEASURE_WITH_UNIT (LENGTH_MEASURE( 1.000000000000000082E-05 ), #560, 'distance_accuracy_value', 'NONE');
#5436 = VECTOR ( 'NONE', #3675, 1000.000000000000000 ) ;
#5437 = ADVANCED_FACE ( 'NONE', ( #1559 ), #1118, .F. ) ;
#5438 = LINE ( 'NONE', #3320, #6913 ) ;
#5439 = ORIENTED_EDGE ( 'NONE', *, *, #2042, .F. ) ;
#5440 = DIRECTION ( 'NONE',  ( 1.000000000000000000, 0.000000000000000000, 0.000000000000000000 ) ) ;
#5441 = DIRECTION ( 'NONE',  ( 0.000000000000000000, 0.000000000000000000, -1.000000000000000000 ) ) ;
#5442 = ORIENTED_EDGE ( 'NONE', *, *, #2322, .F. ) ;
#5443 = DIRECTION ( 'NONE',  ( 0.000000000000000000, 0.000000000000000000, 1.000000000000000000 ) ) ;
#5444 = DIRECTION ( 'NONE',  ( -1.000000000000000000, 0.000000000000000000, 0.000000000000000000 ) ) ;
#5445 = ADVANCED_FACE ( 'NONE', ( #2122 ), #1042, .F. ) ;
#5446 = CARTESIAN_POINT ( 'NONE',  ( 1.100000000000002531, 1.050000000000000044, -0.3249999999999999001 ) ) ;
#5447 = EDGE_LOOP ( 'NONE', ( #1308, #2959, #486, #3534 ) ) ;
#5448 = CARTESIAN_POINT ( 'NONE',  ( -0.4749999999999984235, 0.4500000002000000832, 0.5500000000000018208 ) ) ;
#5449 = SURFACE_STYLE_FILL_AREA ( #1601 ) ;
#5450 = CARTESIAN_POINT ( 'NONE',  ( -0.2999999999999968803, 1.050000000000000044, 0.04500000000000294043 ) ) ;
#5451 = DIRECTION ( 'NONE',  ( -0.000000000000000000, -1.000000000000000000, -0.000000000000000000 ) ) ;
#5452 = PRESENTATION_LAYER_ASSIGNMENT (  '', '', ( #1068 ) ) ;
#5453 = FILL_AREA_STYLE ('',( #2206 ) ) ;
#5454 = ORIENTED_EDGE ( 'NONE', *, *, #5101, .T. ) ;
#5455 = EDGE_CURVE ( 'NONE', #4720, #1412, #5608, .T. ) ;
#5456 = VERTEX_POINT ( 'NONE', #2859 ) ;
#5457 = FILL_AREA_STYLE_COLOUR ( '', #6921 ) ;
#5458 = VECTOR ( 'NONE', #30, 1000.000000000000000 ) ;
#5459 = CARTESIAN_POINT ( 'NONE',  ( 16.30000000000000071, 2.750000000000000000, -0.9999999999999986677 ) ) ;
#5460 = ORIENTED_EDGE ( 'NONE', *, *, #3782, .T. ) ;
#5461 = CARTESIAN_POINT ( 'NONE',  ( 15.30000000000000071, 2.639999999999999236, -0.6999999999999985123 ) ) ;
#5462 = VECTOR ( 'NONE', #3941, 1000.000000000000000 ) ;
#5463 = EDGE_CURVE ( 'NONE', #6163, #1466, #5019, .T. ) ;
#5464 = MECHANICAL_DESIGN_GEOMETRIC_PRESENTATION_REPRESENTATION (  '', ( #4440 ), #2304 ) ;
#5465 = STYLED_ITEM ( 'NONE', ( #1886 ), #3606 ) ;
#5466 = CARTESIAN_POINT ( 'NONE',  ( -0.3705307922833825374, 2.639999999999999236, 0.1155307922833886253 ) ) ;
#5467 = ORIENTED_EDGE ( 'NONE', *, *, #5193, .F. ) ;
#5468 = CARTESIAN_POINT ( 'NONE',  ( -0.5249999999999981348, 0.7768699943250462203, -0.6999999999999985123 ) ) ;
#5469 = CARTESIAN_POINT ( 'NONE',  ( -1.939999999774998374, 2.750000000000000000, 0.1000000000000016848 ) ) ;
#5470 = ORIENTED_EDGE ( 'NONE', *, *, #6604, .F. ) ;
#5471 = DIRECTION ( 'NONE',  ( 0.000000000000000000, 1.204669080539449344E-16, -1.000000000000000000 ) ) ;
#5472 = CARTESIAN_POINT ( 'NONE',  ( 1.300000000000001155, 1.050000000000000044, 0.04500000000000011630 ) ) ;
#5473 = EDGE_CURVE ( 'NONE', #3901, #4962, #5054, .T. ) ;
#5474 = ORIENTED_EDGE ( 'NONE', *, *, #803, .F. ) ;
#5475 = AXIS2_PLACEMENT_3D ( 'NONE', #1161, #1196, #3309 ) ;
#5476 =( LENGTH_UNIT ( ) NAMED_UNIT ( * ) SI_UNIT ( .MILLI., .METRE. ) );
#5477 = CARTESIAN_POINT ( 'NONE',  ( -2.699999999999999289, 0.9999999998249999855, -0.9999999999999986677 ) ) ;
#5478 = LINE ( 'NONE', #211, #2790 ) ;
#5479 = ORIENTED_EDGE ( 'NONE', *, *, #3194, .T. ) ;
#5480 =( NAMED_UNIT ( * ) SI_UNIT ( $, .STERADIAN. ) SOLID_ANGLE_UNIT ( ) );
#5481 = CIRCLE ( 'NONE', #1206, 0.1000000000000000472 ) ;
#5482 = CARTESIAN_POINT ( 'NONE',  ( 1.275000000000001465, -4.042787761810355684E-17, 0.6499999999999983569 ) ) ;
#5483 = VECTOR ( 'NONE', #1219, 1000.000000000000227 ) ;
#5484 = DIRECTION ( 'NONE',  ( 0.000000000000000000, -1.019985910564053253E-16, 1.000000000000000000 ) ) ;
#5485 = LINE ( 'NONE', #5964, #167 ) ;
#5486 = ORIENTED_EDGE ( 'NONE', *, *, #5514, .T. ) ;
#5487 = ORIENTED_EDGE ( 'NONE', *, *, #5688, .F. ) ;
#5488 = EDGE_CURVE ( 'NONE', #1974, #5155, #5089, .T. ) ;
#5489 = AXIS2_PLACEMENT_3D ( 'NONE', #4089, #831, #2505 ) ;
#5490 = ORIENTED_EDGE ( 'NONE', *, *, #4240, .F. ) ;
#5491 = DIRECTION ( 'NONE',  ( 0.000000000000000000, 0.000000000000000000, -1.000000000000000000 ) ) ;
#5492 = LINE ( 'NONE', #669, #4347 ) ;
#5493 = FILL_AREA_STYLE ('',( #1235 ) ) ;
#5494 = VECTOR ( 'NONE', #1834, 1000.000000000000114 ) ;
#5495 = EDGE_LOOP ( 'NONE', ( #6412, #410, #608, #5612 ) ) ;
#5496 = LINE ( 'NONE', #1820, #948 ) ;
#5497 = VECTOR ( 'NONE', #6153, 1000.000000000000000 ) ;
#5498 = UNCERTAINTY_MEASURE_WITH_UNIT (LENGTH_MEASURE( 1.000000000000000082E-05 ), #3751, 'distance_accuracy_value', 'NONE');
#5499 = EDGE_CURVE ( 'NONE', #269, #4141, #4023, .T. ) ;
#5500 = EDGE_CURVE ( 'NONE', #880, #4382, #2396, .T. ) ;
#5501 = LINE ( 'NONE', #6582, #2297 ) ;
#5502 = ORIENTED_EDGE ( 'NONE', *, *, #104, .F. ) ;
#5503 = DIRECTION ( 'NONE',  ( 0.1710878697460308795, -0.9702875252478155854, -0.1710878697460308795 ) ) ;
#5504 = ORIENTED_EDGE ( 'NONE', *, *, #3775, .T. ) ;
#5505 = FACE_OUTER_BOUND ( 'NONE', #4014, .T. ) ;
#5506 = LINE ( 'NONE', #2821, #5124 ) ;
#5507 = EDGE_LOOP ( 'NONE', ( #3839, #4942, #6747, #1860 ) ) ;
#5508 = DIRECTION ( 'NONE',  ( -1.000000000000000000, -0.000000000000000000, 0.000000000000000000 ) ) ;
#5509 = DIRECTION ( 'NONE',  ( -1.000000000000000000, 0.000000000000000000, -0.000000000000000000 ) ) ;
#5510 = DIRECTION ( 'NONE',  ( -1.000000000000000000, 0.000000000000000000, 0.000000000000000000 ) ) ;
#5511 = EDGE_LOOP ( 'NONE', ( #3325, #391, #1507, #6324, #5409, #1393, #5406, #349, #1916, #5467, #3995, #4026, #6484, #2266 ) ) ;
#5512 = LINE ( 'NONE', #688, #6486 ) ;
#5513 = FACE_OUTER_BOUND ( 'NONE', #3238, .T. ) ;
#5514 = EDGE_CURVE ( 'NONE', #4602, #2085, #5648, .T. ) ;
#5515 = ADVANCED_FACE ( 'NONE', ( #6660 ), #756, .F. ) ;
#5516 = DIRECTION ( 'NONE',  ( 1.000000000000000000, -0.000000000000000000, -0.000000000000000000 ) ) ;
#5517 = PLANE ( 'NONE',  #5475 ) ;
#5518 = CARTESIAN_POINT ( 'NONE',  ( 0.5000000000000031086, 1.050000000000000044, 0.04500000000000294043 ) ) ;
#5519 = AXIS2_PLACEMENT_3D ( 'NONE', #6390, #3727, #524 ) ;
#5520 = CARTESIAN_POINT ( 'NONE',  ( -2.199999999999998845, 0.4000000000000000222, -0.9149999999999980371 ) ) ;
#5521 = EDGE_CURVE ( 'NONE', #677, #5426, #3913, .T. ) ;
#5522 = ORIENTED_EDGE ( 'NONE', *, *, #3292, .T. ) ;
#5523 = SURFACE_STYLE_FILL_AREA ( #1613 ) ;
#5524 = DIRECTION ( 'NONE',  ( 0.000000000000000000, 0.5735764363510474917, -0.8191520442889909104 ) ) ;
#5525 = VERTEX_POINT ( 'NONE', #3397 ) ;
#5526 = VECTOR ( 'NONE', #4451, 1000.000000000000000 ) ;
#5527 = VECTOR ( 'NONE', #13, 1000.000000000000000 ) ;
#5528 = ORIENTED_EDGE ( 'NONE', *, *, #6240, .T. ) ;
#5529 = VECTOR ( 'NONE', #3526, 1000.000000000000000 ) ;
#5530 = LINE ( 'NONE', #2781, #6574 ) ;
#5531 = DIRECTION ( 'NONE',  ( -1.000000000000000000, -0.000000000000000000, -0.000000000000000000 ) ) ;
#5532 = ORIENTED_EDGE ( 'NONE', *, *, #1929, .F. ) ;
#5533 = CARTESIAN_POINT ( 'NONE',  ( -2.399999999999998579, 0.3500000000000001443, -0.2500000000724984517 ) ) ;
#5534 = SURFACE_SIDE_STYLE ('',( #203 ) ) ;
#5535 = VECTOR ( 'NONE', #570, 1000.000000000000000 ) ;
#5536 = ORIENTED_EDGE ( 'NONE', *, *, #6487, .F. ) ;
#5537 = ADVANCED_FACE ( 'NONE', ( #1282 ), #3982, .F. ) ;
#5538 = VECTOR ( 'NONE', #5203, 1000.000000000000000 ) ;
#5539 = SURFACE_STYLE_USAGE ( .BOTH. , #5649 ) ;
#5540 = SURFACE_STYLE_FILL_AREA ( #3471 ) ;
#5541 = ORIENTED_EDGE ( 'NONE', *, *, #3083, .F. ) ;
#5542 = DIRECTION ( 'NONE',  ( 1.000000000000000000, -0.000000000000000000, -0.000000000000000000 ) ) ;
#5543 = PLANE ( 'NONE',  #6806 ) ;
#5544 = CARTESIAN_POINT ( 'NONE',  ( -0.2749999999999961919, 1.050000000000000044, -0.8099999999999991651 ) ) ;
#5545 = ADVANCED_FACE ( 'NONE', ( #1795 ), #5121, .F. ) ;
#5546 = DIRECTION ( 'NONE',  ( 0.000000000000000000, -1.857148025303053679E-09, 1.000000000000000000 ) ) ;
#5547 = ORIENTED_EDGE ( 'NONE', *, *, #3665, .T. ) ;
#5548 = LINE ( 'NONE', #3287, #5616 ) ;
#5549 = DIRECTION ( 'NONE',  ( 0.000000000000000000, 0.7071067811865355823, -0.7071067811865594521 ) ) ;
#5550 = CARTESIAN_POINT ( 'NONE',  ( 1.900000001987501630, 0.3499999999000000805, -1.000000000000001554 ) ) ;
#5551 = EDGE_CURVE ( 'NONE', #3600, #6137, #6560, .T. ) ;
#5552 = DIRECTION ( 'NONE',  ( -0.000000000000000000, 1.000000000000000000, 1.857148025303053679E-09 ) ) ;
#5553 = PLANE ( 'NONE',  #699 ) ;
#5554 = VERTEX_POINT ( 'NONE', #6099 ) ;
#5555 = SURFACE_SIDE_STYLE ('',( #1267 ) ) ;
#5556 = DIRECTION ( 'NONE',  ( -1.000000000000000000, -0.000000000000000000, 0.000000000000000000 ) ) ;
#5557 = ORIENTED_EDGE ( 'NONE', *, *, #4395, .F. ) ;
#5558 = EDGE_CURVE ( 'NONE', #446, #123, #4646, .T. ) ;
#5559 = UNCERTAINTY_MEASURE_WITH_UNIT (LENGTH_MEASURE( 1.000000000000000082E-05 ), #4226, 'distance_accuracy_value', 'NONE');
#5560 = VERTEX_POINT ( 'NONE', #684 ) ;
#5561 = DIRECTION ( 'NONE',  ( 1.000000000000000000, 0.000000000000000000, 0.000000000000000000 ) ) ;
#5562 = EDGE_LOOP ( 'NONE', ( #2926, #4424, #818, #5425 ) ) ;
#5563 = VECTOR ( 'NONE', #6032, 999.9999999999998863 ) ;
#5564 = LINE ( 'NONE', #2818, #5043 ) ;
#5565 = ORIENTED_EDGE ( 'NONE', *, *, #3924, .T. ) ;
#5566 = DIRECTION ( 'NONE',  ( 0.000000000000000000, 1.000000000000000000, 0.000000000000000000 ) ) ;
#5567 = DIRECTION ( 'NONE',  ( 0.000000000000000000, 0.000000000000000000, -1.000000000000000000 ) ) ;
#5568 = VECTOR ( 'NONE', #1785, 1000.000000000000000 ) ;
#5569 = SURFACE_STYLE_USAGE ( .BOTH. , #6093 ) ;
#5570 = AXIS2_PLACEMENT_3D ( 'NONE', #4126, #1381, #2429 ) ;
#5571 = EDGE_CURVE ( 'NONE', #6432, #446, #1215, .T. ) ;
#5572 = DIRECTION ( 'NONE',  ( -1.000000000000000000, -0.000000000000000000, -0.000000000000000000 ) ) ;
#5573 = EDGE_CURVE ( 'NONE', #1556, #4857, #2825, .T. ) ;
#5574 = CARTESIAN_POINT ( 'NONE',  ( -2.699999999999999289, 0.9999999996999999752, -0.9999999999999986677 ) ) ;
#5575 = DIRECTION ( 'NONE',  ( -1.000000000000000000, -0.000000000000000000, -0.000000000000000000 ) ) ;
#5576 = ORIENTED_EDGE ( 'NONE', *, *, #3281, .F. ) ;
#5577 = DIRECTION ( 'NONE',  ( -0.000000000000000000, -1.000000000000000000, -0.000000000000000000 ) ) ;
#5578 = LINE ( 'NONE', #2941, #2065 ) ;
#5579 = ADVANCED_FACE ( 'NONE', ( #1763 ), #1249, .F. ) ;
#5580 = CARTESIAN_POINT ( 'NONE',  ( -0.4999999999999982792, 1.050000000000000044, 0.3450000000000029710 ) ) ;
#5581 = DIRECTION ( 'NONE',  ( 0.000000000000000000, -1.204669080539449344E-16, 1.000000000000000000 ) ) ;
#5582 = ORIENTED_EDGE ( 'NONE', *, *, #1612, .F. ) ;
#5583 = ORIENTED_EDGE ( 'NONE', *, *, #3032, .T. ) ;
#5584 =( GEOMETRIC_REPRESENTATION_CONTEXT ( 3 ) GLOBAL_UNCERTAINTY_ASSIGNED_CONTEXT ( ( #4792 ) ) GLOBAL_UNIT_ASSIGNED_CONTEXT ( ( #6918, #1122, #2086 ) ) REPRESENTATION_CONTEXT ( 'NONE', 'WORKASPACE' ) );
#5585 = CARTESIAN_POINT ( 'NONE',  ( 2.700000000000000622, 0.05000000000000000971, -1.000000000000001554 ) ) ;
#5586 = CARTESIAN_POINT ( 'NONE',  ( -0.2999999999999959921, 2.639999999999999236, -0.3249999999999970690 ) ) ;
#5587 = VECTOR ( 'NONE', #227, 1000.000000000000000 ) ;
#5588 = SURFACE_STYLE_USAGE ( .BOTH. , #1812 ) ;
#5589 = AXIS2_PLACEMENT_3D ( 'NONE', #6413, #509, #6485 ) ;
#5590 = CARTESIAN_POINT ( 'NONE',  ( 0.4750000000000033085, 0.05000000000000031503, 1.250000000000001110 ) ) ;
#5591 = CARTESIAN_POINT ( 'NONE',  ( 2.199999999764064018, 1.000000000075000006, -1.000000000000001554 ) ) ;
#5592 = ORIENTED_EDGE ( 'NONE', *, *, #189, .F. ) ;
#5593 = VERTEX_POINT ( 'NONE', #5357 ) ;
#5594 = ORIENTED_EDGE ( 'NONE', *, *, #4247, .T. ) ;
#5595 = LINE ( 'NONE', #4010, #966 ) ;
#5596 = VECTOR ( 'NONE', #1625, 1000.000000000000227 ) ;
#5597 = VERTEX_POINT ( 'NONE', #1099 ) ;
#5598 = CARTESIAN_POINT ( 'NONE',  ( 2.400000000000000799, 0.2063250300240242197, -0.9500000000000011768 ) ) ;
#5599 = ORIENTED_EDGE ( 'NONE', *, *, #1935, .F. ) ;
#5600 = AXIS2_PLACEMENT_3D ( 'NONE', #4314, #1195, #5484 ) ;
#5601 = CARTESIAN_POINT ( 'NONE',  ( 2.200000000000001066, 1.000000000000000000, -0.2500000000000012212 ) ) ;
#5602 = DIRECTION ( 'NONE',  ( 0.000000000000000000, 0.000000000000000000, -1.000000000000000000 ) ) ;
#5603 = DIRECTION ( 'NONE',  ( -1.000000000000000000, 0.000000000000000000, 0.000000000000000000 ) ) ;
#5604 = MECHANICAL_DESIGN_GEOMETRIC_PRESENTATION_REPRESENTATION (  '', ( #4709 ), #2269 ) ;
#5605 = VERTEX_POINT ( 'NONE', #4293 ) ;
#5606 = DIRECTION ( 'NONE',  ( 1.000000000000000000, 0.000000000000000000, 0.000000000000000000 ) ) ;
#5607 = EDGE_CURVE ( 'NONE', #4459, #1247, #6437, .T. ) ;
#5608 = LINE ( 'NONE', #210, #709 ) ;
#5609 = DIRECTION ( 'NONE',  ( -1.000000000000000000, -0.000000000000000000, -0.000000000000000000 ) ) ;
#5610 = ORIENTED_EDGE ( 'NONE', *, *, #1385, .F. ) ;
#5611 = LINE ( 'NONE', #1767, #3455 ) ;
#5612 = ORIENTED_EDGE ( 'NONE', *, *, #3669, .F. ) ;
#5613 = CARTESIAN_POINT ( 'NONE',  ( -0.3249999999999967359, -3.675261601645777502E-17, 1.200000000000000844 ) ) ;
#5614 = DIRECTION ( 'NONE',  ( -0.000000000000000000, 1.000000000000000000, -0.000000000000000000 ) ) ;
#5615 = MECHANICAL_DESIGN_GEOMETRIC_PRESENTATION_REPRESENTATION (  '', ( #4838 ), #4489 ) ;
#5616 = VECTOR ( 'NONE', #3964, 1000.000000000000114 ) ;
#5617 = CARTESIAN_POINT ( 'NONE',  ( 1.300000000000002043, 2.239999999999989555, -0.3249999999999999001 ) ) ;
#5618 = ORIENTED_EDGE ( 'NONE', *, *, #469, .T. ) ;
#5619 = ORIENTED_EDGE ( 'NONE', *, *, #4174, .F. ) ;
#5620 =( LENGTH_UNIT ( ) NAMED_UNIT ( * ) SI_UNIT ( .MILLI., .METRE. ) );
#5621 = DIRECTION ( 'NONE',  ( 0.000000000000000000, 0.000000000000000000, -1.000000000000000000 ) ) ;
#5622 =( NAMED_UNIT ( * ) SI_UNIT ( $, .STERADIAN. ) SOLID_ANGLE_UNIT ( ) );
#5623 = AXIS2_PLACEMENT_3D ( 'NONE', #5459, #4326, #2143 ) ;
#5624 = CARTESIAN_POINT ( 'NONE',  ( 0.4750000000000033085, -3.675261601645777502E-17, 0.6500000000000011324 ) ) ;
#5625 = EDGE_CURVE ( 'NONE', #2250, #1451, #3733, .T. ) ;
#5626 = CARTESIAN_POINT ( 'NONE',  ( 2.400000000000000799, 0.6000000000000000888, -0.9150000000000009237 ) ) ;
#5627 = CARTESIAN_POINT ( 'NONE',  ( -0.5249999999999976907, 2.639999999999998348, -0.6999999999999982903 ) ) ;
#5628 = VERTEX_POINT ( 'NONE', #5158 ) ;
#5629 = CARTESIAN_POINT ( 'NONE',  ( -1.274999999999998357, 0.000000000000000000, 0.6500000000000011324 ) ) ;
#5630 = VECTOR ( 'NONE', #6963, 1000.000000000000000 ) ;
#5631 = ORIENTED_EDGE ( 'NONE', *, *, #3441, .F. ) ;
#5632 = VERTEX_POINT ( 'NONE', #1027 ) ;
#5633 = LINE ( 'NONE', #5706, #3664 ) ;
#5634 = ORIENTED_EDGE ( 'NONE', *, *, #2054, .T. ) ;
#5635 = VECTOR ( 'NONE', #2097, 1000.000000000000000 ) ;
#5636 = ADVANCED_FACE ( 'NONE', ( #3578 ), #6398, .F. ) ;
#5637 = CARTESIAN_POINT ( 'NONE',  ( 0.3000000000000026534, 2.639999999999999236, -0.3249999999999970690 ) ) ;
#5638 = FACE_OUTER_BOUND ( 'NONE', #2631, .T. ) ;
#5639 = VERTEX_POINT ( 'NONE', #1614 ) ;
#5640 = DIRECTION ( 'NONE',  ( 0.000000000000000000, 0.000000000000000000, 1.000000000000000000 ) ) ;
#5641 = CARTESIAN_POINT ( 'NONE',  ( 8.100000000000003197, 1.050000000000000044, -0.6999999999999985123 ) ) ;
#5642 = DIRECTION ( 'NONE',  ( 0.000000000000000000, 0.7071067811865352493, -0.7071067811865597852 ) ) ;
#5643 = EDGE_CURVE ( 'NONE', #3691, #5525, #3765, .T. ) ;
#5644 = AXIS2_PLACEMENT_3D ( 'NONE', #1642, #3759, #562 ) ;
#5645 = UNCERTAINTY_MEASURE_WITH_UNIT (LENGTH_MEASURE( 1.000000000000000082E-05 ), #2461, 'distance_accuracy_value', 'NONE');
#5646 = VERTEX_POINT ( 'NONE', #5323 ) ;
#5647 = LINE ( 'NONE', #1870, #3524 ) ;
#5648 = LINE ( 'NONE', #4476, #2960 ) ;
#5649 = SURFACE_SIDE_STYLE ('',( #6100 ) ) ;
#5650 = VECTOR ( 'NONE', #1885, 1000.000000000000000 ) ;
#5651 = CARTESIAN_POINT ( 'NONE',  ( -2.199999999999998845, 0.7936749699759758636, -0.9499999999999984013 ) ) ;
#5652 = ORIENTED_EDGE ( 'NONE', *, *, #6892, .T. ) ;
#5653 = CARTESIAN_POINT ( 'NONE',  ( -0.2749999999999979128, 1.050000000000000044, -0.8099999999999991651 ) ) ;
#5654 = ORIENTED_EDGE ( 'NONE', *, *, #5573, .T. ) ;
#5655 = PLANE ( 'NONE',  #2526 ) ;
#5656 = ADVANCED_FACE ( 'NONE', ( #496 ), #461, .F. ) ;
#5657 = CLOSED_SHELL ( 'NONE', ( #4041, #522, #4001, #6831, #3167, #5537, #3523, #1351, #21, #6728 ) ) ;
#5658 = VECTOR ( 'NONE', #8, 1000.000000000000000 ) ;
#5659 = DIRECTION ( 'NONE',  ( -0.000000000000000000, 0.000000000000000000, -1.000000000000000000 ) ) ;
#5660 = CARTESIAN_POINT ( 'NONE',  ( -0.2999999999999968803, 1.050000000000000044, 0.04500000000000294043 ) ) ;
#5661 = VERTEX_POINT ( 'NONE', #326 ) ;
#5662 = EDGE_LOOP ( 'NONE', ( #1825, #3829, #6959, #1470 ) ) ;
#5663 = CARTESIAN_POINT ( 'NONE',  ( 1.100000000000001643, 2.639999999999999236, 0.3450000000000001399 ) ) ;
#5664 = CARTESIAN_POINT ( 'NONE',  ( -0.3249999999999967359, -3.675261601645777502E-17, 0.6500000000000011324 ) ) ;
#5665 = CARTESIAN_POINT ( 'NONE',  ( -1.170530792283383414, 2.639999999999999236, 0.1250000000000016376 ) ) ;
#5666 = CARTESIAN_POINT ( 'NONE',  ( -0.4749999999999984235, -3.675261601645777964E-18, 1.200000000000000844 ) ) ;
#5667 = DIRECTION ( 'NONE',  ( -0.000000000000000000, 0.000000000000000000, 1.000000000000000000 ) ) ;
#5668 = ADVANCED_FACE ( 'NONE', ( #2637 ), #1060, .F. ) ;
#5669 = VERTEX_POINT ( 'NONE', #2435 ) ;
#5670 = CARTESIAN_POINT ( 'NONE',  ( -0.4294692077166117339, 2.639999999999999236, -0.3955307922833827261 ) ) ;
#5671 = CARTESIAN_POINT ( 'NONE',  ( 2.900000000000000799, 0.05000000000000000971, -0.9999999999999986677 ) ) ;
#5672 = ORIENTED_EDGE ( 'NONE', *, *, #3669, .T. ) ;
#5673 = DIRECTION ( 'NONE',  ( -0.000000000000000000, 1.000000000000000000, 1.857148025303053679E-09 ) ) ;
#5674 = EDGE_LOOP ( 'NONE', ( #3048, #849, #6251, #6446, #5806, #3365, #6821, #3331, #2767, #2204, #5739, #2093, #1102, #4795, #5118, #2390, #3056, #1133, #5113, #4506, #2178, #2258, #3460, #5123, #2879, #376, #4121, #4746 ) ) ;
#5675 = ADVANCED_FACE ( 'NONE', ( #4061 ), #6204, .F. ) ;
#5676 = SURFACE_SIDE_STYLE ('',( #3047 ) ) ;
#5677 = ORIENTED_EDGE ( 'NONE', *, *, #3450, .T. ) ;
#5678 = VECTOR ( 'NONE', #5831, 1000.000000000000000 ) ;
#5679 = DIRECTION ( 'NONE',  ( 0.000000000000000000, -0.7071067811865355823, 0.7071067811865595631 ) ) ;
#5680 = CARTESIAN_POINT ( 'NONE',  ( 0.4294692077166183397, 2.639999999999999236, -0.3955307922833827261 ) ) ;
#5681 = LINE ( 'NONE', #2970, #3111 ) ;
#5682 = VERTEX_POINT ( 'NONE', #4619 ) ;
#5683 = VECTOR ( 'NONE', #3263, 1000.000000000000000 ) ;
#5684 = DIRECTION ( 'NONE',  ( -1.000000000000000000, 0.000000000000000000, 0.000000000000000000 ) ) ;
#5685 = LINE ( 'NONE', #719, #5952 ) ;
#5686 = PLANE ( 'NONE',  #3594 ) ;
#5687 = VERTEX_POINT ( 'NONE', #6780 ) ;
#5688 = EDGE_CURVE ( 'NONE', #508, #2850, #1947, .T. ) ;
#5689 = MECHANICAL_DESIGN_GEOMETRIC_PRESENTATION_REPRESENTATION (  '', ( #5246 ), #45 ) ;
#5690 = CARTESIAN_POINT ( 'NONE',  ( 2.400000000000000799, 0.3499999999999999778, 0.05000000001624881063 ) ) ;
#5691 = ORIENTED_EDGE ( 'NONE', *, *, #346, .F. ) ;
#5692 = FACE_OUTER_BOUND ( 'NONE', #4879, .T. ) ;
#5693 = VECTOR ( 'NONE', #4307, 1000.000000000000000 ) ;
#5694 = AXIS2_PLACEMENT_3D ( 'NONE', #6759, #3039, #815 ) ;
#5695 = VERTEX_POINT ( 'NONE', #4325 ) ;
#5696 = ORIENTED_EDGE ( 'NONE', *, *, #1997, .F. ) ;
#5697 = DIRECTION ( 'NONE',  ( 0.000000000000000000, -1.000000000000000000, -3.249988186109896618E-11 ) ) ;
#5698 = DIRECTION ( 'NONE',  ( -0.000000000000000000, 0.000000000000000000, 1.000000000000000000 ) ) ;
#5699 = VECTOR ( 'NONE', #3654, 1000.000000000000000 ) ;
#5700 = LINE ( 'NONE', #5139, #755 ) ;
#5701 = VECTOR ( 'NONE', #5890, 1000.000000000000000 ) ;
#5702 = EDGE_CURVE ( 'NONE', #5760, #2036, #4862, .T. ) ;
#5703 = ORIENTED_EDGE ( 'NONE', *, *, #4313, .T. ) ;
#5704 = VECTOR ( 'NONE', #1712, 1000.000000000000000 ) ;
#5705 = VERTEX_POINT ( 'NONE', #1134 ) ;
#5706 = CARTESIAN_POINT ( 'NONE',  ( 2.400000000000000799, 8.109541161931386268E-17, -0.7786222391909481955 ) ) ;
#5707 = VERTEX_POINT ( 'NONE', #1651 ) ;
#5708 = CARTESIAN_POINT ( 'NONE',  ( -0.4999999999999973910, 2.639999999999999236, -0.8249999999999970690 ) ) ;
#5709 = ORIENTED_EDGE ( 'NONE', *, *, #6047, .T. ) ;
#5710 = DIRECTION ( 'NONE',  ( -0.000000000000000000, 0.7071067811865595631, 0.7071067811865355823 ) ) ;
#5711 = DIRECTION ( 'NONE',  ( -1.000000000000000000, 0.000000000000000000, 0.000000000000000000 ) ) ;
#5712 = UNCERTAINTY_MEASURE_WITH_UNIT (LENGTH_MEASURE( 1.000000000000000082E-05 ), #706, 'distance_accuracy_value', 'NONE');
#5713 = CARTESIAN_POINT ( 'NONE',  ( 1.100000000000002531, 2.239999999999989555, -0.3249999999999999001 ) ) ;
#5714 = CARTESIAN_POINT ( 'NONE',  ( 1.125000000000001332, 0.05000000000000030809, 1.249999999999998224 ) ) ;
#5715 = PRESENTATION_LAYER_ASSIGNMENT (  '', '', ( #5279 ) ) ;
#5716 = EDGE_CURVE ( 'NONE', #3547, #1897, #3798, .T. ) ;
#5717 = DIRECTION ( 'NONE',  ( -0.000000000000000000, -1.000000000000000000, 0.000000000000000000 ) ) ;
#5718 = DIRECTION ( 'NONE',  ( 0.1710878697460311570, -0.9702875252478154744, 0.1710878697460311570 ) ) ;
#5719 = FACE_OUTER_BOUND ( 'NONE', #4345, .T. ) ;
#5720 = ORIENTED_EDGE ( 'NONE', *, *, #6757, .F. ) ;
#5721 = CARTESIAN_POINT ( 'NONE',  ( 1.229469207716615609, 2.639999999999999236, 0.1249999999999988065 ) ) ;
#5722 = MECHANICAL_DESIGN_GEOMETRIC_PRESENTATION_REPRESENTATION (  '', ( #6732 ), #315 ) ;
#5723 = DIRECTION ( 'NONE',  ( 0.000000000000000000, 1.115385494969530056E-10, -1.000000000000000000 ) ) ;
#5724 =( GEOMETRIC_REPRESENTATION_CONTEXT ( 3 ) GLOBAL_UNCERTAINTY_ASSIGNED_CONTEXT ( ( #3383 ) ) GLOBAL_UNIT_ASSIGNED_CONTEXT ( ( #6283, #1457, #3623 ) ) REPRESENTATION_CONTEXT ( 'NONE', 'WORKASPACE' ) );
#5725 = COLOUR_RGB ( '',0.7960784313725489669, 0.8235294117647058432, 0.9372549019607843146 ) ;
#5726 = VERTEX_POINT ( 'NONE', #24 ) ;
#5727 = ORIENTED_EDGE ( 'NONE', *, *, #4959, .F. ) ;
#5728 = CARTESIAN_POINT ( 'NONE',  ( -1.324999999999998845, 2.639999999999998348, -0.6999999999999982903 ) ) ;
#5729 = FACE_OUTER_BOUND ( 'NONE', #356, .T. ) ;
#5730 = DIRECTION ( 'NONE',  ( -0.000000000000000000, -1.000000000000000000, -0.000000000000000000 ) ) ;
#5731 = EDGE_CURVE ( 'NONE', #5593, #5860, #2180, .T. ) ;
#5732 = PLANE ( 'NONE',  #5047 ) ;
#5733 = DIRECTION ( 'NONE',  ( 0.000000000000000000, 0.000000000000000000, -1.000000000000000000 ) ) ;
#5734 = ORIENTED_EDGE ( 'NONE', *, *, #3866, .T. ) ;
#5735 = DIRECTION ( 'NONE',  ( 0.000000000000000000, -0.5000000000000039968, -0.8660254037844363761 ) ) ;
#5736 =( GEOMETRIC_REPRESENTATION_CONTEXT ( 3 ) GLOBAL_UNCERTAINTY_ASSIGNED_CONTEXT ( ( #874 ) ) GLOBAL_UNIT_ASSIGNED_CONTEXT ( ( #4584, #2860, #1354 ) ) REPRESENTATION_CONTEXT ( 'NONE', 'WORKASPACE' ) );
#5737 = ADVANCED_FACE ( 'NONE', ( #3576 ), #4582, .F. ) ;
#5738 = MECHANICAL_DESIGN_GEOMETRIC_PRESENTATION_REPRESENTATION (  '', ( #217 ), #6297 ) ;
#5739 = ORIENTED_EDGE ( 'NONE', *, *, #2029, .T. ) ;
#5740 = LINE ( 'NONE', #5322, #4436 ) ;
#5741 = CARTESIAN_POINT ( 'NONE',  ( 0.5000000000000031086, 2.239999999999990443, 0.3450000000000029710 ) ) ;
#5742 = ORIENTED_EDGE ( 'NONE', *, *, #4590, .T. ) ;
#5743 = LINE ( 'NONE', #3009, #5801 ) ;
#5744 = DIRECTION ( 'NONE',  ( -1.000000000000000000, -0.000000000000000000, -0.000000000000000000 ) ) ;
#5745 = STYLED_ITEM ( 'NONE', ( #6392 ), #734 ) ;
#5746 = DIRECTION ( 'NONE',  ( -1.000000000000000000, 0.000000000000000000, 0.000000000000000000 ) ) ;
#5747 = DIRECTION ( 'NONE',  ( -0.9848077530122090195, -0.1736481776669255295, -0.000000000000000000 ) ) ;
#5748 = DIRECTION ( 'NONE',  ( 0.000000000000000000, 1.000000000000000000, 7.572940222879531112E-11 ) ) ;
#5749 = CARTESIAN_POINT ( 'NONE',  ( -1.124999999999998446, 0.4500000002000000832, 0.6556624325871229786 ) ) ;
#5750 =( NAMED_UNIT ( * ) PLANE_ANGLE_UNIT ( ) SI_UNIT ( $, .RADIAN. ) );
#5751 = ORIENTED_EDGE ( 'NONE', *, *, #3312, .T. ) ;
#5752 = ADVANCED_FACE ( 'NONE', ( #6134 ), #5156, .F. ) ;
#5753 = DIRECTION ( 'NONE',  ( -1.000000000000000000, 0.000000000000000000, 0.000000000000000000 ) ) ;
#5754 = VECTOR ( 'NONE', #1715, 1000.000000000000000 ) ;
#5755 = DIRECTION ( 'NONE',  ( 0.000000000000000000, 1.204669080539449344E-16, -1.000000000000000000 ) ) ;
#5756 = VECTOR ( 'NONE', #1813, 1000.000000000000000 ) ;
#5757 = EDGE_CURVE ( 'NONE', #3858, #3660, #208, .T. ) ;
#5758 = FACE_OUTER_BOUND ( 'NONE', #1266, .T. ) ;
#5759 = PLANE ( 'NONE',  #4230 ) ;
#5760 = VERTEX_POINT ( 'NONE', #5713 ) ;
#5761 = ORIENTED_EDGE ( 'NONE', *, *, #885, .F. ) ;
#5762 = EDGE_CURVE ( 'NONE', #2354, #2036, #6239, .T. ) ;
#5763 = DIRECTION ( 'NONE',  ( 0.000000000000000000, 1.019985910564053253E-16, -1.000000000000000000 ) ) ;
#5764 =( NAMED_UNIT ( * ) PLANE_ANGLE_UNIT ( ) SI_UNIT ( $, .RADIAN. ) );
#5765 = FILL_AREA_STYLE_COLOUR ( '', #3658 ) ;
#5766 = CLOSED_SHELL ( 'NONE', ( #6152, #3502, #5344, #6834, #4232, #55, #6441, #6083, #3584, #2858 ) ) ;
#5767 = VECTOR ( 'NONE', #248, 1000.000000000000000 ) ;
#5768 = VERTEX_POINT ( 'NONE', #6273 ) ;
#5769 = ADVANCED_FACE ( 'NONE', ( #2471 ), #1420, .F. ) ;
#5770 = CARTESIAN_POINT ( 'NONE',  ( -1.099999999999997646, 2.239999999999989555, -0.8249999999999970690 ) ) ;
#5771 = CARTESIAN_POINT ( 'NONE',  ( 1.300000000000001155, 2.639999999999999236, 0.04500000000000011630 ) ) ;
#5772 = ORIENTED_EDGE ( 'NONE', *, *, #2473, .T. ) ;
#5773 = EDGE_CURVE ( 'NONE', #1323, #6244, #6742, .T. ) ;
#5774 =( LENGTH_UNIT ( ) NAMED_UNIT ( * ) SI_UNIT ( .MILLI., .METRE. ) );
#5775 = ORIENTED_EDGE ( 'NONE', *, *, #1997, .T. ) ;
#5776 = LINE ( 'NONE', #1443, #6543 ) ;
#5777 = SURFACE_STYLE_FILL_AREA ( #996 ) ;
#5778 = DIRECTION ( 'NONE',  ( 0.000000000000000000, 1.000000000000000000, 0.000000000000000000 ) ) ;
#5779 = AXIS2_PLACEMENT_3D ( 'NONE', #685, #1216, #1697 ) ;
#5780 = VERTEX_POINT ( 'NONE', #4130 ) ;
#5781 = ADVANCED_FACE ( 'NONE', ( #2395 ), #4022, .F. ) ;
#5782 = CARTESIAN_POINT ( 'NONE',  ( 1.939999999725001478, 1.050000000000000044, -0.5000000000000013323 ) ) ;
#5783 = CARTESIAN_POINT ( 'NONE',  ( 0.4750000000000033085, 0.04999999999999997502, 1.200000000000001288 ) ) ;
#5784 = UNCERTAINTY_MEASURE_WITH_UNIT (LENGTH_MEASURE( 1.000000000000000082E-05 ), #4337, 'distance_accuracy_value', 'NONE');
#5785 = PLANE ( 'NONE',  #243 ) ;
#5786 = VECTOR ( 'NONE', #263, 1000.000000000000000 ) ;
#5787 = SURFACE_STYLE_FILL_AREA ( #3614 ) ;
#5788 = DIRECTION ( 'NONE',  ( 0.000000000000000000, 0.000000000000000000, 1.000000000000000000 ) ) ;
#5789 = ORIENTED_EDGE ( 'NONE', *, *, #6065, .F. ) ;
#5790 = LINE ( 'NONE', #4731, #69 ) ;
#5791 = DIRECTION ( 'NONE',  ( -1.000000000000000000, -0.000000000000000000, -0.000000000000000000 ) ) ;
#5792 = VECTOR ( 'NONE', #6362, 1000.000000000000000 ) ;
#5793 = FACE_OUTER_BOUND ( 'NONE', #1844, .T. ) ;
#5794 = CARTESIAN_POINT ( 'NONE',  ( 1.125000000000001332, -4.042787761810355684E-17, 1.199999999999997957 ) ) ;
#5795 = ORIENTED_EDGE ( 'NONE', *, *, #2979, .F. ) ;
#5796 = LINE ( 'NONE', #411, #5178 ) ;
#5797 = CARTESIAN_POINT ( 'NONE',  ( -0.3249999999999967359, 0.1999999999999999833, 0.8000000000000011546 ) ) ;
#5798 = LINE ( 'NONE', #4740, #6338 ) ;
#5799 = PRESENTATION_LAYER_ASSIGNMENT (  '', '', ( #4903 ) ) ;
#5800 = EDGE_CURVE ( 'NONE', #1932, #5768, #6659, .T. ) ;
#5801 = VECTOR ( 'NONE', #4054, 1000.000000000000000 ) ;
#5802 = EDGE_CURVE ( 'NONE', #1292, #4008, #5647, .T. ) ;
#5803 = ORIENTED_EDGE ( 'NONE', *, *, #6282, .T. ) ;
#5804 = CARTESIAN_POINT ( 'NONE',  ( 9.900000000000002132, 2.750000000000000000, -0.8100000000000020517 ) ) ;
#5805 = ORIENTED_EDGE ( 'NONE', *, *, #5101, .F. ) ;
#5806 = ORIENTED_EDGE ( 'NONE', *, *, #4261, .T. ) ;
#5807 = DIRECTION ( 'NONE',  ( 1.000000000000000000, 0.000000000000000000, 0.000000000000000000 ) ) ;
#5808 = DIRECTION ( 'NONE',  ( -1.000000000000000000, 0.000000000000000000, 0.000000000000000000 ) ) ;
#5809 = ORIENTED_EDGE ( 'NONE', *, *, #281, .F. ) ;
#5810 = VECTOR ( 'NONE', #4375, 1000.000000000000000 ) ;
#5811 = DIRECTION ( 'NONE',  ( 0.000000000000000000, 0.000000000000000000, -1.000000000000000000 ) ) ;
#5812 = VECTOR ( 'NONE', #1487, 1000.000000000000000 ) ;
#5813 = ADVANCED_FACE ( 'NONE', ( #838 ), #5053, .F. ) ;
#5814 = FACE_OUTER_BOUND ( 'NONE', #1185, .T. ) ;
#5815 = LINE ( 'NONE', #5233, #6756 ) ;
#5816 = DIRECTION ( 'NONE',  ( 0.000000000000000000, 0.000000000000000000, 1.000000000000000000 ) ) ;
#5817 = LINE ( 'NONE', #6876, #3500 ) ;
#5818 = FILL_AREA_STYLE ('',( #4836 ) ) ;
#5819 = ORIENTED_EDGE ( 'NONE', *, *, #1368, .T. ) ;
#5820 = DIRECTION ( 'NONE',  ( 0.000000000000000000, -1.000000000000000000, 0.000000000000000000 ) ) ;
#5821 =( LENGTH_UNIT ( ) NAMED_UNIT ( * ) SI_UNIT ( .MILLI., .METRE. ) );
#5822 = CARTESIAN_POINT ( 'NONE',  ( -2.199999999312498566, 0.3499999999250000271, -0.9999999999999986677 ) ) ;
#5823 = AXIS2_PLACEMENT_3D ( 'NONE', #6936, #1616, #3215 ) ;
#5824 = EDGE_CURVE ( 'NONE', #1817, #56, #5088, .T. ) ;
#5825 =( LENGTH_UNIT ( ) NAMED_UNIT ( * ) SI_UNIT ( .MILLI., .METRE. ) );
#5826 = AXIS2_PLACEMENT_3D ( 'NONE', #6595, #6529, #1765 ) ;
#5827 = VERTEX_POINT ( 'NONE', #2013 ) ;
#5828 = LINE ( 'NONE', #1045, #1130 ) ;
#5829 = FACE_OUTER_BOUND ( 'NONE', #1197, .T. ) ;
#5830 = VECTOR ( 'NONE', #5346, 1000.000000000000000 ) ;
#5831 = DIRECTION ( 'NONE',  ( 0.000000000000000000, 0.000000000000000000, 1.000000000000000000 ) ) ;
#5832 = CARTESIAN_POINT ( 'NONE',  ( 2.400000000000000799, 0.1199999999999999956, -0.9500000000000011768 ) ) ;
#5833 = CARTESIAN_POINT ( 'NONE',  ( 0.5000000000000039968, 2.239999999999989555, -0.8249999999999970690 ) ) ;
#5834 =( NAMED_UNIT ( * ) PLANE_ANGLE_UNIT ( ) SI_UNIT ( $, .RADIAN. ) );
#5835 = DIRECTION ( 'NONE',  ( 0.000000000000000000, -1.000000000000000000, 0.000000000000000000 ) ) ;
#5836 = ORIENTED_EDGE ( 'NONE', *, *, #334, .T. ) ;
#5837 = EDGE_CURVE ( 'NONE', #3833, #1974, #1583, .T. ) ;
#5838 = SURFACE_STYLE_USAGE ( .BOTH. , #1541 ) ;
#5839 = DIRECTION ( 'NONE',  ( 0.000000000000000000, -0.000000000000000000, 1.000000000000000000 ) ) ;
#5840 = PLANE ( 'NONE',  #3272 ) ;
#5841 = FACE_OUTER_BOUND ( 'NONE', #3144, .T. ) ;
#5842 = ORIENTED_EDGE ( 'NONE', *, *, #2489, .T. ) ;
#5843 =( GEOMETRIC_REPRESENTATION_CONTEXT ( 3 ) GLOBAL_UNCERTAINTY_ASSIGNED_CONTEXT ( ( #2469 ) ) GLOBAL_UNIT_ASSIGNED_CONTEXT ( ( #2707, #4863, #6510 ) ) REPRESENTATION_CONTEXT ( 'NONE', 'WORKASPACE' ) );
#5844 = DIRECTION ( 'NONE',  ( 0.000000000000000000, 0.000000000000000000, 1.000000000000000000 ) ) ;
#5845 = UNCERTAINTY_MEASURE_WITH_UNIT (LENGTH_MEASURE( 1.000000000000000082E-05 ), #6373, 'distance_accuracy_value', 'NONE');
#5846 = DIRECTION ( 'NONE',  ( 0.000000000000000000, -1.000000000000000000, -0.000000000000000000 ) ) ;
#5847 = EDGE_CURVE ( 'NONE', #5986, #5004, #5266, .T. ) ;
#5848 = SURFACE_STYLE_FILL_AREA ( #4161 ) ;
#5849 = CARTESIAN_POINT ( 'NONE',  ( 2.700000000000001510, 2.750000000000000000, -1.000000000000001554 ) ) ;
#5850 = CIRCLE ( 'NONE', #5519, 0.1000000000000000472 ) ;
#5851 = PLANE ( 'NONE',  #1688 ) ;
#5852 = CARTESIAN_POINT ( 'NONE',  ( 1.275000000000001465, 0.1999999999999999833, 0.7999999999999982681 ) ) ;
#5853 = ORIENTED_EDGE ( 'NONE', *, *, #5757, .F. ) ;
#5854 = LINE ( 'NONE', #3227, #4783 ) ;
#5855 = SURFACE_STYLE_FILL_AREA ( #3709 ) ;
#5856 = ADVANCED_FACE ( 'NONE', ( #5814 ), #6371, .F. ) ;
#5857 = VECTOR ( 'NONE', #6507, 1000.000000000000000 ) ;
#5858 = DIRECTION ( 'NONE',  ( 0.000000000000000000, 0.8660254037844363761, -0.5000000000000039968 ) ) ;
#5859 = DIRECTION ( 'NONE',  ( 0.000000000000000000, 0.000000000000000000, 1.000000000000000000 ) ) ;
#5860 = VERTEX_POINT ( 'NONE', #1035 ) ;
#5861 = DIRECTION ( 'NONE',  ( 0.000000000000000000, 0.000000000000000000, -1.000000000000000000 ) ) ;
#5862 = CARTESIAN_POINT ( 'NONE',  ( 1.170530792283388077, 2.639999999999999236, -0.3955307922833855572 ) ) ;
#5863 = PRESENTATION_STYLE_ASSIGNMENT (( #5928 ) ) ;
#5864 = CARTESIAN_POINT ( 'NONE',  ( 3.966666666666668561, -3.026666666666667282, 4.966666666666667673 ) ) ;
#5865 = DIRECTION ( 'NONE',  ( 0.000000000000000000, 0.000000000000000000, -1.000000000000000000 ) ) ;
#5866 = CARTESIAN_POINT ( 'NONE',  ( -1.099999999999997646, 2.639999999999999236, -0.3249999999999970690 ) ) ;
#5867 = MECHANICAL_DESIGN_GEOMETRIC_PRESENTATION_REPRESENTATION (  '', ( #2170 ), #3943 ) ;
#5868 = COLOUR_RGB ( '',0.7960784313725489669, 0.8235294117647058432, 0.9372549019607843146 ) ;
#5869 = EDGE_LOOP ( 'NONE', ( #6072, #5325, #6832, #4154 ) ) ;
#5870 = PRESENTATION_STYLE_ASSIGNMENT (( #5283 ) ) ;
#5871 = CARTESIAN_POINT ( 'NONE',  ( 0.3250000000000016209, -3.675261601645777964E-18, 1.200000000000000844 ) ) ;
#5872 = ORIENTED_EDGE ( 'NONE', *, *, #2724, .F. ) ;
#5873 =( GEOMETRIC_REPRESENTATION_CONTEXT ( 3 ) GLOBAL_UNCERTAINTY_ASSIGNED_CONTEXT ( ( #779 ) ) GLOBAL_UNIT_ASSIGNED_CONTEXT ( ( #1912, #1542, #4787 ) ) REPRESENTATION_CONTEXT ( 'NONE', 'WORKASPACE' ) );
#5874 = ORIENTED_EDGE ( 'NONE', *, *, #1164, .T. ) ;
#5875 = ADVANCED_FACE ( 'NONE', ( #2540 ), #2151, .F. ) ;
#5876 = CARTESIAN_POINT ( 'NONE',  ( -1.274999999999998357, 0.05000000000000000971, 1.200000000000001288 ) ) ;
#5877 = AXIS2_PLACEMENT_3D ( 'NONE', #3017, #2474, #5839 ) ;
#5878 = PLANE ( 'NONE',  #4378 ) ;
#5879 = LINE ( 'NONE', #1062, #6377 ) ;
#5880 = VERTEX_POINT ( 'NONE', #537 ) ;
#5881 = EDGE_CURVE ( 'NONE', #5605, #6233, #3184, .T. ) ;
#5882 = CARTESIAN_POINT ( 'NONE',  ( -0.2999999999999968803, 1.050000000000000044, 0.3450000000000029710 ) ) ;
#5883 = LINE ( 'NONE', #4422, #1095 ) ;
#5884 = ORIENTED_EDGE ( 'NONE', *, *, #5521, .T. ) ;
#5885 = CARTESIAN_POINT ( 'NONE',  ( -1.299999999999997380, 2.239999999999989555, -0.3249999999999970690 ) ) ;
#5886 = CARTESIAN_POINT ( 'NONE',  ( 1.810000000000001386, 2.750000000000000000, -0.8100000000000020517 ) ) ;
#5887 = ORIENTED_EDGE ( 'NONE', *, *, #6007, .T. ) ;
#5888 = CARTESIAN_POINT ( 'NONE',  ( 1.300000000000002043, 2.639999999999999236, -0.8249999999999998446 ) ) ;
#5889 = EDGE_CURVE ( 'NONE', #1, #1817, #4263, .T. ) ;
#5890 = DIRECTION ( 'NONE',  ( -1.000000000000000000, -0.000000000000000000, -0.000000000000000000 ) ) ;
#5891 = ORIENTED_EDGE ( 'NONE', *, *, #5129, .F. ) ;
#5892 = LINE ( 'NONE', #1084, #3045 ) ;
#5893 = DIRECTION ( 'NONE',  ( 0.000000000000000000, 0.000000000000000000, 1.000000000000000000 ) ) ;
#5894 = LINE ( 'NONE', #4957, #4772 ) ;
#5895 = VECTOR ( 'NONE', #4377, 1000.000000000000000 ) ;
#5896 = EDGE_CURVE ( 'NONE', #5255, #618, #1621, .T. ) ;
#5897 = COLOUR_RGB ( '',0.7960784313725489669, 0.8235294117647058432, 0.9372549019607843146 ) ;
#5898 = CARTESIAN_POINT ( 'NONE',  ( 2.700000000000001510, 0.9999999998999998807, -1.000000000000001554 ) ) ;
#5899 = FILL_AREA_STYLE_COLOUR ( '', #3885 ) ;
#5900 = EDGE_LOOP ( 'NONE', ( #3000, #2636, #792, #6295 ) ) ;
#5901 = VECTOR ( 'NONE', #3942, 1000.000000000000000 ) ;
#5902 =( GEOMETRIC_REPRESENTATION_CONTEXT ( 3 ) GLOBAL_UNCERTAINTY_ASSIGNED_CONTEXT ( ( #6478 ) ) GLOBAL_UNIT_ASSIGNED_CONTEXT ( ( #2642, #4828, #500 ) ) REPRESENTATION_CONTEXT ( 'NONE', 'WORKASPACE' ) );
#5903 = ORIENTED_EDGE ( 'NONE', *, *, #4715, .F. ) ;
#5904 = COLOUR_RGB ( '',0.7960784313725489669, 0.8235294117647058432, 0.9372549019607843146 ) ;
#5905 = ADVANCED_FACE ( 'NONE', ( #3773 ), #4195, .F. ) ;
#5906 = CARTESIAN_POINT ( 'NONE',  ( 15.30000000000000071, 1.050000000000000044, -0.6999999999999985123 ) ) ;
#5907 = SURFACE_STYLE_FILL_AREA ( #3248 ) ;
#5908 = LINE ( 'NONE', #2602, #6038 ) ;
#5909 = VERTEX_POINT ( 'NONE', #2078 ) ;
#5910 = CARTESIAN_POINT ( 'NONE',  ( 1.325000000000001954, 0.7768699943250462203, -0.8100000000000020517 ) ) ;
#5911 = COLOUR_RGB ( '',0.7960784313725489669, 0.8235294117647058432, 0.9372549019607843146 ) ;
#5912 = UNCERTAINTY_MEASURE_WITH_UNIT (LENGTH_MEASURE( 1.000000000000000082E-05 ), #2320, 'distance_accuracy_value', 'NONE');
#5913 = DIRECTION ( 'NONE',  ( 0.000000000000000000, -0.7071067811865355823, 0.7071067811865595631 ) ) ;
#5914 =( GEOMETRIC_REPRESENTATION_CONTEXT ( 3 ) GLOBAL_UNCERTAINTY_ASSIGNED_CONTEXT ( ( #939 ) ) GLOBAL_UNIT_ASSIGNED_CONTEXT ( ( #4390, #2844, #6641 ) ) REPRESENTATION_CONTEXT ( 'NONE', 'WORKASPACE' ) );
#5915 = EDGE_LOOP ( 'NONE', ( #666, #6168, #6102, #4593, #4212, #6878, #74, #2690 ) ) ;
#5916 = CARTESIAN_POINT ( 'NONE',  ( 0.3552943046604497002, 2.553589584749196284, -0.3802943046604444488 ) ) ;
#5917 = MECHANICAL_DESIGN_GEOMETRIC_PRESENTATION_REPRESENTATION (  '', ( #5263 ), #3456 ) ;
#5918 = ORIENTED_EDGE ( 'NONE', *, *, #3530, .T. ) ;
#5919 = CARTESIAN_POINT ( 'NONE',  ( -1.939999999999999059, 2.750000000000000000, 0.1000000000000016154 ) ) ;
#5920 = CARTESIAN_POINT ( 'NONE',  ( -0.3249999999999967359, 0.04999999999999997502, 1.200000000000001288 ) ) ;
#5921 = VECTOR ( 'NONE', #4135, 1000.000000000000000 ) ;
#5922 = ORIENTED_EDGE ( 'NONE', *, *, #2311, .F. ) ;
#5923 = EDGE_CURVE ( 'NONE', #5110, #5163, #5232, .T. ) ;
#5924 = FILL_AREA_STYLE_COLOUR ( '', #778 ) ;
#5925 = VERTEX_POINT ( 'NONE', #6839 ) ;
#5926 = CARTESIAN_POINT ( 'NONE',  ( -2.199999999999998845, 0.6936749699759758858, -0.9499999999999986233 ) ) ;
#5927 = LINE ( 'NONE', #2620, #3933 ) ;
#5928 = SURFACE_STYLE_USAGE ( .BOTH. , #6457 ) ;
#5929 = VECTOR ( 'NONE', #3838, 1000.000000000000000 ) ;
#5930 = EDGE_CURVE ( 'NONE', #3634, #4352, #6336, .T. ) ;
#5931 = PLANE ( 'NONE',  #6710 ) ;
#5932 = CARTESIAN_POINT ( 'NONE',  ( 2.400000000000000799, 0.7936749699759758636, -0.9500000000000011768 ) ) ;
#5933 = ORIENTED_EDGE ( 'NONE', *, *, #6122, .F. ) ;
#5934 = ORIENTED_EDGE ( 'NONE', *, *, #1233, .T. ) ;
#5935 = EDGE_CURVE ( 'NONE', #6481, #6617, #5302, .T. ) ;
#5936 =( GEOMETRIC_REPRESENTATION_CONTEXT ( 3 ) GLOBAL_UNCERTAINTY_ASSIGNED_CONTEXT ( ( #2972 ) ) GLOBAL_UNIT_ASSIGNED_CONTEXT ( ( #5825, #4667, #4170 ) ) REPRESENTATION_CONTEXT ( 'NONE', 'WORKASPACE' ) );
#5937 = VERTEX_POINT ( 'NONE', #6903 ) ;
#5938 = FACE_OUTER_BOUND ( 'NONE', #3796, .T. ) ;
#5939 = CARTESIAN_POINT ( 'NONE',  ( 0.4750000000000033085, 0.1999999999999999278, 1.250000000000001110 ) ) ;
#5940 = DIRECTION ( 'NONE',  ( 0.000000000000000000, 1.000000000000000000, 0.000000000000000000 ) ) ;
#5941 = ORIENTED_EDGE ( 'NONE', *, *, #2311, .T. ) ;
#5942 = CARTESIAN_POINT ( 'NONE',  ( -1.099999999999997646, 2.239999999999989555, -0.8249999999999970690 ) ) ;
#5943 = DIRECTION ( 'NONE',  ( 0.000000000000000000, 1.000000000000000000, 0.000000000000000000 ) ) ;
#5944 = ADVANCED_FACE ( 'NONE', ( #1251 ), #2257, .T. ) ;
#5945 = VECTOR ( 'NONE', #769, 1000.000000000000000 ) ;
#5946 = LINE ( 'NONE', #6550, #3109 ) ;
#5947 =( NAMED_UNIT ( * ) PLANE_ANGLE_UNIT ( ) SI_UNIT ( $, .RADIAN. ) );
#5948 = LINE ( 'NONE', #165, #6727 ) ;
#5949 = ORIENTED_EDGE ( 'NONE', *, *, #3689, .T. ) ;
#5950 = VECTOR ( 'NONE', #6052, 1000.000000000000000 ) ;
#5951 = CARTESIAN_POINT ( 'NONE',  ( -1.124999999999998446, 0.000000000000000000, 1.200000000000000844 ) ) ;
#5952 = VECTOR ( 'NONE', #5575, 1000.000000000000000 ) ;
#5953 = EDGE_LOOP ( 'NONE', ( #2692, #5652, #3898, #84 ) ) ;
#5954 = ADVANCED_FACE ( 'NONE', ( #4411 ), #3848, .F. ) ;
#5955 = PLANE ( 'NONE',  #2616 ) ;
#5956 = CARTESIAN_POINT ( 'NONE',  ( -2.199999999999998845, 1.000000000000000000, -0.2499999999999984457 ) ) ;
#5957 = ORIENTED_EDGE ( 'NONE', *, *, #5974, .F. ) ;
#5958 = DIRECTION ( 'NONE',  ( -0.000000000000000000, 0.7071067811865474617, -0.7071067811865474617 ) ) ;
#5959 =( NAMED_UNIT ( * ) PLANE_ANGLE_UNIT ( ) SI_UNIT ( $, .RADIAN. ) );
#5960 =( NAMED_UNIT ( * ) SI_UNIT ( $, .STERADIAN. ) SOLID_ANGLE_UNIT ( ) );
#5961 = VECTOR ( 'NONE', #88, 1000.000000000000227 ) ;
#5962 = EDGE_CURVE ( 'NONE', #5632, #6930, #2861, .T. ) ;
#5963 = CARTESIAN_POINT ( 'NONE',  ( -1.099999999999998535, 2.639999999999999236, 0.04500000000000294043 ) ) ;
#5964 = CARTESIAN_POINT ( 'NONE',  ( 1.275000000000001465, -4.042787761810355684E-17, 0.6499999999999983569 ) ) ;
#5965 = PLANE ( 'NONE',  #3067 ) ;
#5966 = ORIENTED_EDGE ( 'NONE', *, *, #6749, .T. ) ;
#5967 = FACE_OUTER_BOUND ( 'NONE', #4594, .T. ) ;
#5968 = ORIENTED_EDGE ( 'NONE', *, *, #2347, .F. ) ;
#5969 = DIRECTION ( 'NONE',  ( 0.000000000000000000, 0.000000000000000000, 1.000000000000000000 ) ) ;
#5970 = CARTESIAN_POINT ( 'NONE',  ( 15.30000000000000071, 2.639999999999999236, -0.6999999999999985123 ) ) ;
#5971 = VECTOR ( 'NONE', #4565, 1000.000000000000000 ) ;
#5972 =( NAMED_UNIT ( * ) PLANE_ANGLE_UNIT ( ) SI_UNIT ( $, .RADIAN. ) );
#5973 = AXIS2_PLACEMENT_3D ( 'NONE', #4112, #2587, #1435 ) ;
#5974 = EDGE_CURVE ( 'NONE', #2278, #3258, #2291, .T. ) ;
#5975 = LINE ( 'NONE', #3214, #4604 ) ;
#5976 = DIRECTION ( 'NONE',  ( 0.000000000000000000, 1.000000000000000000, 1.115385494969530056E-10 ) ) ;
#5977 = VERTEX_POINT ( 'NONE', #758 ) ;
#5978 = COLOUR_RGB ( '',0.7960784313725489669, 0.8235294117647058432, 0.9372549019607843146 ) ;
#5979 = PRESENTATION_LAYER_ASSIGNMENT (  '', '', ( #2378 ) ) ;
#5980 = UNCERTAINTY_MEASURE_WITH_UNIT (LENGTH_MEASURE( 1.000000000000000082E-05 ), #6493, 'distance_accuracy_value', 'NONE');
#5981 = AXIS2_PLACEMENT_3D ( 'NONE', #1696, #4952, #4237 ) ;
#5982 = DIRECTION ( 'NONE',  ( -1.000000000000000000, -0.000000000000000000, -0.000000000000000000 ) ) ;
#5983 = ORIENTED_EDGE ( 'NONE', *, *, #4603, .F. ) ;
#5984 = FILL_AREA_STYLE ('',( #6519 ) ) ;
#5985 = CARTESIAN_POINT ( 'NONE',  ( 1.939999999487500570, 2.750000000000000000, -0.5000000000000013323 ) ) ;
#5986 = VERTEX_POINT ( 'NONE', #2897 ) ;
#5987 = PLANE ( 'NONE',  #627 ) ;
#5988 = FILL_AREA_STYLE_COLOUR ( '', #3301 ) ;
#5989 = CARTESIAN_POINT ( 'NONE',  ( -0.4999999999999973910, 2.239999999999989555, -0.8249999999999970690 ) ) ;
#5990 = ORIENTED_EDGE ( 'NONE', *, *, #5285, .T. ) ;
#5991 = EDGE_CURVE ( 'NONE', #5646, #6451, #1797, .T. ) ;
#5992 = LINE ( 'NONE', #3846, #4190 ) ;
#5993 = CARTESIAN_POINT ( 'NONE',  ( 0.4294692077166175070, 2.639999999999999236, 0.1250000000000016376 ) ) ;
#5994 = DIRECTION ( 'NONE',  ( 0.000000000000000000, 0.000000000000000000, 1.000000000000000000 ) ) ;
#5995 = VERTEX_POINT ( 'NONE', #3950 ) ;
#5996 = CARTESIAN_POINT ( 'NONE',  ( 1.700000001450000298, 2.639999999999999236, 0.5499999999999988232 ) ) ;
#5997 = PRESENTATION_LAYER_ASSIGNMENT (  '', '', ( #6331 ) ) ;
#5998 = PRESENTATION_STYLE_ASSIGNMENT (( #4415 ) ) ;
#5999 = LINE ( 'NONE', #2664, #4467 ) ;
#6000 = DIRECTION ( 'NONE',  ( 0.000000000000000000, 0.000000000000000000, 1.000000000000000000 ) ) ;
#6001 = ORIENTED_EDGE ( 'NONE', *, *, #3421, .T. ) ;
#6002 = VECTOR ( 'NONE', #5094, 1000.000000000000000 ) ;
#6003 = ORIENTED_EDGE ( 'NONE', *, *, #4093, .F. ) ;
#6004 = CARTESIAN_POINT ( 'NONE',  ( 2.700000000000001510, 0.05000000000000000971, 0.5499999999999989342 ) ) ;
#6005 = EDGE_CURVE ( 'NONE', #2816, #759, #6101, .T. ) ;
#6006 = DIRECTION ( 'NONE',  ( -0.000000000000000000, -0.7071067811865474617, 0.7071067811865474617 ) ) ;
#6007 = EDGE_CURVE ( 'NONE', #1540, #5271, #4372, .T. ) ;
#6008 = AXIS2_PLACEMENT_3D ( 'NONE', #3466, #6166, #5603 ) ;
#6009 = ADVANCED_FACE ( 'NONE', ( #107 ), #1189, .F. ) ;
#6010 = ORIENTED_EDGE ( 'NONE', *, *, #5064, .F. ) ;
#6011 = FILL_AREA_STYLE ('',( #2152 ) ) ;
#6012 = VECTOR ( 'NONE', #61, 1000.000000000000000 ) ;
#6013 = LINE ( 'NONE', #3346, #2805 ) ;
#6014 = ORIENTED_EDGE ( 'NONE', *, *, #6636, .T. ) ;
#6015 = FACE_OUTER_BOUND ( 'NONE', #4245, .T. ) ;
#6016 = VECTOR ( 'NONE', #5640, 1000.000000000000000 ) ;
#6017 = CARTESIAN_POINT ( 'NONE',  ( 1.275000000000001465, 0.1999999999999999278, 1.249999999999998224 ) ) ;
#6018 = EDGE_CURVE ( 'NONE', #5426, #1540, #1698, .T. ) ;
#6019 = ORIENTED_EDGE ( 'NONE', *, *, #6361, .T. ) ;
#6020 = DIRECTION ( 'NONE',  ( 0.1710878697460311570, -0.9702875252478154744, -0.1710878697460311848 ) ) ;
#6021 = ORIENTED_EDGE ( 'NONE', *, *, #6523, .T. ) ;
#6022 = CARTESIAN_POINT ( 'NONE',  ( 0.4294692077166183397, 2.639999999999999236, 0.1250000000000016376 ) ) ;
#6023 = EDGE_CURVE ( 'NONE', #2434, #543, #5478, .T. ) ;
#6024 = VECTOR ( 'NONE', #3713, 1000.000000000000227 ) ;
#6025 = DIRECTION ( 'NONE',  ( 0.000000000000000000, 0.000000000000000000, 1.000000000000000000 ) ) ;
#6026 = DIRECTION ( 'NONE',  ( 0.000000000000000000, -0.5000000000000039968, -0.8660254037844363761 ) ) ;
#6027 = PLANE ( 'NONE',  #5393 ) ;
#6028 = ORIENTED_EDGE ( 'NONE', *, *, #5607, .T. ) ;
#6029 = DIRECTION ( 'NONE',  ( 0.000000000000000000, 0.000000000000000000, -1.000000000000000000 ) ) ;
#6030 = DIRECTION ( 'NONE',  ( 1.000000000000000000, 0.000000000000000000, 0.000000000000000000 ) ) ;
#6031 = AXIS2_PLACEMENT_3D ( 'NONE', #1836, #2938, #2829 ) ;
#6032 = DIRECTION ( 'NONE',  ( -0.5773502691896257311, -0.5773502691896257311, 0.5773502691896257311 ) ) ;
#6033 = ADVANCED_FACE ( 'NONE', ( #686 ), #6027, .F. ) ;
#6034 = CARTESIAN_POINT ( 'NONE',  ( 0.3000000000000017653, 2.639999999999999236, 0.3450000000000029710 ) ) ;
#6035 = DIRECTION ( 'NONE',  ( 0.000000000000000000, -0.000000000000000000, -1.000000000000000000 ) ) ;
#6036 = ORIENTED_EDGE ( 'NONE', *, *, #4666, .T. ) ;
#6037 = CARTESIAN_POINT ( 'NONE',  ( -0.2749999999999961919, 2.639999999999999236, -0.6999999999999985123 ) ) ;
#6038 = VECTOR ( 'NONE', #4755, 1000.000000000000000 ) ;
#6039 = AXIS2_PLACEMENT_3D ( 'NONE', #6750, #3444, #5659 ) ;
#6040 = LINE ( 'NONE', #1234, #2209 ) ;
#6041 = LINE ( 'NONE', #5629, #4396 ) ;
#6042 = AXIS2_PLACEMENT_3D ( 'NONE', #251, #2398, #6704 ) ;
#6043 = EDGE_LOOP ( 'NONE', ( #3528, #1959, #5369, #1025 ) ) ;
#6044 = PLANE ( 'NONE',  #1928 ) ;
#6045 = CARTESIAN_POINT ( 'NONE',  ( -2.199999999999998845, 0.1000000012999997384, 0.05000000000812666184 ) ) ;
#6046 = MECHANICAL_DESIGN_GEOMETRIC_PRESENTATION_REPRESENTATION (  '', ( #5167 ), #5724 ) ;
#6047 = EDGE_CURVE ( 'NONE', #5056, #5632, #911, .T. ) ;
#6048 = LINE ( 'NONE', #3888, #5961 ) ;
#6049 = EDGE_LOOP ( 'NONE', ( #6051, #4870, #1145, #1240 ) ) ;
#6050 = LINE ( 'NONE', #2849, #5458 ) ;
#6051 = ORIENTED_EDGE ( 'NONE', *, *, #2347, .T. ) ;
#6052 = DIRECTION ( 'NONE',  ( -0.000000000000000000, -1.000000000000000000, -0.000000000000000000 ) ) ;
#6053 = DIRECTION ( 'NONE',  ( -0.000000000000000000, 1.000000000000000000, -0.000000000000000000 ) ) ;
#6054 = EDGE_LOOP ( 'NONE', ( #1210, #3022, #2525, #2837 ) ) ;
#6055 = DIRECTION ( 'NONE',  ( 1.000000000000000000, 0.000000000000000000, -0.000000000000000000 ) ) ;
#6056 = DIRECTION ( 'NONE',  ( 0.000000000000000000, -0.000000000000000000, 1.000000000000000000 ) ) ;
#6057 = AXIS2_PLACEMENT_3D ( 'NONE', #5380, #3755, #6422 ) ;
#6058 = ADVANCED_FACE ( 'NONE', ( #5719 ), #5686, .F. ) ;
#6059 = VERTEX_POINT ( 'NONE', #5651 ) ;
#6060 = VECTOR ( 'NONE', #1378, 1000.000000000000000 ) ;
#6061 = DIRECTION ( 'NONE',  ( -1.000000000000000000, -0.000000000000000000, -0.000000000000000000 ) ) ;
#6062 = CARTESIAN_POINT ( 'NONE',  ( 0.5250000000000039080, 2.639999999999998348, -0.6999999999999982903 ) ) ;
#6063 = SURFACE_STYLE_USAGE ( .BOTH. , #4443 ) ;
#6064 = ORIENTED_EDGE ( 'NONE', *, *, #2964, .F. ) ;
#6065 = EDGE_CURVE ( 'NONE', #1851, #3600, #6276, .T. ) ;
#6066 = DIRECTION ( 'NONE',  ( 0.9848077530122090195, -0.1736481776669255295, 0.000000000000000000 ) ) ;
#6067 = LINE ( 'NONE', #6666, #5420 ) ;
#6068 = DIRECTION ( 'NONE',  ( 0.000000000000000000, -1.000000000000000000, -1.204669080539449344E-16 ) ) ;
#6069 = PRESENTATION_LAYER_ASSIGNMENT (  '', '', ( #2133 ) ) ;
#6070 = SURFACE_STYLE_USAGE ( .BOTH. , #1772 ) ;
#6071 = CARTESIAN_POINT ( 'NONE',  ( -0.2999999999999968803, 2.239999999999990443, 0.3450000000000029710 ) ) ;
#6072 = ORIENTED_EDGE ( 'NONE', *, *, #423, .F. ) ;
#6073 = ADVANCED_FACE ( 'NONE', ( #5160 ), #879, .T. ) ;
#6074 = SURFACE_STYLE_FILL_AREA ( #2487 ) ;
#6075 = LINE ( 'NONE', #2993, #1965 ) ;
#6076 = AXIS2_PLACEMENT_3D ( 'NONE', #1330, #5940, #5065 ) ;
#6077 = AXIS2_PLACEMENT_3D ( 'NONE', #2002, #566, #6929 ) ;
#6078 = ORIENTED_EDGE ( 'NONE', *, *, #2338, .T. ) ;
#6079 = CARTESIAN_POINT ( 'NONE',  ( -1.274999999999998357, 0.1999999999999999556, 1.250000000000001110 ) ) ;
#6080 = PRESENTATION_STYLE_ASSIGNMENT (( #4457 ) ) ;
#6081 = ORIENTED_EDGE ( 'NONE', *, *, #1520, .T. ) ;
#6082 = PRESENTATION_LAYER_ASSIGNMENT (  '', '', ( #119 ) ) ;
#6083 = ADVANCED_FACE ( 'NONE', ( #1949 ), #6207, .F. ) ;
#6084 = ADVANCED_FACE ( 'NONE', ( #5200 ), #2977, .F. ) ;
#6085 = ORIENTED_EDGE ( 'NONE', *, *, #763, .F. ) ;
#6086 = DIRECTION ( 'NONE',  ( 0.000000000000000000, -0.7071067811865355823, 0.7071067811865595631 ) ) ;
#6087 = EDGE_LOOP ( 'NONE', ( #842, #1646, #4650, #1690 ) ) ;
#6088 = CARTESIAN_POINT ( 'NONE',  ( 16.30000000000000071, 2.750000000000000000, 1.000000000000001776 ) ) ;
#6089 = DIRECTION ( 'NONE',  ( -1.000000000000000000, 0.000000000000000000, -0.000000000000000000 ) ) ;
#6090 = ORIENTED_EDGE ( 'NONE', *, *, #958, .F. ) ;
#6091 = LINE ( 'NONE', #5533, #161 ) ;
#6092 = CLOSED_SHELL ( 'NONE', ( #3597, #5579, #4852, #60, #2527, #6897, #287, #1979, #6096, #4334, #1199, #4832, #4318, #853, #6364, #2021, #5781, #4700, #3348, #6568, #6353, #3011, #2878, #3786, #4200, #3094, #6628, #906, #3531, #5176, #6828, #1438, #6156, #5737, #2443, #138, #2503, #494, #2459, #372, #6709, #3145, #4734, #4205, #4472, #3558, #6554, #3549, #2466, #4367, #3572, #113, #1525, #780, #3940, #3395, #6514, #1449, #5675, #2433, #1018 ) ) ;
#6093 = SURFACE_SIDE_STYLE ('',( #3501 ) ) ;
#6094 = DIRECTION ( 'NONE',  ( 1.000000000000000000, -0.000000000000000000, -0.000000000000000000 ) ) ;
#6095 = AXIS2_PLACEMENT_3D ( 'NONE', #3505, #5606, #2933 ) ;
#6096 = ADVANCED_FACE ( 'NONE', ( #5122 ), #290, .F. ) ;
#6097 = ORIENTED_EDGE ( 'NONE', *, *, #3955, .T. ) ;
#6098 = VECTOR ( 'NONE', #5192, 1000.000000000000000 ) ;
#6099 = CARTESIAN_POINT ( 'NONE',  ( -1.899999999999999023, 0.3499999999437500287, 0.5500000000000018208 ) ) ;
#6100 = SURFACE_STYLE_FILL_AREA ( #3470 ) ;
#6101 = LINE ( 'NONE', #2756, #5494 ) ;
#6102 = ORIENTED_EDGE ( 'NONE', *, *, #5935, .T. ) ;
#6103 = LINE ( 'NONE', #722, #1103 ) ;
#6104 =( NAMED_UNIT ( * ) SI_UNIT ( $, .STERADIAN. ) SOLID_ANGLE_UNIT ( ) );
#6105 = PLANE ( 'NONE',  #1925 ) ;
#6106 = DIRECTION ( 'NONE',  ( -1.000000000000000000, -0.000000000000000000, -0.000000000000000000 ) ) ;
#6107 = LINE ( 'NONE', #4994, #664 ) ;
#6108 = DIRECTION ( 'NONE',  ( 0.000000000000000000, 0.8571673007021116675, -0.5150380749100552658 ) ) ;
#6109 = MECHANICAL_DESIGN_GEOMETRIC_PRESENTATION_REPRESENTATION (  '', ( #6331 ), #954 ) ;
#6110 = VERTEX_POINT ( 'NONE', #3705 ) ;
#6111 = ORIENTED_EDGE ( 'NONE', *, *, #3856, .F. ) ;
#6112 = DIRECTION ( 'NONE',  ( 1.000000000000000000, 0.000000000000000000, 0.000000000000000000 ) ) ;
#6113 = CARTESIAN_POINT ( 'NONE',  ( 15.30000000000000071, 1.050000000000000044, -0.6999999999999985123 ) ) ;
#6114 = DIRECTION ( 'NONE',  ( 0.000000000000000000, 0.000000000000000000, 1.000000000000000000 ) ) ;
#6115 = LINE ( 'NONE', #812, #5971 ) ;
#6116 = PRESENTATION_STYLE_ASSIGNMENT (( #6720 ) ) ;
#6117 = PRESENTATION_STYLE_ASSIGNMENT (( #6640 ) ) ;
#6118 = LINE ( 'NONE', #6408, #890 ) ;
#6119 = VERTEX_POINT ( 'NONE', #2080 ) ;
#6120 = SURFACE_STYLE_FILL_AREA ( #2382 ) ;
#6121 = STYLED_ITEM ( 'NONE', ( #1016 ), #3720 ) ;
#6122 = EDGE_CURVE ( 'NONE', #5097, #1372, #6877, .T. ) ;
#6123 = UNCERTAINTY_MEASURE_WITH_UNIT (LENGTH_MEASURE( 1.000000000000000082E-05 ), #6843, 'distance_accuracy_value', 'NONE');
#6124 = ORIENTED_EDGE ( 'NONE', *, *, #2114, .F. ) ;
#6125 = ORIENTED_EDGE ( 'NONE', *, *, #1053, .T. ) ;
#6126 = ORIENTED_EDGE ( 'NONE', *, *, #6962, .T. ) ;
#6127 = CARTESIAN_POINT ( 'NONE',  ( -2.199999999999998845, 0.1199999999999999956, -0.9499999999999984013 ) ) ;
#6128 = DIRECTION ( 'NONE',  ( 0.000000000000000000, 1.000000000000000000, 0.000000000000000000 ) ) ;
#6129 = VERTEX_POINT ( 'NONE', #6482 ) ;
#6130 = DIRECTION ( 'NONE',  ( 0.000000000000000000, -1.000000000000000000, -1.204669080539449344E-16 ) ) ;
#6131 = PLANE ( 'NONE',  #2742 ) ;
#6132 = CARTESIAN_POINT ( 'NONE',  ( 2.700000000000001510, 0.4500000002000000832, 0.5499999999999989342 ) ) ;
#6133 = ORIENTED_EDGE ( 'NONE', *, *, #2403, .T. ) ;
#6134 = FACE_OUTER_BOUND ( 'NONE', #4906, .T. ) ;
#6135 = DIRECTION ( 'NONE',  ( 0.000000000000000000, 1.000000000000000000, 0.000000000000000000 ) ) ;
#6136 = CARTESIAN_POINT ( 'NONE',  ( -0.5249999999999976907, 2.639999999999999236, -0.6999999999999985123 ) ) ;
#6137 = VERTEX_POINT ( 'NONE', #34 ) ;
#6138 = CARTESIAN_POINT ( 'NONE',  ( -2.199999999449999688, 0.05000000000000000971, -0.9999999999999986677 ) ) ;
#6139 = VERTEX_POINT ( 'NONE', #972 ) ;
#6140 = CARTESIAN_POINT ( 'NONE',  ( -1.299999999999998268, 1.050000000000000044, 0.3450000000000029710 ) ) ;
#6141 = EDGE_CURVE ( 'NONE', #6549, #6419, #542, .T. ) ;
#6142 = VECTOR ( 'NONE', #6000, 1000.000000000000000 ) ;
#6143 = CARTESIAN_POINT ( 'NONE',  ( -0.2749999999999961919, 2.639999999999998348, -0.6999999999999982903 ) ) ;
#6144 = ORIENTED_EDGE ( 'NONE', *, *, #469, .F. ) ;
#6145 = ORIENTED_EDGE ( 'NONE', *, *, #6387, .T. ) ;
#6146 = AXIS2_PLACEMENT_3D ( 'NONE', #5926, #1701, #4806 ) ;
#6147 = PRESENTATION_STYLE_ASSIGNMENT (( #5066 ) ) ;
#6148 = VECTOR ( 'NONE', #6154, 1000.000000000000000 ) ;
#6149 = CARTESIAN_POINT ( 'NONE',  ( 1.699999998900000309, 2.639999999999999236, -0.7000000000000012879 ) ) ;
#6150 = CARTESIAN_POINT ( 'NONE',  ( -1.299999999999998268, 1.050000000000000044, 0.04500000000000296124 ) ) ;
#6151 = VECTOR ( 'NONE', #6879, 1000.000000000000114 ) ;
#6152 = ADVANCED_FACE ( 'NONE', ( #5408 ), #1072, .F. ) ;
#6153 = DIRECTION ( 'NONE',  ( -0.000000000000000000, 1.000000000000000000, -0.000000000000000000 ) ) ;
#6154 = DIRECTION ( 'NONE',  ( -0.000000000000000000, -1.000000000000000000, -1.115385494969530056E-10 ) ) ;
#6155 = EDGE_LOOP ( 'NONE', ( #1708, #285, #1391, #1050 ) ) ;
#6156 = ADVANCED_FACE ( 'NONE', ( #580 ), #6340, .F. ) ;
#6157 = AXIS2_PLACEMENT_3D ( 'NONE', #3178, #961, #2103 ) ;
#6158 = EDGE_LOOP ( 'NONE', ( #6688, #2810, #5013, #10 ) ) ;
#6159 = ORIENTED_EDGE ( 'NONE', *, *, #958, .T. ) ;
#6160 = CARTESIAN_POINT ( 'NONE',  ( -1.124999999999998446, 0.2000000000000000111, 0.8000000000000011546 ) ) ;
#6161 = ORIENTED_EDGE ( 'NONE', *, *, #370, .T. ) ;
#6162 = PRESENTATION_STYLE_ASSIGNMENT (( #4013 ) ) ;
#6163 = VERTEX_POINT ( 'NONE', #1588 ) ;
#6164 = EDGE_CURVE ( 'NONE', #5249, #3401, #3188, .T. ) ;
#6165 = CARTESIAN_POINT ( 'NONE',  ( -1.939999999399998121, 2.750000000000000000, 0.1000000000000016154 ) ) ;
#6166 = DIRECTION ( 'NONE',  ( -0.000000000000000000, -0.7071067811865475727, -0.7071067811865475727 ) ) ;
#6167 = DIRECTION ( 'NONE',  ( -0.000000000000000000, -1.000000000000000000, -0.000000000000000000 ) ) ;
#6168 = ORIENTED_EDGE ( 'NONE', *, *, #4088, .T. ) ;
#6169 = DIRECTION ( 'NONE',  ( 1.000000000000000000, 0.000000000000000000, -1.355252715606883008E-16 ) ) ;
#6170 =( NAMED_UNIT ( * ) PLANE_ANGLE_UNIT ( ) SI_UNIT ( $, .RADIAN. ) );
#6171 = ORIENTED_EDGE ( 'NONE', *, *, #884, .T. ) ;
#6172 = LINE ( 'NONE', #5092, #4926 ) ;
#6173 = ORIENTED_EDGE ( 'NONE', *, *, #6887, .F. ) ;
#6174 = FACE_OUTER_BOUND ( 'NONE', #931, .T. ) ;
#6175 = EDGE_CURVE ( 'NONE', #3082, #4663, #4305, .T. ) ;
#6176 = CARTESIAN_POINT ( 'NONE',  ( 2.200000000000001066, 0.3500000000000000333, -0.9500000000000011768 ) ) ;
#6177 = CARTESIAN_POINT ( 'NONE',  ( -1.699999999149999441, 2.639999999999999236, 0.5500000000000017097 ) ) ;
#6178 = ORIENTED_EDGE ( 'NONE', *, *, #3464, .T. ) ;
#6179 = ORIENTED_EDGE ( 'NONE', *, *, #1536, .T. ) ;
#6180 = LINE ( 'NONE', #2339, #582 ) ;
#6181 = LINE ( 'NONE', #5663, #5527 ) ;
#6182 = CARTESIAN_POINT ( 'NONE',  ( 2.400000000000000799, 0.6936749699759758858, -0.9500000000000013989 ) ) ;
#6183 = COLOUR_RGB ( '',0.7960784313725489669, 0.8235294117647058432, 0.9372549019607843146 ) ;
#6184 = LINE ( 'NONE', #5520, #2491 ) ;
#6185 = EDGE_CURVE ( 'NONE', #3068, #6741, #3678, .T. ) ;
#6186 = PLANE ( 'NONE',  #873 ) ;
#6187 = CARTESIAN_POINT ( 'NONE',  ( -1.229469207716612500, 2.639999999999999236, 0.1250000000000016376 ) ) ;
#6188 = CARTESIAN_POINT ( 'NONE',  ( 4.000000000000003553, 2.639999999999999236, -0.7544692077166114119 ) ) ;
#6189 = VERTEX_POINT ( 'NONE', #3777 ) ;
#6190 = ADVANCED_FACE ( 'NONE', ( #2576 ), #3158, .F. ) ;
#6191 = EDGE_LOOP ( 'NONE', ( #6126, #5454, #5677, #1169 ) ) ;
#6192 = PLANE ( 'NONE',  #6245 ) ;
#6193 = VERTEX_POINT ( 'NONE', #6411 ) ;
#6194 = PRESENTATION_LAYER_ASSIGNMENT (  '', '', ( #5745 ) ) ;
#6195 = LINE ( 'NONE', #3604, #2221 ) ;
#6196 = VERTEX_POINT ( 'NONE', #5886 ) ;
#6197 = FACE_OUTER_BOUND ( 'NONE', #4499, .T. ) ;
#6198 = CARTESIAN_POINT ( 'NONE',  ( -1.299999999999998268, 2.639999999999999236, 0.3450000000000029710 ) ) ;
#6199 = VECTOR ( 'NONE', #3206, 1000.000000000000000 ) ;
#6200 = UNCERTAINTY_MEASURE_WITH_UNIT (LENGTH_MEASURE( 1.000000000000000082E-05 ), #2415, 'distance_accuracy_value', 'NONE');
#6201 = ORIENTED_EDGE ( 'NONE', *, *, #5455, .F. ) ;
#6202 = SURFACE_STYLE_FILL_AREA ( #4659 ) ;
#6203 = PLANE ( 'NONE',  #360 ) ;
#6204 = PLANE ( 'NONE',  #6433 ) ;
#6205 = DIRECTION ( 'NONE',  ( 0.000000000000000000, -0.000000000000000000, -1.000000000000000000 ) ) ;
#6206 =( GEOMETRIC_REPRESENTATION_CONTEXT ( 3 ) GLOBAL_UNCERTAINTY_ASSIGNED_CONTEXT ( ( #3051 ) ) GLOBAL_UNIT_ASSIGNED_CONTEXT ( ( #2450, #5764, #1995 ) ) REPRESENTATION_CONTEXT ( 'NONE', 'WORKASPACE' ) );
#6207 = PLANE ( 'NONE',  #1888 ) ;
#6208 = ORIENTED_EDGE ( 'NONE', *, *, #4149, .T. ) ;
#6209 = CARTESIAN_POINT ( 'NONE',  ( -0.4999999999999973910, 1.050000000000000044, -0.3249999999999970690 ) ) ;
#6210 = ORIENTED_EDGE ( 'NONE', *, *, #3775, .F. ) ;
#6211 = CARTESIAN_POINT ( 'NONE',  ( -1.099999999999998535, 1.050000000000000044, 0.3450000000000029710 ) ) ;
#6212 = VECTOR ( 'NONE', #6242, 1000.000000000000000 ) ;
#6213 =( GEOMETRIC_REPRESENTATION_CONTEXT ( 3 ) GLOBAL_UNCERTAINTY_ASSIGNED_CONTEXT ( ( #6974 ) ) GLOBAL_UNIT_ASSIGNED_CONTEXT ( ( #5231, #5301, #2045 ) ) REPRESENTATION_CONTEXT ( 'NONE', 'WORKASPACE' ) );
#6214 = EDGE_CURVE ( 'NONE', #6129, #6602, #6445, .T. ) ;
#6215 =( GEOMETRIC_REPRESENTATION_CONTEXT ( 3 ) GLOBAL_UNCERTAINTY_ASSIGNED_CONTEXT ( ( #5498 ) ) GLOBAL_UNIT_ASSIGNED_CONTEXT ( ( #3751, #2165, #1729 ) ) REPRESENTATION_CONTEXT ( 'NONE', 'WORKASPACE' ) );
#6216 = DIRECTION ( 'NONE',  ( -1.000000000000000000, 0.000000000000000000, 1.355252715606883008E-16 ) ) ;
#6217 = LINE ( 'NONE', #5660, #2308 ) ;
#6218 = ORIENTED_EDGE ( 'NONE', *, *, #1822, .F. ) ;
#6219 = LINE ( 'NONE', #1400, #1147 ) ;
#6220 = DIRECTION ( 'NONE',  ( 0.000000000000000000, 0.000000000000000000, 1.000000000000000000 ) ) ;
#6221 = DIRECTION ( 'NONE',  ( 0.000000000000000000, 0.000000000000000000, -1.000000000000000000 ) ) ;
#6222 = CARTESIAN_POINT ( 'NONE',  ( -1.274999999999998357, 0.000000000000000000, 1.200000000000000844 ) ) ;
#6223 = EDGE_CURVE ( 'NONE', #5133, #7, #1110, .T. ) ;
#6224 = FACE_OUTER_BOUND ( 'NONE', #1882, .T. ) ;
#6225 = LINE ( 'NONE', #1334, #1429 ) ;
#6226 = ORIENTED_EDGE ( 'NONE', *, *, #43, .F. ) ;
#6227 = ADVANCED_FACE ( 'NONE', ( #4400 ), #713, .F. ) ;
#6228 = ORIENTED_EDGE ( 'NONE', *, *, #1955, .F. ) ;
#6229 = CARTESIAN_POINT ( 'NONE',  ( 1.810000000000001386, 2.750000000000000000, 0.6599999999999995870 ) ) ;
#6230 = ORIENTED_EDGE ( 'NONE', *, *, #4641, .F. ) ;
#6231 = LINE ( 'NONE', #5295, #2020 ) ;
#6232 = LINE ( 'NONE', #1940, #430 ) ;
#6233 = VERTEX_POINT ( 'NONE', #2353 ) ;
#6234 = CARTESIAN_POINT ( 'NONE',  ( 3.200000000000001510, 2.639999999999999236, -0.7544692077166114119 ) ) ;
#6235 = DIRECTION ( 'NONE',  ( -0.000000000000000000, 0.7071067811865474617, -0.7071067811865474617 ) ) ;
#6236 = SURFACE_STYLE_USAGE ( .BOTH. , #6773 ) ;
#6237 = VERTEX_POINT ( 'NONE', #3389 ) ;
#6238 = VECTOR ( 'NONE', #762, 1000.000000000000000 ) ;
#6239 = LINE ( 'NONE', #907, #5767 ) ;
#6240 = EDGE_CURVE ( 'NONE', #1108, #351, #3028, .T. ) ;
#6241 = FILL_AREA_STYLE_COLOUR ( '', #1352 ) ;
#6242 = DIRECTION ( 'NONE',  ( -1.000000000000000000, -0.000000000000000000, -0.000000000000000000 ) ) ;
#6243 = CARTESIAN_POINT ( 'NONE',  ( -0.4294692077166117339, 2.639999999999999236, 0.1250000000000016376 ) ) ;
#6244 = VERTEX_POINT ( 'NONE', #5985 ) ;
#6245 = AXIS2_PLACEMENT_3D ( 'NONE', #1272, #1936, #6086 ) ;
#6246 = CARTESIAN_POINT ( 'NONE',  ( -1.099999999999998535, 2.239999999999990443, 0.04500000000000294043 ) ) ;
#6247 = CARTESIAN_POINT ( 'NONE',  ( -0.3249999999999967359, 0.1999999999999999833, 0.8000000000000011546 ) ) ;
#6248 = AXIS2_PLACEMENT_3D ( 'NONE', #467, #5402, #1579 ) ;
#6249 = DIRECTION ( 'NONE',  ( 0.000000000000000000, 1.000000000000000000, 3.249988186109896618E-11 ) ) ;
#6250 = DIRECTION ( 'NONE',  ( 1.000000000000000000, 0.000000000000000000, 0.000000000000000000 ) ) ;
#6251 = ORIENTED_EDGE ( 'NONE', *, *, #1326, .F. ) ;
#6252 = VERTEX_POINT ( 'NONE', #2218 ) ;
#6253 = CARTESIAN_POINT ( 'NONE',  ( 4.800000000000004263, 2.639999999999999236, 0.1250000000000016376 ) ) ;
#6254 = CARTESIAN_POINT ( 'NONE',  ( -0.2749999999999979128, 2.750000000000000000, -0.8099999999999991651 ) ) ;
#6255 = DIRECTION ( 'NONE',  ( -1.000000000000000000, -0.000000000000000000, -0.000000000000000000 ) ) ;
#6256 = DIRECTION ( 'NONE',  ( -1.000000000000000000, -0.000000000000000000, 0.000000000000000000 ) ) ;
#6257 = EDGE_CURVE ( 'NONE', #4401, #553, #5948, .T. ) ;
#6258 = ORIENTED_EDGE ( 'NONE', *, *, #1395, .F. ) ;
#6259 = CARTESIAN_POINT ( 'NONE',  ( 0.2750000000000019096, 2.750000000000000000, -0.8099999999999991651 ) ) ;
#6260 = CARTESIAN_POINT ( 'NONE',  ( -1.074999999999997735, 1.050000000000000044, -0.8099999999999991651 ) ) ;
#6261 = AXIS2_PLACEMENT_3D ( 'NONE', #5771, #3202, #523 ) ;
#6262 = VERTEX_POINT ( 'NONE', #5469 ) ;
#6263 = VERTEX_POINT ( 'NONE', #1722 ) ;
#6264 = LINE ( 'NONE', #6329, #5350 ) ;
#6265 = PLANE ( 'NONE',  #2467 ) ;
#6266 = CARTESIAN_POINT ( 'NONE',  ( 1.275000000000001465, -4.042787761810355684E-17, 1.199999999999997957 ) ) ;
#6267 = EDGE_LOOP ( 'NONE', ( #6171, #1740, #415, #2662 ) ) ;
#6268 = EDGE_CURVE ( 'NONE', #4894, #5937, #1660, .T. ) ;
#6269 = LINE ( 'NONE', #428, #2416 ) ;
#6270 = UNCERTAINTY_MEASURE_WITH_UNIT (LENGTH_MEASURE( 1.000000000000000082E-05 ), #3148, 'distance_accuracy_value', 'NONE');
#6271 = VECTOR ( 'NONE', #3648, 1000.000000000000000 ) ;
#6272 = DIRECTION ( 'NONE',  ( 0.000000000000000000, 0.000000000000000000, 1.000000000000000000 ) ) ;
#6273 = CARTESIAN_POINT ( 'NONE',  ( 2.200000000000001066, 0.3500000000000001443, -0.2500000000725012272 ) ) ;
#6274 = AXIS2_PLACEMENT_3D ( 'NONE', #112, #6564, #1125 ) ;
#6275 = CARTESIAN_POINT ( 'NONE',  ( -0.2426007268396400685, 1.914472545666377146, 0.4023992731603601714 ) ) ;
#6276 = LINE ( 'NONE', #3055, #4029 ) ;
#6277 = ORIENTED_EDGE ( 'NONE', *, *, #2276, .F. ) ;
#6278 = DIRECTION ( 'NONE',  ( -1.000000000000000000, 0.000000000000000000, 0.000000000000000000 ) ) ;
#6279 = DIRECTION ( 'NONE',  ( 0.000000000000000000, -1.000000000000000000, -1.204669080539449344E-16 ) ) ;
#6280 = EDGE_CURVE ( 'NONE', #3129, #5271, #133, .T. ) ;
#6281 = AXIS2_PLACEMENT_3D ( 'NONE', #4069, #846, #5132 ) ;
#6282 = EDGE_CURVE ( 'NONE', #3753, #781, #5012, .T. ) ;
#6283 =( LENGTH_UNIT ( ) NAMED_UNIT ( * ) SI_UNIT ( .MILLI., .METRE. ) );
#6284 = SURFACE_STYLE_USAGE ( .BOTH. , #1080 ) ;
#6285 = EDGE_LOOP ( 'NONE', ( #2447, #6933, #2786, #2421 ) ) ;
#6286 = ORIENTED_EDGE ( 'NONE', *, *, #1531, .T. ) ;
#6287 = CARTESIAN_POINT ( 'NONE',  ( -2.199999999999998845, 0.3500000000000000333, 0.5700000000000017275 ) ) ;
#6288 = DIRECTION ( 'NONE',  ( -1.000000000000000000, 0.000000000000000000, 0.000000000000000000 ) ) ;
#6289 = DIRECTION ( 'NONE',  ( 0.000000000000000000, -0.1736481776669255295, -0.9848077530122090195 ) ) ;
#6290 =( NAMED_UNIT ( * ) PLANE_ANGLE_UNIT ( ) SI_UNIT ( $, .RADIAN. ) );
#6291 = MECHANICAL_DESIGN_GEOMETRIC_PRESENTATION_REPRESENTATION (  '', ( #4482 ), #3268 ) ;
#6292 = EDGE_CURVE ( 'NONE', #5360, #6119, #2785, .T. ) ;
#6293 =( LENGTH_UNIT ( ) NAMED_UNIT ( * ) SI_UNIT ( .MILLI., .METRE. ) );
#6294 = VECTOR ( 'NONE', #1109, 1000.000000000000000 ) ;
#6295 = ORIENTED_EDGE ( 'NONE', *, *, #2075, .T. ) ;
#6296 = AXIS2_PLACEMENT_3D ( 'NONE', #841, #5159, #6205 ) ;
#6297 =( GEOMETRIC_REPRESENTATION_CONTEXT ( 3 ) GLOBAL_UNCERTAINTY_ASSIGNED_CONTEXT ( ( #5153 ) ) GLOBAL_UNIT_ASSIGNED_CONTEXT ( ( #2935, #1389, #6661 ) ) REPRESENTATION_CONTEXT ( 'NONE', 'WORKASPACE' ) );
#6298 =( NAMED_UNIT ( * ) PLANE_ANGLE_UNIT ( ) SI_UNIT ( $, .RADIAN. ) );
#6299 = FILL_AREA_STYLE_COLOUR ( '', #5868 ) ;
#6300 = PLANE ( 'NONE',  #4369 ) ;
#6301 = CARTESIAN_POINT ( 'NONE',  ( 0.3705307922833883105, 2.639999999999999236, -0.3955307922833827261 ) ) ;
#6302 = ORIENTED_EDGE ( 'NONE', *, *, #6764, .F. ) ;
#6303 = EDGE_CURVE ( 'NONE', #3884, #5554, #3354, .T. ) ;
#6304 = SURFACE_SIDE_STYLE ('',( #2011 ) ) ;
#6305 = AXIS2_PLACEMENT_3D ( 'NONE', #4221, #5778, #3697 ) ;
#6306 = EDGE_CURVE ( 'NONE', #3003, #3132, #5564, .T. ) ;
#6307 = VECTOR ( 'NONE', #6344, 1000.000000000000000 ) ;
#6308 = CARTESIAN_POINT ( 'NONE',  ( -2.699999999999999289, 0.05000000000000000971, -0.9999999999999986677 ) ) ;
#6309 = DIRECTION ( 'NONE',  ( -1.000000000000000000, -0.000000000000000000, -0.000000000000000000 ) ) ;
#6310 = PLANE ( 'NONE',  #4321 ) ;
#6311 = ORIENTED_EDGE ( 'NONE', *, *, #5299, .F. ) ;
#6312 = DIRECTION ( 'NONE',  ( -0.000000000000000000, 0.000000000000000000, 1.000000000000000000 ) ) ;
#6313 = FILL_AREA_STYLE ('',( #1009 ) ) ;
#6314 = DIRECTION ( 'NONE',  ( 1.000000000000000000, 0.000000000000000000, 0.000000000000000000 ) ) ;
#6315 = AXIS2_PLACEMENT_3D ( 'NONE', #2108, #5844, #4260 ) ;
#6316 = AXIS2_PLACEMENT_3D ( 'NONE', #5586, #770, #1295 ) ;
#6317 = CARTESIAN_POINT ( 'NONE',  ( 0.3000000000000026534, 2.239999999999989555, -0.8249999999999970690 ) ) ;
#6318 = ORIENTED_EDGE ( 'NONE', *, *, #2342, .T. ) ;
#6319 = VECTOR ( 'NONE', #324, 1000.000000000000000 ) ;
#6320 = FACE_OUTER_BOUND ( 'NONE', #2024, .T. ) ;
#6321 = CARTESIAN_POINT ( 'NONE',  ( -1.229469207716612500, 2.639999999999999236, 0.1250000000000016376 ) ) ;
#6322 = VECTOR ( 'NONE', #4207, 999.9999999999998863 ) ;
#6323 = COLOUR_RGB ( '',0.7960784313725489669, 0.8235294117647058432, 0.9372549019607843146 ) ;
#6324 = ORIENTED_EDGE ( 'NONE', *, *, #2566, .F. ) ;
#6325 = DIRECTION ( 'NONE',  ( 1.000000000000000000, 0.000000000000000000, 0.000000000000000000 ) ) ;
#6326 = FILL_AREA_STYLE_COLOUR ( '', #419 ) ;
#6327 = ORIENTED_EDGE ( 'NONE', *, *, #3016, .T. ) ;
#6328 = ORIENTED_EDGE ( 'NONE', *, *, #2715, .F. ) ;
#6329 = CARTESIAN_POINT ( 'NONE',  ( 2.199999999450001908, 1.000000000000000000, -0.2500000000000012768 ) ) ;
#6330 = CARTESIAN_POINT ( 'NONE',  ( 2.200000000000001066, 0.3500000000000000333, -0.9500000000000011768 ) ) ;
#6331 = STYLED_ITEM ( 'NONE', ( #1764 ), #2035 ) ;
#6332 = ORIENTED_EDGE ( 'NONE', *, *, #6531, .T. ) ;
#6333 = DIRECTION ( 'NONE',  ( 0.000000000000000000, -0.000000000000000000, -1.000000000000000000 ) ) ;
#6334 = EDGE_CURVE ( 'NONE', #3510, #2187, #2280, .T. ) ;
#6335 = UNCERTAINTY_MEASURE_WITH_UNIT (LENGTH_MEASURE( 1.000000000000000082E-05 ), #747, 'distance_accuracy_value', 'NONE');
#6336 = LINE ( 'NONE', #1514, #4184 ) ;
#6337 = FILL_AREA_STYLE ('',( #4131 ) ) ;
#6338 = VECTOR ( 'NONE', #923, 1000.000000000000000 ) ;
#6339 = CARTESIAN_POINT ( 'NONE',  ( 2.400000000000000799, 0.3500000000000001443, -0.2500000000725012272 ) ) ;
#6340 = PLANE ( 'NONE',  #5276 ) ;
#6341 = ORIENTED_EDGE ( 'NONE', *, *, #598, .T. ) ;
#6342 = CARTESIAN_POINT ( 'NONE',  ( 0.5000000000000039968, 2.639999999999999236, -0.8249999999999970690 ) ) ;
#6343 = FACE_OUTER_BOUND ( 'NONE', #5447, .T. ) ;
#6344 = DIRECTION ( 'NONE',  ( 0.000000000000000000, 1.000000000000000000, 8.340016712068496420E-17 ) ) ;
#6345 = VECTOR ( 'NONE', #6947, 1000.000000000000000 ) ;
#6346 = AXIS2_PLACEMENT_3D ( 'NONE', #64, #3224, #132 ) ;
#6347 = VECTOR ( 'NONE', #3112, 1000.000000000000114 ) ;
#6348 = DIRECTION ( 'NONE',  ( 0.000000000000000000, 0.000000000000000000, -1.000000000000000000 ) ) ;
#6349 = ORIENTED_EDGE ( 'NONE', *, *, #6477, .T. ) ;
#6350 = FACE_OUTER_BOUND ( 'NONE', #4581, .T. ) ;
#6351 = CARTESIAN_POINT ( 'NONE',  ( -2.399999999999998579, 0.3063250300240242252, -0.9499999999999986233 ) ) ;
#6352 = LINE ( 'NONE', #6321, #392 ) ;
#6353 = ADVANCED_FACE ( 'NONE', ( #676 ), #4978, .F. ) ;
#6354 = LINE ( 'NONE', #5833, #3729 ) ;
#6355 = AXIS2_PLACEMENT_3D ( 'NONE', #5067, #3415, #5698 ) ;
#6356 = ORIENTED_EDGE ( 'NONE', *, *, #1610, .F. ) ;
#6357 = FACE_OUTER_BOUND ( 'NONE', #4384, .T. ) ;
#6358 = PLANE ( 'NONE',  #1647 ) ;
#6359 = ORIENTED_EDGE ( 'NONE', *, *, #5073, .F. ) ;
#6360 = LINE ( 'NONE', #1538, #4067 ) ;
#6361 = EDGE_CURVE ( 'NONE', #1323, #3746, #6584, .T. ) ;
#6362 = DIRECTION ( 'NONE',  ( 0.000000000000000000, 0.000000000000000000, 1.000000000000000000 ) ) ;
#6363 = DIRECTION ( 'NONE',  ( 0.000000000000000000, 0.000000000000000000, 1.000000000000000000 ) ) ;
#6364 = ADVANCED_FACE ( 'NONE', ( #3903 ), #4465, .T. ) ;
#6365 = CARTESIAN_POINT ( 'NONE',  ( -0.2749999999999961919, 1.050000000000000044, -0.6999999999999985123 ) ) ;
#6366 = FACE_OUTER_BOUND ( 'NONE', #4361, .T. ) ;
#6367 = ORIENTED_EDGE ( 'NONE', *, *, #3001, .T. ) ;
#6368 = FILL_AREA_STYLE_COLOUR ( '', #1524 ) ;
#6369 = VECTOR ( 'NONE', #2980, 1000.000000000000000 ) ;
#6370 = DIRECTION ( 'NONE',  ( 0.000000000000000000, 0.000000000000000000, -1.000000000000000000 ) ) ;
#6371 = PLANE ( 'NONE',  #2044 ) ;
#6372 = EDGE_CURVE ( 'NONE', #5249, #1097, #1144, .T. ) ;
#6373 =( LENGTH_UNIT ( ) NAMED_UNIT ( * ) SI_UNIT ( .MILLI., .METRE. ) );
#6374 = ORIENTED_EDGE ( 'NONE', *, *, #1173, .F. ) ;
#6375 = FACE_OUTER_BOUND ( 'NONE', #3453, .T. ) ;
#6376 = FACE_OUTER_BOUND ( 'NONE', #2228, .T. ) ;
#6377 = VECTOR ( 'NONE', #1475, 1000.000000000000000 ) ;
#6378 = CARTESIAN_POINT ( 'NONE',  ( 2.400000000000001688, 0.3500000000000000333, -0.2500000000000012768 ) ) ;
#6379 = LINE ( 'NONE', #1634, #5658 ) ;
#6380 = CARTESIAN_POINT ( 'NONE',  ( -1.124999999999998446, 0.4500000002000000832, 0.5500000000000018208 ) ) ;
#6381 = PRESENTATION_LAYER_ASSIGNMENT (  '', '', ( #80 ) ) ;
#6382 = ORIENTED_EDGE ( 'NONE', *, *, #3074, .F. ) ;
#6383 = FILL_AREA_STYLE ('',( #554 ) ) ;
#6384 = SURFACE_STYLE_FILL_AREA ( #3234 ) ;
#6385 =( GEOMETRIC_REPRESENTATION_CONTEXT ( 3 ) GLOBAL_UNCERTAINTY_ASSIGNED_CONTEXT ( ( #1349 ) ) GLOBAL_UNIT_ASSIGNED_CONTEXT ( ( #6293, #5834, #1566 ) ) REPRESENTATION_CONTEXT ( 'NONE', 'WORKASPACE' ) );
#6386 = DIRECTION ( 'NONE',  ( 0.000000000000000000, 0.000000000000000000, -1.000000000000000000 ) ) ;
#6387 = EDGE_CURVE ( 'NONE', #5646, #633, #3426, .T. ) ;
#6388 = CARTESIAN_POINT ( 'NONE',  ( -1.124999999999998446, 0.1999999999999999556, 1.250000000000001110 ) ) ;
#6389 = VERTEX_POINT ( 'NONE', #615 ) ;
#6390 = CARTESIAN_POINT ( 'NONE',  ( 2.200000000000001066, 0.6936749699759758858, -0.9500000000000013989 ) ) ;
#6391 = EDGE_LOOP ( 'NONE', ( #828, #6954, #6705, #4817 ) ) ;
#6392 = PRESENTATION_STYLE_ASSIGNMENT (( #5353 ) ) ;
#6393 = EDGE_CURVE ( 'NONE', #5593, #4932, #2744, .T. ) ;
#6394 = ORIENTED_EDGE ( 'NONE', *, *, #6973, .F. ) ;
#6395 = AXIS2_PLACEMENT_3D ( 'NONE', #33, #1721, #6410 ) ;
#6396 = LINE ( 'NONE', #5291, #6686 ) ;
#6397 = ORIENTED_EDGE ( 'NONE', *, *, #6334, .T. ) ;
#6398 = PLANE ( 'NONE',  #2833 ) ;
#6399 = CARTESIAN_POINT ( 'NONE',  ( -0.2999999999999968803, 2.239999999999990443, 0.3450000000000029710 ) ) ;
#6400 = DIRECTION ( 'NONE',  ( -0.000000000000000000, 1.000000000000000000, -0.000000000000000000 ) ) ;
#6401 = ORIENTED_EDGE ( 'NONE', *, *, #4517, .T. ) ;
#6402 = DIRECTION ( 'NONE',  ( -0.000000000000000000, 0.000000000000000000, -1.000000000000000000 ) ) ;
#6403 = COLOUR_RGB ( '',0.7960784313725489669, 0.8235294117647058432, 0.9372549019607843146 ) ;
#6404 = EDGE_CURVE ( 'NONE', #1093, #123, #1179, .T. ) ;
#6405 = UNCERTAINTY_MEASURE_WITH_UNIT (LENGTH_MEASURE( 1.000000000000000082E-05 ), #3657, 'distance_accuracy_value', 'NONE');
#6406 = CARTESIAN_POINT ( 'NONE',  ( 0.5250000000000021316, 2.750000000000000000, -0.8099999999999991651 ) ) ;
#6407 = CARTESIAN_POINT ( 'NONE',  ( -1.274999999999998357, 0.4500000002000000832, 0.5500000000000018208 ) ) ;
#6408 = CARTESIAN_POINT ( 'NONE',  ( 0.2750000000000019096, 0.7768699943250462203, -0.6999999999999985123 ) ) ;
#6409 = ORIENTED_EDGE ( 'NONE', *, *, #4913, .F. ) ;
#6410 = DIRECTION ( 'NONE',  ( 0.000000000000000000, -0.000000000000000000, -1.000000000000000000 ) ) ;
#6411 = CARTESIAN_POINT ( 'NONE',  ( -1.939999999849999268, 1.050000000000000044, 0.1000000000000016570 ) ) ;
#6412 = ORIENTED_EDGE ( 'NONE', *, *, #1782, .T. ) ;
#6413 = CARTESIAN_POINT ( 'NONE',  ( -1.299999999999997380, 2.639999999999999236, -0.8249999999999970690 ) ) ;
#6414 = SURFACE_SIDE_STYLE ('',( #5855 ) ) ;
#6415 = DIRECTION ( 'NONE',  ( 1.000000000000000000, -0.000000000000000000, 0.000000000000000000 ) ) ;
#6416 = VECTOR ( 'NONE', #4841, 1000.000000000000000 ) ;
#6417 = PRESENTATION_STYLE_ASSIGNMENT (( #3333 ) ) ;
#6418 = VECTOR ( 'NONE', #5549, 1000.000000000000114 ) ;
#6419 = VERTEX_POINT ( 'NONE', #3462 ) ;
#6420 = VECTOR ( 'NONE', #3257, 1000.000000000000000 ) ;
#6421 = LINE ( 'NONE', #1599, #6714 ) ;
#6422 = DIRECTION ( 'NONE',  ( 0.000000000000000000, -0.000000000000000000, 1.000000000000000000 ) ) ;
#6423 = FILL_AREA_STYLE_COLOUR ( '', #4209 ) ;
#6424 = FACE_OUTER_BOUND ( 'NONE', #2242, .T. ) ;
#6425 = EDGE_CURVE ( 'NONE', #677, #3258, #6232, .T. ) ;
#6426 = STYLED_ITEM ( 'NONE', ( #5863 ), #522 ) ;
#6427 = EDGE_LOOP ( 'NONE', ( #4316, #388, #3063, #6125 ) ) ;
#6428 = CARTESIAN_POINT ( 'NONE',  ( -1.229192033977206000, 2.641571930389168710, 0.1158079660227947227 ) ) ;
#6429 = SURFACE_STYLE_FILL_AREA ( #1500 ) ;
#6430 = LINE ( 'NONE', #2629, #2946 ) ;
#6431 = VECTOR ( 'NONE', #6587, 1000.000000000000000 ) ;
#6432 = VERTEX_POINT ( 'NONE', #5598 ) ;
#6433 = AXIS2_PLACEMENT_3D ( 'NONE', #1388, #5684, #877 ) ;
#6434 = ORIENTED_EDGE ( 'NONE', *, *, #871, .T. ) ;
#6435 = PRESENTATION_LAYER_ASSIGNMENT (  '', '', ( #2170 ) ) ;
#6436 =( NAMED_UNIT ( * ) PLANE_ANGLE_UNIT ( ) SI_UNIT ( $, .RADIAN. ) );
#6437 = LINE ( 'NONE', #4254, #6788 ) ;
#6438 = DIRECTION ( 'NONE',  ( 1.000000000000000000, 0.000000000000000000, 0.000000000000000000 ) ) ;
#6439 = ORIENTED_EDGE ( 'NONE', *, *, #6610, .F. ) ;
#6440 = DIRECTION ( 'NONE',  ( -0.9848077530122089085, -0.1736481776669258625, -0.000000000000000000 ) ) ;
#6441 = ADVANCED_FACE ( 'NONE', ( #2966 ), #276, .F. ) ;
#6442 = SURFACE_SIDE_STYLE ('',( #3741 ) ) ;
#6443 = ORIENTED_EDGE ( 'NONE', *, *, #4766, .F. ) ;
#6444 = SURFACE_STYLE_FILL_AREA ( #4303 ) ;
#6445 = LINE ( 'NONE', #5916, #5596 ) ;
#6446 = ORIENTED_EDGE ( 'NONE', *, *, #6164, .T. ) ;
#6447 = DIRECTION ( 'NONE',  ( 0.000000000000000000, 0.000000000000000000, -1.000000000000000000 ) ) ;
#6448 = LINE ( 'NONE', #5414, #4393 ) ;
#6449 = ADVANCED_FACE ( 'NONE', ( #4609 ), #2924, .F. ) ;
#6450 = ADVANCED_FACE ( 'NONE', ( #5638 ), #6735, .F. ) ;
#6451 = VERTEX_POINT ( 'NONE', #4652 ) ;
#6452 =( NAMED_UNIT ( * ) PLANE_ANGLE_UNIT ( ) SI_UNIT ( $, .RADIAN. ) );
#6453 = ORIENTED_EDGE ( 'NONE', *, *, #1121, .F. ) ;
#6454 = EDGE_CURVE ( 'NONE', #1707, #1527, #4123, .T. ) ;
#6455 = FILL_AREA_STYLE_COLOUR ( '', #2770 ) ;
#6456 = FACE_OUTER_BOUND ( 'NONE', #1432, .T. ) ;
#6457 = SURFACE_SIDE_STYLE ('',( #4771 ) ) ;
#6458 =( NAMED_UNIT ( * ) SI_UNIT ( $, .STERADIAN. ) SOLID_ANGLE_UNIT ( ) );
#6459 = AXIS2_PLACEMENT_3D ( 'NONE', #1640, #3756, #5865 ) ;
#6460 = AXIS2_PLACEMENT_3D ( 'NONE', #1010, #6314, #1986 ) ;
#6461 = CARTESIAN_POINT ( 'NONE',  ( 1.900000000000001021, 0.1000000012999997384, 0.5499999999999990452 ) ) ;
#6462 = DIRECTION ( 'NONE',  ( 0.000000000000000000, 1.204669080539449344E-16, -1.000000000000000000 ) ) ;
#6463 = FACE_OUTER_BOUND ( 'NONE', #2513, .T. ) ;
#6464 = ORIENTED_EDGE ( 'NONE', *, *, #4919, .F. ) ;
#6465 = EDGE_CURVE ( 'NONE', #3467, #6470, #3081, .T. ) ;
#6466 = EDGE_LOOP ( 'NONE', ( #653, #3097, #3698, #3761 ) ) ;
#6467 = VECTOR ( 'NONE', #279, 1000.000000000000000 ) ;
#6468 = VECTOR ( 'NONE', #4015, 1000.000000000000000 ) ;
#6469 = ORIENTED_EDGE ( 'NONE', *, *, #2804, .T. ) ;
#6470 = VERTEX_POINT ( 'NONE', #5741 ) ;
#6471 = DIRECTION ( 'NONE',  ( -0.000000000000000000, -1.000000000000000000, -0.000000000000000000 ) ) ;
#6472 = DIRECTION ( 'NONE',  ( 0.9848077530122089085, -0.1736481776669258625, 0.000000000000000000 ) ) ;
#6473 = VERTEX_POINT ( 'NONE', #4537 ) ;
#6474 =( LENGTH_UNIT ( ) NAMED_UNIT ( * ) SI_UNIT ( .MILLI., .METRE. ) );
#6475 = FACE_OUTER_BOUND ( 'NONE', #5674, .T. ) ;
#6476 = AXIS2_PLACEMENT_3D ( 'NONE', #3480, #2336, #6790 ) ;
#6477 = EDGE_CURVE ( 'NONE', #5133, #6233, #934, .T. ) ;
#6478 = UNCERTAINTY_MEASURE_WITH_UNIT (LENGTH_MEASURE( 1.000000000000000082E-05 ), #2642, 'distance_accuracy_value', 'NONE');
#6479 = DIRECTION ( 'NONE',  ( 0.000000000000000000, -1.000000000000000000, 0.000000000000000000 ) ) ;
#6480 = PRESENTATION_LAYER_ASSIGNMENT (  '', '', ( #5373 ) ) ;
#6481 = VERTEX_POINT ( 'NONE', #6266 ) ;
#6482 = CARTESIAN_POINT ( 'NONE',  ( 0.3000000000000026534, 2.239999999999989555, -0.3249999999999970690 ) ) ;
#6483 = VECTOR ( 'NONE', #5179, 1000.000000000000000 ) ;
#6484 = ORIENTED_EDGE ( 'NONE', *, *, #3464, .F. ) ;
#6485 = DIRECTION ( 'NONE',  ( 0.000000000000000000, 0.000000000000000000, -1.000000000000000000 ) ) ;
#6486 = VECTOR ( 'NONE', #4990, 1000.000000000000000 ) ;
#6487 = EDGE_CURVE ( 'NONE', #4860, #5093, #6195, .T. ) ;
#6488 = ORIENTED_EDGE ( 'NONE', *, *, #1053, .F. ) ;
#6489 =( NAMED_UNIT ( * ) PLANE_ANGLE_UNIT ( ) SI_UNIT ( $, .RADIAN. ) );
#6490 = CARTESIAN_POINT ( 'NONE',  ( -1.124999999999998446, 0.05000000000000000971, 1.200000000000001288 ) ) ;
#6491 = ORIENTED_EDGE ( 'NONE', *, *, #3738, .F. ) ;
#6492 = LINE ( 'NONE', #40, #4923 ) ;
#6493 =( LENGTH_UNIT ( ) NAMED_UNIT ( * ) SI_UNIT ( .MILLI., .METRE. ) );
#6494 = ADVANCED_FACE ( 'NONE', ( #1445 ), #1310, .F. ) ;
#6495 = FILL_AREA_STYLE ('',( #3716 ) ) ;
#6496 = CARTESIAN_POINT ( 'NONE',  ( -2.199999999999998845, 1.355252715606880543E-17, -0.1164279503904875612 ) ) ;
#6497 = EDGE_CURVE ( 'NONE', #5760, #786, #5879, .T. ) ;
#6498 = COLOUR_RGB ( '',0.7960784313725489669, 0.8235294117647058432, 0.9372549019607843146 ) ;
#6499 = DIRECTION ( 'NONE',  ( -0.000000000000000000, -1.000000000000000000, -0.000000000000000000 ) ) ;
#6500 = DIRECTION ( 'NONE',  ( 0.000000000000000000, -1.000000000000000000, -1.857148025303053679E-09 ) ) ;
#6501 = CARTESIAN_POINT ( 'NONE',  ( 0.3000000000000026534, 1.050000000000000044, -0.3249999999999970690 ) ) ;
#6502 = VERTEX_POINT ( 'NONE', #3116 ) ;
#6503 = VECTOR ( 'NONE', #2834, 1000.000000000000000 ) ;
#6504 = CARTESIAN_POINT ( 'NONE',  ( 3.200000000000001510, 2.639999999999999236, 0.1155307922833880285 ) ) ;
#6505 = ORIENTED_EDGE ( 'NONE', *, *, #6361, .F. ) ;
#6506 = DIRECTION ( 'NONE',  ( -1.000000000000000000, -0.000000000000000000, -0.000000000000000000 ) ) ;
#6507 = DIRECTION ( 'NONE',  ( -1.000000000000000000, -0.000000000000000000, -0.000000000000000000 ) ) ;
#6508 = STYLED_ITEM ( 'NONE', ( #1259 ), #5294 ) ;
#6509 = SURFACE_SIDE_STYLE ('',( #4895 ) ) ;
#6510 =( NAMED_UNIT ( * ) SI_UNIT ( $, .STERADIAN. ) SOLID_ANGLE_UNIT ( ) );
#6511 = CARTESIAN_POINT ( 'NONE',  ( -0.4294692077166126221, 2.639999999999999236, 0.1250000000000016376 ) ) ;
#6512 = ORIENTED_EDGE ( 'NONE', *, *, #1508, .T. ) ;
#6513 = DIRECTION ( 'NONE',  ( -0.000000000000000000, -0.7071067811865475727, -0.7071067811865475727 ) ) ;
#6514 = ADVANCED_FACE ( 'NONE', ( #464 ), #2672, .F. ) ;
#6515 = VECTOR ( 'NONE', #5440, 1000.000000000000000 ) ;
#6516 = VECTOR ( 'NONE', #6112, 1000.000000000000000 ) ;
#6517 = CARTESIAN_POINT ( 'NONE',  ( 1.300000000000001155, 2.239999999999990443, 0.04500000000000011630 ) ) ;
#6518 = EDGE_LOOP ( 'NONE', ( #3605, #4179, #3810, #4587 ) ) ;
#6519 = FILL_AREA_STYLE_COLOUR ( '', #5904 ) ;
#6520 = DIRECTION ( 'NONE',  ( 0.000000000000000000, 1.000000000000000000, 0.000000000000000000 ) ) ;
#6521 = ORIENTED_EDGE ( 'NONE', *, *, #4060, .T. ) ;
#6522 = STYLED_ITEM ( 'NONE', ( #363 ), #2597 ) ;
#6523 = EDGE_CURVE ( 'NONE', #5909, #1380, #4256, .T. ) ;
#6524 = FACE_OUTER_BOUND ( 'NONE', #5307, .T. ) ;
#6525 = DIRECTION ( 'NONE',  ( 0.000000000000000000, 0.000000000000000000, 1.000000000000000000 ) ) ;
#6526 = ORIENTED_EDGE ( 'NONE', *, *, #157, .T. ) ;
#6527 = PLANE ( 'NONE',  #5981 ) ;
#6528 = PLANE ( 'NONE',  #5106 ) ;
#6529 = DIRECTION ( 'NONE',  ( 1.000000000000000000, 0.000000000000000000, 0.000000000000000000 ) ) ;
#6530 = ORIENTED_EDGE ( 'NONE', *, *, #986, .T. ) ;
#6531 = EDGE_CURVE ( 'NONE', #3282, #3768, #6971, .T. ) ;
#6532 = EDGE_CURVE ( 'NONE', #5669, #291, #5908, .T. ) ;
#6533 = DIRECTION ( 'NONE',  ( -1.000000000000000000, 0.000000000000000000, 0.000000000000000000 ) ) ;
#6534 = DIRECTION ( 'NONE',  ( 1.000000000000000000, 0.000000000000000000, -0.000000000000000000 ) ) ;
#6535 = CARTESIAN_POINT ( 'NONE',  ( -2.699999999999999289, 2.750000000000000000, -0.9999999999999986677 ) ) ;
#6536 = VECTOR ( 'NONE', #2900, 1000.000000000000000 ) ;
#6537 = EDGE_CURVE ( 'NONE', #5705, #6252, #6900, .T. ) ;
#6538 = VECTOR ( 'NONE', #787, 1000.000000000000000 ) ;
#6539 = DIRECTION ( 'NONE',  ( 0.000000000000000000, 1.000000000000000000, 0.000000000000000000 ) ) ;
#6540 = CARTESIAN_POINT ( 'NONE',  ( -0.5249999999999981348, 1.050000000000000044, -0.8099999999999991651 ) ) ;
#6541 = ORIENTED_EDGE ( 'NONE', *, *, #1184, .T. ) ;
#6542 = EDGE_LOOP ( 'NONE', ( #4004, #4648, #5354, #563 ) ) ;
#6543 = VECTOR ( 'NONE', #6801, 1000.000000000000000 ) ;
#6544 =( LENGTH_UNIT ( ) NAMED_UNIT ( * ) SI_UNIT ( .MILLI., .METRE. ) );
#6545 = LINE ( 'NONE', #6573, #5260 ) ;
#6546 = ORIENTED_EDGE ( 'NONE', *, *, #1174, .T. ) ;
#6547 = MECHANICAL_DESIGN_GEOMETRIC_PRESENTATION_REPRESENTATION (  '', ( #3956 ), #5434 ) ;
#6548 = STYLED_ITEM ( 'NONE', ( #3267 ), #5445 ) ;
#6549 = VERTEX_POINT ( 'NONE', #2070 ) ;
#6550 = CARTESIAN_POINT ( 'NONE',  ( 1.275000000000001465, 0.1000000006499977834, 0.5499999993499971040 ) ) ;
#6551 = FACE_OUTER_BOUND ( 'NONE', #5562, .T. ) ;
#6552 = CARTESIAN_POINT ( 'NONE',  ( -0.4749999999999984235, -3.675261601645777964E-18, 1.200000000000000844 ) ) ;
#6553 = ORIENTED_EDGE ( 'NONE', *, *, #5521, .F. ) ;
#6554 = ADVANCED_FACE ( 'NONE', ( #2144 ), #3735, .T. ) ;
#6555 = DIRECTION ( 'NONE',  ( 1.000000000000000000, 0.000000000000000000, 0.000000000000000000 ) ) ;
#6556 =( NAMED_UNIT ( * ) SI_UNIT ( $, .STERADIAN. ) SOLID_ANGLE_UNIT ( ) );
#6557 = DIRECTION ( 'NONE',  ( 0.000000000000000000, -1.000000000000000000, 0.000000000000000000 ) ) ;
#6558 = LINE ( 'NONE', #1594, #690 ) ;
#6559 = VERTEX_POINT ( 'NONE', #3767 ) ;
#6560 = LINE ( 'NONE', #3947, #3749 ) ;
#6561 = CARTESIAN_POINT ( 'NONE',  ( 1.300000000000001155, 2.239999999999990443, 0.3450000000000001399 ) ) ;
#6562 = ORIENTED_EDGE ( 'NONE', *, *, #4571, .F. ) ;
#6563 = DIRECTION ( 'NONE',  ( 1.000000000000000000, 0.000000000000000000, 0.000000000000000000 ) ) ;
#6564 = DIRECTION ( 'NONE',  ( -1.000000000000000000, -0.000000000000000000, -0.000000000000000000 ) ) ;
#6565 = DIRECTION ( 'NONE',  ( 0.000000000000000000, 0.000000000000000000, -1.000000000000000000 ) ) ;
#6566 = ORIENTED_EDGE ( 'NONE', *, *, #4629, .F. ) ;
#6567 = STYLED_ITEM ( 'NONE', ( #5998 ), #3908 ) ;
#6568 = ADVANCED_FACE ( 'NONE', ( #4686 ), #4153, .F. ) ;
#6569 = LINE ( 'NONE', #4528, #5314 ) ;
#6570 =( GEOMETRIC_REPRESENTATION_CONTEXT ( 3 ) GLOBAL_UNCERTAINTY_ASSIGNED_CONTEXT ( ( #2539 ) ) GLOBAL_UNIT_ASSIGNED_CONTEXT ( ( #2548, #4699, #883 ) ) REPRESENTATION_CONTEXT ( 'NONE', 'WORKASPACE' ) );
#6571 = EDGE_LOOP ( 'NONE', ( #3568, #1207, #2949, #4458 ) ) ;
#6572 =( NAMED_UNIT ( * ) SI_UNIT ( $, .STERADIAN. ) SOLID_ANGLE_UNIT ( ) );
#6573 = CARTESIAN_POINT ( 'NONE',  ( 1.810000000000001386, 2.750000000000000000, 0.09999999999999874267 ) ) ;
#6574 = VECTOR ( 'NONE', #575, 1000.000000000000000 ) ;
#6575 = LINE ( 'NONE', #2574, #4723 ) ;
#6576 = ORIENTED_EDGE ( 'NONE', *, *, #6425, .T. ) ;
#6577 = VECTOR ( 'NONE', #4155, 1000.000000000000000 ) ;
#6578 = ADVANCED_FACE ( 'NONE', ( #5841 ), #1101, .F. ) ;
#6579 = COLOUR_RGB ( '',1.000000000000000000, 1.000000000000000000, 0.8431372549019607865 ) ;
#6580 = EDGE_CURVE ( 'NONE', #1180, #6765, #572, .T. ) ;
#6581 = ORIENTED_EDGE ( 'NONE', *, *, #3083, .T. ) ;
#6582 = CARTESIAN_POINT ( 'NONE',  ( -0.3249999999999967359, 0.4500000002000000277, 0.5500000000000018208 ) ) ;
#6583 = ORIENTED_EDGE ( 'NONE', *, *, #657, .F. ) ;
#6584 = LINE ( 'NONE', #1757, #1769 ) ;
#6585 = ORIENTED_EDGE ( 'NONE', *, *, #1184, .F. ) ;
#6586 = DIRECTION ( 'NONE',  ( 0.000000000000000000, 0.000000000000000000, 1.000000000000000000 ) ) ;
#6587 = DIRECTION ( 'NONE',  ( 0.000000000000000000, 0.000000000000000000, -1.000000000000000000 ) ) ;
#6588 = VECTOR ( 'NONE', #2057, 1000.000000000000114 ) ;
#6589 = CARTESIAN_POINT ( 'NONE',  ( -2.699999999999999289, 0.1000000012999997384, 0.5500000000000018208 ) ) ;
#6590 = CARTESIAN_POINT ( 'NONE',  ( -1.939999999999999947, 1.050000000000000044, -0.4999999999999985012 ) ) ;
#6591 = ORIENTED_EDGE ( 'NONE', *, *, #4292, .F. ) ;
#6592 = VECTOR ( 'NONE', #4777, 1000.000000000000227 ) ;
#6593 = CARTESIAN_POINT ( 'NONE',  ( 16.30000000000000071, 2.750000000000000000, -0.8099999999999991651 ) ) ;
#6594 = DIRECTION ( 'NONE',  ( 0.000000000000000000, 0.8660254037844363761, -0.5000000000000039968 ) ) ;
#6595 = CARTESIAN_POINT ( 'NONE',  ( 0.3250000000000016209, 0.05000000000000000278, 1.200000000000001288 ) ) ;
#6596 = ORIENTED_EDGE ( 'NONE', *, *, #5433, .F. ) ;
#6597 = CARTESIAN_POINT ( 'NONE',  ( 1.300000000000002043, 2.239999999999989555, -0.8249999999999998446 ) ) ;
#6598 = VECTOR ( 'NONE', #4794, 1000.000000000000000 ) ;
#6599 = CARTESIAN_POINT ( 'NONE',  ( -1.700000000599999339, 1.050000000000000044, -0.6999999999999985123 ) ) ;
#6600 = CARTESIAN_POINT ( 'NONE',  ( -0.2999999999999968803, 2.239999999999990443, 0.04500000000000294043 ) ) ;
#6601 = PLANE ( 'NONE',  #1983 ) ;
#6602 = VERTEX_POINT ( 'NONE', #6301 ) ;
#6603 = LINE ( 'NONE', #3922, #4973 ) ;
#6604 = EDGE_CURVE ( 'NONE', #759, #1, #6868, .T. ) ;
#6605 = VECTOR ( 'NONE', #6770, 1000.000000000000000 ) ;
#6606 = EDGE_LOOP ( 'NONE', ( #2379, #2066, #1924, #6591 ) ) ;
#6607 = LINE ( 'NONE', #266, #2791 ) ;
#6608 = VECTOR ( 'NONE', #5510, 1000.000000000000000 ) ;
#6609 = ORIENTED_EDGE ( 'NONE', *, *, #4766, .T. ) ;
#6610 = EDGE_CURVE ( 'NONE', #5695, #6189, #5258, .T. ) ;
#6611 = VECTOR ( 'NONE', #1361, 1000.000000000000227 ) ;
#6612 = VERTEX_POINT ( 'NONE', #2039 ) ;
#6613 = CARTESIAN_POINT ( 'NONE',  ( 3.899999999000000273, 2.639999999999999236, 0.5500000000000017097 ) ) ;
#6614 = ORIENTED_EDGE ( 'NONE', *, *, #4948, .T. ) ;
#6615 = LINE ( 'NONE', #4536, #6060 ) ;
#6616 = CARTESIAN_POINT ( 'NONE',  ( -2.199999999999998845, 1.000000000000000000, -0.9499999999999984013 ) ) ;
#6617 = VERTEX_POINT ( 'NONE', #4192 ) ;
#6618 = SURFACE_STYLE_FILL_AREA ( #3391 ) ;
#6619 = DIRECTION ( 'NONE',  ( 0.000000000000000000, 0.000000000000000000, 1.000000000000000000 ) ) ;
#6620 = EDGE_CURVE ( 'NONE', #5995, #5110, #5548, .T. ) ;
#6621 = VECTOR ( 'NONE', #2373, 1000.000000000000000 ) ;
#6622 = EDGE_LOOP ( 'NONE', ( #6609, #2483, #5990, #2598 ) ) ;
#6623 = DIRECTION ( 'NONE',  ( 0.000000000000000000, -0.1736481776669258625, -0.9848077530122089085 ) ) ;
#6624 = DIRECTION ( 'NONE',  ( 1.000000000000000000, -0.000000000000000000, -0.000000000000000000 ) ) ;
#6625 = ORIENTED_EDGE ( 'NONE', *, *, #4006, .T. ) ;
#6626 = DIRECTION ( 'NONE',  ( 0.000000000000000000, -1.000000000000000000, -0.000000000000000000 ) ) ;
#6627 = CARTESIAN_POINT ( 'NONE',  ( 0.2750000000000019096, 1.050000000000000044, -0.8099999999999991651 ) ) ;
#6628 = ADVANCED_FACE ( 'NONE', ( #4562 ), #2951, .F. ) ;
#6629 = VECTOR ( 'NONE', #6624, 1000.000000000000000 ) ;
#6630 = CARTESIAN_POINT ( 'NONE',  ( 2.400000000000000799, 0.6936749699759758858, -0.9500000000000013989 ) ) ;
#6631 = FILL_AREA_STYLE ('',( #337 ) ) ;
#6632 = ORIENTED_EDGE ( 'NONE', *, *, #4313, .F. ) ;
#6633 = EDGE_LOOP ( 'NONE', ( #5874, #981, #5891, #6724 ) ) ;
#6634 = LINE ( 'NONE', #223, #6621 ) ;
#6635 = CARTESIAN_POINT ( 'NONE',  ( 1.075000000000001732, 2.750000000000000000, -0.8100000000000020517 ) ) ;
#6636 = EDGE_CURVE ( 'NONE', #553, #4535, #3447, .T. ) ;
#6637 = AXIS2_PLACEMENT_3D ( 'NONE', #6330, #2569, #4295 ) ;
#6638 = LINE ( 'NONE', #1849, #693 ) ;
#6639 = FILL_AREA_STYLE_COLOUR ( '', #4058 ) ;
#6640 = SURFACE_STYLE_USAGE ( .BOTH. , #1815 ) ;
#6641 =( NAMED_UNIT ( * ) SI_UNIT ( $, .STERADIAN. ) SOLID_ANGLE_UNIT ( ) );
#6642 = ORIENTED_EDGE ( 'NONE', *, *, #674, .F. ) ;
#6643 = DIRECTION ( 'NONE',  ( -0.000000000000000000, 0.7071067811865352493, 0.7071067811865597852 ) ) ;
#6644 = PRESENTATION_LAYER_ASSIGNMENT (  '', '', ( #2716 ) ) ;
#6645 = VECTOR ( 'NONE', #6716, 1000.000000000000000 ) ;
#6646 = ORIENTED_EDGE ( 'NONE', *, *, #3856, .T. ) ;
#6647 = DIRECTION ( 'NONE',  ( 1.000000000000000000, 0.000000000000000000, -0.000000000000000000 ) ) ;
#6648 = EDGE_LOOP ( 'NONE', ( #6394, #1190, #4252, #4275 ) ) ;
#6649 = SURFACE_STYLE_USAGE ( .BOTH. , #5111 ) ;
#6650 = CARTESIAN_POINT ( 'NONE',  ( 0.5573992731603599760, 1.914472545666377146, 0.4023992731603601714 ) ) ;
#6651 = VERTEX_POINT ( 'NONE', #5429 ) ;
#6652 = EDGE_CURVE ( 'NONE', #5271, #677, #4526, .T. ) ;
#6653 = PLANE ( 'NONE',  #4674 ) ;
#6654 = COLOUR_RGB ( '',0.7960784313725489669, 0.8235294117647058432, 0.9372549019607843146 ) ;
#6655 = DIRECTION ( 'NONE',  ( -1.000000000000000000, 0.000000000000000000, -0.000000000000000000 ) ) ;
#6656 = CARTESIAN_POINT ( 'NONE',  ( -2.399999999999998579, 0.6936749699759758858, -0.9499999999999986233 ) ) ;
#6657 = COLOUR_RGB ( '',0.7960784313725489669, 0.8235294117647058432, 0.9372549019607843146 ) ;
#6658 = ORIENTED_EDGE ( 'NONE', *, *, #4380, .T. ) ;
#6659 = LINE ( 'NONE', #4096, #124 ) ;
#6660 = FACE_OUTER_BOUND ( 'NONE', #2219, .T. ) ;
#6661 =( NAMED_UNIT ( * ) SI_UNIT ( $, .STERADIAN. ) SOLID_ANGLE_UNIT ( ) );
#6662 = DIRECTION ( 'NONE',  ( -0.000000000000000000, 1.000000000000000000, -0.000000000000000000 ) ) ;
#6663 = ORIENTED_EDGE ( 'NONE', *, *, #4088, .F. ) ;
#6664 = DIRECTION ( 'NONE',  ( -1.000000000000000000, -0.000000000000000000, 0.000000000000000000 ) ) ;
#6665 = ORIENTED_EDGE ( 'NONE', *, *, #442, .F. ) ;
#6666 = CARTESIAN_POINT ( 'NONE',  ( -2.399999999999998579, 0.4000000000000000222, -0.9149999999999980371 ) ) ;
#6667 = DIRECTION ( 'NONE',  ( 0.000000000000000000, 0.000000000000000000, 1.000000000000000000 ) ) ;
#6668 = EDGE_CURVE ( 'NONE', #5632, #1572, #1136, .T. ) ;
#6669 = EDGE_CURVE ( 'NONE', #667, #5259, #26, .T. ) ;
#6670 = EDGE_CURVE ( 'NONE', #2562, #1363, #730, .T. ) ;
#6671 = DIRECTION ( 'NONE',  ( 0.000000000000000000, 0.000000000000000000, 1.000000000000000000 ) ) ;
#6672 =( LENGTH_UNIT ( ) NAMED_UNIT ( * ) SI_UNIT ( .MILLI., .METRE. ) );
#6673 = VECTOR ( 'NONE', #1119, 1000.000000000000227 ) ;
#6674 = ORIENTED_EDGE ( 'NONE', *, *, #3710, .F. ) ;
#6675 = VERTEX_POINT ( 'NONE', #4327 ) ;
#6676 = SURFACE_STYLE_FILL_AREA ( #808 ) ;
#6677 = CARTESIAN_POINT ( 'NONE',  ( 1.900000000000001021, 0.05000000000000000971, -1.000000000000001554 ) ) ;
#6678 = LINE ( 'NONE', #4564, #505 ) ;
#6679 = DIRECTION ( 'NONE',  ( 0.000000000000000000, 1.000000000000000000, 0.000000000000000000 ) ) ;
#6680 = ADVANCED_FACE ( 'NONE', ( #3832 ), #2871, .F. ) ;
#6681 = AXIS2_PLACEMENT_3D ( 'NONE', #3066, #6920, #3102 ) ;
#6682 = DIRECTION ( 'NONE',  ( 0.000000000000000000, 0.000000000000000000, 1.000000000000000000 ) ) ;
#6683 = VERTEX_POINT ( 'NONE', #1884 ) ;
#6684 = SURFACE_STYLE_USAGE ( .BOTH. , #1203 ) ;
#6685 = COLOUR_RGB ( '',0.7960784313725489669, 0.8235294117647058432, 0.9372549019607843146 ) ;
#6687 = ORIENTED_EDGE ( 'NONE', *, *, #6477, .F. ) ;
#6686 = VECTOR ( 'NONE', #5807, 1000.000000000000000 ) ;
#6688 = ORIENTED_EDGE ( 'NONE', *, *, #6975, .T. ) ;
#6689 = DIRECTION ( 'NONE',  ( 0.000000000000000000, 0.5735764363510474917, -0.8191520442889909104 ) ) ;
#6690 = ORIENTED_EDGE ( 'NONE', *, *, #6175, .F. ) ;
#6691 = VECTOR ( 'NONE', #4763, 1000.000000000000000 ) ;
#6692 = LINE ( 'NONE', #2316, #2578 ) ;
#6693 = FILL_AREA_STYLE ('',( #239 ) ) ;
#6694 = ORIENTED_EDGE ( 'NONE', *, *, #4493, .T. ) ;
#6695 = FACE_OUTER_BOUND ( 'NONE', #3277, .T. ) ;
#6696 = DIRECTION ( 'NONE',  ( -1.000000000000000000, 0.000000000000000000, 0.000000000000000000 ) ) ;
#6697 = CARTESIAN_POINT ( 'NONE',  ( -1.939999999999999059, 2.750000000000000000, -0.4999999999999985012 ) ) ;
#6698 = EDGE_CURVE ( 'NONE', #3205, #4186, #6180, .T. ) ;
#6699 = CARTESIAN_POINT ( 'NONE',  ( 0.4750000000000033085, -3.675261601645777502E-17, 1.200000000000000844 ) ) ;
#6700 = VECTOR ( 'NONE', #358, 1000.000000000000000 ) ;
#6701 = ORIENTED_EDGE ( 'NONE', *, *, #1573, .F. ) ;
#6702 = CARTESIAN_POINT ( 'NONE',  ( -0.5249999999999981348, 0.7768699943250462203, -0.8099999999999991651 ) ) ;
#6703 = DIRECTION ( 'NONE',  ( 1.000000000000000000, 0.000000000000000000, 0.000000000000000000 ) ) ;
#6704 = DIRECTION ( 'NONE',  ( 0.000000000000000000, 0.000000000000000000, 1.000000000000000000 ) ) ;
#6705 = ORIENTED_EDGE ( 'NONE', *, *, #1719, .T. ) ;
#6706 = CARTESIAN_POINT ( 'NONE',  ( 2.400000000000000799, 8.109541161931386268E-17, -0.7786222391909481955 ) ) ;
#6707 = ORIENTED_EDGE ( 'NONE', *, *, #1326, .T. ) ;
#6708 = CARTESIAN_POINT ( 'NONE',  ( -2.399999999999998579, 0.6936749699759758858, -0.9499999999999986233 ) ) ;
#6709 = ADVANCED_FACE ( 'NONE', ( #4487 ), #2909, .F. ) ;
#6710 = AXIS2_PLACEMENT_3D ( 'NONE', #4995, #4315, #6462 ) ;
#6711 = CARTESIAN_POINT ( 'NONE',  ( 1.849999998700003090, 0.05000000000000000971, 0.5699999999999988409 ) ) ;
#6712 = ORIENTED_EDGE ( 'NONE', *, *, #6175, .T. ) ;
#6713 = ORIENTED_EDGE ( 'NONE', *, *, #2231, .F. ) ;
#6714 = VECTOR ( 'NONE', #5577, 1000.000000000000000 ) ;
#6715 = DIRECTION ( 'NONE',  ( 0.000000000000000000, 0.000000000000000000, -1.000000000000000000 ) ) ;
#6716 = DIRECTION ( 'NONE',  ( -1.000000000000000000, 0.000000000000000000, 0.000000000000000000 ) ) ;
#6717 = DIRECTION ( 'NONE',  ( 1.000000000000000000, -0.000000000000000000, -0.000000000000000000 ) ) ;
#6718 = CARTESIAN_POINT ( 'NONE',  ( 1.325000000000001954, 1.050000000000000044, -0.8100000000000020517 ) ) ;
#6719 = EDGE_CURVE ( 'NONE', #5986, #6263, #6634, .T. ) ;
#6720 = SURFACE_STYLE_USAGE ( .BOTH. , #1927 ) ;
#6721 = VECTOR ( 'NONE', #6563, 1000.000000000000000 ) ;
#6722 = CARTESIAN_POINT ( 'NONE',  ( -0.4749999999999984235, 0.4500000002000000832, 0.6556624325871229786 ) ) ;
#6723 = FACE_OUTER_BOUND ( 'NONE', #383, .T. ) ;
#6724 = ORIENTED_EDGE ( 'NONE', *, *, #6454, .T. ) ;
#6725 = DIRECTION ( 'NONE',  ( 0.000000000000000000, 0.7071067811865355823, -0.7071067811865594521 ) ) ;
#6726 = PLANE ( 'NONE',  #5086 ) ;
#6727 = VECTOR ( 'NONE', #3938, 1000.000000000000000 ) ;
#6728 = ADVANCED_FACE ( 'NONE', ( #1653 ), #4864, .F. ) ;
#6729 = CARTESIAN_POINT ( 'NONE',  ( 0.3000000000000017653, 1.050000000000000044, 0.3450000000000029710 ) ) ;
#6730 = ORIENTED_EDGE ( 'NONE', *, *, #5064, .T. ) ;
#6731 = DIRECTION ( 'NONE',  ( 0.000000000000000000, 0.000000000000000000, 1.000000000000000000 ) ) ;
#6732 = STYLED_ITEM ( 'NONE', ( #2512 ), #6084 ) ;
#6733 = ORIENTED_EDGE ( 'NONE', *, *, #2375, .F. ) ;
#6734 = CARTESIAN_POINT ( 'NONE',  ( -1.274999999999998357, 0.1999999999999999556, 1.250000000000001110 ) ) ;
#6735 = PLANE ( 'NONE',  #5489 ) ;
#6736 = EDGE_LOOP ( 'NONE', ( #2482, #5966, #5243, #3996 ) ) ;
#6737 = VECTOR ( 'NONE', #1467, 1000.000000000000000 ) ;
#6738 = CARTESIAN_POINT ( 'NONE',  ( 2.200000000000001066, 0.1000000012999997384, 0.05000000000812383771 ) ) ;
#6739 = DIRECTION ( 'NONE',  ( -0.000000000000000000, -1.000000000000000000, -0.000000000000000000 ) ) ;
#6740 = EDGE_CURVE ( 'NONE', #667, #6193, #1926, .T. ) ;
#6741 = VERTEX_POINT ( 'NONE', #5728 ) ;
#6742 = LINE ( 'NONE', #4618, #4983 ) ;
#6743 = EDGE_CURVE ( 'NONE', #2314, #6119, #5796, .T. ) ;
#6744 = SURFACE_SIDE_STYLE ('',( #5907 ) ) ;
#6745 = EDGE_LOOP ( 'NONE', ( #3300, #3355, #6367, #2751 ) ) ;
#6746 = DIRECTION ( 'NONE',  ( -1.000000000000000000, -0.000000000000000000, -0.000000000000000000 ) ) ;
#6747 = ORIENTED_EDGE ( 'NONE', *, *, #2675, .F. ) ;
#6748 = CARTESIAN_POINT ( 'NONE',  ( 1.700000000000000622, 1.050000000000000044, -0.5000000000000013323 ) ) ;
#6749 = EDGE_CURVE ( 'NONE', #5669, #1680, #6823, .T. ) ;
#6750 = CARTESIAN_POINT ( 'NONE',  ( -1.074999999999997735, 0.7768699943250462203, -0.8099999999999991651 ) ) ;
#6751 = EDGE_LOOP ( 'NONE', ( #994, #2409, #4653, #1923 ) ) ;
#6752 = VERTEX_POINT ( 'NONE', #982 ) ;
#6753 = DIRECTION ( 'NONE',  ( 0.000000000000000000, -0.000000000000000000, -1.000000000000000000 ) ) ;
#6754 = FACE_OUTER_BOUND ( 'NONE', #2286, .T. ) ;
#6755 = FILL_AREA_STYLE_COLOUR ( '', #2832 ) ;
#6756 = VECTOR ( 'NONE', #5748, 1000.000000000000000 ) ;
#6757 = EDGE_CURVE ( 'NONE', #2919, #3073, #2555, .T. ) ;
#6758 = ORIENTED_EDGE ( 'NONE', *, *, #2171, .T. ) ;
#6759 = CARTESIAN_POINT ( 'NONE',  ( 2.400000000000000799, 0.6936749699759758858, -0.9500000000000013989 ) ) ;
#6760 = DIRECTION ( 'NONE',  ( -1.000000000000000000, 0.000000000000000000, 0.000000000000000000 ) ) ;
#6761 = ORIENTED_EDGE ( 'NONE', *, *, #4913, .T. ) ;
#6762 = FILL_AREA_STYLE ('',( #1896 ) ) ;
#6763 = VECTOR ( 'NONE', #547, 1000.000000000000000 ) ;
#6764 = EDGE_CURVE ( 'NONE', #4095, #4501, #952, .T. ) ;
#6765 = VERTEX_POINT ( 'NONE', #3065 ) ;
#6766 =( NAMED_UNIT ( * ) SI_UNIT ( $, .STERADIAN. ) SOLID_ANGLE_UNIT ( ) );
#6767 = ORIENTED_EDGE ( 'NONE', *, *, #3738, .T. ) ;
#6768 = COLOUR_RGB ( '',0.7960784313725489669, 0.8235294117647058432, 0.9372549019607843146 ) ;
#6769 = DIRECTION ( 'NONE',  ( 0.000000000000000000, -1.000000000000000000, 0.000000000000000000 ) ) ;
#6770 = DIRECTION ( 'NONE',  ( -1.000000000000000000, -0.000000000000000000, -0.000000000000000000 ) ) ;
#6771 = VERTEX_POINT ( 'NONE', #3134 ) ;
#6772 = DIRECTION ( 'NONE',  ( 0.000000000000000000, -1.204669080539449344E-16, 1.000000000000000000 ) ) ;
#6773 = SURFACE_SIDE_STYLE ('',( #2468 ) ) ;
#6774 = AXIS2_PLACEMENT_3D ( 'NONE', #6874, #2609, #3646 ) ;
#6775 = UNCERTAINTY_MEASURE_WITH_UNIT (LENGTH_MEASURE( 1.000000000000000082E-05 ), #3613, 'distance_accuracy_value', 'NONE');
#6776 = ORIENTED_EDGE ( 'NONE', *, *, #5299, .T. ) ;
#6777 = PRESENTATION_STYLE_ASSIGNMENT (( #5197 ) ) ;
#6778 =( NAMED_UNIT ( * ) PLANE_ANGLE_UNIT ( ) SI_UNIT ( $, .RADIAN. ) );
#6779 = EDGE_CURVE ( 'NONE', #663, #656, #377, .T. ) ;
#6780 = CARTESIAN_POINT ( 'NONE',  ( -0.2749999999999961919, 2.750000000000000000, -0.8099999999999991651 ) ) ;
#6781 = PLANE ( 'NONE',  #6296 ) ;
#6782 = ORIENTED_EDGE ( 'NONE', *, *, #1755, .T. ) ;
#6783 = LINE ( 'NONE', #2438, #2886 ) ;
#6784 = ORIENTED_EDGE ( 'NONE', *, *, #4417, .T. ) ;
#6785 = DIRECTION ( 'NONE',  ( 0.000000000000000000, -1.857148025303053679E-09, 1.000000000000000000 ) ) ;
#6786 = AXIS2_PLACEMENT_3D ( 'NONE', #2679, #2607, #5913 ) ;
#6787 = CLOSED_SHELL ( 'NONE', ( #3701, #6578, #6227, #5329, #6450, #5166, #2930, #576, #6, #5001, #5256, #2561, #6058, #6680, #4693, #22 ) ) ;
#6788 = VECTOR ( 'NONE', #529, 1000.000000000000000 ) ;
#6789 = PLANE ( 'NONE',  #556 ) ;
#6790 = DIRECTION ( 'NONE',  ( -0.000000000000000000, 0.000000000000000000, 1.000000000000000000 ) ) ;
#6791 = VERTEX_POINT ( 'NONE', #303 ) ;
#6792 = VERTEX_POINT ( 'NONE', #4636 ) ;
#6793 = LINE ( 'NONE', #921, #4152 ) ;
#6794 = CARTESIAN_POINT ( 'NONE',  ( 4.000000000000003553, 2.639999999999999236, -0.3955307922833827261 ) ) ;
#6795 = EDGE_CURVE ( 'NONE', #5707, #2250, #6886, .T. ) ;
#6796 =( NAMED_UNIT ( * ) PLANE_ANGLE_UNIT ( ) SI_UNIT ( $, .RADIAN. ) );
#6797 = DIRECTION ( 'NONE',  ( -1.000000000000000000, -0.000000000000000000, -0.000000000000000000 ) ) ;
#6798 = ORIENTED_EDGE ( 'NONE', *, *, #2012, .F. ) ;
#6799 = ORIENTED_EDGE ( 'NONE', *, *, #4590, .F. ) ;
#6800 = FILL_AREA_STYLE_COLOUR ( '', #3442 ) ;
#6801 = DIRECTION ( 'NONE',  ( -0.000000000000000000, 0.000000000000000000, -1.000000000000000000 ) ) ;
#6802 = EDGE_CURVE ( 'NONE', #6470, #6473, #6793, .T. ) ;
#6803 = PRESENTATION_STYLE_ASSIGNMENT (( #4754 ) ) ;
#6804 =( NAMED_UNIT ( * ) PLANE_ANGLE_UNIT ( ) SI_UNIT ( $, .RADIAN. ) );
#6805 = ORIENTED_EDGE ( 'NONE', *, *, #4824, .T. ) ;
#6806 = AXIS2_PLACEMENT_3D ( 'NONE', #6748, #214, #5127 ) ;
#6807 = DIRECTION ( 'NONE',  ( 0.000000000000000000, 0.000000000000000000, -1.000000000000000000 ) ) ;
#6808 = EDGE_CURVE ( 'NONE', #543, #1026, #4206, .T. ) ;
#6809 = VECTOR ( 'NONE', #5444, 1000.000000000000000 ) ;
#6810 = CARTESIAN_POINT ( 'NONE',  ( -1.170530792283383414, 2.639999999999999236, 0.1250000000000016376 ) ) ;
#6811 = LINE ( 'NONE', #3157, #1360 ) ;
#6812 = ORIENTED_EDGE ( 'NONE', *, *, #1315, .T. ) ;
#6813 = AXIS2_PLACEMENT_3D ( 'NONE', #495, #2635, #4253 ) ;
#6814 = CARTESIAN_POINT ( 'NONE',  ( 4.800000000000004263, 2.639999999999999236, 0.1155307922833880285 ) ) ;
#6815 = DIRECTION ( 'NONE',  ( -0.000000000000000000, -1.000000000000000000, -0.000000000000000000 ) ) ;
#6816 = CARTESIAN_POINT ( 'NONE',  ( 4.800000000000004263, 1.050000000000000044, 0.1250000000000016376 ) ) ;
#6817 = VECTOR ( 'NONE', #3326, 1000.000000000000000 ) ;
#6818 = ADVANCED_FACE ( 'NONE', ( #891 ), #2586, .F. ) ;
#6819 = PLANE ( 'NONE',  #4146 ) ;
#6820 = LINE ( 'NONE', #445, #6024 ) ;
#6821 = ORIENTED_EDGE ( 'NONE', *, *, #5364, .T. ) ;
#6822 = ORIENTED_EDGE ( 'NONE', *, *, #2842, .F. ) ;
#6823 = LINE ( 'NONE', #3554, #2140 ) ;
#6824 = PRESENTATION_STYLE_ASSIGNMENT (( #2991 ) ) ;
#6825 = CARTESIAN_POINT ( 'NONE',  ( 1.325000000000001954, 1.050000000000000044, -0.8100000000000020517 ) ) ;
#6826 = VECTOR ( 'NONE', #6250, 1000.000000000000000 ) ;
#6827 = MECHANICAL_DESIGN_GEOMETRIC_PRESENTATION_REPRESENTATION (  '', ( #533 ), #5914 ) ;
#6828 = ADVANCED_FACE ( 'NONE', ( #6320 ), #2059, .F. ) ;
#6829 = PRESENTATION_STYLE_ASSIGNMENT (( #4675 ) ) ;
#6830 = PLANE ( 'NONE',  #4690 ) ;
#6831 = ADVANCED_FACE ( 'NONE', ( #6350 ), #1960, .F. ) ;
#6832 = ORIENTED_EDGE ( 'NONE', *, *, #4122, .T. ) ;
#6833 = PLANE ( 'NONE',  #2999 ) ;
#6834 = ADVANCED_FACE ( 'NONE', ( #5244 ), #3687, .F. ) ;
#6835 = CARTESIAN_POINT ( 'NONE',  ( 3.200000000000001510, 2.639999999999999236, 0.1250000000000016376 ) ) ;
#6836 = ORIENTED_EDGE ( 'NONE', *, *, #3790, .F. ) ;
#6837 = FILL_AREA_STYLE ('',( #4689 ) ) ;
#6838 = VECTOR ( 'NONE', #6128, 1000.000000000000000 ) ;
#6839 = CARTESIAN_POINT ( 'NONE',  ( -1.699999999599998812, 1.050000000000000044, -0.4999999999999985012 ) ) ;
#6840 =( NAMED_UNIT ( * ) SI_UNIT ( $, .STERADIAN. ) SOLID_ANGLE_UNIT ( ) );
#6841 = FILL_AREA_STYLE ('',( #4694 ) ) ;
#6842 = LINE ( 'NONE', #6339, #2989 ) ;
#6843 =( LENGTH_UNIT ( ) NAMED_UNIT ( * ) SI_UNIT ( .MILLI., .METRE. ) );
#6844 = ORIENTED_EDGE ( 'NONE', *, *, #5974, .T. ) ;
#6845 = DIRECTION ( 'NONE',  ( 0.000000000000000000, 0.000000000000000000, -1.000000000000000000 ) ) ;
#6846 = CARTESIAN_POINT ( 'NONE',  ( -1.899999999999999023, 0.1000000012999997523, -0.9999999999999986677 ) ) ;
#6847 = LINE ( 'NONE', #977, #6307 ) ;
#6848 = CIRCLE ( 'NONE', #4473, 0.04999999999999991257 ) ;
#6849 = FACE_OUTER_BOUND ( 'NONE', #4412, .T. ) ;
#6850 = FILL_AREA_STYLE_COLOUR ( '', #5253 ) ;
#6851 = ORIENTED_EDGE ( 'NONE', *, *, #3254, .F. ) ;
#6852 = CARTESIAN_POINT ( 'NONE',  ( 4.000000000000003553, 2.639999999999999236, 0.1250000000000016376 ) ) ;
#6853 = LINE ( 'NONE', #6888, #824 ) ;
#6854 = DIRECTION ( 'NONE',  ( 0.000000000000000000, 0.000000000000000000, 1.000000000000000000 ) ) ;
#6855 = MECHANICAL_DESIGN_GEOMETRIC_PRESENTATION_REPRESENTATION (  '', ( #3609 ), #1456 ) ;
#6856 = VECTOR ( 'NONE', #2760, 1000.000000000000000 ) ;
#6857 = VERTEX_POINT ( 'NONE', #4173 ) ;
#6858 = CARTESIAN_POINT ( 'NONE',  ( 1.300000000000001155, 1.050000000000000044, 0.04500000000000011630 ) ) ;
#6859 = EDGE_CURVE ( 'NONE', #4036, #5018, #1461, .T. ) ;
#6860 = CIRCLE ( 'NONE', #1565, 0.04999999999999991257 ) ;
#6861 = ORIENTED_EDGE ( 'NONE', *, *, #3059, .T. ) ;
#6862 = SURFACE_STYLE_USAGE ( .BOTH. , #5183 ) ;
#6863 = PRESENTATION_LAYER_ASSIGNMENT (  '', '', ( #2699 ) ) ;
#6864 = ORIENTED_EDGE ( 'NONE', *, *, #5773, .T. ) ;
#6865 = PRESENTATION_STYLE_ASSIGNMENT (( #5838 ) ) ;
#6866 = ORIENTED_EDGE ( 'NONE', *, *, #1233, .F. ) ;
#6867 = DIRECTION ( 'NONE',  ( -0.000000000000000000, 0.000000000000000000, 1.000000000000000000 ) ) ;
#6868 = LINE ( 'NONE', #498, #226 ) ;
#6869 = ORIENTED_EDGE ( 'NONE', *, *, #6670, .F. ) ;
#6870 = DIRECTION ( 'NONE',  ( 0.000000000000000000, -0.000000000000000000, 1.000000000000000000 ) ) ;
#6871 = VECTOR ( 'NONE', #5168, 1000.000000000000000 ) ;
#6872 = DIRECTION ( 'NONE',  ( 0.000000000000000000, -0.000000000000000000, -1.000000000000000000 ) ) ;
#6873 = LINE ( 'NONE', #908, #3711 ) ;
#6874 = CARTESIAN_POINT ( 'NONE',  ( 4.000000000000003553, 2.639999999999999236, 0.1155307922833880285 ) ) ;
#6875 = EDGE_CURVE ( 'NONE', #3137, #6752, #6219, .T. ) ;
#6876 = CARTESIAN_POINT ( 'NONE',  ( -1.099999999999998535, 2.239999999999990443, 0.04500000000000294043 ) ) ;
#6877 = LINE ( 'NONE', #2050, #4588 ) ;
#6878 = ORIENTED_EDGE ( 'NONE', *, *, #803, .T. ) ;
#6879 = DIRECTION ( 'NONE',  ( 0.000000000000000000, -0.8660254037844363761, 0.5000000000000039968 ) ) ;
#6880 = DIRECTION ( 'NONE',  ( -1.000000000000000000, -0.000000000000000000, -0.000000000000000000 ) ) ;
#6881 = VECTOR ( 'NONE', #3176, 1000.000000000000000 ) ;
#6882 = AXIS2_PLACEMENT_3D ( 'NONE', #2556, #1401, #3033 ) ;
#6883 = DIRECTION ( 'NONE',  ( 0.000000000000000000, -0.000000000000000000, 1.000000000000000000 ) ) ;
#6884 = ORIENTED_EDGE ( 'NONE', *, *, #89, .T. ) ;
#6885 = VECTOR ( 'NONE', #1832, 1000.000000000000000 ) ;
#6886 = LINE ( 'NONE', #5278, #5194 ) ;
#6887 = EDGE_CURVE ( 'NONE', #6237, #4703, #5173, .T. ) ;
#6888 = CARTESIAN_POINT ( 'NONE',  ( 1.300000000000001155, 1.050000000000000044, 0.04500000000000011630 ) ) ;
#6889 = SURFACE_SIDE_STYLE ('',( #2557 ) ) ;
#6890 = CLOSED_SHELL ( 'NONE', ( #4301, #625, #708, #6494, #1799, #1244, #700, #1407, #2282, #3908, #6084, #2101, #1096, #4162, #5445, #2762 ) ) ;
#6891 = AXIS2_PLACEMENT_3D ( 'NONE', #2289, #3506, #174 ) ;
#6892 = EDGE_CURVE ( 'NONE', #3132, #6651, #622, .T. ) ;
#6893 = ORIENTED_EDGE ( 'NONE', *, *, #1821, .T. ) ;
#6894 = CARTESIAN_POINT ( 'NONE',  ( 2.400000000000000799, 0.4000000000000000222, -0.9150000000000009237 ) ) ;
#6895 = FILL_AREA_STYLE_COLOUR ( '', #1988 ) ;
#6896 = VERTEX_POINT ( 'NONE', #5862 ) ;
#6897 = ADVANCED_FACE ( 'NONE', ( #6456 ), #1600, .F. ) ;
#6898 = ORIENTED_EDGE ( 'NONE', *, *, #791, .T. ) ;
#6899 = DIRECTION ( 'NONE',  ( -1.000000000000000000, 0.000000000000000000, -0.000000000000000000 ) ) ;
#6900 = LINE ( 'NONE', #4826, #4169 ) ;
#6901 = EDGE_LOOP ( 'NONE', ( #6546, #5470, #1777, #4545 ) ) ;
#6902 = UNCERTAINTY_MEASURE_WITH_UNIT (LENGTH_MEASURE( 1.000000000000000082E-05 ), #1458, 'distance_accuracy_value', 'NONE');
#6903 = CARTESIAN_POINT ( 'NONE',  ( -0.4749999999999984235, -3.675261601645777964E-18, 0.6500000000000011324 ) ) ;
#6904 = SURFACE_SIDE_STYLE ('',( #3155 ) ) ;
#6905 = CARTESIAN_POINT ( 'NONE',  ( 1.155294304660449578, 2.553589584749196284, -0.3802943046604472244 ) ) ;
#6906 = VECTOR ( 'NONE', #1963, 1000.000000000000000 ) ;
#6907 = ORIENTED_EDGE ( 'NONE', *, *, #6393, .T. ) ;
#6908 = EDGE_CURVE ( 'NONE', #616, #889, #5828, .T. ) ;
#6909 = LINE ( 'NONE', #5371, #742 ) ;
#6910 = CARTESIAN_POINT ( 'NONE',  ( 1.300000000000002043, 2.639999999999999236, -0.8249999999999998446 ) ) ;
#6911 = AXIS2_PLACEMENT_3D ( 'NONE', #2581, #5723, #4732 ) ;
#6912 = VECTOR ( 'NONE', #5718, 1000.000000000000227 ) ;
#6913 = VECTOR ( 'NONE', #613, 1000.000000000000114 ) ;
#6914 = PRESENTATION_STYLE_ASSIGNMENT (( #6284 ) ) ;
#6915 = EDGE_LOOP ( 'NONE', ( #3387, #220, #5610, #6596 ) ) ;
#6916 = AXIS2_PLACEMENT_3D ( 'NONE', #476, #2083, #1759 ) ;
#6917 = EDGE_CURVE ( 'NONE', #3150, #4102, #4880, .T. ) ;
#6918 =( LENGTH_UNIT ( ) NAMED_UNIT ( * ) SI_UNIT ( .MILLI., .METRE. ) );
#6919 =( NAMED_UNIT ( * ) PLANE_ANGLE_UNIT ( ) SI_UNIT ( $, .RADIAN. ) );
#6920 = DIRECTION ( 'NONE',  ( -1.000000000000000000, -0.000000000000000000, 0.000000000000000000 ) ) ;
#6921 = COLOUR_RGB ( '',0.7960784313725489669, 0.8235294117647058432, 0.9372549019607843146 ) ;
#6922 = ORIENTED_EDGE ( 'NONE', *, *, #1462, .F. ) ;
#6923 =( NAMED_UNIT ( * ) SI_UNIT ( $, .STERADIAN. ) SOLID_ANGLE_UNIT ( ) );
#6924 = DIRECTION ( 'NONE',  ( 0.9848077530122089085, -0.1736481776669258625, 0.000000000000000000 ) ) ;
#6925 = PRESENTATION_STYLE_ASSIGNMENT (( #3204 ) ) ;
#6926 = ORIENTED_EDGE ( 'NONE', *, *, #5293, .F. ) ;
#6927 = EDGE_CURVE ( 'NONE', #6389, #1556, #4921, .T. ) ;
#6928 = CARTESIAN_POINT ( 'NONE',  ( 1.275000000000001465, 0.4500000002000000277, 0.6556624325871202030 ) ) ;
#6929 = DIRECTION ( 'NONE',  ( 0.000000000000000000, 5.421010860823805421E-16, -1.000000000000000000 ) ) ;
#6930 = VERTEX_POINT ( 'NONE', #2229 ) ;
#6931 = VECTOR ( 'NONE', #4559, 1000.000000000000000 ) ;
#6932 = CARTESIAN_POINT ( 'NONE',  ( 2.200000000000001066, 8.109541161931386268E-17, -0.7786222391909481955 ) ) ;
#6933 = ORIENTED_EDGE ( 'NONE', *, *, #1315, .F. ) ;
#6934 = CARTESIAN_POINT ( 'NONE',  ( 2.400000000000000799, 8.109541161931386268E-17, -0.7786222391909481955 ) ) ;
#6935 = SURFACE_SIDE_STYLE ('',( #1135 ) ) ;
#6936 = CARTESIAN_POINT ( 'NONE',  ( 1.325000000000001954, 0.7768699943250462203, -0.8100000000000020517 ) ) ;
#6937 = ORIENTED_EDGE ( 'NONE', *, *, #2042, .T. ) ;
#6938 = PLANE ( 'NONE',  #5352 ) ;
#6939 = DIRECTION ( 'NONE',  ( -1.000000000000000000, -0.000000000000000000, 0.000000000000000000 ) ) ;
#6940 = DIRECTION ( 'NONE',  ( 0.000000000000000000, 0.000000000000000000, -1.000000000000000000 ) ) ;
#6941 = VERTEX_POINT ( 'NONE', #1562 ) ;
#6942 = DIRECTION ( 'NONE',  ( -1.000000000000000000, -0.000000000000000000, -0.000000000000000000 ) ) ;
#6943 = DIRECTION ( 'NONE',  ( 0.000000000000000000, -1.857148025303053679E-09, 1.000000000000000000 ) ) ;
#6944 = ORIENTED_EDGE ( 'NONE', *, *, #3692, .F. ) ;
#6945 = EDGE_CURVE ( 'NONE', #6559, #3616, #594, .T. ) ;
#6946 = FILL_AREA_STYLE ('',( #4800 ) ) ;
#6947 = DIRECTION ( 'NONE',  ( -0.000000000000000000, -0.000000000000000000, -1.000000000000000000 ) ) ;
#6948 = VECTOR ( 'NONE', #2852, 1000.000000000000000 ) ;
#6949 = VECTOR ( 'NONE', #4211, 1000.000000000000000 ) ;
#6950 = EDGE_CURVE ( 'NONE', #5669, #4789, #5892, .T. ) ;
#6951 = CARTESIAN_POINT ( 'NONE',  ( 0.4750000000000033085, 0.1999999999999999278, 1.250000000000001110 ) ) ;
#6952 = LINE ( 'NONE', #2552, #4798 ) ;
#6953 = AXIS2_PLACEMENT_3D ( 'NONE', #2436, #507, #5367 ) ;
#6954 = ORIENTED_EDGE ( 'NONE', *, *, #2685, .T. ) ;
#6955 = CARTESIAN_POINT ( 'NONE',  ( -2.199999999999998845, 0.3063250300240242252, -0.9499999999999986233 ) ) ;
#6956 = CIRCLE ( 'NONE', #6281, 0.04999999999999991257 ) ;
#6957 = CARTESIAN_POINT ( 'NONE',  ( 1.325000000000001954, 2.750000000000000000, -0.8100000000000020517 ) ) ;
#6958 = DIRECTION ( 'NONE',  ( -1.000000000000000000, 0.000000000000000000, -0.000000000000000000 ) ) ;
#6959 = ORIENTED_EDGE ( 'NONE', *, *, #511, .T. ) ;
#6960 = CARTESIAN_POINT ( 'NONE',  ( -1.074999999999997735, 1.050000000000000044, -0.8099999999999991651 ) ) ;
#6961 = DIRECTION ( 'NONE',  ( -0.000000000000000000, -1.000000000000000000, -0.000000000000000000 ) ) ;
#6962 = EDGE_CURVE ( 'NONE', #6470, #2177, #4346, .T. ) ;
#6963 = DIRECTION ( 'NONE',  ( -1.000000000000000000, -0.000000000000000000, -0.000000000000000000 ) ) ;
#6964 = ORIENTED_EDGE ( 'NONE', *, *, #2724, .T. ) ;
#6965 = VECTOR ( 'NONE', #2485, 1000.000000000000000 ) ;
#6966 =( NAMED_UNIT ( * ) PLANE_ANGLE_UNIT ( ) SI_UNIT ( $, .RADIAN. ) );
#6967 = ORIENTED_EDGE ( 'NONE', *, *, #3991, .F. ) ;
#6968 = PRESENTATION_LAYER_ASSIGNMENT (  '', '', ( #5411 ) ) ;
#6969 = DIRECTION ( 'NONE',  ( 0.000000000000000000, 0.000000000000000000, -1.000000000000000000 ) ) ;
#6970 = CARTESIAN_POINT ( 'NONE',  ( -1.170530792283383414, 2.639999999999999236, -0.7544692077166114119 ) ) ;
#6971 = LINE ( 'NONE', #1576, #2104 ) ;
#6972 = VERTEX_POINT ( 'NONE', #1638 ) ;
#6973 = EDGE_CURVE ( 'NONE', #3743, #3858, #5927, .T. ) ;
#6974 = UNCERTAINTY_MEASURE_WITH_UNIT (LENGTH_MEASURE( 1.000000000000000082E-05 ), #5231, 'distance_accuracy_value', 'NONE');
#6975 = EDGE_CURVE ( 'NONE', #616, #553, #1014, .T. ) ;
#6976 = DIRECTION ( 'NONE',  ( 1.000000000000000000, -0.000000000000000000, -0.000000000000000000 ) ) ;
#6977 = SURFACE_SIDE_STYLE ('',( #2307 ) ) ;
#6978 = DIRECTION ( 'NONE',  ( 0.1710878697460311570, 0.9702875252478154744, 0.1710878697460311293 ) ) ;
#6979 = ORIENTED_EDGE ( 'NONE', *, *, #3359, .T. ) ;
#6980 = PLANE ( 'NONE',  #6395 ) ;
ENDSEC;
END-ISO-10303-21;
