ISO-10303-21;
HEADER;
FILE_DESCRIPTION (( 'STEP AP214' ),
    '1' );
FILE_NAME ('JST_BM05-SURS.STEP',
    '2026-08-21T09:06:12',
    ( '' ),
    ( '' ),
    'SwSTEP 2.0',
    'SolidWorks 2021',
    '' );
FILE_SCHEMA (( 'AUTOMOTIVE_DESIGN' ));
ENDSEC;

DATA;
#1 = DIRECTION ( 'NONE',  ( 0.000000000000000000, 0.000000000000000000, 1.000000000000000000 ) ) ;
#2 = ORIENTED_EDGE ( 'NONE', *, *, #3615, .T. ) ;
#3 = ADVANCED_FACE ( 'NONE', ( #1380 ), #2624, .F. ) ;
#4 = CARTESIAN_POINT ( 'NONE',  ( 0.8750000000000048850, 0.05000000000000031503, 1.250000000000001110 ) ) ;
#5 = EDGE_CURVE ( 'NONE', #2044, #1811, #6398, .T. ) ;
#6 = CARTESIAN_POINT ( 'NONE',  ( 1.500000000000003553, 1.050000000000000044, -0.8250000000000000666 ) ) ;
#7 = CARTESIAN_POINT ( 'NONE',  ( 2.339999999000003328, 1.050000000000000044, -0.5000000000000015543 ) ) ;
#8 = CARTESIAN_POINT ( 'NONE',  ( -2.599999999999997424, 0.6000000000000000888, -0.9149999999999980371 ) ) ;
#9 = PLANE ( 'NONE',  #3413 ) ;
#10 = ADVANCED_FACE ( 'NONE', ( #5801 ), #275, .F. ) ;
#11 = DIRECTION ( 'NONE',  ( 0.000000000000000000, -1.857148025303053679E-09, 1.000000000000000000 ) ) ;
#12 = LINE ( 'NONE', #7285, #2880 ) ;
#13 = CARTESIAN_POINT ( 'NONE',  ( 2.800000000000001599, 0.3499999999999999778, 0.05000000001624859552 ) ) ;
#14 = ORIENTED_EDGE ( 'NONE', *, *, #541, .T. ) ;
#15 = EDGE_CURVE ( 'NONE', #5655, #5351, #5274, .T. ) ;
#16 = ORIENTED_EDGE ( 'NONE', *, *, #2381, .T. ) ;
#17 = EDGE_CURVE ( 'NONE', #6510, #3000, #3987, .T. ) ;
#18 = VECTOR ( 'NONE', #2039, 1000.000000000000000 ) ;
#19 = VERTEX_POINT ( 'NONE', #5881 ) ;
#20 = COLOUR_RGB ( '',0.7960784313725489669, 0.8235294117647058432, 0.9372549019607843146 ) ;
#21 = DIRECTION ( 'NONE',  ( 0.000000000000000000, 0.000000000000000000, 1.000000000000000000 ) ) ;
#22 = PRESENTATION_STYLE_ASSIGNMENT (( #3291 ) ) ;
#23 = DIRECTION ( 'NONE',  ( -0.000000000000000000, 1.000000000000000000, -0.000000000000000000 ) ) ;
#24 = LINE ( 'NONE', #3740, #7451 ) ;
#25 = ORIENTED_EDGE ( 'NONE', *, *, #4094, .T. ) ;
#26 = SURFACE_SIDE_STYLE ('',( #588 ) ) ;
#27 = UNCERTAINTY_MEASURE_WITH_UNIT (LENGTH_MEASURE( 1.000000000000000082E-05 ), #2685, 'distance_accuracy_value', 'NONE');
#28 =( NAMED_UNIT ( * ) PLANE_ANGLE_UNIT ( ) SI_UNIT ( $, .RADIAN. ) );
#29 = CARTESIAN_POINT ( 'NONE',  ( 1.596273787504379538, 2.785995780779311648, -0.7287262124956240816 ) ) ;
#30 = CARTESIAN_POINT ( 'NONE',  ( -0.7705307922833809497, 2.639999999999999236, 0.1155307922833886253 ) ) ;
#31 = VECTOR ( 'NONE', #5031, 1000.000000000000000 ) ;
#32 = DIRECTION ( 'NONE',  ( 0.000000000000000000, -1.000000000000000000, 0.000000000000000000 ) ) ;
#33 = ADVANCED_FACE ( 'NONE', ( #7693 ), #6515, .F. ) ;
#34 = LINE ( 'NONE', #1857, #5640 ) ;
#35 = VECTOR ( 'NONE', #3904, 1000.000000000000000 ) ;
#36 = SURFACE_STYLE_FILL_AREA ( #5643 ) ;
#37 = DIRECTION ( 'NONE',  ( 0.7071067811865475727, -0.7071067811865475727, 0.000000000000000000 ) ) ;
#38 = MECHANICAL_DESIGN_GEOMETRIC_PRESENTATION_REPRESENTATION (  '', ( #5446 ), #819 ) ;
#39 = EDGE_LOOP ( 'NONE', ( #5727, #3559, #618, #5636, #3132 ) ) ;
#40 = DIRECTION ( 'NONE',  ( 0.000000000000000000, 0.000000000000000000, 1.000000000000000000 ) ) ;
#41 = ORIENTED_EDGE ( 'NONE', *, *, #1272, .T. ) ;
#42 = AXIS2_PLACEMENT_3D ( 'NONE', #1266, #810, #5571 ) ;
#43 = ADVANCED_FACE ( 'NONE', ( #7094 ), #1049, .F. ) ;
#44 = DIRECTION ( 'NONE',  ( -1.000000000000000000, -0.000000000000000000, -0.000000000000000000 ) ) ;
#45 = PRESENTATION_LAYER_ASSIGNMENT (  '', '', ( #430 ) ) ;
#46 =( NAMED_UNIT ( * ) SI_UNIT ( $, .STERADIAN. ) SOLID_ANGLE_UNIT ( ) );
#47 = CARTESIAN_POINT ( 'NONE',  ( -2.799999999999997158, 1.000000000000000000, -0.9499999999843734555 ) ) ;
#48 = ORIENTED_EDGE ( 'NONE', *, *, #7215, .F. ) ;
#49 = LINE ( 'NONE', #4969, #5131 ) ;
#50 = DIRECTION ( 'NONE',  ( -0.000000000000000000, -0.000000000000000000, -1.000000000000000000 ) ) ;
#51 = VECTOR ( 'NONE', #2690, 1000.000000000000000 ) ;
#52 = ADVANCED_FACE ( 'NONE', ( #1693 ), #2334, .F. ) ;
#53 = CARTESIAN_POINT ( 'NONE',  ( -1.524999999999996803, 0.4500000002000000832, 0.5500000000000018208 ) ) ;
#54 = FACE_OUTER_BOUND ( 'NONE', #1115, .T. ) ;
#55 = CARTESIAN_POINT ( 'NONE',  ( 0.8750000000000048850, 0.1999999999999999833, 0.8000000000000011546 ) ) ;
#56 = SURFACE_STYLE_FILL_AREA ( #3769 ) ;
#57 = VERTEX_POINT ( 'NONE', #355 ) ;
#58 = ORIENTED_EDGE ( 'NONE', *, *, #1272, .F. ) ;
#59 = SURFACE_SIDE_STYLE ('',( #5582 ) ) ;
#60 = VECTOR ( 'NONE', #1060, 1000.000000000000000 ) ;
#61 =( NAMED_UNIT ( * ) PLANE_ANGLE_UNIT ( ) SI_UNIT ( $, .RADIAN. ) );
#62 = ORIENTED_EDGE ( 'NONE', *, *, #7397, .F. ) ;
#63 = SURFACE_STYLE_USAGE ( .BOTH. , #3017 ) ;
#64 = DIRECTION ( 'NONE',  ( 0.000000000000000000, -0.000000000000000000, 1.000000000000000000 ) ) ;
#65 = ADVANCED_FACE ( 'NONE', ( #2824 ), #7660, .F. ) ;
#66 = DIRECTION ( 'NONE',  ( 0.000000000000000000, 1.204669080539449344E-16, -1.000000000000000000 ) ) ;
#67 =( GEOMETRIC_REPRESENTATION_CONTEXT ( 3 ) GLOBAL_UNCERTAINTY_ASSIGNED_CONTEXT ( ( #6080 ) ) GLOBAL_UNIT_ASSIGNED_CONTEXT ( ( #7741, #968, #1575 ) ) REPRESENTATION_CONTEXT ( 'NONE', 'WORKASPACE' ) );
#68 = CARTESIAN_POINT ( 'NONE',  ( -0.6999999999999952927, 1.050000000000000044, 0.3450000000000029710 ) ) ;
#69 = CARTESIAN_POINT ( 'NONE',  ( 0.7000000000000041744, 2.239999999999989555, -0.3249999999999970690 ) ) ;
#70 = CARTESIAN_POINT ( 'NONE',  ( 0.9000000000000047962, 2.639999999999999236, 0.3450000000000029710 ) ) ;
#71 = MECHANICAL_DESIGN_GEOMETRIC_PRESENTATION_REPRESENTATION (  '', ( #1759 ), #2021 ) ;
#72 = DIRECTION ( 'NONE',  ( 0.000000000000000000, -1.000000000000000000, -1.857148025303053679E-09 ) ) ;
#73 = PRESENTATION_STYLE_ASSIGNMENT (( #4418 ) ) ;
#74 = ORIENTED_EDGE ( 'NONE', *, *, #447, .F. ) ;
#75 = DIRECTION ( 'NONE',  ( 0.000000000000000000, 0.000000000000000000, -1.000000000000000000 ) ) ;
#76 = ORIENTED_EDGE ( 'NONE', *, *, #1838, .F. ) ;
#77 = DIRECTION ( 'NONE',  ( 0.000000000000000000, -1.000000000000000000, 0.000000000000000000 ) ) ;
#78 = ORIENTED_EDGE ( 'NONE', *, *, #245, .T. ) ;
#79 = ORIENTED_EDGE ( 'NONE', *, *, #5839, .T. ) ;
#80 = EDGE_CURVE ( 'NONE', #6801, #5876, #313, .T. ) ;
#81 = ORIENTED_EDGE ( 'NONE', *, *, #1455, .F. ) ;
#82 = CARTESIAN_POINT ( 'NONE',  ( 1.725000000000002975, 1.050000000000000044, -0.8100000000000022737 ) ) ;
#83 = FACE_OUTER_BOUND ( 'NONE', #6497, .T. ) ;
#84 = CARTESIAN_POINT ( 'NONE',  ( 1.500000000000002665, 1.050000000000000044, 0.04499999999999992895 ) ) ;
#85 = DIRECTION ( 'NONE',  ( -1.000000000000000000, 0.000000000000000000, -0.000000000000000000 ) ) ;
#86 = VECTOR ( 'NONE', #4822, 1000.000000000000114 ) ;
#87 = CARTESIAN_POINT ( 'NONE',  ( -3.099999999999997868, 2.750000000000000000, -0.9999999999999986677 ) ) ;
#88 = CARTESIAN_POINT ( 'NONE',  ( -3.099999999999997868, 0.4500000002000000277, 0.5500000000000018208 ) ) ;
#89 = VERTEX_POINT ( 'NONE', #4061 ) ;
#90 = CARTESIAN_POINT ( 'NONE',  ( 1.725000000000002975, 2.639999999999998348, -0.7000000000000012879 ) ) ;
#91 = VERTEX_POINT ( 'NONE', #474 ) ;
#92 = ORIENTED_EDGE ( 'NONE', *, *, #1660, .T. ) ;
#93 =( GEOMETRIC_REPRESENTATION_CONTEXT ( 3 ) GLOBAL_UNCERTAINTY_ASSIGNED_CONTEXT ( ( #6701 ) ) GLOBAL_UNIT_ASSIGNED_CONTEXT ( ( #2335, #1694, #7303 ) ) REPRESENTATION_CONTEXT ( 'NONE', 'WORKASPACE' ) );
#94 = VECTOR ( 'NONE', #1385, 1000.000000000000000 ) ;
#95 = DIRECTION ( 'NONE',  ( 1.000000000000000000, 0.000000000000000000, 0.000000000000000000 ) ) ;
#96 = DIRECTION ( 'NONE',  ( 0.000000000000000000, 0.000000000000000000, 1.000000000000000000 ) ) ;
#97 = LINE ( 'NONE', #2569, #1436 ) ;
#98 = CARTESIAN_POINT ( 'NONE',  ( -2.799999999999997158, 0.3063250300240242252, -0.9499999999999986233 ) ) ;
#99 = VERTEX_POINT ( 'NONE', #2208 ) ;
#100 = UNCERTAINTY_MEASURE_WITH_UNIT (LENGTH_MEASURE( 1.000000000000000082E-05 ), #2794, 'distance_accuracy_value', 'NONE');
#101 = EDGE_CURVE ( 'NONE', #4652, #4884, #5918, .T. ) ;
#102 = COLOUR_RGB ( '',0.7960784313725489669, 0.8235294117647058432, 0.9372549019607843146 ) ;
#103 = VECTOR ( 'NONE', #7367, 1000.000000000000000 ) ;
#104 = EDGE_LOOP ( 'NONE', ( #1952, #2481, #2316, #1615 ) ) ;
#105 = DIRECTION ( 'NONE',  ( 0.000000000000000000, 0.7071067811865352493, -0.7071067811865597852 ) ) ;
#106 = CARTESIAN_POINT ( 'NONE',  ( -2.799999999999997602, 1.000000000000000000, -0.2499999999999984457 ) ) ;
#107 = ADVANCED_FACE ( 'NONE', ( #7054 ), #1534, .F. ) ;
#108 = PRESENTATION_LAYER_ASSIGNMENT (  '', '', ( #5391 ) ) ;
#109 = CARTESIAN_POINT ( 'NONE',  ( 0.9250000000000054845, 0.7768699943250462203, -0.8099999999999991651 ) ) ;
#110 = LINE ( 'NONE', #3066, #7797 ) ;
#111 = ORIENTED_EDGE ( 'NONE', *, *, #5255, .F. ) ;
#112 = CARTESIAN_POINT ( 'NONE',  ( 2.800000000000001599, 0.3500000000000001443, -0.2500000000725014493 ) ) ;
#113 = EDGE_CURVE ( 'NONE', #4098, #3863, #1574, .T. ) ;
#114 = VERTEX_POINT ( 'NONE', #4658 ) ;
#115 = ADVANCED_FACE ( 'NONE', ( #6749 ), #1901, .F. ) ;
#116 = ORIENTED_EDGE ( 'NONE', *, *, #5019, .F. ) ;
#117 = ORIENTED_EDGE ( 'NONE', *, *, #2681, .F. ) ;
#118 = ORIENTED_EDGE ( 'NONE', *, *, #3290, .T. ) ;
#119 = DIRECTION ( 'NONE',  ( 0.000000000000000000, -0.000000000000000000, -1.000000000000000000 ) ) ;
#120 = ORIENTED_EDGE ( 'NONE', *, *, #2349, .T. ) ;
#121 = CARTESIAN_POINT ( 'NONE',  ( -2.599999999999997424, 0.3499999999999999778, 0.05000000001625162782 ) ) ;
#122 = EDGE_CURVE ( 'NONE', #5859, #2124, #7903, .T. ) ;
#123 = ADVANCED_BREP_SHAPE_REPRESENTATION ( 'JST_BM05-SURS', ( #4237, #1641, #1475, #6683, #1704, #4162, #1561, #1511, #1822, #4124, #1590, #1526, #1768, #4087, #6872, #1833, #4245, #4117, #5549 ), #4125 ) ;
#124 = DIRECTION ( 'NONE',  ( 1.000000000000000000, 0.000000000000000000, 0.000000000000000000 ) ) ;
#125 = SURFACE_STYLE_FILL_AREA ( #7432 ) ;
#126 = ADVANCED_FACE ( 'NONE', ( #1249 ), #2417, .F. ) ;
#127 = LINE ( 'NONE', #7433, #3165 ) ;
#128 = LINE ( 'NONE', #6921, #5166 ) ;
#129 = CARTESIAN_POINT ( 'NONE',  ( 0.9000000000000047962, 1.050000000000000044, 0.04500000000000294043 ) ) ;
#130 = ADVANCED_FACE ( 'NONE', ( #5517 ), #1815, .F. ) ;
#131 = ORIENTED_EDGE ( 'NONE', *, *, #3615, .F. ) ;
#132 = ORIENTED_EDGE ( 'NONE', *, *, #6651, .F. ) ;
#133 = CLOSED_SHELL ( 'NONE', ( #7477, #1668, #720, #1199, #4180, #3680, #1447, #1374, #994, #2238 ) ) ;
#134 = LINE ( 'NONE', #2006, #1073 ) ;
#135 = CARTESIAN_POINT ( 'NONE',  ( -2.599999999999997424, 8.109541161931386268E-17, -0.7786222391909453089 ) ) ;
#136 = CARTESIAN_POINT ( 'NONE',  ( -0.8999999999999966915, 2.639999999999999236, 0.3450000000000029710 ) ) ;
#137 = FACE_OUTER_BOUND ( 'NONE', #1111, .T. ) ;
#138 = ORIENTED_EDGE ( 'NONE', *, *, #6580, .F. ) ;
#139 = SURFACE_STYLE_USAGE ( .BOTH. , #5071 ) ;
#140 = SURFACE_STYLE_FILL_AREA ( #4987 ) ;
#141 = VERTEX_POINT ( 'NONE', #4254 ) ;
#142 = COLOUR_RGB ( '',0.7960784313725489669, 0.8235294117647058432, 0.9372549019607843146 ) ;
#143 = CARTESIAN_POINT ( 'NONE',  ( -3.099999999999997868, 0.1000000012999997384, 0.5500000000000018208 ) ) ;
#144 = AXIS2_PLACEMENT_3D ( 'NONE', #945, #3405, #5863 ) ;
#145 = ADVANCED_FACE ( 'NONE', ( #6166 ), #3707, .T. ) ;
#146 = FILL_AREA_STYLE ('',( #6863 ) ) ;
#147 = VECTOR ( 'NONE', #4889, 1000.000000000000227 ) ;
#148 = CARTESIAN_POINT ( 'NONE',  ( 0.9573992731603615525, 1.914472545666377146, 0.4023992731603601714 ) ) ;
#149 = PRESENTATION_LAYER_ASSIGNMENT (  '', '', ( #4388 ) ) ;
#150 = CARTESIAN_POINT ( 'NONE',  ( 0.8750000000000048850, 0.4500000002000000277, 0.5500000000000018208 ) ) ;
#151 = CARTESIAN_POINT ( 'NONE',  ( 1.700000000000003064, 2.239999999999989555, -0.3250000000000000666 ) ) ;
#152 = EDGE_CURVE ( 'NONE', #3667, #3863, #679, .T. ) ;
#153 = VERTEX_POINT ( 'NONE', #3664 ) ;
#154 = ADVANCED_FACE ( 'NONE', ( #3102 ), #6706, .F. ) ;
#155 = DIRECTION ( 'NONE',  ( 0.000000000000000000, 0.000000000000000000, 1.000000000000000000 ) ) ;
#156 = ORIENTED_EDGE ( 'NONE', *, *, #3960, .T. ) ;
#157 = VERTEX_POINT ( 'NONE', #3147 ) ;
#158 = ORIENTED_EDGE ( 'NONE', *, *, #3907, .T. ) ;
#159 = EDGE_CURVE ( 'NONE', #7138, #2351, #5592, .T. ) ;
#160 = CARTESIAN_POINT ( 'NONE',  ( 6.000000000000002665, 2.639999999999999236, 0.2744692077166142608 ) ) ;
#161 = SURFACE_STYLE_USAGE ( .BOTH. , #1344 ) ;
#162 = VECTOR ( 'NONE', #1850, 1000.000000000000000 ) ;
#163 = PLANE ( 'NONE',  #4172 ) ;
#164 = AXIS2_PLACEMENT_3D ( 'NONE', #6434, #918, #236 ) ;
#165 = AXIS2_PLACEMENT_3D ( 'NONE', #645, #6213, #2504 ) ;
#166 = DIRECTION ( 'NONE',  ( -0.000000000000000000, -0.000000000000000000, -1.000000000000000000 ) ) ;
#167 = DIRECTION ( 'NONE',  ( 1.000000000000000000, 0.000000000000000000, 0.000000000000000000 ) ) ;
#168 = CARTESIAN_POINT ( 'NONE',  ( -1.524999999999996803, 0.000000000000000000, 0.6500000000000011324 ) ) ;
#169 = SURFACE_SIDE_STYLE ('',( #3285 ) ) ;
#170 = EDGE_LOOP ( 'NONE', ( #7100, #5605, #3374, #5283 ) ) ;
#171 = ORIENTED_EDGE ( 'NONE', *, *, #2426, .F. ) ;
#172 = VECTOR ( 'NONE', #1327, 1000.000000000000000 ) ;
#173 = SURFACE_SIDE_STYLE ('',( #4439 ) ) ;
#174 = EDGE_CURVE ( 'NONE', #141, #7041, #4948, .T. ) ;
#175 = DIRECTION ( 'NONE',  ( -1.000000000000000000, 0.000000000000000000, -0.000000000000000000 ) ) ;
#176 =( NAMED_UNIT ( * ) PLANE_ANGLE_UNIT ( ) SI_UNIT ( $, .RADIAN. ) );
#177 = CARTESIAN_POINT ( 'NONE',  ( -0.9249999999999961586, 2.639999999999998348, -0.6999999999999982903 ) ) ;
#178 = VERTEX_POINT ( 'NONE', #69 ) ;
#179 =( NAMED_UNIT ( * ) PLANE_ANGLE_UNIT ( ) SI_UNIT ( $, .RADIAN. ) );
#180 = EDGE_CURVE ( 'NONE', #6292, #7724, #7941, .T. ) ;
#181 = UNCERTAINTY_MEASURE_WITH_UNIT (LENGTH_MEASURE( 1.000000000000000082E-05 ), #243, 'distance_accuracy_value', 'NONE');
#182 = DIRECTION ( 'NONE',  ( -0.000000000000000000, -0.7071067811865475727, -0.7071067811865475727 ) ) ;
#183 = ORIENTED_EDGE ( 'NONE', *, *, #5796, .F. ) ;
#184 = LINE ( 'NONE', #1446, #35 ) ;
#185 = VECTOR ( 'NONE', #7767, 1000.000000000000000 ) ;
#186 = DIRECTION ( 'NONE',  ( 0.000000000000000000, 0.000000000000000000, -1.000000000000000000 ) ) ;
#187 = PRESENTATION_LAYER_ASSIGNMENT (  '', '', ( #6489 ) ) ;
#188 = CARTESIAN_POINT ( 'NONE',  ( 0.9000000000000055733, 1.050000000000000044, -0.3249999999999970690 ) ) ;
#189 = CARTESIAN_POINT ( 'NONE',  ( 0.9000000000000047962, 1.050000000000000044, 0.3450000000000029710 ) ) ;
#190 = VECTOR ( 'NONE', #3073, 1000.000000000000000 ) ;
#191 = ORIENTED_EDGE ( 'NONE', *, *, #6803, .F. ) ;
#192 = DIRECTION ( 'NONE',  ( -0.000000000000000000, -1.000000000000000000, -7.572940222879532405E-11 ) ) ;
#193 = ORIENTED_EDGE ( 'NONE', *, *, #859, .T. ) ;
#194 = FACE_OUTER_BOUND ( 'NONE', #6613, .T. ) ;
#195 = ORIENTED_EDGE ( 'NONE', *, *, #2721, .F. ) ;
#196 = ORIENTED_EDGE ( 'NONE', *, *, #6646, .F. ) ;
#197 = FACE_OUTER_BOUND ( 'NONE', #2804, .T. ) ;
#198 = AXIS2_PLACEMENT_3D ( 'NONE', #4694, #5191, #7569 ) ;
#199 = VERTEX_POINT ( 'NONE', #2375 ) ;
#200 = DIRECTION ( 'NONE',  ( -1.000000000000000000, 0.000000000000000000, -0.000000000000000000 ) ) ;
#201 = DIRECTION ( 'NONE',  ( 0.000000000000000000, 0.7071067811865355823, -0.7071067811865594521 ) ) ;
#202 = LINE ( 'NONE', #5128, #2988 ) ;
#203 = ADVANCED_FACE ( 'NONE', ( #4786 ), #6087, .T. ) ;
#204 = CARTESIAN_POINT ( 'NONE',  ( -0.6999999999999945155, 2.639999999999999236, -0.3249999999999970690 ) ) ;
#205 = AXIS2_PLACEMENT_3D ( 'NONE', #6038, #551, #2367 ) ;
#206 = LINE ( 'NONE', #2671, #6981 ) ;
#207 = LINE ( 'NONE', #3283, #5934 ) ;
#208 = EDGE_LOOP ( 'NONE', ( #5110, #4912, #1408, #6365 ) ) ;
#209 = CARTESIAN_POINT ( 'NONE',  ( 7.700000000000004619, 2.639999999999999236, -0.6999999999999985123 ) ) ;
#210 = FILL_AREA_STYLE ('',( #2638 ) ) ;
#211 = ORIENTED_EDGE ( 'NONE', *, *, #965, .T. ) ;
#212 = PRESENTATION_LAYER_ASSIGNMENT (  '', '', ( #2670 ) ) ;
#213 = ORIENTED_EDGE ( 'NONE', *, *, #3022, .F. ) ;
#214 = EDGE_CURVE ( 'NONE', #6294, #7766, #1132, .T. ) ;
#215 = PRESENTATION_STYLE_ASSIGNMENT (( #5583 ) ) ;
#216 = VERTEX_POINT ( 'NONE', #4830 ) ;
#217 = LINE ( 'NONE', #1250, #1137 ) ;
#218 = CARTESIAN_POINT ( 'NONE',  ( 2.210000000000002185, 2.750000000000000000, 0.6599999999999993650 ) ) ;
#219 = CARTESIAN_POINT ( 'NONE',  ( -1.674999999999996714, 0.4500000002000000832, 0.5500000000000018208 ) ) ;
#220 = STYLED_ITEM ( 'NONE', ( #7644 ), #3680 ) ;
#221 = ORIENTED_EDGE ( 'NONE', *, *, #764, .T. ) ;
#222 = VECTOR ( 'NONE', #3028, 1000.000000000000000 ) ;
#223 = ADVANCED_FACE ( 'NONE', ( #7261 ), #6675, .F. ) ;
#224 = CLOSED_SHELL ( 'NONE', ( #733, #2157, #1618, #5669, #3195, #4678, #1868, #7487, #3361, #529 ) ) ;
#225 = CARTESIAN_POINT ( 'NONE',  ( -0.6999999999999952927, 2.239999999999990443, 0.04500000000000294043 ) ) ;
#226 = CARTESIAN_POINT ( 'NONE',  ( -2.599999999999997424, 0.3063250300240242252, -0.9499999999999986233 ) ) ;
#227 = CARTESIAN_POINT ( 'NONE',  ( -0.8037262124956199294, 2.785995780779311648, -0.7287262124956209730 ) ) ;
#228 = EDGE_CURVE ( 'NONE', #4630, #4998, #1167, .T. ) ;
#229 = ORIENTED_EDGE ( 'NONE', *, *, #576, .T. ) ;
#230 = CARTESIAN_POINT ( 'NONE',  ( 2.210000000000002185, 2.750000000000000000, -0.5000000000000015543 ) ) ;
#231 = ORIENTED_EDGE ( 'NONE', *, *, #3159, .T. ) ;
#232 = AXIS2_PLACEMENT_3D ( 'NONE', #6437, #2742, #5200 ) ;
#233 = PLANE ( 'NONE',  #5716 ) ;
#234 = EDGE_CURVE ( 'NONE', #3860, #1295, #3626, .T. ) ;
#235 = ORIENTED_EDGE ( 'NONE', *, *, #345, .T. ) ;
#236 = DIRECTION ( 'NONE',  ( 0.000000000000000000, 0.000000000000000000, 1.000000000000000000 ) ) ;
#237 = ORIENTED_EDGE ( 'NONE', *, *, #6586, .T. ) ;
#238 = SURFACE_SIDE_STYLE ('',( #7661 ) ) ;
#239 = ORIENTED_EDGE ( 'NONE', *, *, #2435, .F. ) ;
#240 = PLANE ( 'NONE',  #2791 ) ;
#241 = CARTESIAN_POINT ( 'NONE',  ( -2.599999999999997424, 0.6936749699759758858, -0.8499999999999985345 ) ) ;
#242 = CARTESIAN_POINT ( 'NONE',  ( -0.02946920771661014696, 2.639999999999999236, -0.7544692077166114119 ) ) ;
#243 =( LENGTH_UNIT ( ) NAMED_UNIT ( * ) SI_UNIT ( .MILLI., .METRE. ) );
#244 = EDGE_CURVE ( 'NONE', #1284, #1512, #4490, .T. ) ;
#245 = EDGE_CURVE ( 'NONE', #5252, #3809, #5081, .T. ) ;
#246 = CARTESIAN_POINT ( 'NONE',  ( 0.9250000000000054845, 1.050000000000000044, -0.8099999999999991651 ) ) ;
#247 = DIRECTION ( 'NONE',  ( 1.000000000000000000, 0.000000000000000000, -1.355252715606883008E-16 ) ) ;
#248 = CARTESIAN_POINT ( 'NONE',  ( -1.674999999999996714, 0.1999999999999999556, 1.250000000000001110 ) ) ;
#249 = DIRECTION ( 'NONE',  ( 0.000000000000000000, -0.000000000000000000, 1.000000000000000000 ) ) ;
#250 = EDGE_CURVE ( 'NONE', #2351, #7053, #4532, .T. ) ;
#251 = EDGE_LOOP ( 'NONE', ( #2575, #7426, #6962, #3157 ) ) ;
#252 = ADVANCED_FACE ( 'NONE', ( #3831 ), #5115, .F. ) ;
#253 = VERTEX_POINT ( 'NONE', #4415 ) ;
#254 = EDGE_LOOP ( 'NONE', ( #5141, #4406, #6383, #2522 ) ) ;
#255 = CARTESIAN_POINT ( 'NONE',  ( 3.100000000000002309, 0.3500000000000000333, 0.5499999999999987121 ) ) ;
#256 = ORIENTED_EDGE ( 'NONE', *, *, #5496, .T. ) ;
#257 = DIRECTION ( 'NONE',  ( -1.000000000000000000, -0.000000000000000000, -0.000000000000000000 ) ) ;
#258 = EDGE_CURVE ( 'NONE', #3937, #1950, #3300, .T. ) ;
#259 = DIRECTION ( 'NONE',  ( 1.355252715606883008E-16, -0.000000000000000000, 1.000000000000000000 ) ) ;
#260 = CLOSED_SHELL ( 'NONE', ( #4184, #2371, #4190, #676, #4296, #5932, #761, #1107, #4257, #1778 ) ) ;
#261 = LINE ( 'NONE', #5752, #1607 ) ;
#262 = ORIENTED_EDGE ( 'NONE', *, *, #1337, .F. ) ;
#263 = LINE ( 'NONE', #2727, #1842 ) ;
#264 = DIRECTION ( 'NONE',  ( -0.000000000000000000, -1.000000000000000000, -0.000000000000000000 ) ) ;
#265 = CARTESIAN_POINT ( 'NONE',  ( 2.800000000000002931, 2.639999999999999236, -0.7544692077166114119 ) ) ;
#266 = DIRECTION ( 'NONE',  ( 0.000000000000000000, 1.000000000000000000, 7.572940222879531112E-11 ) ) ;
#267 =( GEOMETRIC_REPRESENTATION_CONTEXT ( 3 ) GLOBAL_UNCERTAINTY_ASSIGNED_CONTEXT ( ( #2826 ) ) GLOBAL_UNIT_ASSIGNED_CONTEXT ( ( #5577, #4476, #702 ) ) REPRESENTATION_CONTEXT ( 'NONE', 'WORKASPACE' ) );
#268 = SURFACE_SIDE_STYLE ('',( #884 ) ) ;
#269 = VERTEX_POINT ( 'NONE', #3789 ) ;
#270 = VECTOR ( 'NONE', #833, 1000.000000000000000 ) ;
#271 =( NAMED_UNIT ( * ) PLANE_ANGLE_UNIT ( ) SI_UNIT ( $, .RADIAN. ) );
#272 = EDGE_CURVE ( 'NONE', #3033, #3636, #841, .T. ) ;
#273 = PLANE ( 'NONE',  #7728 ) ;
#274 = MECHANICAL_DESIGN_GEOMETRIC_PRESENTATION_REPRESENTATION (  '', ( #4388 ), #1967 ) ;
#275 = PLANE ( 'NONE',  #3620 ) ;
#276 = ORIENTED_EDGE ( 'NONE', *, *, #1222, .T. ) ;
#277 = CARTESIAN_POINT ( 'NONE',  ( -2.799999999999997158, 0.6000000000000000888, -0.9149999999999980371 ) ) ;
#278 = PLANE ( 'NONE',  #232 ) ;
#279 = DIRECTION ( 'NONE',  ( 1.000000000000000000, 0.000000000000000000, -0.000000000000000000 ) ) ;
#280 = LINE ( 'NONE', #5319, #2252 ) ;
#281 = LINE ( 'NONE', #2830, #4024 ) ;
#282 = ADVANCED_FACE ( 'NONE', ( #2020 ), #4452, .F. ) ;
#283 = VECTOR ( 'NONE', #4690, 1000.000000000000000 ) ;
#284 = CARTESIAN_POINT ( 'NONE',  ( -2.799999999999997158, 0.6000000000000000888, -0.9149999999999980371 ) ) ;
#285 = VECTOR ( 'NONE', #2902, 1000.000000000000114 ) ;
#286 = PRESENTATION_STYLE_ASSIGNMENT (( #2793 ) ) ;
#287 = EDGE_LOOP ( 'NONE', ( #2069, #2562, #41, #7592 ) ) ;
#288 = CARTESIAN_POINT ( 'NONE',  ( -0.7249999999999952038, 0.4500000002000000277, 0.6556624325871229786 ) ) ;
#289 =( NAMED_UNIT ( * ) PLANE_ANGLE_UNIT ( ) SI_UNIT ( $, .RADIAN. ) );
#290 = PRESENTATION_LAYER_ASSIGNMENT (  '', '', ( #1981 ) ) ;
#291 = ORIENTED_EDGE ( 'NONE', *, *, #333, .T. ) ;
#292 = EDGE_CURVE ( 'NONE', #6510, #3815, #1411, .T. ) ;
#293 = AXIS2_PLACEMENT_3D ( 'NONE', #2476, #4274, #4768 ) ;
#294 = DIRECTION ( 'NONE',  ( 0.000000000000000000, -1.000000000000000000, -0.000000000000000000 ) ) ;
#295 = MECHANICAL_DESIGN_GEOMETRIC_PRESENTATION_REPRESENTATION (  '', ( #4667 ), #2361 ) ;
#296 = ORIENTED_EDGE ( 'NONE', *, *, #2178, .F. ) ;
#297 = SURFACE_SIDE_STYLE ('',( #1514 ) ) ;
#298 = VERTEX_POINT ( 'NONE', #5792 ) ;
#299 = DIRECTION ( 'NONE',  ( 1.000000000000000000, 0.000000000000000000, 0.000000000000000000 ) ) ;
#300 =( NAMED_UNIT ( * ) SI_UNIT ( $, .STERADIAN. ) SOLID_ANGLE_UNIT ( ) );
#301 = CIRCLE ( 'NONE', #2228, 0.04999999999999991257 ) ;
#302 =( LENGTH_UNIT ( ) NAMED_UNIT ( * ) SI_UNIT ( .MILLI., .METRE. ) );
#303 = VECTOR ( 'NONE', #5946, 1000.000000000000000 ) ;
#304 = ORIENTED_EDGE ( 'NONE', *, *, #7381, .F. ) ;
#305 = DIRECTION ( 'NONE',  ( -0.000000000000000000, 0.000000000000000000, 1.000000000000000000 ) ) ;
#306 = CARTESIAN_POINT ( 'NONE',  ( 2.100000000000001421, 1.050000000000000044, 0.5499999999999986011 ) ) ;
#307 = CARTESIAN_POINT ( 'NONE',  ( -1.699999999999995737, 1.050000000000000044, -0.8249999999999970690 ) ) ;
#308 = FACE_OUTER_BOUND ( 'NONE', #5794, .T. ) ;
#309 = VERTEX_POINT ( 'NONE', #2692 ) ;
#310 = CARTESIAN_POINT ( 'NONE',  ( 3.100000000000002309, 0.3500000000000000333, -0.2500000000362514463 ) ) ;
#311 = ORIENTED_EDGE ( 'NONE', *, *, #2721, .T. ) ;
#312 = CARTESIAN_POINT ( 'NONE',  ( 1.570530792283389099, 2.639999999999999236, -0.3955307922833857792 ) ) ;
#313 = LINE ( 'NONE', #3387, #5718 ) ;
#314 = VECTOR ( 'NONE', #2634, 1000.000000000000000 ) ;
#315 = CARTESIAN_POINT ( 'NONE',  ( 0.1250000000000054123, 1.050000000000000044, -0.8099999999999991651 ) ) ;
#316 = ORIENTED_EDGE ( 'NONE', *, *, #7830, .F. ) ;
#317 = UNCERTAINTY_MEASURE_WITH_UNIT (LENGTH_MEASURE( 1.000000000000000082E-05 ), #7631, 'distance_accuracy_value', 'NONE');
#318 = AXIS2_PLACEMENT_3D ( 'NONE', #4236, #616, #5296 ) ;
#319 = DIRECTION ( 'NONE',  ( -0.000000000000000000, 0.000000000000000000, 1.000000000000000000 ) ) ;
#320 = CARTESIAN_POINT ( 'NONE',  ( -3.099999999999997868, 0.3499999999750000867, -0.2500000001087483992 ) ) ;
#321 = VECTOR ( 'NONE', #44, 1000.000000000000000 ) ;
#322 = DIRECTION ( 'NONE',  ( 0.000000000000000000, 0.000000000000000000, -1.000000000000000000 ) ) ;
#323 = EDGE_CURVE ( 'NONE', #1782, #2192, #7535, .T. ) ;
#324 = CARTESIAN_POINT ( 'NONE',  ( -0.7249999999999952038, 0.1999999999999999278, 1.250000000000001110 ) ) ;
#325 = SURFACE_STYLE_FILL_AREA ( #5167 ) ;
#326 = LINE ( 'NONE', #7754, #3323 ) ;
#327 = SURFACE_STYLE_FILL_AREA ( #6414 ) ;
#328 = AXIS2_PLACEMENT_3D ( 'NONE', #150, #5595, #72 ) ;
#329 = VERTEX_POINT ( 'NONE', #6251 ) ;
#330 = ORIENTED_EDGE ( 'NONE', *, *, #6763, .T. ) ;
#331 = DIRECTION ( 'NONE',  ( 0.000000000000000000, -0.000000000000000000, 1.000000000000000000 ) ) ;
#332 = ORIENTED_EDGE ( 'NONE', *, *, #6451, .F. ) ;
#333 = EDGE_CURVE ( 'NONE', #329, #7192, #880, .T. ) ;
#334 = FACE_OUTER_BOUND ( 'NONE', #3194, .T. ) ;
#335 = EDGE_LOOP ( 'NONE', ( #7375, #6901, #1461, #3067 ) ) ;
#336 =( LENGTH_UNIT ( ) NAMED_UNIT ( * ) SI_UNIT ( .MILLI., .METRE. ) );
#337 = PLANE ( 'NONE',  #4635 ) ;
#338 = ORIENTED_EDGE ( 'NONE', *, *, #1930, .T. ) ;
#339 = DIRECTION ( 'NONE',  ( -0.000000000000000000, -1.000000000000000000, -0.000000000000000000 ) ) ;
#340 = ORIENTED_EDGE ( 'NONE', *, *, #1838, .T. ) ;
#341 =( GEOMETRIC_REPRESENTATION_CONTEXT ( 3 ) GLOBAL_UNCERTAINTY_ASSIGNED_CONTEXT ( ( #7896 ) ) GLOBAL_UNIT_ASSIGNED_CONTEXT ( ( #5010, #1300, #692 ) ) REPRESENTATION_CONTEXT ( 'NONE', 'WORKASPACE' ) );
#342 = LINE ( 'NONE', #952, #6345 ) ;
#343 = EDGE_CURVE ( 'NONE', #5884, #6801, #722, .T. ) ;
#344 = DIRECTION ( 'NONE',  ( -1.000000000000000000, 0.000000000000000000, 1.355252715606883008E-16 ) ) ;
#345 = EDGE_CURVE ( 'NONE', #6012, #2072, #6390, .T. ) ;
#346 = CARTESIAN_POINT ( 'NONE',  ( -0.8749999999999968914, 0.4500000002000000832, 0.6556624325871229786 ) ) ;
#347 = PRESENTATION_STYLE_ASSIGNMENT (( #3416 ) ) ;
#348 = DIRECTION ( 'NONE',  ( -1.000000000000000000, -0.000000000000000000, -0.000000000000000000 ) ) ;
#349 = ORIENTED_EDGE ( 'NONE', *, *, #4390, .T. ) ;
#350 = EDGE_CURVE ( 'NONE', #2922, #3086, #3261, .T. ) ;
#351 = ORIENTED_EDGE ( 'NONE', *, *, #5547, .T. ) ;
#352 = AXIS2_PLACEMENT_3D ( 'NONE', #2457, #1776, #2943 ) ;
#353 = VECTOR ( 'NONE', #6209, 1000.000000000000000 ) ;
#354 = EDGE_LOOP ( 'NONE', ( #1573, #7889, #1098, #2757 ) ) ;
#355 = CARTESIAN_POINT ( 'NONE',  ( 0.7250000000000031974, 0.1999999999999999556, 1.250000000000001110 ) ) ;
#356 = DIRECTION ( 'NONE',  ( 0.000000000000000000, 0.000000000000000000, -1.000000000000000000 ) ) ;
#357 = ORIENTED_EDGE ( 'NONE', *, *, #5740, .T. ) ;
#358 = DIRECTION ( 'NONE',  ( -0.000000000000000000, -0.000000000000000000, 1.000000000000000000 ) ) ;
#359 = EDGE_CURVE ( 'NONE', #7572, #7600, #6284, .T. ) ;
#360 = DIRECTION ( 'NONE',  ( -1.000000000000000000, 0.000000000000000000, 0.000000000000000000 ) ) ;
#361 = ORIENTED_EDGE ( 'NONE', *, *, #1937, .F. ) ;
#362 = DIRECTION ( 'NONE',  ( 0.000000000000000000, -1.000000000000000000, 0.000000000000000000 ) ) ;
#363 = VECTOR ( 'NONE', #7594, 1000.000000000000000 ) ;
#364 = CARTESIAN_POINT ( 'NONE',  ( -0.7249999999999952038, 0.1000000006499977834, 0.5499999993499998796 ) ) ;
#365 = DIRECTION ( 'NONE',  ( -0.7071067811865475727, -0.7071067811865475727, -0.000000000000000000 ) ) ;
#366 = DIRECTION ( 'NONE',  ( -0.000000000000000000, -1.000000000000000000, -0.000000000000000000 ) ) ;
#367 = DIRECTION ( 'NONE',  ( 0.000000000000000000, 0.000000000000000000, -1.000000000000000000 ) ) ;
#368 = ORIENTED_EDGE ( 'NONE', *, *, #6485, .T. ) ;
#369 = EDGE_LOOP ( 'NONE', ( #349, #2465, #978, #7171 ) ) ;
#370 = PLANE ( 'NONE',  #5815 ) ;
#371 = ADVANCED_FACE ( 'NONE', ( #3945 ), #1370, .T. ) ;
#372 = ORIENTED_EDGE ( 'NONE', *, *, #594, .T. ) ;
#373 = ORIENTED_EDGE ( 'NONE', *, *, #5204, .F. ) ;
#374 = CARTESIAN_POINT ( 'NONE',  ( 0.8750000000000048850, 0.04999999999999997502, 1.200000000000001288 ) ) ;
#375 = ORIENTED_EDGE ( 'NONE', *, *, #6774, .F. ) ;
#376 = EDGE_CURVE ( 'NONE', #2950, #7758, #1941, .T. ) ;
#377 = CARTESIAN_POINT ( 'NONE',  ( 0.9000000000000055733, 2.639999999999999236, -0.8249999999999970690 ) ) ;
#378 = ORIENTED_EDGE ( 'NONE', *, *, #6425, .F. ) ;
#379 = LINE ( 'NONE', #2318, #3583 ) ;
#380 = AXIS2_PLACEMENT_3D ( 'NONE', #3908, #766, #3870 ) ;
#381 = DIRECTION ( 'NONE',  ( -1.000000000000000000, -0.000000000000000000, -0.000000000000000000 ) ) ;
#382 = EDGE_LOOP ( 'NONE', ( #5443, #6069, #4182, #775 ) ) ;
#383 = CARTESIAN_POINT ( 'NONE',  ( 1.675000000000002487, 0.04999999999999996808, 1.199999999999998179 ) ) ;
#384 = DIRECTION ( 'NONE',  ( -1.000000000000000000, 0.000000000000000000, 0.000000000000000000 ) ) ;
#385 = LINE ( 'NONE', #2235, #3031 ) ;
#386 = ORIENTED_EDGE ( 'NONE', *, *, #653, .T. ) ;
#387 = PLANE ( 'NONE',  #678 ) ;
#388 = EDGE_LOOP ( 'NONE', ( #2, #1395, #1096, #5653 ) ) ;
#389 = DIRECTION ( 'NONE',  ( -1.000000000000000000, 0.000000000000000000, 0.000000000000000000 ) ) ;
#390 = EDGE_LOOP ( 'NONE', ( #5687, #5929, #5522, #6281 ) ) ;
#391 = ORIENTED_EDGE ( 'NONE', *, *, #2023, .T. ) ;
#392 = CARTESIAN_POINT ( 'NONE',  ( -0.09999999999999668876, 2.239999999999990443, 0.04500000000000296124 ) ) ;
#393 = VERTEX_POINT ( 'NONE', #2577 ) ;
#394 = SURFACE_STYLE_USAGE ( .BOTH. , #238 ) ;
#395 = ORIENTED_EDGE ( 'NONE', *, *, #6669, .F. ) ;
#396 = UNCERTAINTY_MEASURE_WITH_UNIT (LENGTH_MEASURE( 1.000000000000000082E-05 ), #2964, 'distance_accuracy_value', 'NONE');
#397 = SURFACE_SIDE_STYLE ('',( #2253 ) ) ;
#398 =( LENGTH_UNIT ( ) NAMED_UNIT ( * ) SI_UNIT ( .MILLI., .METRE. ) );
#399 = ORIENTED_EDGE ( 'NONE', *, *, #3858, .T. ) ;
#400 = DIRECTION ( 'NONE',  ( -1.000000000000000000, 0.000000000000000000, 0.000000000000000000 ) ) ;
#401 = AXIS2_PLACEMENT_3D ( 'NONE', #2592, #7434, #4974 ) ;
#402 = MECHANICAL_DESIGN_GEOMETRIC_PRESENTATION_REPRESENTATION (  '', ( #5293 ), #5048 ) ;
#403 = ORIENTED_EDGE ( 'NONE', *, *, #7191, .F. ) ;
#404 = EDGE_CURVE ( 'NONE', #2922, #1331, #5036, .T. ) ;
#405 = VERTEX_POINT ( 'NONE', #1682 ) ;
#406 = DIRECTION ( 'NONE',  ( 0.000000000000000000, 0.000000000000000000, -1.000000000000000000 ) ) ;
#407 = VECTOR ( 'NONE', #6685, 1000.000000000000000 ) ;
#408 = LINE ( 'NONE', #7150, #1181 ) ;
#409 = CARTESIAN_POINT ( 'NONE',  ( -1.570530792283382659, 2.639999999999999236, 0.1250000000000016376 ) ) ;
#410 = ORIENTED_EDGE ( 'NONE', *, *, #504, .T. ) ;
#411 = ORIENTED_EDGE ( 'NONE', *, *, #5630, .F. ) ;
#412 = ADVANCED_FACE ( 'NONE', ( #6589 ), #2815, .F. ) ;
#413 = DIRECTION ( 'NONE',  ( 1.000000000000000000, 0.000000000000000000, 0.000000000000000000 ) ) ;
#414 = ORIENTED_EDGE ( 'NONE', *, *, #5133, .T. ) ;
#415 = VECTOR ( 'NONE', #6109, 999.9999999999998863 ) ;
#416 = CARTESIAN_POINT ( 'NONE',  ( -2.299999999999997158, 0.3499999999437500287, 0.5500000000000018208 ) ) ;
#417 = EDGE_LOOP ( 'NONE', ( #2025, #6861, #4800, #5933 ) ) ;
#418 = DIRECTION ( 'NONE',  ( 1.000000000000000000, 0.000000000000000000, -0.000000000000000000 ) ) ;
#419 = VECTOR ( 'NONE', #3052, 1000.000000000000000 ) ;
#420 = SURFACE_SIDE_STYLE ('',( #7074 ) ) ;
#421 = CARTESIAN_POINT ( 'NONE',  ( 2.500000000000002220, 2.750000000000000000, -0.9999999999999986677 ) ) ;
#422 = EDGE_CURVE ( 'NONE', #3407, #6533, #5266, .T. ) ;
#423 = EDGE_CURVE ( 'NONE', #7834, #4723, #7009, .T. ) ;
#424 = CARTESIAN_POINT ( 'NONE',  ( -2.339999999924998519, 2.750000000000000000, -0.4999999999999985012 ) ) ;
#425 = CIRCLE ( 'NONE', #1330, 0.1000000000000000472 ) ;
#426 = CARTESIAN_POINT ( 'NONE',  ( 0.1000000000000055705, 2.639999999999999236, -0.8249999999999970690 ) ) ;
#427 = VECTOR ( 'NONE', #264, 1000.000000000000000 ) ;
#428 = DIRECTION ( 'NONE',  ( -1.000000000000000000, 0.000000000000000000, 1.355252715606883008E-16 ) ) ;
#429 = LINE ( 'NONE', #1605, #285 ) ;
#430 = STYLED_ITEM ( 'NONE', ( #5270 ), #6327 ) ;
#431 = VERTEX_POINT ( 'NONE', #6545 ) ;
#432 = DIRECTION ( 'NONE',  ( 0.000000000000000000, 0.000000000000000000, -1.000000000000000000 ) ) ;
#433 = ORIENTED_EDGE ( 'NONE', *, *, #2493, .T. ) ;
#434 = ORIENTED_EDGE ( 'NONE', *, *, #6409, .T. ) ;
#435 = DIRECTION ( 'NONE',  ( 0.000000000000000000, -0.8660254037844363761, 0.5000000000000039968 ) ) ;
#436 = ORIENTED_EDGE ( 'NONE', *, *, #4344, .T. ) ;
#437 = CARTESIAN_POINT ( 'NONE',  ( 14.90000000000000391, 1.050000000000000044, -0.6999999999999985123 ) ) ;
#438 = CARTESIAN_POINT ( 'NONE',  ( 1.656666666666668730, 2.196666666666666323, 0.1066666666666654939 ) ) ;
#439 = SURFACE_STYLE_USAGE ( .BOTH. , #5965 ) ;
#440 = CARTESIAN_POINT ( 'NONE',  ( 0.8750000000000048850, 0.4500000002000000277, 0.5500000000000018208 ) ) ;
#441 = SURFACE_STYLE_USAGE ( .BOTH. , #6439 ) ;
#442 = ORIENTED_EDGE ( 'NONE', *, *, #2633, .F. ) ;
#443 = ORIENTED_EDGE ( 'NONE', *, *, #7080, .T. ) ;
#444 = ORIENTED_EDGE ( 'NONE', *, *, #4704, .F. ) ;
#445 = VECTOR ( 'NONE', #4365, 1000.000000000000000 ) ;
#446 = PRESENTATION_STYLE_ASSIGNMENT (( #5974 ) ) ;
#447 = EDGE_CURVE ( 'NONE', #1230, #5684, #5833, .T. ) ;
#448 = PLANE ( 'NONE',  #7707 ) ;
#449 = DIRECTION ( 'NONE',  ( 1.000000000000000000, 0.000000000000000000, 0.000000000000000000 ) ) ;
#450 = VERTEX_POINT ( 'NONE', #2730 ) ;
#451 = SURFACE_STYLE_FILL_AREA ( #4151 ) ;
#452 = PRESENTATION_LAYER_ASSIGNMENT (  '', '', ( #6372 ) ) ;
#453 = VERTEX_POINT ( 'NONE', #2851 ) ;
#454 = CARTESIAN_POINT ( 'NONE',  ( 2.600000000000001865, 0.4000000000000000222, -0.9150000000000011458 ) ) ;
#455 = ORIENTED_EDGE ( 'NONE', *, *, #6717, .F. ) ;
#456 = LINE ( 'NONE', #1717, #7064 ) ;
#457 = STYLED_ITEM ( 'NONE', ( #5359 ), #4265 ) ;
#458 = CARTESIAN_POINT ( 'NONE',  ( 3.600000000000004974, 2.639999999999999236, 0.1155307922833880285 ) ) ;
#459 = DIRECTION ( 'NONE',  ( 0.000000000000000000, 0.000000000000000000, -1.000000000000000000 ) ) ;
#460 = LINE ( 'NONE', #5387, #2876 ) ;
#461 = DIRECTION ( 'NONE',  ( -1.000000000000000000, 0.000000000000000000, 0.000000000000000000 ) ) ;
#462 = CARTESIAN_POINT ( 'NONE',  ( -2.099999999999996980, 2.750000000000000000, 0.1000000000000016154 ) ) ;
#463 = DIRECTION ( 'NONE',  ( 0.000000000000000000, 0.000000000000000000, 1.000000000000000000 ) ) ;
#464 = SURFACE_STYLE_USAGE ( .BOTH. , #5948 ) ;
#465 = CARTESIAN_POINT ( 'NONE',  ( 2.800000000000001599, 0.4000000000000000222, -0.9150000000000011458 ) ) ;
#466 = ORIENTED_EDGE ( 'NONE', *, *, #4886, .T. ) ;
#467 = CARTESIAN_POINT ( 'NONE',  ( 2.800000000000001599, 0.3063250300240242252, -0.9500000000000016209 ) ) ;
#468 = EDGE_CURVE ( 'NONE', #114, #3248, #1038, .T. ) ;
#469 = PRESENTATION_LAYER_ASSIGNMENT (  '', '', ( #7131 ) ) ;
#470 = VERTEX_POINT ( 'NONE', #3454 ) ;
#471 = SURFACE_STYLE_USAGE ( .BOTH. , #6041 ) ;
#472 = VERTEX_POINT ( 'NONE', #3980 ) ;
#473 = DIRECTION ( 'NONE',  ( -1.000000000000000000, 0.000000000000000000, -0.000000000000000000 ) ) ;
#474 = CARTESIAN_POINT ( 'NONE',  ( -0.07499999999999683309, 0.4500000002000000832, 0.5500000000000018208 ) ) ;
#475 = EDGE_CURVE ( 'NONE', #470, #3234, #2130, .T. ) ;
#476 = CYLINDRICAL_SURFACE ( 'NONE', #352, 0.1000000000000000472 ) ;
#477 = ORIENTED_EDGE ( 'NONE', *, *, #626, .T. ) ;
#478 = FACE_OUTER_BOUND ( 'NONE', #1293, .T. ) ;
#479 = CARTESIAN_POINT ( 'NONE',  ( -1.474999999999996314, 1.050000000000000044, -0.6999999999999985123 ) ) ;
#480 = LINE ( 'NONE', #2462, #4436 ) ;
#481 = VECTOR ( 'NONE', #7179, 1000.000000000000000 ) ;
#482 = ADVANCED_FACE ( 'NONE', ( #1603 ), #1082, .T. ) ;
#483 = VECTOR ( 'NONE', #1539, 1000.000000000000000 ) ;
#484 = LINE ( 'NONE', #4797, #6353 ) ;
#485 = ORIENTED_EDGE ( 'NONE', *, *, #5042, .T. ) ;
#486 = ORIENTED_EDGE ( 'NONE', *, *, #4600, .F. ) ;
#487 = FACE_OUTER_BOUND ( 'NONE', #7241, .T. ) ;
#488 = PRESENTATION_LAYER_ASSIGNMENT (  '', '', ( #5647 ) ) ;
#489 = LINE ( 'NONE', #4967, #4350 ) ;
#490 = VECTOR ( 'NONE', #5504, 1000.000000000000000 ) ;
#491 = EDGE_LOOP ( 'NONE', ( #58, #2908, #705, #5158 ) ) ;
#492 = FACE_OUTER_BOUND ( 'NONE', #799, .T. ) ;
#493 = EDGE_CURVE ( 'NONE', #5298, #3630, #3477, .T. ) ;
#494 = EDGE_CURVE ( 'NONE', #3334, #4498, #7727, .T. ) ;
#495 = STYLED_ITEM ( 'NONE', ( #7351 ), #4117 ) ;
#496 = EDGE_LOOP ( 'NONE', ( #5899, #6134, #5960, #3530 ) ) ;
#497 = CARTESIAN_POINT ( 'NONE',  ( -2.799999999999997158, 0.1000000012999997384, 0.05000000000812666184 ) ) ;
#498 = ORIENTED_EDGE ( 'NONE', *, *, #955, .T. ) ;
#499 = DIRECTION ( 'NONE',  ( 0.5773502691896257311, -0.5773502691896257311, 0.5773502691896257311 ) ) ;
#500 =( NAMED_UNIT ( * ) PLANE_ANGLE_UNIT ( ) SI_UNIT ( $, .RADIAN. ) );
#501 = EDGE_CURVE ( 'NONE', #5411, #3235, #385, .T. ) ;
#502 = ADVANCED_FACE ( 'NONE', ( #4570 ), #4693, .F. ) ;
#503 = ORIENTED_EDGE ( 'NONE', *, *, #5364, .T. ) ;
#504 = EDGE_CURVE ( 'NONE', #3815, #2921, #2199, .T. ) ;
#505 = ORIENTED_EDGE ( 'NONE', *, *, #5242, .F. ) ;
#506 = SURFACE_STYLE_USAGE ( .BOTH. , #5340 ) ;
#507 = DIRECTION ( 'NONE',  ( 0.000000000000000000, -0.000000000000000000, 1.000000000000000000 ) ) ;
#508 = EDGE_CURVE ( 'NONE', #5725, #577, #3378, .T. ) ;
#509 = CARTESIAN_POINT ( 'NONE',  ( 0.7000000000000033973, 1.050000000000000044, 0.04500000000000296124 ) ) ;
#510 = LINE ( 'NONE', #4213, #86 ) ;
#511 = CARTESIAN_POINT ( 'NONE',  ( 1.500000000000003553, 2.639999999999999236, -0.8250000000000000666 ) ) ;
#512 = VERTEX_POINT ( 'NONE', #1638 ) ;
#513 = ORIENTED_EDGE ( 'NONE', *, *, #7459, .F. ) ;
#514 = FACE_OUTER_BOUND ( 'NONE', #6148, .T. ) ;
#515 =( NAMED_UNIT ( * ) SI_UNIT ( $, .STERADIAN. ) SOLID_ANGLE_UNIT ( ) );
#516 = DIRECTION ( 'NONE',  ( -1.000000000000000000, 0.000000000000000000, -0.000000000000000000 ) ) ;
#517 = DIRECTION ( 'NONE',  ( 0.000000000000000000, 0.000000000000000000, -1.000000000000000000 ) ) ;
#518 = SURFACE_SIDE_STYLE ('',( #2980 ) ) ;
#519 = ORIENTED_EDGE ( 'NONE', *, *, #6320, .T. ) ;
#520 = LINE ( 'NONE', #5438, #1397 ) ;
#521 = ORIENTED_EDGE ( 'NONE', *, *, #2320, .F. ) ;
#522 = FILL_AREA_STYLE_COLOUR ( '', #5216 ) ;
#523 = MECHANICAL_DESIGN_GEOMETRIC_PRESENTATION_REPRESENTATION (  '', ( #2326 ), #7826 ) ;
#524 = ORIENTED_EDGE ( 'NONE', *, *, #6123, .F. ) ;
#525 = DIRECTION ( 'NONE',  ( 0.000000000000000000, 0.000000000000000000, 1.000000000000000000 ) ) ;
#526 = ORIENTED_EDGE ( 'NONE', *, *, #468, .F. ) ;
#527 = ORIENTED_EDGE ( 'NONE', *, *, #653, .F. ) ;
#528 = DIRECTION ( 'NONE',  ( 0.1710878697460311570, -0.9702875252478154744, -0.1710878697460311848 ) ) ;
#529 = ADVANCED_FACE ( 'NONE', ( #7126 ), #2773, .F. ) ;
#530 = LINE ( 'NONE', #6647, #407 ) ;
#531 = CARTESIAN_POINT ( 'NONE',  ( 1.525000000000002576, 0.05000000000000030809, 1.249999999999998002 ) ) ;
#532 = AXIS2_PLACEMENT_3D ( 'NONE', #1360, #5668, #2602 ) ;
#533 = COLOUR_RGB ( '',0.7960784313725489669, 0.8235294117647058432, 0.9372549019607843146 ) ;
#534 = VECTOR ( 'NONE', #5419, 1000.000000000000000 ) ;
#535 = DIRECTION ( 'NONE',  ( 0.1710878697460308795, 0.9702875252478155854, -0.1710878697460308795 ) ) ;
#536 = ORIENTED_EDGE ( 'NONE', *, *, #6455, .F. ) ;
#537 = CARTESIAN_POINT ( 'NONE',  ( -2.299999999999997158, 0.3500000000000000333, 0.5500000000000018208 ) ) ;
#538 = VECTOR ( 'NONE', #1794, 1000.000000000000000 ) ;
#539 = DIRECTION ( 'NONE',  ( -1.000000000000000000, 0.000000000000000000, 0.000000000000000000 ) ) ;
#540 = CARTESIAN_POINT ( 'NONE',  ( -0.8999999999999966915, 2.239999999999990443, 0.04500000000000296124 ) ) ;
#541 = EDGE_CURVE ( 'NONE', #1230, #3715, #1560, .T. ) ;
#542 = VERTEX_POINT ( 'NONE', #956 ) ;
#543 = ORIENTED_EDGE ( 'NONE', *, *, #4879, .F. ) ;
#544 =( NAMED_UNIT ( * ) SI_UNIT ( $, .STERADIAN. ) SOLID_ANGLE_UNIT ( ) );
#545 = AXIS2_PLACEMENT_3D ( 'NONE', #5022, #5581, #5066 ) ;
#546 = CARTESIAN_POINT ( 'NONE',  ( -0.8294692077166101463, 2.639999999999999236, 0.1250000000000016376 ) ) ;
#547 = DIRECTION ( 'NONE',  ( 0.000000000000000000, -0.5150380749100552658, -0.8571673007021116675 ) ) ;
#548 = LINE ( 'NONE', #3016, #2642 ) ;
#549 = DIRECTION ( 'NONE',  ( 1.000000000000000000, 0.000000000000000000, 0.000000000000000000 ) ) ;
#550 = VECTOR ( 'NONE', #3661, 1000.000000000000000 ) ;
#551 = DIRECTION ( 'NONE',  ( 0.000000000000000000, 0.000000000000000000, -1.000000000000000000 ) ) ;
#552 = VERTEX_POINT ( 'NONE', #5870 ) ;
#553 = CARTESIAN_POINT ( 'NONE',  ( 15.90000000000000391, 2.750000000000000000, -0.8099999999999991651 ) ) ;
#554 = PRESENTATION_LAYER_ASSIGNMENT (  '', '', ( #2105 ) ) ;
#555 = CARTESIAN_POINT ( 'NONE',  ( -0.09999999999999581446, 2.239999999999989555, -0.8249999999999970690 ) ) ;
#556 = CARTESIAN_POINT ( 'NONE',  ( 3.600000000000004974, 1.050000000000000044, 0.1250000000000016376 ) ) ;
#557 = VECTOR ( 'NONE', #1766, 1000.000000000000000 ) ;
#558 = PLANE ( 'NONE',  #7015 ) ;
#559 = ORIENTED_EDGE ( 'NONE', *, *, #5045, .F. ) ;
#560 = LINE ( 'NONE', #1699, #222 ) ;
#561 = VECTOR ( 'NONE', #7509, 1000.000000000000227 ) ;
#562 = VECTOR ( 'NONE', #2456, 1000.000000000000000 ) ;
#563 = DIRECTION ( 'NONE',  ( 1.000000000000000000, -0.000000000000000000, -0.000000000000000000 ) ) ;
#564 = VERTEX_POINT ( 'NONE', #346 ) ;
#565 = PLANE ( 'NONE',  #3929 ) ;
#566 = CARTESIAN_POINT ( 'NONE',  ( -3.099999999999997868, 0.9999999999000001027, -0.2500000000724983962 ) ) ;
#567 = LINE ( 'NONE', #615, #5171 ) ;
#568 = LINE ( 'NONE', #3040, #1225 ) ;
#569 = EDGE_CURVE ( 'NONE', #4095, #7736, #4648, .T. ) ;
#570 = VECTOR ( 'NONE', #5737, 1000.000000000000000 ) ;
#571 = VECTOR ( 'NONE', #3415, 1000.000000000000227 ) ;
#572 = LINE ( 'NONE', #5125, #6601 ) ;
#573 = CARTESIAN_POINT ( 'NONE',  ( 0.8294692077166199162, 2.639999999999999236, 0.1250000000000016376 ) ) ;
#574 = DIRECTION ( 'NONE',  ( -1.000000000000000000, 0.000000000000000000, 0.000000000000000000 ) ) ;
#575 = CARTESIAN_POINT ( 'NONE',  ( -1.524999999999996803, 0.1999999999999999556, 1.250000000000001110 ) ) ;
#576 = EDGE_CURVE ( 'NONE', #2461, #6491, #6077, .T. ) ;
#577 = VERTEX_POINT ( 'NONE', #4941 ) ;
#578 = AXIS2_PLACEMENT_3D ( 'NONE', #6137, #610, #6018 ) ;
#579 =( NAMED_UNIT ( * ) SI_UNIT ( $, .STERADIAN. ) SOLID_ANGLE_UNIT ( ) );
#580 = MECHANICAL_DESIGN_GEOMETRIC_PRESENTATION_REPRESENTATION (  '', ( #5476 ), #2779 ) ;
#581 = ORIENTED_EDGE ( 'NONE', *, *, #5939, .T. ) ;
#582 = ORIENTED_EDGE ( 'NONE', *, *, #3618, .T. ) ;
#583 = LINE ( 'NONE', #5623, #419 ) ;
#584 = COLOUR_RGB ( '',0.7960784313725489669, 0.8235294117647058432, 0.9372549019607843146 ) ;
#585 = CARTESIAN_POINT ( 'NONE',  ( -1.724999999999996536, 0.7768699943250462203, -0.8099999999999991651 ) ) ;
#586 = DIRECTION ( 'NONE',  ( -1.000000000000000000, 0.000000000000000000, 0.000000000000000000 ) ) ;
#587 = SURFACE_STYLE_USAGE ( .BOTH. , #1845 ) ;
#588 = SURFACE_STYLE_FILL_AREA ( #6629 ) ;
#589 = UNCERTAINTY_MEASURE_WITH_UNIT (LENGTH_MEASURE( 1.000000000000000082E-05 ), #302, 'distance_accuracy_value', 'NONE');
#590 = PLANE ( 'NONE',  #1246 ) ;
#591 = DIRECTION ( 'NONE',  ( 0.000000000000000000, 0.000000000000000000, 1.000000000000000000 ) ) ;
#592 = COLOUR_RGB ( '',0.7960784313725489669, 0.8235294117647058432, 0.9372549019607843146 ) ;
#593 = EDGE_CURVE ( 'NONE', #2699, #6511, #548, .T. ) ;
#594 = EDGE_CURVE ( 'NONE', #6656, #1331, #3094, .T. ) ;
#595 = DIRECTION ( 'NONE',  ( 0.000000000000000000, 0.000000000000000000, 1.000000000000000000 ) ) ;
#596 = CARTESIAN_POINT ( 'NONE',  ( 4.400000000000005684, 2.639999999999999236, 0.2744692077166173139 ) ) ;
#597 = DIRECTION ( 'NONE',  ( 0.1710878697460311570, 0.9702875252478154744, -0.1710878697460311570 ) ) ;
#598 = CARTESIAN_POINT ( 'NONE',  ( -0.6999999999999952927, 2.639999999999999236, 0.04500000000000294043 ) ) ;
#599 = COLOUR_RGB ( '',0.7960784313725489669, 0.8235294117647058432, 0.9372549019607843146 ) ;
#600 = DIRECTION ( 'NONE',  ( 1.000000000000000000, 0.000000000000000000, 0.000000000000000000 ) ) ;
#601 = ORIENTED_EDGE ( 'NONE', *, *, #6694, .F. ) ;
#602 = DIRECTION ( 'NONE',  ( -0.000000000000000000, 0.000000000000000000, 1.000000000000000000 ) ) ;
#603 = EDGE_LOOP ( 'NONE', ( #2887, #5261, #7077, #5064 ) ) ;
#604 = PLANE ( 'NONE',  #4562 ) ;
#605 = EDGE_CURVE ( 'NONE', #4979, #2297, #2933, .T. ) ;
#606 = ORIENTED_EDGE ( 'NONE', *, *, #5619, .T. ) ;
#607 = ORIENTED_EDGE ( 'NONE', *, *, #997, .F. ) ;
#608 = ORIENTED_EDGE ( 'NONE', *, *, #626, .F. ) ;
#609 = MECHANICAL_DESIGN_GEOMETRIC_PRESENTATION_REPRESENTATION (  '', ( #4851 ), #1909 ) ;
#610 = DIRECTION ( 'NONE',  ( 0.000000000000000000, -1.000000000000000000, 0.000000000000000000 ) ) ;
#611 = ADVANCED_FACE ( 'NONE', ( #4774 ), #4821, .F. ) ;
#612 = SURFACE_STYLE_FILL_AREA ( #3115 ) ;
#613 = EDGE_CURVE ( 'NONE', #6734, #2393, #5392, .T. ) ;
#614 = SURFACE_STYLE_USAGE ( .BOTH. , #4881 ) ;
#615 = CARTESIAN_POINT ( 'NONE',  ( 3.499999999000001694, 1.050000000000000044, 0.5500000000000017097 ) ) ;
#616 = DIRECTION ( 'NONE',  ( 0.000000000000000000, -0.1736481776669255295, 0.9848077530122090195 ) ) ;
#617 = AXIS2_PLACEMENT_3D ( 'NONE', #6789, #680, #2538 ) ;
#618 = ORIENTED_EDGE ( 'NONE', *, *, #1292, .T. ) ;
#619 = FACE_OUTER_BOUND ( 'NONE', #4791, .T. ) ;
#620 = PRESENTATION_LAYER_ASSIGNMENT (  '', '', ( #6396 ) ) ;
#621 = CARTESIAN_POINT ( 'NONE',  ( 0.8750000000000048850, 0.4500000002000000277, 0.6556624325871229786 ) ) ;
#622 = PLANE ( 'NONE',  #4385 ) ;
#623 = FILL_AREA_STYLE_COLOUR ( '', #3247 ) ;
#624 = VERTEX_POINT ( 'NONE', #3574 ) ;
#625 = ORIENTED_EDGE ( 'NONE', *, *, #376, .F. ) ;
#626 = EDGE_CURVE ( 'NONE', #4438, #7506, #7894, .T. ) ;
#627 = CARTESIAN_POINT ( 'NONE',  ( -1.724999999999996536, 1.050000000000000044, -0.6999999999999985123 ) ) ;
#628 = DIRECTION ( 'NONE',  ( 0.000000000000000000, 0.000000000000000000, 1.000000000000000000 ) ) ;
#629 = DIRECTION ( 'NONE',  ( -1.000000000000000000, 0.000000000000000000, 0.000000000000000000 ) ) ;
#630 =( GEOMETRIC_REPRESENTATION_CONTEXT ( 3 ) GLOBAL_UNCERTAINTY_ASSIGNED_CONTEXT ( ( #4662 ) ) GLOBAL_UNIT_ASSIGNED_CONTEXT ( ( #1252, #6604, #7304 ) ) REPRESENTATION_CONTEXT ( 'NONE', 'WORKASPACE' ) );
#631 = CARTESIAN_POINT ( 'NONE',  ( 1.574905914307187293, 2.664812549992180646, 0.2700940856928151779 ) ) ;
#632 = EDGE_LOOP ( 'NONE', ( #6160, #4200, #1483, #6170 ) ) ;
#633 = CARTESIAN_POINT ( 'NONE',  ( 0.1250000000000036915, 1.050000000000000044, -0.8099999999999991651 ) ) ;
#634 = CARTESIAN_POINT ( 'NONE',  ( 0.8750000000000048850, -3.675261601645777502E-17, 1.200000000000000844 ) ) ;
#635 = EDGE_CURVE ( 'NONE', #2581, #7565, #7253, .T. ) ;
#636 = PLANE ( 'NONE',  #3529 ) ;
#637 = DIRECTION ( 'NONE',  ( 0.000000000000000000, -0.000000000000000000, -1.000000000000000000 ) ) ;
#638 = CARTESIAN_POINT ( 'NONE',  ( -2.799999999999997158, 1.355252715606880543E-17, -0.1164279503904875612 ) ) ;
#639 = CYLINDRICAL_SURFACE ( 'NONE', #198, 0.1000000000000000472 ) ;
#640 = DIRECTION ( 'NONE',  ( 0.000000000000000000, 0.000000000000000000, 1.000000000000000000 ) ) ;
#641 = ORIENTED_EDGE ( 'NONE', *, *, #2678, .F. ) ;
#642 = SURFACE_SIDE_STYLE ('',( #4185 ) ) ;
#643 = ORIENTED_EDGE ( 'NONE', *, *, #2054, .T. ) ;
#644 = ORIENTED_EDGE ( 'NONE', *, *, #2023, .F. ) ;
#645 = CARTESIAN_POINT ( 'NONE',  ( -0.7249999999999952038, 0.1999999999999999833, 0.8000000000000011546 ) ) ;
#646 = ORIENTED_EDGE ( 'NONE', *, *, #3948, .T. ) ;
#647 = LINE ( 'NONE', #2587, #7137 ) ;
#648 =( NAMED_UNIT ( * ) SI_UNIT ( $, .STERADIAN. ) SOLID_ANGLE_UNIT ( ) );
#649 = ORIENTED_EDGE ( 'NONE', *, *, #3687, .T. ) ;
#650 = CARTESIAN_POINT ( 'NONE',  ( -0.07499999999999683309, 0.05000000000000000278, 1.200000000000001288 ) ) ;
#651 = LINE ( 'NONE', #1179, #7627 ) ;
#652 = CARTESIAN_POINT ( 'NONE',  ( -0.6999999999999945155, 2.239999999999989555, -0.8249999999999970690 ) ) ;
#653 = EDGE_CURVE ( 'NONE', #6804, #4572, #4212, .T. ) ;
#654 = CARTESIAN_POINT ( 'NONE',  ( -2.099999999999996980, 2.639999999999999236, 0.1000000000000017264 ) ) ;
#655 = DIRECTION ( 'NONE',  ( 0.000000000000000000, 0.000000000000000000, -1.000000000000000000 ) ) ;
#656 = PRESENTATION_STYLE_ASSIGNMENT (( #6186 ) ) ;
#657 = ORIENTED_EDGE ( 'NONE', *, *, #2871, .F. ) ;
#658 = PLANE ( 'NONE',  #4908 ) ;
#659 = VECTOR ( 'NONE', #2479, 1000.000000000000000 ) ;
#660 = ORIENTED_EDGE ( 'NONE', *, *, #3431, .T. ) ;
#661 = EDGE_LOOP ( 'NONE', ( #7161, #2702, #5415, #1989 ) ) ;
#662 = VECTOR ( 'NONE', #3138, 1000.000000000000000 ) ;
#663 = AXIS2_PLACEMENT_3D ( 'NONE', #55, #4355, #6808 ) ;
#664 = ORIENTED_EDGE ( 'NONE', *, *, #3340, .F. ) ;
#665 = STYLED_ITEM ( 'NONE', ( #5814 ), #1919 ) ;
#666 = SURFACE_STYLE_FILL_AREA ( #6189 ) ;
#667 = CARTESIAN_POINT ( 'NONE',  ( 0.8750000000000048850, 0.1999999999999999833, 0.8000000000000011546 ) ) ;
#668 = LINE ( 'NONE', #7369, #791 ) ;
#669 = DIRECTION ( 'NONE',  ( 0.000000000000000000, 0.000000000000000000, 1.000000000000000000 ) ) ;
#670 = ORIENTED_EDGE ( 'NONE', *, *, #4616, .T. ) ;
#671 = AXIS2_PLACEMENT_3D ( 'NONE', #3600, #6055, #1062 ) ;
#672 = UNCERTAINTY_MEASURE_WITH_UNIT (LENGTH_MEASURE( 1.000000000000000082E-05 ), #2247, 'distance_accuracy_value', 'NONE');
#673 = DIRECTION ( 'NONE',  ( 1.000000000000000000, 0.000000000000000000, 0.000000000000000000 ) ) ;
#674 = CARTESIAN_POINT ( 'NONE',  ( -1.524999999999996803, 0.2000000000000000111, 0.8000000000000011546 ) ) ;
#675 = EDGE_CURVE ( 'NONE', #2156, #2740, #6154, .T. ) ;
#676 = ADVANCED_FACE ( 'NONE', ( #1160 ), #6699, .F. ) ;
#677 = DIRECTION ( 'NONE',  ( -1.000000000000000000, 0.000000000000000000, -0.000000000000000000 ) ) ;
#678 = AXIS2_PLACEMENT_3D ( 'NONE', #2237, #5873, #2855 ) ;
#679 = LINE ( 'NONE', #7302, #4289 ) ;
#680 = DIRECTION ( 'NONE',  ( 0.9848077530122089085, -0.1736481776669258625, 0.000000000000000000 ) ) ;
#681 = PLANE ( 'NONE',  #2401 ) ;
#682 = SURFACE_SIDE_STYLE ('',( #1983 ) ) ;
#683 = ORIENTED_EDGE ( 'NONE', *, *, #7226, .T. ) ;
#684 = COLOUR_RGB ( '',0.7960784313725489669, 0.8235294117647058432, 0.9372549019607843146 ) ;
#685 = VERTEX_POINT ( 'NONE', #3056 ) ;
#686 = CARTESIAN_POINT ( 'NONE',  ( -2.799999999999997158, 1.000000000000000000, -0.2499999999999983902 ) ) ;
#687 = ORIENTED_EDGE ( 'NONE', *, *, #4012, .T. ) ;
#688 = VECTOR ( 'NONE', #1150, 1000.000000000000114 ) ;
#689 = ORIENTED_EDGE ( 'NONE', *, *, #3216, .F. ) ;
#690 = CARTESIAN_POINT ( 'NONE',  ( 2.800000000000001599, 1.000000000000000000, -0.9499999999843765641 ) ) ;
#691 =( GEOMETRIC_REPRESENTATION_CONTEXT ( 3 ) GLOBAL_UNCERTAINTY_ASSIGNED_CONTEXT ( ( #7563 ) ) GLOBAL_UNIT_ASSIGNED_CONTEXT ( ( #4136, #5431, #515 ) ) REPRESENTATION_CONTEXT ( 'NONE', 'WORKASPACE' ) );
#692 =( NAMED_UNIT ( * ) SI_UNIT ( $, .STERADIAN. ) SOLID_ANGLE_UNIT ( ) );
#693 =( NAMED_UNIT ( * ) PLANE_ANGLE_UNIT ( ) SI_UNIT ( $, .RADIAN. ) );
#694 = DIRECTION ( 'NONE',  ( 0.000000000000000000, -1.204669080539449344E-16, 1.000000000000000000 ) ) ;
#695 = DIRECTION ( 'NONE',  ( 0.1710878697460308795, -0.9702875252478155854, -0.1710878697460308795 ) ) ;
#696 = AXIS2_PLACEMENT_3D ( 'NONE', #2166, #6358, #7043 ) ;
#697 = EDGE_CURVE ( 'NONE', #4892, #1609, #5506, .T. ) ;
#698 = PRODUCT_DEFINITION_SHAPE ( 'NONE', 'NONE',  #5132 ) ;
#699 = DIRECTION ( 'NONE',  ( 0.1710878697460308795, 0.9702875252478155854, 0.1710878697460308795 ) ) ;
#700 = DIRECTION ( 'NONE',  ( -1.000000000000000000, 0.000000000000000000, 0.000000000000000000 ) ) ;
#701 = DIRECTION ( 'NONE',  ( 0.000000000000000000, 0.000000000000000000, 1.000000000000000000 ) ) ;
#702 =( NAMED_UNIT ( * ) SI_UNIT ( $, .STERADIAN. ) SOLID_ANGLE_UNIT ( ) );
#703 = ORIENTED_EDGE ( 'NONE', *, *, #3470, .F. ) ;
#704 = EDGE_CURVE ( 'NONE', #2923, #1176, #24, .T. ) ;
#705 = ORIENTED_EDGE ( 'NONE', *, *, #5041, .T. ) ;
#706 = DIRECTION ( 'NONE',  ( -0.000000000000000000, -1.000000000000000000, -0.000000000000000000 ) ) ;
#707 = LINE ( 'NONE', #667, #103 ) ;
#708 = VECTOR ( 'NONE', #7478, 1000.000000000000000 ) ;
#709 = CARTESIAN_POINT ( 'NONE',  ( -0.7249999999999952038, 0.1999999999999999278, 1.250000000000001110 ) ) ;
#710 = DIRECTION ( 'NONE',  ( -1.000000000000000000, 0.000000000000000000, -0.000000000000000000 ) ) ;
#711 = ORIENTED_EDGE ( 'NONE', *, *, #3581, .T. ) ;
#712 = VECTOR ( 'NONE', #7164, 1000.000000000000000 ) ;
#713 = EDGE_CURVE ( 'NONE', #4561, #114, #4405, .T. ) ;
#714 = CARTESIAN_POINT ( 'NONE',  ( 0.7250000000000031974, 0.1999999999999999556, 1.250000000000001110 ) ) ;
#715 = EDGE_CURVE ( 'NONE', #2439, #7038, #1401, .T. ) ;
#716 = CARTESIAN_POINT ( 'NONE',  ( 2.800000000000002931, 2.639999999999999236, 0.2744692077166173139 ) ) ;
#717 = DIRECTION ( 'NONE',  ( -0.5773502691896190697, -0.5773502691896390537, -0.5773502691896190697 ) ) ;
#718 =( GEOMETRIC_REPRESENTATION_CONTEXT ( 3 ) GLOBAL_UNCERTAINTY_ASSIGNED_CONTEXT ( ( #1403 ) ) GLOBAL_UNIT_ASSIGNED_CONTEXT ( ( #3029, #4795, #6092 ) ) REPRESENTATION_CONTEXT ( 'NONE', 'WORKASPACE' ) );
#719 = CARTESIAN_POINT ( 'NONE',  ( 0.1000000000000047101, 2.239999999999990443, 0.04500000000000294043 ) ) ;
#720 = ADVANCED_FACE ( 'NONE', ( #137 ), #5105, .F. ) ;
#721 = SURFACE_STYLE_USAGE ( .BOTH. , #2059 ) ;
#722 = LINE ( 'NONE', #6322, #4487 ) ;
#723 = ADVANCED_FACE ( 'NONE', ( #6893 ), #1317, .F. ) ;
#724 = VECTOR ( 'NONE', #6323, 1000.000000000000000 ) ;
#725 = CARTESIAN_POINT ( 'NONE',  ( 0.9250000000000054845, 2.639999999999999236, -0.6999999999999985123 ) ) ;
#726 = ORIENTED_EDGE ( 'NONE', *, *, #6905, .F. ) ;
#727 = LINE ( 'NONE', #3189, #6655 ) ;
#728 = ORIENTED_EDGE ( 'NONE', *, *, #2184, .F. ) ;
#729 = ORIENTED_EDGE ( 'NONE', *, *, #1530, .F. ) ;
#730 = SURFACE_STYLE_FILL_AREA ( #2546 ) ;
#731 = VERTEX_POINT ( 'NONE', #5709 ) ;
#732 = ORIENTED_EDGE ( 'NONE', *, *, #7846, .T. ) ;
#733 = ADVANCED_FACE ( 'NONE', ( #4443 ), #6242, .F. ) ;
#734 = EDGE_LOOP ( 'NONE', ( #1747, #5269, #5287, #330 ) ) ;
#735 = FACE_OUTER_BOUND ( 'NONE', #2870, .T. ) ;
#736 = PRESENTATION_STYLE_ASSIGNMENT (( #3074 ) ) ;
#737 = LINE ( 'NONE', #1303, #4086 ) ;
#738 = DIRECTION ( 'NONE',  ( -1.000000000000000000, -0.000000000000000000, -0.000000000000000000 ) ) ;
#739 = MECHANICAL_DESIGN_GEOMETRIC_PRESENTATION_REPRESENTATION (  '', ( #4324 ), #6140 ) ;
#740 = CARTESIAN_POINT ( 'NONE',  ( -1.524999999999996803, 0.1999999999999999556, 1.250000000000001110 ) ) ;
#741 = DIRECTION ( 'NONE',  ( 0.000000000000000000, 1.000000000000000000, 7.572940222879531112E-11 ) ) ;
#742 = ORIENTED_EDGE ( 'NONE', *, *, #7176, .T. ) ;
#743 = CARTESIAN_POINT ( 'NONE',  ( -2.249999998699997672, 0.05000000000000000971, -0.9499999987000007362 ) ) ;
#744 = ORIENTED_EDGE ( 'NONE', *, *, #1585, .F. ) ;
#745 = FILL_AREA_STYLE_COLOUR ( '', #533 ) ;
#746 = EDGE_CURVE ( 'NONE', #6006, #552, #3179, .T. ) ;
#747 = EDGE_CURVE ( 'NONE', #1224, #1284, #4004, .T. ) ;
#748 = ORIENTED_EDGE ( 'NONE', *, *, #3723, .T. ) ;
#749 = PRESENTATION_LAYER_ASSIGNMENT (  '', '', ( #5500 ) ) ;
#750 = DIRECTION ( 'NONE',  ( -0.000000000000000000, -0.7071067811865474617, 0.7071067811865474617 ) ) ;
#751 = CARTESIAN_POINT ( 'NONE',  ( 1.500000000000002665, 2.639999999999999236, 0.3449999999999999178 ) ) ;
#752 = DIRECTION ( 'NONE',  ( -1.000000000000000000, 0.000000000000000000, 0.000000000000000000 ) ) ;
#753 = EDGE_CURVE ( 'NONE', #3982, #2170, #7442, .T. ) ;
#754 = ORIENTED_EDGE ( 'NONE', *, *, #1323, .F. ) ;
#755 = EDGE_CURVE ( 'NONE', #2056, #6561, #1361, .T. ) ;
#756 = SURFACE_STYLE_USAGE ( .BOTH. , #1319 ) ;
#757 = UNCERTAINTY_MEASURE_WITH_UNIT (LENGTH_MEASURE( 1.000000000000000082E-05 ), #1871, 'distance_accuracy_value', 'NONE');
#758 = STYLED_ITEM ( 'NONE', ( #1063 ), #4059 ) ;
#759 = DIRECTION ( 'NONE',  ( 0.000000000000000000, -0.1736481776669258625, -0.9848077530122089085 ) ) ;
#760 = CIRCLE ( 'NONE', #3324, 0.1000000000000000472 ) ;
#761 = ADVANCED_FACE ( 'NONE', ( #2603 ), #5069, .F. ) ;
#762 = CARTESIAN_POINT ( 'NONE',  ( 1.629469207716616630, 2.639999999999999236, 0.2744692077166142608 ) ) ;
#763 = VERTEX_POINT ( 'NONE', #177 ) ;
#764 = EDGE_CURVE ( 'NONE', #3718, #6875, #3895, .T. ) ;
#765 = CARTESIAN_POINT ( 'NONE',  ( 2.100000000000001421, 2.639999999999999236, -0.5000000000000015543 ) ) ;
#766 = DIRECTION ( 'NONE',  ( 1.000000000000000000, 0.000000000000000000, -0.000000000000000000 ) ) ;
#767 = DIRECTION ( 'NONE',  ( 0.000000000000000000, -0.000000000000000000, -1.000000000000000000 ) ) ;
#768 = CARTESIAN_POINT ( 'NONE',  ( -2.299999999674998463, 0.3499999999437500287, -0.9999999999999986677 ) ) ;
#769 = EDGE_LOOP ( 'NONE', ( #6928, #5354, #728, #5629 ) ) ;
#770 = DIRECTION ( 'NONE',  ( 0.1710878697460311570, 0.9702875252478154744, -0.1710878697460311570 ) ) ;
#771 = ORIENTED_EDGE ( 'NONE', *, *, #5406, .F. ) ;
#772 = VERTEX_POINT ( 'NONE', #5750 ) ;
#773 = VERTEX_POINT ( 'NONE', #5294 ) ;
#774 = ORIENTED_EDGE ( 'NONE', *, *, #6059, .T. ) ;
#775 = ORIENTED_EDGE ( 'NONE', *, *, #5374, .F. ) ;
#776 = VECTOR ( 'NONE', #4370, 1000.000000000000000 ) ;
#777 = ORIENTED_EDGE ( 'NONE', *, *, #960, .T. ) ;
#778 = SURFACE_SIDE_STYLE ('',( #612 ) ) ;
#779 = DIRECTION ( 'NONE',  ( 0.000000000000000000, 0.8660254037844363761, -0.5000000000000039968 ) ) ;
#780 = FILL_AREA_STYLE ('',( #6298 ) ) ;
#781 = PLANE ( 'NONE',  #1363 ) ;
#782 = EDGE_CURVE ( 'NONE', #3072, #1048, #6537, .T. ) ;
#783 = CARTESIAN_POINT ( 'NONE',  ( 1.570807966022794711, 2.641571930389168710, 0.1158079660227916974 ) ) ;
#784 = DIRECTION ( 'NONE',  ( 0.9848077530122089085, -0.1736481776669258625, 0.000000000000000000 ) ) ;
#785 = ORIENTED_EDGE ( 'NONE', *, *, #4945, .T. ) ;
#786 = CARTESIAN_POINT ( 'NONE',  ( 1.525000000000002576, -4.042787761810355684E-17, 1.199999999999997735 ) ) ;
#787 = ORIENTED_EDGE ( 'NONE', *, *, #4856, .T. ) ;
#788 = EDGE_LOOP ( 'NONE', ( #3249, #5276, #7508, #4178 ) ) ;
#789 = CARTESIAN_POINT ( 'NONE',  ( 2.800000000000001599, 0.3499999999999999778, 0.05000000001624859552 ) ) ;
#790 = CARTESIAN_POINT ( 'NONE',  ( 2.600000000000001865, 0.1000000012999997384, 0.05000000000812362261 ) ) ;
#791 = VECTOR ( 'NONE', #6153, 1000.000000000000000 ) ;
#792 = EDGE_CURVE ( 'NONE', #2403, #7055, #7673, .T. ) ;
#793 = CARTESIAN_POINT ( 'NONE',  ( 0.8750000000000048850, 0.4500000002000000277, 0.6556624325871229786 ) ) ;
#794 = ORIENTED_EDGE ( 'NONE', *, *, #6813, .F. ) ;
#795 = LINE ( 'NONE', #5632, #2031 ) ;
#796 = PLANE ( 'NONE',  #1748 ) ;
#797 = AXIS2_PLACEMENT_3D ( 'NONE', #4813, #5983, #5459 ) ;
#798 = CARTESIAN_POINT ( 'NONE',  ( 2.339999999000003328, 2.750000000000000000, -0.5000000000000015543 ) ) ;
#799 = EDGE_LOOP ( 'NONE', ( #3207, #262, #183, #4574 ) ) ;
#800 = VECTOR ( 'NONE', #1932, 1000.000000000000000 ) ;
#801 = AXIS2_PLACEMENT_3D ( 'NONE', #7288, #4815, #1186 ) ;
#802 = DIRECTION ( 'NONE',  ( 0.000000000000000000, 0.000000000000000000, -1.000000000000000000 ) ) ;
#803 = CIRCLE ( 'NONE', #3501, 0.1000000000000000472 ) ;
#804 = DIRECTION ( 'NONE',  ( 1.000000000000000000, -0.000000000000000000, -0.000000000000000000 ) ) ;
#805 = DIRECTION ( 'NONE',  ( 0.000000000000000000, 0.000000000000000000, -1.000000000000000000 ) ) ;
#806 = EDGE_LOOP ( 'NONE', ( #3779, #4348, #1139, #7182 ) ) ;
#807 = PRESENTATION_STYLE_ASSIGNMENT (( #4492 ) ) ;
#808 = EDGE_LOOP ( 'NONE', ( #7319, #6710, #3915, #3304 ) ) ;
#809 = ORIENTED_EDGE ( 'NONE', *, *, #4099, .F. ) ;
#810 = DIRECTION ( 'NONE',  ( 0.000000000000000000, 1.000000000000000000, 0.000000000000000000 ) ) ;
#811 = ORIENTED_EDGE ( 'NONE', *, *, #6416, .F. ) ;
#812 = VECTOR ( 'NONE', #2895, 1000.000000000000000 ) ;
#813 = CARTESIAN_POINT ( 'NONE',  ( 0.07500000000000485445, 0.1999999999999999278, 1.250000000000001110 ) ) ;
#814 = SURFACE_STYLE_USAGE ( .BOTH. , #5127 ) ;
#815 = VECTOR ( 'NONE', #7445, 1000.000000000000114 ) ;
#816 = DIRECTION ( 'NONE',  ( 0.000000000000000000, 0.000000000000000000, 1.000000000000000000 ) ) ;
#817 = COLOUR_RGB ( '',0.7960784313725489669, 0.8235294117647058432, 0.9372549019607843146 ) ;
#818 = EDGE_CURVE ( 'NONE', #4411, #2821, #985, .T. ) ;
#819 =( GEOMETRIC_REPRESENTATION_CONTEXT ( 3 ) GLOBAL_UNCERTAINTY_ASSIGNED_CONTEXT ( ( #317 ) ) GLOBAL_UNIT_ASSIGNED_CONTEXT ( ( #7631, #5808, #4711 ) ) REPRESENTATION_CONTEXT ( 'NONE', 'WORKASPACE' ) );
#820 = FACE_OUTER_BOUND ( 'NONE', #4697, .T. ) ;
#821 = DIRECTION ( 'NONE',  ( 0.000000000000000000, 1.000000000000000000, 0.000000000000000000 ) ) ;
#822 = VECTOR ( 'NONE', #5757, 1000.000000000000000 ) ;
#823 = PLANE ( 'NONE',  #1267 ) ;
#824 = DIRECTION ( 'NONE',  ( 0.000000000000000000, 0.000000000000000000, -1.000000000000000000 ) ) ;
#825 = VERTEX_POINT ( 'NONE', #5938 ) ;
#826 = ADVANCED_FACE ( 'NONE', ( #334 ), #5784, .F. ) ;
#827 = AXIS2_PLACEMENT_3D ( 'NONE', #106, #6786, #5514 ) ;
#828 = ORIENTED_EDGE ( 'NONE', *, *, #3149, .T. ) ;
#829 = AXIS2_PLACEMENT_3D ( 'NONE', #6204, #1204, #2496 ) ;
#830 = DIRECTION ( 'NONE',  ( -1.000000000000000000, 0.000000000000000000, 0.000000000000000000 ) ) ;
#831 = DIRECTION ( 'NONE',  ( -0.000000000000000000, -1.000000000000000000, -0.000000000000000000 ) ) ;
#832 = EDGE_CURVE ( 'NONE', #3268, #7834, #1477, .T. ) ;
#833 = DIRECTION ( 'NONE',  ( -1.000000000000000000, 0.000000000000000000, 0.000000000000000000 ) ) ;
#834 = LINE ( 'NONE', #5751, #1783 ) ;
#835 = CARTESIAN_POINT ( 'NONE',  ( 5.200000000000004619, 2.639999999999999236, 0.1155307922833880285 ) ) ;
#836 = EDGE_CURVE ( 'NONE', #5334, #5183, #7072, .T. ) ;
#837 = VECTOR ( 'NONE', #2112, 1000.000000000000000 ) ;
#838 = PLANE ( 'NONE',  #1718 ) ;
#839 = VECTOR ( 'NONE', #3333, 1000.000000000000000 ) ;
#840 = DIRECTION ( 'NONE',  ( 1.334663381620508699E-16, -0.1736481776669258625, 0.9848077530122089085 ) ) ;
#841 = LINE ( 'NONE', #188, #3867 ) ;
#842 = CARTESIAN_POINT ( 'NONE',  ( 3.100000000000002309, 1.000000000000000000, -0.2500000000000013878 ) ) ;
#843 = AXIS2_PLACEMENT_3D ( 'NONE', #4382, #3756, #6914 ) ;
#844 =( NAMED_UNIT ( * ) PLANE_ANGLE_UNIT ( ) SI_UNIT ( $, .RADIAN. ) );
#845 = EDGE_CURVE ( 'NONE', #6061, #1949, #5902, .T. ) ;
#846 = EDGE_CURVE ( 'NONE', #2952, #6378, #4682, .T. ) ;
#847 = ORIENTED_EDGE ( 'NONE', *, *, #3611, .T. ) ;
#848 = PLANE ( 'NONE',  #1473 ) ;
#849 = CARTESIAN_POINT ( 'NONE',  ( -1.474999999999997202, 2.639999999999998348, -0.6999999999999982903 ) ) ;
#850 = EDGE_LOOP ( 'NONE', ( #5601, #120, #221, #131 ) ) ;
#851 = AXIS2_PLACEMENT_3D ( 'NONE', #4092, #1163, #1086 ) ;
#852 = VERTEX_POINT ( 'NONE', #2272 ) ;
#853 = DIRECTION ( 'NONE',  ( 0.000000000000000000, 0.000000000000000000, -1.000000000000000000 ) ) ;
#854 = ADVANCED_FACE ( 'NONE', ( #6384 ), #2191, .F. ) ;
#855 = LINE ( 'NONE', #1015, #6904 ) ;
#856 = CARTESIAN_POINT ( 'NONE',  ( 10.30000000000000426, 2.750000000000000000, -0.8100000000000022737 ) ) ;
#857 = FACE_OUTER_BOUND ( 'NONE', #1777, .T. ) ;
#858 = ADVANCED_FACE ( 'NONE', ( #1032 ), #7115, .F. ) ;
#859 = EDGE_CURVE ( 'NONE', #7486, #4292, #7602, .T. ) ;
#860 = DIRECTION ( 'NONE',  ( -0.000000000000000000, 0.000000000000000000, -1.000000000000000000 ) ) ;
#861 = CARTESIAN_POINT ( 'NONE',  ( 1.700000000000002398, 2.639999999999999236, 0.04499999999999990119 ) ) ;
#862 = ORIENTED_EDGE ( 'NONE', *, *, #3673, .F. ) ;
#863 = DIRECTION ( 'NONE',  ( 0.000000000000000000, -0.1736481776669258625, -0.9848077530122089085 ) ) ;
#864 = CARTESIAN_POINT ( 'NONE',  ( 2.800000000000001599, 1.355252715606880543E-17, -0.1164279503904905866 ) ) ;
#865 = DIRECTION ( 'NONE',  ( 0.000000000000000000, 0.000000000000000000, -1.000000000000000000 ) ) ;
#866 = VECTOR ( 'NONE', #7169, 1000.000000000000227 ) ;
#867 = ORIENTED_EDGE ( 'NONE', *, *, #2257, .F. ) ;
#868 = CARTESIAN_POINT ( 'NONE',  ( 0.000000000000000000, 0.000000000000000000, 0.000000000000000000 ) ) ;
#869 = DIRECTION ( 'NONE',  ( 0.000000000000000000, 1.000000000000000000, 0.000000000000000000 ) ) ;
#870 = EDGE_LOOP ( 'NONE', ( #5008, #2305, #1029, #4657 ) ) ;
#871 = DIRECTION ( 'NONE',  ( -0.000000000000000000, -1.000000000000000000, -0.000000000000000000 ) ) ;
#872 = FILL_AREA_STYLE_COLOUR ( '', #2539 ) ;
#873 = DIRECTION ( 'NONE',  ( 0.000000000000000000, 0.000000000000000000, -1.000000000000000000 ) ) ;
#874 = COLOUR_RGB ( '',0.7960784313725489669, 0.8235294117647058432, 0.9372549019607843146 ) ;
#875 = VECTOR ( 'NONE', #1261, 1000.000000000000000 ) ;
#876 = ADVANCED_FACE ( 'NONE', ( #3327 ), #3487, .F. ) ;
#877 = CARTESIAN_POINT ( 'NONE',  ( -2.099999999999996980, 2.750000000000000000, -0.4999999999999985012 ) ) ;
#878 = DIRECTION ( 'NONE',  ( -0.000000000000000000, -0.000000000000000000, 1.000000000000000000 ) ) ;
#879 = CIRCLE ( 'NONE', #5004, 0.1000000000000000472 ) ;
#880 = LINE ( 'NONE', #3338, #2071 ) ;
#881 = VECTOR ( 'NONE', #4857, 1000.000000000000114 ) ;
#882 = DIRECTION ( 'NONE',  ( -0.000000000000000000, 1.000000000000000000, 1.857148025303053679E-09 ) ) ;
#883 = ORIENTED_EDGE ( 'NONE', *, *, #5832, .F. ) ;
#884 = SURFACE_STYLE_FILL_AREA ( #6509 ) ;
#885 = ADVANCED_FACE ( 'NONE', ( #5820 ), #7000, .F. ) ;
#886 = EDGE_LOOP ( 'NONE', ( #644, #7256, #5199, #239 ) ) ;
#887 = AXIS2_PLACEMENT_3D ( 'NONE', #7, #4268, #6720 ) ;
#888 = CARTESIAN_POINT ( 'NONE',  ( 1.675000000000002487, -4.042787761810355684E-17, 0.6499999999999981348 ) ) ;
#889 = ORIENTED_EDGE ( 'NONE', *, *, #569, .T. ) ;
#890 = FILL_AREA_STYLE ('',( #3952 ) ) ;
#891 = CARTESIAN_POINT ( 'NONE',  ( 4.400000000000005684, 2.639999999999999236, -0.3955307922833827261 ) ) ;
#892 = CARTESIAN_POINT ( 'NONE',  ( 0.1250000000000054123, 2.750000000000000000, -0.8099999999999991651 ) ) ;
#893 = ORIENTED_EDGE ( 'NONE', *, *, #1635, .T. ) ;
#894 = EDGE_CURVE ( 'NONE', #7148, #4745, #7842, .T. ) ;
#895 = CARTESIAN_POINT ( 'NONE',  ( 2.800000000000002931, 1.050000000000000044, 0.1250000000000016376 ) ) ;
#896 = CARTESIAN_POINT ( 'NONE',  ( -1.474999999999996314, 0.7768699943250462203, -0.8099999999999991651 ) ) ;
#897 = CARTESIAN_POINT ( 'NONE',  ( 1.700000000000003064, 2.239999999999989555, -0.3250000000000000666 ) ) ;
#898 = SURFACE_SIDE_STYLE ('',( #327 ) ) ;
#899 = VERTEX_POINT ( 'NONE', #2963 ) ;
#900 = PRESENTATION_STYLE_ASSIGNMENT (( #4634 ) ) ;
#901 = DIRECTION ( 'NONE',  ( 1.000000000000000000, 0.000000000000000000, 0.000000000000000000 ) ) ;
#902 = DIRECTION ( 'NONE',  ( 0.000000000000000000, 0.000000000000000000, -1.000000000000000000 ) ) ;
#903 = LINE ( 'NONE', #2275, #3053 ) ;
#904 = UNCERTAINTY_MEASURE_WITH_UNIT (LENGTH_MEASURE( 1.000000000000000082E-05 ), #4377, 'distance_accuracy_value', 'NONE');
#905 = COLOUR_RGB ( '',0.7960784313725489669, 0.8235294117647058432, 0.9372549019607843146 ) ;
#906 = LINE ( 'NONE', #2123, #3035 ) ;
#907 = ORIENTED_EDGE ( 'NONE', *, *, #1026, .T. ) ;
#908 = CARTESIAN_POINT ( 'NONE',  ( 14.90000000000000391, 2.639999999999999236, -0.6999999999999985123 ) ) ;
#909 = DIRECTION ( 'NONE',  ( 1.000000000000000000, -0.000000000000000000, -0.000000000000000000 ) ) ;
#910 = DIRECTION ( 'NONE',  ( -0.000000000000000000, -0.7071067811865474617, 0.7071067811865474617 ) ) ;
#911 = MECHANICAL_DESIGN_GEOMETRIC_PRESENTATION_REPRESENTATION (  '', ( #7702 ), #4256 ) ;
#912 = CARTESIAN_POINT ( 'NONE',  ( 0.9000000000000055733, 2.639999999999999236, -0.8249999999999970690 ) ) ;
#913 = ADVANCED_FACE ( 'NONE', ( #3646 ), #622, .F. ) ;
#914 = ORIENTED_EDGE ( 'NONE', *, *, #122, .F. ) ;
#915 = VECTOR ( 'NONE', #3778, 1000.000000000000000 ) ;
#916 = VECTOR ( 'NONE', #3565, 1000.000000000000000 ) ;
#917 = DIRECTION ( 'NONE',  ( 0.000000000000000000, 0.000000000000000000, -1.000000000000000000 ) ) ;
#918 = DIRECTION ( 'NONE',  ( -1.000000000000000000, -0.000000000000000000, -0.000000000000000000 ) ) ;
#919 = COLOUR_RGB ( '',0.7960784313725489669, 0.8235294117647058432, 0.9372549019607843146 ) ;
#920 = DIRECTION ( 'NONE',  ( -0.9848077530122090195, -0.1736481776669255295, -0.000000000000000000 ) ) ;
#921 = DIRECTION ( 'NONE',  ( 0.000000000000000000, 0.000000000000000000, 1.000000000000000000 ) ) ;
#922 = ORIENTED_EDGE ( 'NONE', *, *, #7807, .F. ) ;
#923 = CARTESIAN_POINT ( 'NONE',  ( -2.799999999999997158, 0.1199999999999999956, -0.9499999999999984013 ) ) ;
#924 = PLANE ( 'NONE',  #7789 ) ;
#925 =( LENGTH_UNIT ( ) NAMED_UNIT ( * ) SI_UNIT ( .MILLI., .METRE. ) );
#926 = DIRECTION ( 'NONE',  ( -1.000000000000000000, -0.000000000000000000, -0.000000000000000000 ) ) ;
#927 = MECHANICAL_DESIGN_GEOMETRIC_PRESENTATION_REPRESENTATION (  '', ( #7847 ), #7858 ) ;
#928 = DIRECTION ( 'NONE',  ( 0.000000000000000000, 0.000000000000000000, -1.000000000000000000 ) ) ;
#929 = MECHANICAL_DESIGN_GEOMETRIC_PRESENTATION_REPRESENTATION (  '', ( #7210 ), #7076 ) ;
#930 = CARTESIAN_POINT ( 'NONE',  ( -1.570530792283381771, 2.639999999999999236, -0.7544692077166114119 ) ) ;
#931 = CARTESIAN_POINT ( 'NONE',  ( -1.524999999999996803, 0.05000000000000034972, 1.250000000000001110 ) ) ;
#932 = PLANE ( 'NONE',  #1572 ) ;
#933 = VECTOR ( 'NONE', #5455, 1000.000000000000000 ) ;
#934 = ORIENTED_EDGE ( 'NONE', *, *, #5700, .F. ) ;
#935 = ADVANCED_FACE ( 'NONE', ( #5495 ), #1071, .F. ) ;
#936 = COLOUR_RGB ( '',0.7960784313725489669, 0.8235294117647058432, 0.9372549019607843146 ) ;
#937 = ADVANCED_FACE ( 'NONE', ( #6110 ), #7199, .F. ) ;
#938 = ORIENTED_EDGE ( 'NONE', *, *, #2054, .F. ) ;
#939 = PLANE ( 'NONE',  #1198 ) ;
#940 = AXIS2_PLACEMENT_3D ( 'NONE', #7940, #5474, #473 ) ;
#941 = VERTEX_POINT ( 'NONE', #3005 ) ;
#942 = PRESENTATION_STYLE_ASSIGNMENT (( #4081 ) ) ;
#943 = ORIENTED_EDGE ( 'NONE', *, *, #6552, .T. ) ;
#944 = CARTESIAN_POINT ( 'NONE',  ( 1.725000000000002975, 2.750000000000000000, -0.8100000000000022737 ) ) ;
#945 = CARTESIAN_POINT ( 'NONE',  ( -2.799999999999997158, 0.3500000000000001443, -0.2500000000724984517 ) ) ;
#946 = PRESENTATION_LAYER_ASSIGNMENT (  '', '', ( #3655 ) ) ;
#947 = EDGE_CURVE ( 'NONE', #1782, #6009, #3527, .T. ) ;
#948 = VERTEX_POINT ( 'NONE', #4122 ) ;
#949 = CARTESIAN_POINT ( 'NONE',  ( 2.600000000000001865, 0.3500000000000001443, -0.2500000000725014493 ) ) ;
#950 = VECTOR ( 'NONE', #7124, 1000.000000000000000 ) ;
#951 = ORIENTED_EDGE ( 'NONE', *, *, #2395, .F. ) ;
#952 = CARTESIAN_POINT ( 'NONE',  ( 0.9000000000000055733, 1.050000000000000044, -0.8249999999999970690 ) ) ;
#953 = CARTESIAN_POINT ( 'NONE',  ( 2.600000000000001865, 0.4000000000000000222, -0.9150000000000011458 ) ) ;
#954 = EDGE_CURVE ( 'NONE', #1782, #2139, #456, .T. ) ;
#955 = EDGE_CURVE ( 'NONE', #5271, #4572, #7318, .T. ) ;
#956 = CARTESIAN_POINT ( 'NONE',  ( -2.799999999999997158, 8.109541161931386268E-17, -0.7786222391909453089 ) ) ;
#957 = DIRECTION ( 'NONE',  ( 0.000000000000000000, 0.000000000000000000, -1.000000000000000000 ) ) ;
#958 = PRESENTATION_STYLE_ASSIGNMENT (( #5911 ) ) ;
#959 = ORIENTED_EDGE ( 'NONE', *, *, #1547, .T. ) ;
#960 = EDGE_CURVE ( 'NONE', #731, #3667, #7162, .T. ) ;
#961 = MECHANICAL_DESIGN_GEOMETRIC_PRESENTATION_REPRESENTATION (  '', ( #6489 ), #4044 ) ;
#962 = LINE ( 'NONE', #5840, #3015 ) ;
#963 = DIRECTION ( 'NONE',  ( 1.000000000000000000, -0.000000000000000000, 0.000000000000000000 ) ) ;
#964 = VERTEX_POINT ( 'NONE', #4241 ) ;
#965 = EDGE_CURVE ( 'NONE', #1811, #512, #1674, .T. ) ;
#966 = DIRECTION ( 'NONE',  ( -0.000000000000000000, -1.000000000000000000, -0.000000000000000000 ) ) ;
#967 = AXIS2_PLACEMENT_3D ( 'NONE', #3995, #6444, #3398 ) ;
#968 =( NAMED_UNIT ( * ) PLANE_ANGLE_UNIT ( ) SI_UNIT ( $, .RADIAN. ) );
#969 = ORIENTED_EDGE ( 'NONE', *, *, #5897, .T. ) ;
#970 = VECTOR ( 'NONE', #873, 1000.000000000000000 ) ;
#971 = CARTESIAN_POINT ( 'NONE',  ( 0.8750000000000048850, 0.1999999999999999278, 1.250000000000001110 ) ) ;
#972 =( NAMED_UNIT ( * ) SI_UNIT ( $, .STERADIAN. ) SOLID_ANGLE_UNIT ( ) );
#973 = EDGE_CURVE ( 'NONE', #3579, #4444, #3684, .T. ) ;
#974 = CARTESIAN_POINT ( 'NONE',  ( 2.800000000000002931, 2.639999999999999236, 0.1155307922833880285 ) ) ;
#975 = VECTOR ( 'NONE', #4261, 1000.000000000000000 ) ;
#976 = DIRECTION ( 'NONE',  ( 1.000000000000000000, -0.000000000000000000, -0.000000000000000000 ) ) ;
#977 = DIRECTION ( 'NONE',  ( -0.9848077530122089085, -0.1736481776669258625, -0.000000000000000000 ) ) ;
#978 = ORIENTED_EDGE ( 'NONE', *, *, #7013, .F. ) ;
#979 = DIRECTION ( 'NONE',  ( 0.7071067811865476838, 0.7071067811865474617, 0.000000000000000000 ) ) ;
#980 = AXIS2_PLACEMENT_3D ( 'NONE', #4608, #3946, #2816 ) ;
#981 = EDGE_LOOP ( 'NONE', ( #7033, #3700, #2088, #5768, #6333, #4538, #4379, #1406, #7390, #2622, #774, #1665, #907, #2583 ) ) ;
#982 = ORIENTED_EDGE ( 'NONE', *, *, #3533, .T. ) ;
#983 = CYLINDRICAL_SURFACE ( 'NONE', #1466, 0.1000000000000000472 ) ;
#984 = ORIENTED_EDGE ( 'NONE', *, *, #6624, .F. ) ;
#985 = LINE ( 'NONE', #2803, #6078 ) ;
#986 = VERTEX_POINT ( 'NONE', #13 ) ;
#987 = AXIS2_PLACEMENT_3D ( 'NONE', #6546, #1039, #5507 ) ;
#988 = UNCERTAINTY_MEASURE_WITH_UNIT (LENGTH_MEASURE( 1.000000000000000082E-05 ), #2758, 'distance_accuracy_value', 'NONE');
#989 = ORIENTED_EDGE ( 'NONE', *, *, #5621, .T. ) ;
#990 = CARTESIAN_POINT ( 'NONE',  ( -0.6999999999999945155, 2.639999999999999236, -0.8249999999999970690 ) ) ;
#991 = ORIENTED_EDGE ( 'NONE', *, *, #4628, .T. ) ;
#992 = COLOUR_RGB ( '',0.7960784313725489669, 0.8235294117647058432, 0.9372549019607843146 ) ;
#993 = FILL_AREA_STYLE_COLOUR ( '', #6218 ) ;
#994 = ADVANCED_FACE ( 'NONE', ( #4158 ), #6582, .F. ) ;
#995 = FACE_OUTER_BOUND ( 'NONE', #7017, .T. ) ;
#996 = CARTESIAN_POINT ( 'NONE',  ( -0.09999999999999581446, 2.639999999999999236, -0.8249999999999970690 ) ) ;
#997 = EDGE_CURVE ( 'NONE', #948, #6616, #1390, .T. ) ;
#998 = AXIS2_PLACEMENT_3D ( 'NONE', #5147, #3368, #5786 ) ;
#999 = ORIENTED_EDGE ( 'NONE', *, *, #1547, .F. ) ;
#1000 = DIRECTION ( 'NONE',  ( 0.000000000000000000, 0.000000000000000000, 1.000000000000000000 ) ) ;
#1001 = CLOSED_SHELL ( 'NONE', ( #7370, #5111, #6952, #154, #5627, #5481, #7730, #5282, #7549, #4877 ) ) ;
#1002 = EDGE_CURVE ( 'NONE', #3235, #1048, #207, .T. ) ;
#1003 = ORIENTED_EDGE ( 'NONE', *, *, #4031, .F. ) ;
#1004 =( LENGTH_UNIT ( ) NAMED_UNIT ( * ) SI_UNIT ( .MILLI., .METRE. ) );
#1005 = ORIENTED_EDGE ( 'NONE', *, *, #3923, .F. ) ;
#1006 = VECTOR ( 'NONE', #367, 1000.000000000000000 ) ;
#1007 = VECTOR ( 'NONE', #6563, 1000.000000000000000 ) ;
#1008 = EDGE_LOOP ( 'NONE', ( #526, #2222, #4681, #5648 ) ) ;
#1009 = PLANE ( 'NONE',  #4410 ) ;
#1010 = ORIENTED_EDGE ( 'NONE', *, *, #3358, .F. ) ;
#1011 = SURFACE_STYLE_USAGE ( .BOTH. , #5961 ) ;
#1012 = CARTESIAN_POINT ( 'NONE',  ( -1.524999999999996803, 0.05000000000000034972, 1.250000000000001110 ) ) ;
#1013 = DIRECTION ( 'NONE',  ( 0.000000000000000000, -1.000000000000000000, 0.000000000000000000 ) ) ;
#1014 = VERTEX_POINT ( 'NONE', #4433 ) ;
#1015 = CARTESIAN_POINT ( 'NONE',  ( -0.8999999999999966915, 2.239999999999990443, 0.04500000000000296124 ) ) ;
#1016 = EDGE_LOOP ( 'NONE', ( #6713, #2099, #5194, #2338, #7637, #3435, #5957, #7710, #3874, #6910, #6933, #7006, #1444, #7365 ) ) ;
#1017 = STYLED_ITEM ( 'NONE', ( #5658 ), #4144 ) ;
#1018 = DIRECTION ( 'NONE',  ( 0.000000000000000000, 0.000000000000000000, -1.000000000000000000 ) ) ;
#1019 = ORIENTED_EDGE ( 'NONE', *, *, #5347, .F. ) ;
#1020 = MECHANICAL_DESIGN_GEOMETRIC_PRESENTATION_REPRESENTATION (  '', ( #7933 ), #6633 ) ;
#1021 = EDGE_LOOP ( 'NONE', ( #4742, #7777, #7147, #1617 ) ) ;
#1022 = LINE ( 'NONE', #5809, #5985 ) ;
#1023 = DIRECTION ( 'NONE',  ( -1.000000000000000000, 0.000000000000000000, 1.355252715606883008E-16 ) ) ;
#1024 = FILL_AREA_STYLE ('',( #6448 ) ) ;
#1025 = ORIENTED_EDGE ( 'NONE', *, *, #6225, .T. ) ;
#1026 = EDGE_CURVE ( 'NONE', #309, #4561, #3242, .T. ) ;
#1027 = EDGE_CURVE ( 'NONE', #2393, #3110, #128, .T. ) ;
#1028 = ORIENTED_EDGE ( 'NONE', *, *, #1420, .F. ) ;
#1029 = ORIENTED_EDGE ( 'NONE', *, *, #6813, .T. ) ;
#1030 = DIRECTION ( 'NONE',  ( 0.000000000000000000, 0.000000000000000000, -1.000000000000000000 ) ) ;
#1031 = ORIENTED_EDGE ( 'NONE', *, *, #4917, .T. ) ;
#1032 = FACE_OUTER_BOUND ( 'NONE', #4485, .T. ) ;
#1033 =( NAMED_UNIT ( * ) PLANE_ANGLE_UNIT ( ) SI_UNIT ( $, .RADIAN. ) );
#1034 = AXIS2_PLACEMENT_3D ( 'NONE', #5947, #2281, #5344 ) ;
#1035 = CARTESIAN_POINT ( 'NONE',  ( -2.339999999999997637, 2.750000000000000000, 0.1000000000000016154 ) ) ;
#1036 = CARTESIAN_POINT ( 'NONE',  ( -2.599999999999997424, 1.000000000000000000, -0.9499999999999984013 ) ) ;
#1037 = CARTESIAN_POINT ( 'NONE',  ( 2.800000000000001599, 0.1000000012999997384, 0.05000000000812362261 ) ) ;
#1038 = LINE ( 'NONE', #4090, #5912 ) ;
#1039 = DIRECTION ( 'NONE',  ( 1.334663381620508699E-16, -0.1736481776669258625, 0.9848077530122089085 ) ) ;
#1040 = DIRECTION ( 'NONE',  ( 0.1710878697460308795, 0.9702875252478155854, 0.1710878697460308795 ) ) ;
#1041 = CARTESIAN_POINT ( 'NONE',  ( 2.599999999450002708, 1.000000000000000000, -0.2500000000000014433 ) ) ;
#1042 = EDGE_LOOP ( 'NONE', ( #5395, #6644, #4686, #1684, #6976, #5084, #79, #6472, #5150, #5963, #3598, #4957, #3041, #4544, #5646, #3795, #171, #4006, #4846, #7231, #6915, #1332 ) ) ;
#1043 = EDGE_CURVE ( 'NONE', #7175, #157, #5098, .T. ) ;
#1044 = CARTESIAN_POINT ( 'NONE',  ( 0.9573992731603624406, 1.914472545666378256, -0.2676007268396403127 ) ) ;
#1045 = ORIENTED_EDGE ( 'NONE', *, *, #2866, .T. ) ;
#1046 = EDGE_LOOP ( 'NONE', ( #156, #7372, #3469, #5578 ) ) ;
#1047 = LINE ( 'NONE', #1494, #7213 ) ;
#1048 = VERTEX_POINT ( 'NONE', #6340 ) ;
#1049 = CYLINDRICAL_SURFACE ( 'NONE', #1213, 0.1000000000000000472 ) ;
#1050 = DIRECTION ( 'NONE',  ( 0.000000000000000000, 0.000000000000000000, 1.000000000000000000 ) ) ;
#1051 = VERTEX_POINT ( 'NONE', #88 ) ;
#1052 = FILL_AREA_STYLE ('',( #7057 ) ) ;
#1053 = LINE ( 'NONE', #6605, #7920 ) ;
#1054 = ORIENTED_EDGE ( 'NONE', *, *, #7712, .F. ) ;
#1055 = DIRECTION ( 'NONE',  ( 1.000000000000000000, 0.000000000000000000, 0.000000000000000000 ) ) ;
#1056 = AXIS2_PLACEMENT_3D ( 'NONE', #5059, #4316, #7479 ) ;
#1057 = CIRCLE ( 'NONE', #1445, 0.04999999999999991257 ) ;
#1058 = ORIENTED_EDGE ( 'NONE', *, *, #2172, .F. ) ;
#1059 = ORIENTED_EDGE ( 'NONE', *, *, #1105, .T. ) ;
#1060 = DIRECTION ( 'NONE',  ( 0.000000000000000000, 0.000000000000000000, 1.000000000000000000 ) ) ;
#1061 = VECTOR ( 'NONE', #1175, 1000.000000000000000 ) ;
#1062 = DIRECTION ( 'NONE',  ( 0.000000000000000000, 0.000000000000000000, -1.000000000000000000 ) ) ;
#1063 = PRESENTATION_STYLE_ASSIGNMENT (( #6572 ) ) ;
#1064 = EDGE_LOOP ( 'NONE', ( #7273, #3098, #1476, #3956 ) ) ;
#1065 = LINE ( 'NONE', #6615, #4644 ) ;
#1066 = ADVANCED_FACE ( 'NONE', ( #6767 ), #1924, .F. ) ;
#1067 = ORIENTED_EDGE ( 'NONE', *, *, #359, .F. ) ;
#1068 = VECTOR ( 'NONE', #3783, 1000.000000000000000 ) ;
#1069 = CARTESIAN_POINT ( 'NONE',  ( -0.04470569533954876773, 2.553589584749196284, -0.3802943046604444488 ) ) ;
#1070 = VERTEX_POINT ( 'NONE', #3729 ) ;
#1071 = PLANE ( 'NONE',  #797 ) ;
#1072 = EDGE_CURVE ( 'NONE', #4098, #731, #4473, .T. ) ;
#1073 = VECTOR ( 'NONE', #2600, 1000.000000000000000 ) ;
#1074 = CARTESIAN_POINT ( 'NONE',  ( -2.599999999999997424, 0.1199999999999999956, -0.9499999999999984013 ) ) ;
#1075 = VECTOR ( 'NONE', #1834, 1000.000000000000000 ) ;
#1076 = VECTOR ( 'NONE', #1832, 1000.000000000000000 ) ;
#1077 = EDGE_CURVE ( 'NONE', #6828, #7831, #5743, .T. ) ;
#1078 =( LENGTH_UNIT ( ) NAMED_UNIT ( * ) SI_UNIT ( .MILLI., .METRE. ) );
#1079 = LINE ( 'NONE', #2278, #7028 ) ;
#1080 = CARTESIAN_POINT ( 'NONE',  ( -1.499999999999996891, 2.239999999999990443, 0.04500000000000294043 ) ) ;
#1081 = VECTOR ( 'NONE', #1569, 1000.000000000000000 ) ;
#1082 = PLANE ( 'NONE',  #1034 ) ;
#1083 =( NAMED_UNIT ( * ) SI_UNIT ( $, .STERADIAN. ) SOLID_ANGLE_UNIT ( ) );
#1084 = ADVANCED_FACE ( 'NONE', ( #6845 ), #1879, .F. ) ;
#1085 = PRESENTATION_LAYER_ASSIGNMENT (  '', '', ( #3148 ) ) ;
#1086 = DIRECTION ( 'NONE',  ( 0.000000000000000000, 0.5150380749100552658, 0.8571673007021116675 ) ) ;
#1087 = ORIENTED_EDGE ( 'NONE', *, *, #3720, .F. ) ;
#1088 = CARTESIAN_POINT ( 'NONE',  ( 2.100000000600002359, 1.050000000000000044, -0.7000000000000015099 ) ) ;
#1089 = VECTOR ( 'NONE', #2126, 1000.000000000000000 ) ;
#1090 = ORIENTED_EDGE ( 'NONE', *, *, #1502, .T. ) ;
#1091 = ORIENTED_EDGE ( 'NONE', *, *, #2847, .T. ) ;
#1092 = DIRECTION ( 'NONE',  ( -1.000000000000000000, 0.000000000000000000, -0.000000000000000000 ) ) ;
#1093 =( NAMED_UNIT ( * ) PLANE_ANGLE_UNIT ( ) SI_UNIT ( $, .RADIAN. ) );
#1094 = CARTESIAN_POINT ( 'NONE',  ( 4.400000000000005684, 2.639999999999999236, 0.1155307922833880285 ) ) ;
#1095 = ORIENTED_EDGE ( 'NONE', *, *, #2267, .T. ) ;
#1096 = ORIENTED_EDGE ( 'NONE', *, *, #3884, .F. ) ;
#1097 = EDGE_CURVE ( 'NONE', #6173, #4188, #5552, .T. ) ;
#1098 = ORIENTED_EDGE ( 'NONE', *, *, #7617, .T. ) ;
#1099 = EDGE_CURVE ( 'NONE', #6174, #3128, #2561, .T. ) ;
#1100 = LINE ( 'NONE', #4913, #3171 ) ;
#1101 = EDGE_LOOP ( 'NONE', ( #2016, #5925, #4837, #4502 ) ) ;
#1102 = CARTESIAN_POINT ( 'NONE',  ( 0.07500000000000485445, -3.675261601645777502E-17, 1.200000000000000844 ) ) ;
#1103 = EDGE_LOOP ( 'NONE', ( #2196, #296, #2868, #4058 ) ) ;
#1104 = COLOUR_RGB ( '',0.7960784313725489669, 0.8235294117647058432, 0.9372549019607843146 ) ;
#1105 = EDGE_CURVE ( 'NONE', #6510, #7192, #2635, .T. ) ;
#1106 = VECTOR ( 'NONE', #3078, 1000.000000000000114 ) ;
#1107 = ADVANCED_FACE ( 'NONE', ( #7401 ), #3126, .F. ) ;
#1108 = ADVANCED_FACE ( 'NONE', ( #7518 ), #3808, .F. ) ;
#1109 =( NAMED_UNIT ( * ) SI_UNIT ( $, .STERADIAN. ) SOLID_ANGLE_UNIT ( ) );
#1110 = CARTESIAN_POINT ( 'NONE',  ( 3.100000000000002309, 0.3500000000000000333, -1.000000000000001776 ) ) ;
#1111 = EDGE_LOOP ( 'NONE', ( #4876, #1905, #777, #2287 ) ) ;
#1112 = STYLED_ITEM ( 'NONE', ( #4425 ), #3223 ) ;
#1113 = AXIS2_PLACEMENT_3D ( 'NONE', #4304, #7225, #1254 ) ;
#1114 = ADVANCED_FACE ( 'NONE', ( #3888 ), #3168, .F. ) ;
#1115 = EDGE_LOOP ( 'NONE', ( #2904, #7421, #1028, #2347 ) ) ;
#1116 = DIRECTION ( 'NONE',  ( 0.000000000000000000, 0.000000000000000000, 1.000000000000000000 ) ) ;
#1117 = ORIENTED_EDGE ( 'NONE', *, *, #3313, .T. ) ;
#1118 = LINE ( 'NONE', #6183, #1846 ) ;
#1119 = DIRECTION ( 'NONE',  ( 1.355252715606883008E-16, -0.000000000000000000, 1.000000000000000000 ) ) ;
#1120 =( GEOMETRIC_REPRESENTATION_CONTEXT ( 3 ) GLOBAL_UNCERTAINTY_ASSIGNED_CONTEXT ( ( #4446 ) ) GLOBAL_UNIT_ASSIGNED_CONTEXT ( ( #1604, #3455, #2853 ) ) REPRESENTATION_CONTEXT ( 'NONE', 'WORKASPACE' ) );
#1121 = CARTESIAN_POINT ( 'NONE',  ( -0.7249999999999952038, 0.05000000000000031503, 1.250000000000001110 ) ) ;
#1122 = LINE ( 'NONE', #6731, #6441 ) ;
#1123 = ORIENTED_EDGE ( 'NONE', *, *, #6059, .F. ) ;
#1124 = DIRECTION ( 'NONE',  ( -0.000000000000000000, 0.000000000000000000, 1.000000000000000000 ) ) ;
#1125 = CARTESIAN_POINT ( 'NONE',  ( -1.499999999999996225, 1.050000000000000044, -0.8249999999999970690 ) ) ;
#1126 = DIRECTION ( 'NONE',  ( 0.1710878697460311570, -0.9702875252478154744, -0.1710878697460311848 ) ) ;
#1127 = DIRECTION ( 'NONE',  ( -0.000000000000000000, -0.000000000000000000, -1.000000000000000000 ) ) ;
#1128 = DIRECTION ( 'NONE',  ( 0.000000000000000000, 0.000000000000000000, 1.000000000000000000 ) ) ;
#1129 = DIRECTION ( 'NONE',  ( -1.000000000000000000, 0.000000000000000000, -0.000000000000000000 ) ) ;
#1130 = CARTESIAN_POINT ( 'NONE',  ( -0.7249999999999952038, 0.04999999999999997502, 1.200000000000001288 ) ) ;
#1131 = PRESENTATION_STYLE_ASSIGNMENT (( #5353 ) ) ;
#1132 = LINE ( 'NONE', #6043, #562 ) ;
#1133 = DIRECTION ( 'NONE',  ( -1.000000000000000000, -0.000000000000000000, 0.000000000000000000 ) ) ;
#1134 = CARTESIAN_POINT ( 'NONE',  ( 2.600000000000001865, 1.000000000000000000, -0.2500000000000013878 ) ) ;
#1135 = EDGE_LOOP ( 'NONE', ( #641, #5715, #235, #5622 ) ) ;
#1136 = CARTESIAN_POINT ( 'NONE',  ( 0.9000000000000055733, 1.050000000000000044, -0.8249999999999970690 ) ) ;
#1137 = VECTOR ( 'NONE', #299, 1000.000000000000000 ) ;
#1138 = CARTESIAN_POINT ( 'NONE',  ( 2.100000001000001948, 1.050000000000000044, 0.09999999999999857614 ) ) ;
#1139 = ORIENTED_EDGE ( 'NONE', *, *, #2771, .F. ) ;
#1140 = ORIENTED_EDGE ( 'NONE', *, *, #6300, .F. ) ;
#1141 = CARTESIAN_POINT ( 'NONE',  ( 2.600000000000001865, 0.2063250300240242197, -0.9500000000000013989 ) ) ;
#1142 = CARTESIAN_POINT ( 'NONE',  ( 2.600000000000001865, 0.6936749699759758858, -0.9500000000000016209 ) ) ;
#1143 = VECTOR ( 'NONE', #449, 1000.000000000000000 ) ;
#1144 = SURFACE_SIDE_STYLE ('',( #6648 ) ) ;
#1145 = MECHANICAL_DESIGN_GEOMETRIC_PRESENTATION_REPRESENTATION (  '', ( #5775 ), #4343 ) ;
#1146 = ORIENTED_EDGE ( 'NONE', *, *, #4094, .F. ) ;
#1147 = LINE ( 'NONE', #4844, #6826 ) ;
#1148 = VECTOR ( 'NONE', #2430, 1000.000000000000000 ) ;
#1149 = EDGE_LOOP ( 'NONE', ( #4244, #7840, #2027, #6631 ) ) ;
#1150 = DIRECTION ( 'NONE',  ( 0.000000000000000000, -0.8660254037844363761, 0.5000000000000039968 ) ) ;
#1151 = ORIENTED_EDGE ( 'NONE', *, *, #2530, .T. ) ;
#1152 = LINE ( 'NONE', #7921, #3901 ) ;
#1153 = FILL_AREA_STYLE_COLOUR ( '', #4631 ) ;
#1154 =( NAMED_UNIT ( * ) PLANE_ANGLE_UNIT ( ) SI_UNIT ( $, .RADIAN. ) );
#1155 =( LENGTH_UNIT ( ) NAMED_UNIT ( * ) SI_UNIT ( .MILLI., .METRE. ) );
#1156 = EDGE_LOOP ( 'NONE', ( #3200, #2288, #2545, #3191 ) ) ;
#1157 =( NAMED_UNIT ( * ) PLANE_ANGLE_UNIT ( ) SI_UNIT ( $, .RADIAN. ) );
#1158 = CARTESIAN_POINT ( 'NONE',  ( 0.02946920771661903568, 2.639999999999999236, 0.1155307922833886253 ) ) ;
#1159 = CARTESIAN_POINT ( 'NONE',  ( -0.6999999999999952927, 2.639999999999999236, 0.04500000000000294043 ) ) ;
#1160 = FACE_OUTER_BOUND ( 'NONE', #1101, .T. ) ;
#1161 = CARTESIAN_POINT ( 'NONE',  ( 1.629469207716617518, 2.639999999999999236, -0.7544692077166144095 ) ) ;
#1162 = UNCERTAINTY_MEASURE_WITH_UNIT (LENGTH_MEASURE( 1.000000000000000082E-05 ), #2759, 'distance_accuracy_value', 'NONE');
#1163 = DIRECTION ( 'NONE',  ( 0.000000000000000000, 0.8571673007021116675, -0.5150380749100552658 ) ) ;
#1164 = LINE ( 'NONE', #634, #3774 ) ;
#1165 = DIRECTION ( 'NONE',  ( 0.000000000000000000, 0.000000000000000000, -1.000000000000000000 ) ) ;
#1166 = DIRECTION ( 'NONE',  ( 1.000000000000000000, 0.000000000000000000, 0.000000000000000000 ) ) ;
#1167 = LINE ( 'NONE', #7337, #7090 ) ;
#1168 = CARTESIAN_POINT ( 'NONE',  ( -0.09999999999999581446, 2.239999999999989555, -0.8249999999999970690 ) ) ;
#1169 = EDGE_CURVE ( 'NONE', #899, #1859, #7104, .T. ) ;
#1170 = FACE_OUTER_BOUND ( 'NONE', #3689, .T. ) ;
#1171 = DIRECTION ( 'NONE',  ( 0.000000000000000000, -0.000000000000000000, 1.000000000000000000 ) ) ;
#1172 = ORIENTED_EDGE ( 'NONE', *, *, #1844, .F. ) ;
#1173 = ORIENTED_EDGE ( 'NONE', *, *, #6343, .T. ) ;
#1174 = CARTESIAN_POINT ( 'NONE',  ( -0.6999999999999952927, 2.239999999999990443, 0.3450000000000029710 ) ) ;
#1175 = DIRECTION ( 'NONE',  ( -1.000000000000000000, -0.000000000000000000, -0.000000000000000000 ) ) ;
#1176 = VERTEX_POINT ( 'NONE', #3925 ) ;
#1177 = VECTOR ( 'NONE', #901, 1000.000000000000000 ) ;
#1178 = CARTESIAN_POINT ( 'NONE',  ( 0.9250000000000037081, 2.750000000000000000, -0.8099999999999991651 ) ) ;
#1179 = CARTESIAN_POINT ( 'NONE',  ( 1.675000000000002487, 0.05000000000000030809, 1.249999999999998002 ) ) ;
#1180 = VECTOR ( 'NONE', #6067, 1000.000000000000000 ) ;
#1181 = VECTOR ( 'NONE', #3639, 1000.000000000000227 ) ;
#1182 = DIRECTION ( 'NONE',  ( -0.000000000000000000, -0.7071067811865474617, 0.7071067811865474617 ) ) ;
#1183 = CARTESIAN_POINT ( 'NONE',  ( -2.799999999999997158, 8.109541161931386268E-17, -0.7786222391909453089 ) ) ;
#1184 = AXIS2_PLACEMENT_3D ( 'NONE', #2220, #4677, #4718 ) ;
#1185 = PLANE ( 'NONE',  #3069 ) ;
#1186 = DIRECTION ( 'NONE',  ( 0.000000000000000000, 0.000000000000000000, -1.000000000000000000 ) ) ;
#1187 = ADVANCED_FACE ( 'NONE', ( #3318 ), #5778, .F. ) ;
#1188 = EDGE_LOOP ( 'NONE', ( #1460, #4873, #3326, #5821 ) ) ;
#1189 = EDGE_CURVE ( 'NONE', #2581, #6491, #4674, .T. ) ;
#1190 = CARTESIAN_POINT ( 'NONE',  ( 0.7000000000000041744, 2.639999999999999236, -0.3249999999999970690 ) ) ;
#1191 = CARTESIAN_POINT ( 'NONE',  ( 2.800000000000001599, 0.3063250300240242252, -0.9500000000000016209 ) ) ;
#1192 = CARTESIAN_POINT ( 'NONE',  ( 8.500000000000003553, 2.639999999999999236, -0.6999999999999985123 ) ) ;
#1193 = EDGE_CURVE ( 'NONE', #5407, #7486, #6412, .T. ) ;
#1194 = PRESENTATION_STYLE_ASSIGNMENT (( #587 ) ) ;
#1195 = AXIS2_PLACEMENT_3D ( 'NONE', #2609, #1322, #2574 ) ;
#1196 = CARTESIAN_POINT ( 'NONE',  ( -0.1249999999999965306, 0.7768699943250462203, -0.8099999999999991651 ) ) ;
#1197 = DIRECTION ( 'NONE',  ( -1.000000000000000000, -0.000000000000000000, -0.000000000000000000 ) ) ;
#1198 = AXIS2_PLACEMENT_3D ( 'NONE', #2714, #1474, #4478 ) ;
#1199 = ADVANCED_FACE ( 'NONE', ( #7551 ), #2751, .F. ) ;
#1200 = VECTOR ( 'NONE', #6766, 1000.000000000000000 ) ;
#1201 = CARTESIAN_POINT ( 'NONE',  ( 0.7250000000000031974, 0.2000000000000000111, 0.8000000000000011546 ) ) ;
#1202 = ADVANCED_FACE ( 'NONE', ( #4550 ), #1468, .F. ) ;
#1203 = PLANE ( 'NONE',  #940 ) ;
#1204 = DIRECTION ( 'NONE',  ( 0.000000000000000000, -0.000000000000000000, 1.000000000000000000 ) ) ;
#1205 = AXIS2_PLACEMENT_3D ( 'NONE', #3830, #677, #5719 ) ;
#1206 = CARTESIAN_POINT ( 'NONE',  ( 0.1000000000000047101, 2.639999999999999236, 0.04500000000000294043 ) ) ;
#1207 = CARTESIAN_POINT ( 'NONE',  ( 0.7000000000000033973, 2.639999999999999236, 0.3450000000000029710 ) ) ;
#1208 = ORIENTED_EDGE ( 'NONE', *, *, #508, .F. ) ;
#1209 = DIRECTION ( 'NONE',  ( -1.000000000000000000, -0.000000000000000000, -0.000000000000000000 ) ) ;
#1210 = ORIENTED_EDGE ( 'NONE', *, *, #17, .T. ) ;
#1211 =( GEOMETRIC_REPRESENTATION_CONTEXT ( 3 ) GLOBAL_UNCERTAINTY_ASSIGNED_CONTEXT ( ( #6463 ) ) GLOBAL_UNIT_ASSIGNED_CONTEXT ( ( #3828, #1325, #2535 ) ) REPRESENTATION_CONTEXT ( 'NONE', 'WORKASPACE' ) );
#1212 = FILL_AREA_STYLE_COLOUR ( '', #7632 ) ;
#1213 = AXIS2_PLACEMENT_3D ( 'NONE', #7178, #3426, #2296 ) ;
#1214 = ORIENTED_EDGE ( 'NONE', *, *, #7713, .T. ) ;
#1215 = DIRECTION ( 'NONE',  ( -1.000000000000000000, 0.000000000000000000, 0.000000000000000000 ) ) ;
#1216 = ORIENTED_EDGE ( 'NONE', *, *, #2885, .F. ) ;
#1217 = DIRECTION ( 'NONE',  ( 0.000000000000000000, 1.115385494969530056E-10, -1.000000000000000000 ) ) ;
#1218 = DIRECTION ( 'NONE',  ( 0.000000000000000000, 0.000000000000000000, -1.000000000000000000 ) ) ;
#1219 = FILL_AREA_STYLE ('',( #6056 ) ) ;
#1220 = PLANE ( 'NONE',  #6450 ) ;
#1221 = LINE ( 'NONE', #421, #4955 ) ;
#1222 = EDGE_CURVE ( 'NONE', #4196, #5525, #6955, .T. ) ;
#1223 = AXIS2_PLACEMENT_3D ( 'NONE', #7311, #7912, #3036 ) ;
#1224 = VERTEX_POINT ( 'NONE', #6992 ) ;
#1225 = VECTOR ( 'NONE', #2433, 1000.000000000000000 ) ;
#1226 = VECTOR ( 'NONE', #7934, 1000.000000000000000 ) ;
#1227 = CARTESIAN_POINT ( 'NONE',  ( 1.500000000000003553, 2.239999999999989555, -0.8250000000000000666 ) ) ;
#1228 = CARTESIAN_POINT ( 'NONE',  ( -2.299999999999997158, 0.1000000012999997523, -0.9999999999999986677 ) ) ;
#1229 = CARTESIAN_POINT ( 'NONE',  ( 1.700000000000003064, 2.639999999999999236, -0.8250000000000000666 ) ) ;
#1230 = VERTEX_POINT ( 'NONE', #930 ) ;
#1231 = DIRECTION ( 'NONE',  ( 0.000000000000000000, -0.000000000000000000, -1.000000000000000000 ) ) ;
#1232 = VECTOR ( 'NONE', #2832, 1000.000000000000000 ) ;
#1233 = SURFACE_STYLE_USAGE ( .BOTH. , #2402 ) ;
#1234 = AXIS2_PLACEMENT_3D ( 'NONE', #2302, #400, #4584 ) ;
#1235 = ORIENTED_EDGE ( 'NONE', *, *, #2147, .T. ) ;
#1236 = LINE ( 'NONE', #1190, #5568 ) ;
#1237 = PRESENTATION_LAYER_ASSIGNMENT (  '', '', ( #5999 ) ) ;
#1238 = LINE ( 'NONE', #3572, #6407 ) ;
#1239 = CARTESIAN_POINT ( 'NONE',  ( 0.6750000000000034861, 2.750000000000000000, -0.8099999999999991651 ) ) ;
#1240 =( NAMED_UNIT ( * ) SI_UNIT ( $, .STERADIAN. ) SOLID_ANGLE_UNIT ( ) );
#1241 = EDGE_LOOP ( 'NONE', ( #2133, #4121, #2965, #7718 ) ) ;
#1242 = DIRECTION ( 'NONE',  ( -1.000000000000000000, 0.000000000000000000, -0.000000000000000000 ) ) ;
#1243 = UNCERTAINTY_MEASURE_WITH_UNIT (LENGTH_MEASURE( 1.000000000000000082E-05 ), #1577, 'distance_accuracy_value', 'NONE');
#1244 = LINE ( 'NONE', #7374, #2641 ) ;
#1245 = CARTESIAN_POINT ( 'NONE',  ( -0.8749999999999968914, 0.05000000000000000278, 1.200000000000001288 ) ) ;
#1246 = AXIS2_PLACEMENT_3D ( 'NONE', #1196, #6119, #2328 ) ;
#1247 = DIRECTION ( 'NONE',  ( 1.000000000000000000, -0.000000000000000000, -0.000000000000000000 ) ) ;
#1248 =( NAMED_UNIT ( * ) SI_UNIT ( $, .STERADIAN. ) SOLID_ANGLE_UNIT ( ) );
#1249 = FACE_OUTER_BOUND ( 'NONE', #4133, .T. ) ;
#1250 = CARTESIAN_POINT ( 'NONE',  ( -1.499999999999996225, 2.239999999999989555, -0.8249999999999970690 ) ) ;
#1251 = VECTOR ( 'NONE', #3444, 1000.000000000000000 ) ;
#1252 =( LENGTH_UNIT ( ) NAMED_UNIT ( * ) SI_UNIT ( .MILLI., .METRE. ) );
#1253 = DIRECTION ( 'NONE',  ( -1.000000000000000000, 0.000000000000000000, 0.000000000000000000 ) ) ;
#1254 = DIRECTION ( 'NONE',  ( 0.000000000000000000, 0.000000000000000000, -1.000000000000000000 ) ) ;
#1255 = EDGE_CURVE ( 'NONE', #6006, #1458, #7634, .T. ) ;
#1256 = CARTESIAN_POINT ( 'NONE',  ( 0.1000000000000047101, 2.239999999999990443, 0.3450000000000029710 ) ) ;
#1257 = ORIENTED_EDGE ( 'NONE', *, *, #3942, .T. ) ;
#1258 = FACE_OUTER_BOUND ( 'NONE', #3889, .T. ) ;
#1259 = DIRECTION ( 'NONE',  ( 0.000000000000000000, 0.000000000000000000, 1.000000000000000000 ) ) ;
#1260 = EDGE_LOOP ( 'NONE', ( #3681, #4661, #7750, #118 ) ) ;
#1261 = DIRECTION ( 'NONE',  ( 0.000000000000000000, 0.000000000000000000, 1.000000000000000000 ) ) ;
#1262 = DIRECTION ( 'NONE',  ( -1.000000000000000000, -0.000000000000000000, -0.000000000000000000 ) ) ;
#1263 = VECTOR ( 'NONE', #7561, 1000.000000000000000 ) ;
#1264 = VECTOR ( 'NONE', #2915, 1000.000000000000000 ) ;
#1265 = CLOSED_SHELL ( 'NONE', ( #3046, #7593, #6995, #913, #7278, #2198, #5040, #3957, #2303, #1546 ) ) ;
#1266 = CARTESIAN_POINT ( 'NONE',  ( 3.100000000000002309, 1.000000000000000000, -0.2500000000000014433 ) ) ;
#1267 = AXIS2_PLACEMENT_3D ( 'NONE', #4513, #5099, #4552 ) ;
#1268 = AXIS2_PLACEMENT_3D ( 'NONE', #3227, #37, #7420 ) ;
#1269 = CARTESIAN_POINT ( 'NONE',  ( 2.273333333333335204, 2.813333333333333020, -0.8733333333333352932 ) ) ;
#1270 = CARTESIAN_POINT ( 'NONE',  ( 1.570530792283388211, 2.639999999999999236, 0.1249999999999985983 ) ) ;
#1271 = ORIENTED_EDGE ( 'NONE', *, *, #5967, .F. ) ;
#1272 = EDGE_CURVE ( 'NONE', #6939, #2403, #5811, .T. ) ;
#1273 = DIRECTION ( 'NONE',  ( -1.000000000000000000, -0.000000000000000000, -0.000000000000000000 ) ) ;
#1274 = DIRECTION ( 'NONE',  ( 0.000000000000000000, 0.000000000000000000, -1.000000000000000000 ) ) ;
#1275 = VERTEX_POINT ( 'NONE', #2833 ) ;
#1276 = VECTOR ( 'NONE', #4022, 1000.000000000000000 ) ;
#1277 = CARTESIAN_POINT ( 'NONE',  ( -0.09999999999999668876, 2.639999999999999236, 0.3450000000000029710 ) ) ;
#1278 = DIRECTION ( 'NONE',  ( -0.000000000000000000, 0.7071067811865474617, -0.7071067811865474617 ) ) ;
#1279 = CARTESIAN_POINT ( 'NONE',  ( -1.524999999999996803, 0.1999999999999999556, 1.250000000000001110 ) ) ;
#1280 = DIRECTION ( 'NONE',  ( 0.000000000000000000, 0.000000000000000000, -1.000000000000000000 ) ) ;
#1281 = ORIENTED_EDGE ( 'NONE', *, *, #7354, .F. ) ;
#1282 = FACE_OUTER_BOUND ( 'NONE', #6307, .T. ) ;
#1283 = LINE ( 'NONE', #1896, #2656 ) ;
#1284 = VERTEX_POINT ( 'NONE', #4072 ) ;
#1285 = CARTESIAN_POINT ( 'NONE',  ( 0.1000000000000047101, 2.639999999999999236, 0.04500000000000294043 ) ) ;
#1286 = CARTESIAN_POINT ( 'NONE',  ( -0.8999999999999958034, 2.239999999999989555, -0.8249999999999970690 ) ) ;
#1287 = CARTESIAN_POINT ( 'NONE',  ( 0.7708079660227954433, 2.641571930389168710, 0.1158079660227947227 ) ) ;
#1288 = DIRECTION ( 'NONE',  ( -0.000000000000000000, -0.7071067811865475727, -0.7071067811865475727 ) ) ;
#1289 = CARTESIAN_POINT ( 'NONE',  ( 9.300000000000002487, 2.639999999999999236, -0.7000000000000015099 ) ) ;
#1290 = DIRECTION ( 'NONE',  ( 0.000000000000000000, 0.000000000000000000, -1.000000000000000000 ) ) ;
#1291 = FILL_AREA_STYLE ('',( #5083 ) ) ;
#1292 = EDGE_CURVE ( 'NONE', #5859, #4474, #5285, .T. ) ;
#1293 = EDGE_LOOP ( 'NONE', ( #7221, #1611, #399, #7106, #6555, #5026, #7289, #6579 ) ) ;
#1294 = LINE ( 'NONE', #1256, #6965 ) ;
#1295 = VERTEX_POINT ( 'NONE', #7032 ) ;
#1296 = EDGE_LOOP ( 'NONE', ( #3953, #3472, #5538, #3589 ) ) ;
#1297 = ORIENTED_EDGE ( 'NONE', *, *, #6443, .F. ) ;
#1298 = LINE ( 'NONE', #1382, #3547 ) ;
#1299 = EDGE_CURVE ( 'NONE', #1950, #5030, #3996, .T. ) ;
#1300 =( NAMED_UNIT ( * ) PLANE_ANGLE_UNIT ( ) SI_UNIT ( $, .RADIAN. ) );
#1301 = CLOSED_SHELL ( 'NONE', ( #43, #7005, #7516, #2693, #4456, #1895, #252, #7587, #858, #1187, #126, #52, #6973, #7243, #5501, #482 ) ) ;
#1302 = ORIENTED_EDGE ( 'NONE', *, *, #4066, .F. ) ;
#1303 = CARTESIAN_POINT ( 'NONE',  ( 2.800000000000001599, 0.6000000000000000888, -0.9150000000000011458 ) ) ;
#1304 = DIRECTION ( 'NONE',  ( 0.000000000000000000, 1.000000000000000000, 0.000000000000000000 ) ) ;
#1305 = CARTESIAN_POINT ( 'NONE',  ( -2.299999999999997158, 0.1000000012999997523, -0.9999999999999986677 ) ) ;
#1306 = CARTESIAN_POINT ( 'NONE',  ( 3.600000000000004974, 2.639999999999999236, -0.7544692077166114119 ) ) ;
#1307 = DIRECTION ( 'NONE',  ( 0.000000000000000000, 0.7071067811865355823, -0.7071067811865594521 ) ) ;
#1308 = VECTOR ( 'NONE', #7520, 1000.000000000000000 ) ;
#1309 = ORIENTED_EDGE ( 'NONE', *, *, #4894, .F. ) ;
#1310 = VERTEX_POINT ( 'NONE', #7913 ) ;
#1311 = VECTOR ( 'NONE', #6855, 1000.000000000000000 ) ;
#1312 =( GEOMETRIC_REPRESENTATION_CONTEXT ( 3 ) GLOBAL_UNCERTAINTY_ASSIGNED_CONTEXT ( ( #1162 ) ) GLOBAL_UNIT_ASSIGNED_CONTEXT ( ( #2759, #1550, #5860 ) ) REPRESENTATION_CONTEXT ( 'NONE', 'WORKASPACE' ) );
#1313 =( NAMED_UNIT ( * ) SI_UNIT ( $, .STERADIAN. ) SOLID_ANGLE_UNIT ( ) );
#1314 = ADVANCED_FACE ( 'NONE', ( #487 ), #1790, .F. ) ;
#1315 = CARTESIAN_POINT ( 'NONE',  ( 1.675000000000002487, 0.4500000002000000277, 0.5499999999999987121 ) ) ;
#1316 =( LENGTH_UNIT ( ) NAMED_UNIT ( * ) SI_UNIT ( .MILLI., .METRE. ) );
#1317 = PLANE ( 'NONE',  #1701 ) ;
#1318 = ORIENTED_EDGE ( 'NONE', *, *, #2077, .T. ) ;
#1319 = SURFACE_SIDE_STYLE ('',( #2649 ) ) ;
#1320 = UNCERTAINTY_MEASURE_WITH_UNIT (LENGTH_MEASURE( 1.000000000000000082E-05 ), #1372, 'distance_accuracy_value', 'NONE');
#1321 = ORIENTED_EDGE ( 'NONE', *, *, #1169, .T. ) ;
#1322 = DIRECTION ( 'NONE',  ( 0.000000000000000000, -1.000000000000000000, 0.000000000000000000 ) ) ;
#1323 = EDGE_CURVE ( 'NONE', #6812, #7656, #7753, .T. ) ;
#1324 = COLOUR_RGB ( '',0.7960784313725489669, 0.8235294117647058432, 0.9372549019607843146 ) ;
#1325 =( NAMED_UNIT ( * ) PLANE_ANGLE_UNIT ( ) SI_UNIT ( $, .RADIAN. ) );
#1326 = AXIS2_PLACEMENT_3D ( 'NONE', #467, #2937, #591 ) ;
#1327 = DIRECTION ( 'NONE',  ( 0.000000000000000000, 1.000000000000000000, 0.000000000000000000 ) ) ;
#1328 = AXIS2_PLACEMENT_3D ( 'NONE', #2270, #4034, #2924 ) ;
#1329 = LINE ( 'NONE', #3380, #1712 ) ;
#1330 = AXIS2_PLACEMENT_3D ( 'NONE', #4263, #4229, #6567 ) ;
#1331 = VERTEX_POINT ( 'NONE', #3518 ) ;
#1332 = ORIENTED_EDGE ( 'NONE', *, *, #832, .T. ) ;
#1333 = CARTESIAN_POINT ( 'NONE',  ( -0.07499999999999683309, 0.05000000000000034278, 1.250000000000001110 ) ) ;
#1334 = ORIENTED_EDGE ( 'NONE', *, *, #4773, .T. ) ;
#1335 = AXIS2_PLACEMENT_3D ( 'NONE', #2415, #4221, #2455 ) ;
#1336 = ORIENTED_EDGE ( 'NONE', *, *, #3575, .T. ) ;
#1338 = ORIENTED_EDGE ( 'NONE', *, *, #1472, .F. ) ;
#1337 = EDGE_CURVE ( 'NONE', #431, #6772, #4112, .T. ) ;
#1339 = FACE_OUTER_BOUND ( 'NONE', #1373, .T. ) ;
#1340 = VECTOR ( 'NONE', #2906, 1000.000000000000000 ) ;
#1341 = ADVANCED_FACE ( 'NONE', ( #4715 ), #448, .F. ) ;
#1342 = FILL_AREA_STYLE ('',( #2551 ) ) ;
#1343 = LINE ( 'NONE', #4582, #4874 ) ;
#1344 = SURFACE_SIDE_STYLE ('',( #3237 ) ) ;
#1345 = DIRECTION ( 'NONE',  ( 0.1710878697460311570, -0.9702875252478154744, 0.1710878697460311570 ) ) ;
#1346 = VECTOR ( 'NONE', #1726, 1000.000000000000000 ) ;
#1347 = EDGE_CURVE ( 'NONE', #941, #1592, #408, .T. ) ;
#1348 = EDGE_CURVE ( 'NONE', #2996, #5876, #1826, .T. ) ;
#1349 = EDGE_CURVE ( 'NONE', #5351, #899, #5487, .T. ) ;
#1350 = EDGE_CURVE ( 'NONE', #4074, #6378, #530, .T. ) ;
#1351 = CARTESIAN_POINT ( 'NONE',  ( 3.100000000000002309, 1.000000000000000000, -1.000000000000001776 ) ) ;
#1352 = CARTESIAN_POINT ( 'NONE',  ( -0.6999999999999945155, 2.239999999999989555, -0.8249999999999970690 ) ) ;
#1353 = DIRECTION ( 'NONE',  ( -0.000000000000000000, 0.7071067811865595631, 0.7071067811865355823 ) ) ;
#1354 = SURFACE_STYLE_USAGE ( .BOTH. , #6886 ) ;
#1355 = EDGE_CURVE ( 'NONE', #2386, #6828, #803, .T. ) ;
#1356 = VERTEX_POINT ( 'NONE', #1663 ) ;
#1357 = CARTESIAN_POINT ( 'NONE',  ( 0.9000000000000055733, 2.639999999999999236, -0.3249999999999970690 ) ) ;
#1358 = CARTESIAN_POINT ( 'NONE',  ( 2.100000000000001421, 2.639999999999999236, 0.5499999999999986011 ) ) ;
#1359 = AXIS2_PLACEMENT_3D ( 'NONE', #7550, #1467, #3924 ) ;
#1360 = CARTESIAN_POINT ( 'NONE',  ( 0.9250000000000037081, 0.7768699943250462203, -0.8099999999999991651 ) ) ;
#1361 = LINE ( 'NONE', #5670, #2723 ) ;
#1362 = ORIENTED_EDGE ( 'NONE', *, *, #7925, .T. ) ;
#1363 = AXIS2_PLACEMENT_3D ( 'NONE', #3803, #816, #4428 ) ;
#1364 = CARTESIAN_POINT ( 'NONE',  ( 1.570530792283388211, 2.639999999999999236, 0.2744692077166142608 ) ) ;
#1365 = CARTESIAN_POINT ( 'NONE',  ( 0.9000000000000055733, 2.239999999999989555, -0.8249999999999970690 ) ) ;
#1366 = PLANE ( 'NONE',  #6347 ) ;
#1367 = ORIENTED_EDGE ( 'NONE', *, *, #4040, .T. ) ;
#1368 = MECHANICAL_DESIGN_GEOMETRIC_PRESENTATION_REPRESENTATION (  '', ( #3042 ), #718 ) ;
#1369 = FILL_AREA_STYLE_COLOUR ( '', #2365 ) ;
#1370 = PLANE ( 'NONE',  #7677 ) ;
#1371 = STYLED_ITEM ( 'NONE', ( #7385 ), #4279 ) ;
#1372 =( LENGTH_UNIT ( ) NAMED_UNIT ( * ) SI_UNIT ( .MILLI., .METRE. ) );
#1373 = EDGE_LOOP ( 'NONE', ( #2889, #3011, #5236, #4186 ) ) ;
#1374 = ADVANCED_FACE ( 'NONE', ( #6571 ), #5409, .F. ) ;
#1375 = VERTEX_POINT ( 'NONE', #7833 ) ;
#1376 = ORIENTED_EDGE ( 'NONE', *, *, #7012, .F. ) ;
#1377 =( NAMED_UNIT ( * ) SI_UNIT ( $, .STERADIAN. ) SOLID_ANGLE_UNIT ( ) );
#1378 = ORIENTED_EDGE ( 'NONE', *, *, #6343, .F. ) ;
#1379 = ORIENTED_EDGE ( 'NONE', *, *, #1472, .T. ) ;
#1380 = FACE_OUTER_BOUND ( 'NONE', #3514, .T. ) ;
#1381 = VECTOR ( 'NONE', #1242, 1000.000000000000000 ) ;
#1382 = CARTESIAN_POINT ( 'NONE',  ( -2.209999999999997744, 2.750000000000000000, -0.4999999999999985012 ) ) ;
#1383 = DIRECTION ( 'NONE',  ( -0.000000000000000000, 1.000000000000000000, 0.000000000000000000 ) ) ;
#1384 = LINE ( 'NONE', #3758, #7294 ) ;
#1385 = DIRECTION ( 'NONE',  ( 0.000000000000000000, 0.000000000000000000, 1.000000000000000000 ) ) ;
#1386 = CARTESIAN_POINT ( 'NONE',  ( 1.700000000000003064, 2.639999999999999236, -0.3250000000000000666 ) ) ;
#1387 = PRESENTATION_LAYER_ASSIGNMENT (  '', '', ( #4851 ) ) ;
#1388 = EDGE_CURVE ( 'NONE', #4892, #6012, #2346, .T. ) ;
#1389 = CARTESIAN_POINT ( 'NONE',  ( 3.499999999000001694, 2.639999999999999236, 0.5500000000000017097 ) ) ;
#1390 = LINE ( 'NONE', #4928, #3887 ) ;
#1391 = ORIENTED_EDGE ( 'NONE', *, *, #6425, .T. ) ;
#1392 = DIRECTION ( 'NONE',  ( -0.000000000000000000, -0.000000000000000000, -1.000000000000000000 ) ) ;
#1393 =( NAMED_UNIT ( * ) SI_UNIT ( $, .STERADIAN. ) SOLID_ANGLE_UNIT ( ) );
#1394 = ORIENTED_EDGE ( 'NONE', *, *, #7617, .F. ) ;
#1395 = ORIENTED_EDGE ( 'NONE', *, *, #4135, .T. ) ;
#1396 = VECTOR ( 'NONE', #2739, 1000.000000000000000 ) ;
#1397 = VECTOR ( 'NONE', #3666, 1000.000000000000000 ) ;
#1398 = LINE ( 'NONE', #2801, #3262 ) ;
#1399 = FACE_OUTER_BOUND ( 'NONE', #6014, .T. ) ;
#1400 = DIRECTION ( 'NONE',  ( 0.000000000000000000, 1.000000000000000000, 7.572940222879531112E-11 ) ) ;
#1401 = LINE ( 'NONE', #6193, #915 ) ;
#1402 = ORIENTED_EDGE ( 'NONE', *, *, #1613, .T. ) ;
#1403 = UNCERTAINTY_MEASURE_WITH_UNIT (LENGTH_MEASURE( 1.000000000000000082E-05 ), #3029, 'distance_accuracy_value', 'NONE');
#1404 = VECTOR ( 'NONE', #1273, 1000.000000000000000 ) ;
#1405 = CARTESIAN_POINT ( 'NONE',  ( 0.8750000000000048850, 0.4500000002000000277, 0.6556624325871229786 ) ) ;
#1406 = ORIENTED_EDGE ( 'NONE', *, *, #2435, .T. ) ;
#1407 = PLANE ( 'NONE',  #5703 ) ;
#1408 = ORIENTED_EDGE ( 'NONE', *, *, #954, .T. ) ;
#1409 = VECTOR ( 'NONE', #358, 1000.000000000000000 ) ;
#1410 =( LENGTH_UNIT ( ) NAMED_UNIT ( * ) SI_UNIT ( .MILLI., .METRE. ) );
#1411 = LINE ( 'NONE', #227, #7946 ) ;
#1412 = DIRECTION ( 'NONE',  ( 1.000000000000000000, 0.000000000000000000, 0.000000000000000000 ) ) ;
#1413 = LINE ( 'NONE', #3303, #7378 ) ;
#1414 = EDGE_CURVE ( 'NONE', #2344, #7185, #7877, .T. ) ;
#1415 = ORIENTED_EDGE ( 'NONE', *, *, #5634, .F. ) ;
#1416 = PLANE ( 'NONE',  #7871 ) ;
#1417 = ORIENTED_EDGE ( 'NONE', *, *, #1844, .T. ) ;
#1418 = ORIENTED_EDGE ( 'NONE', *, *, #5782, .F. ) ;
#1419 = DIRECTION ( 'NONE',  ( 0.000000000000000000, 1.000000000000000000, 0.000000000000000000 ) ) ;
#1420 = EDGE_CURVE ( 'NONE', #4652, #5230, #2468, .T. ) ;
#1421 = EDGE_LOOP ( 'NONE', ( #117, #4486, #2329, #7837 ) ) ;
#1422 = DIRECTION ( 'NONE',  ( -1.000000000000000000, -0.000000000000000000, -0.000000000000000000 ) ) ;
#1423 = VECTOR ( 'NONE', #5720, 1000.000000000000227 ) ;
#1424 = ORIENTED_EDGE ( 'NONE', *, *, #5012, .F. ) ;
#1425 = DIRECTION ( 'NONE',  ( 0.000000000000000000, -0.1736481776669258625, -0.9848077530122089085 ) ) ;
#1426 = FILL_AREA_STYLE ('',( #3279 ) ) ;
#1427 = CARTESIAN_POINT ( 'NONE',  ( -0.8749999999999968914, 0.2000000000000000111, 0.8000000000000011546 ) ) ;
#1428 = PLANE ( 'NONE',  #1486 ) ;
#1429 = EDGE_CURVE ( 'NONE', #3782, #1506, #6916, .T. ) ;
#1430 = LINE ( 'NONE', #6953, #4689 ) ;
#1431 = CARTESIAN_POINT ( 'NONE',  ( 1.725000000000002975, 1.050000000000000044, -0.8100000000000022737 ) ) ;
#1432 = LINE ( 'NONE', #3169, #5130 ) ;
#1433 = ORIENTED_EDGE ( 'NONE', *, *, #2761, .T. ) ;
#1434 = PLANE ( 'NONE',  #2559 ) ;
#1435 =( NAMED_UNIT ( * ) SI_UNIT ( $, .STERADIAN. ) SOLID_ANGLE_UNIT ( ) );
#1436 = VECTOR ( 'NONE', #629, 1000.000000000000000 ) ;
#1437 = DIRECTION ( 'NONE',  ( 0.000000000000000000, 0.8660254037844363761, -0.5000000000000039968 ) ) ;
#1438 = ORIENTED_EDGE ( 'NONE', *, *, #3470, .T. ) ;
#1439 = EDGE_CURVE ( 'NONE', #7883, #2030, #2628, .T. ) ;
#1440 = DIRECTION ( 'NONE',  ( -1.000000000000000000, 0.000000000000000000, 0.000000000000000000 ) ) ;
#1441 = EDGE_CURVE ( 'NONE', #4498, #6533, #1870, .T. ) ;
#1442 = LINE ( 'NONE', #2722, #7500 ) ;
#1443 = AXIS2_PLACEMENT_3D ( 'NONE', #2718, #2841, #5175 ) ;
#1444 = ORIENTED_EDGE ( 'NONE', *, *, #1439, .F. ) ;
#1445 = AXIS2_PLACEMENT_3D ( 'NONE', #3246, #6848, #6957 ) ;
#1446 = CARTESIAN_POINT ( 'NONE',  ( 6.000000000000002665, 2.639999999999999236, -0.7544692077166144095 ) ) ;
#1447 = ADVANCED_FACE ( 'NONE', ( #3198 ), #6264, .F. ) ;
#1448 = CARTESIAN_POINT ( 'NONE',  ( 5.200000000000004619, 2.639999999999999236, -0.7544692077166114119 ) ) ;
#1449 = VECTOR ( 'NONE', #6876, 1000.000000000000000 ) ;
#1450 = CARTESIAN_POINT ( 'NONE',  ( 2.800000000000001599, 1.000000000000000000, -0.9499999999843765641 ) ) ;
#1451 = FACE_OUTER_BOUND ( 'NONE', #5032, .T. ) ;
#1452 = FACE_OUTER_BOUND ( 'NONE', #2953, .T. ) ;
#1453 = EDGE_CURVE ( 'NONE', #3248, #4147, #6138, .T. ) ;
#1454 = ORIENTED_EDGE ( 'NONE', *, *, #3948, .F. ) ;
#1455 = EDGE_CURVE ( 'NONE', #405, #2461, #647, .T. ) ;
#1456 = VECTOR ( 'NONE', #3983, 1000.000000000000000 ) ;
#1457 = CARTESIAN_POINT ( 'NONE',  ( 3.100000000000002309, 0.3500000000000000333, 0.5699999999999987299 ) ) ;
#1458 = VERTEX_POINT ( 'NONE', #7469 ) ;
#1459 = CARTESIAN_POINT ( 'NONE',  ( -0.8999999999999966915, 2.239999999999990443, 0.3450000000000029710 ) ) ;
#1460 = ORIENTED_EDGE ( 'NONE', *, *, #7087, .T. ) ;
#1461 = ORIENTED_EDGE ( 'NONE', *, *, #5637, .T. ) ;
#1462 = LINE ( 'NONE', #5769, #5339 ) ;
#1463 = SURFACE_STYLE_USAGE ( .BOTH. , #2283 ) ;
#1464 = VECTOR ( 'NONE', #563, 1000.000000000000000 ) ;
#1465 = DIRECTION ( 'NONE',  ( 0.000000000000000000, 0.000000000000000000, -1.000000000000000000 ) ) ;
#1466 = AXIS2_PLACEMENT_3D ( 'NONE', #5376, #3440, #1116 ) ;
#1467 = DIRECTION ( 'NONE',  ( -1.000000000000000000, 0.000000000000000000, 0.000000000000000000 ) ) ;
#1468 = PLANE ( 'NONE',  #3764 ) ;
#1469 = VERTEX_POINT ( 'NONE', #1994 ) ;
#1470 = MECHANICAL_DESIGN_GEOMETRIC_PRESENTATION_REPRESENTATION (  '', ( #1856 ), #5834 ) ;
#1471 = CARTESIAN_POINT ( 'NONE',  ( 0.07500000000000485445, -3.675261601645777502E-17, 0.6500000000000011324 ) ) ;
#1472 = EDGE_CURVE ( 'NONE', #7055, #153, #3843, .T. ) ;
#1473 = AXIS2_PLACEMENT_3D ( 'NONE', #1457, #4575, #7051 ) ;
#1474 = DIRECTION ( 'NONE',  ( 0.000000000000000000, 0.000000000000000000, -1.000000000000000000 ) ) ;
#1475 = MANIFOLD_SOLID_BREP ( 'Body-Move/Copy5[5]', #2971 ) ;
#1476 = ORIENTED_EDGE ( 'NONE', *, *, #3558, .T. ) ;
#1477 = LINE ( 'NONE', #2226, #1177 ) ;
#1478 = EDGE_CURVE ( 'NONE', #472, #2950, #6296, .T. ) ;
#1479 = CARTESIAN_POINT ( 'NONE',  ( -2.299999999999997158, 0.1000000012999997523, -0.9999999999999986677 ) ) ;
#1480 = PLANE ( 'NONE',  #3954 ) ;
#1481 = UNCERTAINTY_MEASURE_WITH_UNIT (LENGTH_MEASURE( 1.000000000000000082E-05 ), #1410, 'distance_accuracy_value', 'NONE');
#1482 = CARTESIAN_POINT ( 'NONE',  ( -2.599999999999997424, 1.355252715606880543E-17, -0.1164279503904875612 ) ) ;
#1483 = ORIENTED_EDGE ( 'NONE', *, *, #4192, .F. ) ;
#1484 = STYLED_ITEM ( 'NONE', ( #22 ), #2694 ) ;
#1485 = CARTESIAN_POINT ( 'NONE',  ( -2.799999999999997158, 0.3499999999999999778, 0.05000000001625162782 ) ) ;
#1486 = AXIS2_PLACEMENT_3D ( 'NONE', #5161, #3961, #3281 ) ;
#1487 = CARTESIAN_POINT ( 'NONE',  ( -2.209999999999997744, 2.750000000000000000, 0.6600000000000023626 ) ) ;
#1488 = DIRECTION ( 'NONE',  ( 0.000000000000000000, -0.000000000000000000, -1.000000000000000000 ) ) ;
#1489 = CYLINDRICAL_SURFACE ( 'NONE', #980, 0.04999999999999991257 ) ;
#1490 = FACE_OUTER_BOUND ( 'NONE', #6465, .T. ) ;
#1491 = VECTOR ( 'NONE', #6299, 1000.000000000000000 ) ;
#1492 = ORIENTED_EDGE ( 'NONE', *, *, #6796, .F. ) ;
#1493 = DIRECTION ( 'NONE',  ( 1.000000000000000000, 0.000000000000000000, 0.000000000000000000 ) ) ;
#1494 = CARTESIAN_POINT ( 'NONE',  ( 1.675000000000002487, 0.1999999999999999278, 1.249999999999998002 ) ) ;
#1495 = ORIENTED_EDGE ( 'NONE', *, *, #7239, .F. ) ;
#1496 = LINE ( 'NONE', #3347, #1396 ) ;
#1497 = ORIENTED_EDGE ( 'NONE', *, *, #7836, .F. ) ;
#1498 = PLANE ( 'NONE',  #987 ) ;
#1499 = CARTESIAN_POINT ( 'NONE',  ( -0.07499999999999683309, 0.4500000002000000832, 0.6556624325871229786 ) ) ;
#1500 = PLANE ( 'NONE',  #3070 ) ;
#1501 = LINE ( 'NONE', #204, #5337 ) ;
#1502 = EDGE_CURVE ( 'NONE', #3407, #5139, #4777, .T. ) ;
#1503 = CARTESIAN_POINT ( 'NONE',  ( -2.339999999849997625, 1.050000000000000044, 0.1000000000000016570 ) ) ;
#1504 = CARTESIAN_POINT ( 'NONE',  ( 0.1250000000000054123, 1.050000000000000044, -0.8099999999999991651 ) ) ;
#1505 = CARTESIAN_POINT ( 'NONE',  ( 1.675000000000002487, 0.4500000002000000277, 0.6556624325871199810 ) ) ;
#1506 = VERTEX_POINT ( 'NONE', #7773 ) ;
#1507 = LINE ( 'NONE', #6233, #363 ) ;
#1508 =( GEOMETRIC_REPRESENTATION_CONTEXT ( 3 ) GLOBAL_UNCERTAINTY_ASSIGNED_CONTEXT ( ( #7411 ) ) GLOBAL_UNIT_ASSIGNED_CONTEXT ( ( #4001, #7003, #300 ) ) REPRESENTATION_CONTEXT ( 'NONE', 'WORKASPACE' ) );
#1509 = ORIENTED_EDGE ( 'NONE', *, *, #3344, .T. ) ;
#1510 =( LENGTH_UNIT ( ) NAMED_UNIT ( * ) SI_UNIT ( .MILLI., .METRE. ) );
#1511 = MANIFOLD_SOLID_BREP ( 'Body-Move/Copy6[2]', #133 ) ;
#1512 = VERTEX_POINT ( 'NONE', #277 ) ;
#1513 = FILL_AREA_STYLE ('',( #4036 ) ) ;
#1514 = SURFACE_STYLE_FILL_AREA ( #6458 ) ;
#1515 = EDGE_CURVE ( 'NONE', #6024, #216, #7626, .T. ) ;
#1516 = ORIENTED_EDGE ( 'NONE', *, *, #5001, .F. ) ;
#1517 = CARTESIAN_POINT ( 'NONE',  ( 0.02946920771661990304, 2.639999999999999236, 0.1250000000000016376 ) ) ;
#1518 = CARTESIAN_POINT ( 'NONE',  ( 9.300000000000002487, 1.050000000000000044, -0.7000000000000015099 ) ) ;
#1519 = CARTESIAN_POINT ( 'NONE',  ( 2.800000000000001599, 0.1199999999999999956, -0.9500000000000013989 ) ) ;
#1520 = AXIS2_PLACEMENT_3D ( 'NONE', #6132, #4747, #7181 ) ;
#1521 = CARTESIAN_POINT ( 'NONE',  ( -3.099999999999997868, 2.750000000000000000, -0.2500000001449984022 ) ) ;
#1522 = PLANE ( 'NONE',  #7228 ) ;
#1523 = VECTOR ( 'NONE', #1392, 1000.000000000000000 ) ;
#1524 = DIRECTION ( 'NONE',  ( -1.000000000000000000, 0.000000000000000000, -0.000000000000000000 ) ) ;
#1525 = AXIS2_PLACEMENT_3D ( 'NONE', #4897, #6275, #6191 ) ;
#1526 = MANIFOLD_SOLID_BREP ( 'LPattern5[1]', #7050 ) ;
#1527 = SURFACE_STYLE_FILL_AREA ( #5759 ) ;
#1528 = ORIENTED_EDGE ( 'NONE', *, *, #3575, .F. ) ;
#1529 = CARTESIAN_POINT ( 'NONE',  ( -0.8999999999999958034, 2.239999999999989555, -0.3249999999999970690 ) ) ;
#1530 = EDGE_CURVE ( 'NONE', #964, #7690, #1639, .T. ) ;
#1531 = ORIENTED_EDGE ( 'NONE', *, *, #2900, .T. ) ;
#1532 = CARTESIAN_POINT ( 'NONE',  ( 7.700000000000004619, 1.050000000000000044, -0.6999999999999985123 ) ) ;
#1533 = DIRECTION ( 'NONE',  ( 0.000000000000000000, -0.000000000000000000, -1.000000000000000000 ) ) ;
#1534 = PLANE ( 'NONE',  #7488 ) ;
#1535 = CARTESIAN_POINT ( 'NONE',  ( -1.629469207716611079, 2.639999999999999236, 0.1155307922833886253 ) ) ;
#1536 = ORIENTED_EDGE ( 'NONE', *, *, #2866, .F. ) ;
#1537 = UNCERTAINTY_MEASURE_WITH_UNIT (LENGTH_MEASURE( 1.000000000000000082E-05 ), #6819, 'distance_accuracy_value', 'NONE');
#1538 = DIRECTION ( 'NONE',  ( 0.000000000000000000, 0.000000000000000000, -1.000000000000000000 ) ) ;
#1539 = DIRECTION ( 'NONE',  ( 1.000000000000000000, 0.000000000000000000, 0.000000000000000000 ) ) ;
#1540 = ADVANCED_FACE ( 'NONE', ( #4503 ), #240, .F. ) ;
#1541 = LINE ( 'NONE', #2829, #5342 ) ;
#1542 = DIRECTION ( 'NONE',  ( 1.000000000000000000, 0.000000000000000000, 0.000000000000000000 ) ) ;
#1543 = ADVANCED_FACE ( 'NONE', ( #2103 ), #7209, .F. ) ;
#1544 = LINE ( 'NONE', #6570, #1232 ) ;
#1545 = DIRECTION ( 'NONE',  ( 1.000000000000000000, 0.000000000000000000, -0.000000000000000000 ) ) ;
#1546 = ADVANCED_FACE ( 'NONE', ( #4091 ), #1498, .F. ) ;
#1547 = EDGE_CURVE ( 'NONE', #7898, #5252, #510, .T. ) ;
#1548 = ORIENTED_EDGE ( 'NONE', *, *, #4753, .T. ) ;
#1549 = EDGE_LOOP ( 'NONE', ( #7154, #4003, #7277, #7687 ) ) ;
#1550 =( NAMED_UNIT ( * ) PLANE_ANGLE_UNIT ( ) SI_UNIT ( $, .RADIAN. ) );
#1551 = CARTESIAN_POINT ( 'NONE',  ( -0.7249999999999952038, 0.1000000006499977834, 0.5499999993499998796 ) ) ;
#1552 = PLANE ( 'NONE',  #144 ) ;
#1553 = EDGE_CURVE ( 'NONE', #5183, #6174, #4249, .T. ) ;
#1554 = PRESENTATION_LAYER_ASSIGNMENT (  '', '', ( #2326 ) ) ;
#1555 = LINE ( 'NONE', #990, #2127 ) ;
#1556 = ORIENTED_EDGE ( 'NONE', *, *, #4197, .F. ) ;
#1557 = EDGE_CURVE ( 'NONE', #2581, #1755, #5426, .T. ) ;
#1558 = DIRECTION ( 'NONE',  ( 0.000000000000000000, -0.1736481776669255295, 0.9848077530122090195 ) ) ;
#1559 = CARTESIAN_POINT ( 'NONE',  ( 0.07500000000000485445, 0.4500000002000000277, 0.6556624325871229786 ) ) ;
#1560 = LINE ( 'NONE', #6469, #571 ) ;
#1561 = MANIFOLD_SOLID_BREP ( 'Body-Move/Copy5[9]', #4725 ) ;
#1562 = SURFACE_SIDE_STYLE ('',( #1527 ) ) ;
#1563 = EDGE_CURVE ( 'NONE', #4853, #1954, #5544, .T. ) ;
#1564 = VECTOR ( 'NONE', #3092, 1000.000000000000000 ) ;
#1565 =( GEOMETRIC_REPRESENTATION_CONTEXT ( 3 ) GLOBAL_UNCERTAINTY_ASSIGNED_CONTEXT ( ( #4860 ) ) GLOBAL_UNIT_ASSIGNED_CONTEXT ( ( #7155, #289, #5780 ) ) REPRESENTATION_CONTEXT ( 'NONE', 'WORKASPACE' ) );
#1566 = CARTESIAN_POINT ( 'NONE',  ( 1.700000000000002398, 2.239999999999990443, 0.04499999999999990119 ) ) ;
#1567 = VERTEX_POINT ( 'NONE', #1161 ) ;
#1568 = MECHANICAL_DESIGN_GEOMETRIC_PRESENTATION_REPRESENTATION (  '', ( #7452 ), #4262 ) ;
#1569 = DIRECTION ( 'NONE',  ( 1.000000000000000000, 0.000000000000000000, 0.000000000000000000 ) ) ;
#1570 = ORIENTED_EDGE ( 'NONE', *, *, #792, .F. ) ;
#1571 =( LENGTH_UNIT ( ) NAMED_UNIT ( * ) SI_UNIT ( .MILLI., .METRE. ) );
#1572 = AXIS2_PLACEMENT_3D ( 'NONE', #2795, #7711, #3322 ) ;
#1573 = ORIENTED_EDGE ( 'NONE', *, *, #4783, .T. ) ;
#1574 = LINE ( 'NONE', #4018, #3278 ) ;
#1575 =( NAMED_UNIT ( * ) SI_UNIT ( $, .STERADIAN. ) SOLID_ANGLE_UNIT ( ) );
#1576 = VERTEX_POINT ( 'NONE', #3621 ) ;
#1577 =( LENGTH_UNIT ( ) NAMED_UNIT ( * ) SI_UNIT ( .MILLI., .METRE. ) );
#1578 = PRESENTATION_STYLE_ASSIGNMENT (( #3316 ) ) ;
#1579 = VECTOR ( 'NONE', #3211, 1000.000000000000000 ) ;
#1580 = DIRECTION ( 'NONE',  ( 1.000000000000000000, 0.000000000000000000, 0.000000000000000000 ) ) ;
#1581 = AXIS2_PLACEMENT_3D ( 'NONE', #6473, #3417, #7086 ) ;
#1582 = CARTESIAN_POINT ( 'NONE',  ( 2.800000000000001599, 0.4000000000000000222, -0.9150000000000011458 ) ) ;
#1583 = CARTESIAN_POINT ( 'NONE',  ( 3.100000000000002309, 2.750000000000000000, 1.000000000000001776 ) ) ;
#1584 = ORIENTED_EDGE ( 'NONE', *, *, #6382, .F. ) ;
#1585 = EDGE_CURVE ( 'NONE', #2921, #3838, #1893, .T. ) ;
#1586 = VECTOR ( 'NONE', #2437, 1000.000000000000000 ) ;
#1587 = EDGE_CURVE ( 'NONE', #685, #1642, #2410, .T. ) ;
#1588 = VERTEX_POINT ( 'NONE', #4166 ) ;
#1589 = LINE ( 'NONE', #7070, #933 ) ;
#1590 = MANIFOLD_SOLID_BREP ( 'Body-Move/Copy6[5]', #1301 ) ;
#1591 = COLOUR_RGB ( '',0.7960784313725489669, 0.8235294117647058432, 0.9372549019607843146 ) ;
#1592 = VERTEX_POINT ( 'NONE', #4328 ) ;
#1593 = DIRECTION ( 'NONE',  ( -0.000000000000000000, -1.000000000000000000, -0.000000000000000000 ) ) ;
#1594 = CARTESIAN_POINT ( 'NONE',  ( 1.725000000000002975, 1.050000000000000044, -0.8100000000000022737 ) ) ;
#1595 = ADVANCED_FACE ( 'NONE', ( #1282 ), #3742, .F. ) ;
#1596 = FACE_OUTER_BOUND ( 'NONE', #4968, .T. ) ;
#1597 = VECTOR ( 'NONE', #4332, 1000.000000000000000 ) ;
#1598 = VECTOR ( 'NONE', #4175, 1000.000000000000000 ) ;
#1599 = DIRECTION ( 'NONE',  ( -0.000000000000000000, 1.000000000000000000, 0.000000000000000000 ) ) ;
#1600 = ORIENTED_EDGE ( 'NONE', *, *, #4197, .T. ) ;
#1601 = FACE_OUTER_BOUND ( 'NONE', #388, .T. ) ;
#1602 = CARTESIAN_POINT ( 'NONE',  ( 2.100000000000001421, 1.050000000000000044, -0.5000000000000015543 ) ) ;
#1603 = FACE_OUTER_BOUND ( 'NONE', #1016, .T. ) ;
#1604 =( LENGTH_UNIT ( ) NAMED_UNIT ( * ) SI_UNIT ( .MILLI., .METRE. ) );
#1605 = CARTESIAN_POINT ( 'NONE',  ( -1.474999999999998090, 2.639999999999999236, -0.6999999999999985123 ) ) ;
#1606 = EDGE_LOOP ( 'NONE', ( #3427, #410, #1821, #687 ) ) ;
#1607 = VECTOR ( 'NONE', #6932, 1000.000000000000000 ) ;
#1608 = VECTOR ( 'NONE', #7651, 1000.000000000000000 ) ;
#1609 = VERTEX_POINT ( 'NONE', #1364 ) ;
#1610 = FACE_OUTER_BOUND ( 'NONE', #5730, .T. ) ;
#1611 = ORIENTED_EDGE ( 'NONE', *, *, #7012, .T. ) ;
#1612 = DIRECTION ( 'NONE',  ( -0.000000000000000000, -1.000000000000000000, -0.000000000000000000 ) ) ;
#1613 = EDGE_CURVE ( 'NONE', #393, #6179, #6313, .T. ) ;
#1614 = PRESENTATION_LAYER_ASSIGNMENT (  '', '', ( #1484 ) ) ;
#1615 = ORIENTED_EDGE ( 'NONE', *, *, #4099, .T. ) ;
#1616 = UNCERTAINTY_MEASURE_WITH_UNIT (LENGTH_MEASURE( 1.000000000000000082E-05 ), #5664, 'distance_accuracy_value', 'NONE');
#1617 = ORIENTED_EDGE ( 'NONE', *, *, #764, .F. ) ;
#1618 = ADVANCED_FACE ( 'NONE', ( #3181 ), #3940, .F. ) ;
#1619 = SURFACE_STYLE_FILL_AREA ( #6487 ) ;
#1620 = ORIENTED_EDGE ( 'NONE', *, *, #5630, .T. ) ;
#1621 = VECTOR ( 'NONE', #4997, 1000.000000000000114 ) ;
#1622 = ORIENTED_EDGE ( 'NONE', *, *, #2812, .T. ) ;
#1623 = FACE_OUTER_BOUND ( 'NONE', #4596, .T. ) ;
#1624 = FILL_AREA_STYLE_COLOUR ( '', #7838 ) ;
#1625 = DIRECTION ( 'NONE',  ( 0.000000000000000000, -1.000000000000000000, 0.000000000000000000 ) ) ;
#1626 = ORIENTED_EDGE ( 'NONE', *, *, #6084, .T. ) ;
#1627 = ORIENTED_EDGE ( 'NONE', *, *, #2349, .F. ) ;
#1628 = PLANE ( 'NONE',  #2884 ) ;
#1629 = EDGE_LOOP ( 'NONE', ( #1378, #1214, #1424, #6518 ) ) ;
#1630 = FILL_AREA_STYLE_COLOUR ( '', #142 ) ;
#1631 = CARTESIAN_POINT ( 'NONE',  ( -2.100000000599997918, 1.050000000000000044, -0.6999999999999985123 ) ) ;
#1632 = SURFACE_STYLE_USAGE ( .BOTH. , #4083 ) ;
#1633 = ORIENTED_EDGE ( 'NONE', *, *, #4628, .F. ) ;
#1634 = CARTESIAN_POINT ( 'NONE',  ( 1.603726212495627301, 2.785995780779311648, -0.7287262124956240816 ) ) ;
#1635 = EDGE_CURVE ( 'NONE', #4942, #3072, #795, .T. ) ;
#1636 = DIRECTION ( 'NONE',  ( 0.000000000000000000, 0.000000000000000000, 1.000000000000000000 ) ) ;
#1637 = CARTESIAN_POINT ( 'NONE',  ( -0.6999999999999945155, 2.239999999999989555, -0.3249999999999970690 ) ) ;
#1638 = CARTESIAN_POINT ( 'NONE',  ( 0.1000000000000055705, 2.239999999999989555, -0.3249999999999970690 ) ) ;
#1639 = LINE ( 'NONE', #3537, #4069 ) ;
#1640 = VECTOR ( 'NONE', #4601, 1000.000000000000000 ) ;
#1641 = MANIFOLD_SOLID_BREP ( 'Body-Move/Copy5[4]', #1265 ) ;
#1642 = VERTEX_POINT ( 'NONE', #5711 ) ;
#1643 = ORIENTED_EDGE ( 'NONE', *, *, #7925, .F. ) ;
#1644 = DIRECTION ( 'NONE',  ( -0.000000000000000000, 1.000000000000000000, -0.000000000000000000 ) ) ;
#1645 = VERTEX_POINT ( 'NONE', #6857 ) ;
#1646 = AXIS2_PLACEMENT_3D ( 'NONE', #5246, #1545, #3400 ) ;
#1647 = MECHANICAL_DESIGN_GEOMETRIC_PRESENTATION_REPRESENTATION (  '', ( #5766 ), #2810 ) ;
#1648 = ORIENTED_EDGE ( 'NONE', *, *, #782, .F. ) ;
#1649 =( NAMED_UNIT ( * ) SI_UNIT ( $, .STERADIAN. ) SOLID_ANGLE_UNIT ( ) );
#1650 = ORIENTED_EDGE ( 'NONE', *, *, #7087, .F. ) ;
#1651 = CARTESIAN_POINT ( 'NONE',  ( -0.7705307922833801726, 2.639999999999999236, 0.1250000000000016376 ) ) ;
#1652 = DIRECTION ( 'NONE',  ( 1.000000000000000000, 0.000000000000000000, 0.000000000000000000 ) ) ;
#1653 = VERTEX_POINT ( 'NONE', #218 ) ;
#1654 = EDGE_CURVE ( 'NONE', #5880, #577, #7562, .T. ) ;
#1655 = ORIENTED_EDGE ( 'NONE', *, *, #635, .F. ) ;
#1656 = CARTESIAN_POINT ( 'NONE',  ( 0.7000000000000033973, 2.639999999999999236, 0.04500000000000296124 ) ) ;
#1657 = LINE ( 'NONE', #2872, #2913 ) ;
#1658 = FILL_AREA_STYLE ('',( #7062 ) ) ;
#1659 = EDGE_LOOP ( 'NONE', ( #211, #6311, #5070, #3602 ) ) ;
#1660 = EDGE_CURVE ( 'NONE', #57, #5298, #6244, .T. ) ;
#1661 = ORIENTED_EDGE ( 'NONE', *, *, #4032, .F. ) ;
#1662 = DIRECTION ( 'NONE',  ( 0.1710878697460311570, -0.9702875252478154744, 0.1710878697460311570 ) ) ;
#1663 = CARTESIAN_POINT ( 'NONE',  ( 3.100000000000002309, 0.4500000002000000832, 0.9999999999999986677 ) ) ;
#1664 = SURFACE_STYLE_FILL_AREA ( #1024 ) ;
#1665 = ORIENTED_EDGE ( 'NONE', *, *, #7930, .T. ) ;
#1666 = ORIENTED_EDGE ( 'NONE', *, *, #2975, .F. ) ;
#1667 = FACE_OUTER_BOUND ( 'NONE', #603, .T. ) ;
#1668 = ADVANCED_FACE ( 'NONE', ( #3822 ), #2085, .F. ) ;
#1669 = ORIENTED_EDGE ( 'NONE', *, *, #7807, .T. ) ;
#1670 = ORIENTED_EDGE ( 'NONE', *, *, #272, .F. ) ;
#1671 = CARTESIAN_POINT ( 'NONE',  ( -1.524999999999996803, 0.1999999999999999556, 1.250000000000001110 ) ) ;
#1672 = ADVANCED_FACE ( 'NONE', ( #5027 ), #1480, .F. ) ;
#1673 = EDGE_LOOP ( 'NONE', ( #7560, #991, #3526, #5689 ) ) ;
#1674 = LINE ( 'NONE', #5380, #147 ) ;
#1675 = CARTESIAN_POINT ( 'NONE',  ( 0.9000000000000055733, 1.050000000000000044, -0.3249999999999970690 ) ) ;
#1676 = SURFACE_STYLE_FILL_AREA ( #2227 ) ;
#1677 =( NAMED_UNIT ( * ) SI_UNIT ( $, .STERADIAN. ) SOLID_ANGLE_UNIT ( ) );
#1678 = EDGE_CURVE ( 'NONE', #5936, #2439, #903, .T. ) ;
#1679 = CARTESIAN_POINT ( 'NONE',  ( -2.099999999999996980, 2.750000000000000000, 0.1000000000000016154 ) ) ;
#1680 = CARTESIAN_POINT ( 'NONE',  ( -2.799999999999997158, 0.3500000000000001443, -0.2500000000724984517 ) ) ;
#1681 = ADVANCED_FACE ( 'NONE', ( #1596 ), #3489, .F. ) ;
#1682 = CARTESIAN_POINT ( 'NONE',  ( 0.02946920771661903568, 2.639999999999999236, 0.2744692077166173139 ) ) ;
#1683 = DIRECTION ( 'NONE',  ( 0.000000000000000000, -0.7071067811865355823, 0.7071067811865595631 ) ) ;
#1684 = ORIENTED_EDGE ( 'NONE', *, *, #5118, .T. ) ;
#1685 = ORIENTED_EDGE ( 'NONE', *, *, #4563, .T. ) ;
#1686 = CARTESIAN_POINT ( 'NONE',  ( 2.599999999606251944, 0.05000000000000000971, -1.000000000000001776 ) ) ;
#1687 = VERTEX_POINT ( 'NONE', #6584 ) ;
#1688 = EDGE_CURVE ( 'NONE', #4825, #453, #5941, .T. ) ;
#1689 = EDGE_CURVE ( 'NONE', #7690, #773, #2806, .T. ) ;
#1690 = DIRECTION ( 'NONE',  ( -1.000000000000000000, -0.000000000000000000, -0.000000000000000000 ) ) ;
#1691 = VERTEX_POINT ( 'NONE', #5986 ) ;
#1692 = FACE_OUTER_BOUND ( 'NONE', #2225, .T. ) ;
#1693 = FACE_OUTER_BOUND ( 'NONE', #7692, .T. ) ;
#1694 =( NAMED_UNIT ( * ) PLANE_ANGLE_UNIT ( ) SI_UNIT ( $, .RADIAN. ) );
#1695 = STYLED_ITEM ( 'NONE', ( #3129 ), #1803 ) ;
#1696 = EDGE_LOOP ( 'NONE', ( #4460, #7014, #3429, #1928 ) ) ;
#1697 = EDGE_LOOP ( 'NONE', ( #7813, #7324, #2095, #2760 ) ) ;
#1698 = ADVANCED_FACE ( 'NONE', ( #6462 ), #1552, .F. ) ;
#1699 = CARTESIAN_POINT ( 'NONE',  ( -2.099999999149997798, 1.050000000000000044, 0.5500000000000017097 ) ) ;
#1700 = EDGE_LOOP ( 'NONE', ( #6611, #2398, #883, #5760 ) ) ;
#1701 = AXIS2_PLACEMENT_3D ( 'NONE', #7409, #3293, #3819 ) ;
#1702 = VECTOR ( 'NONE', #2120, 1000.000000000000000 ) ;
#1703 = ORIENTED_EDGE ( 'NONE', *, *, #7024, .T. ) ;
#1704 = MANIFOLD_SOLID_BREP ( 'Body-Move/Copy5[7]', #6060 ) ;
#1705 = CARTESIAN_POINT ( 'NONE',  ( 1.700000000000003064, 1.050000000000000044, -0.3250000000000000666 ) ) ;
#1706 = ORIENTED_EDGE ( 'NONE', *, *, #6093, .F. ) ;
#1707 = DIRECTION ( 'NONE',  ( 0.000000000000000000, 0.000000000000000000, -1.000000000000000000 ) ) ;
#1708 = SURFACE_SIDE_STYLE ('',( #2508 ) ) ;
#1709 = EDGE_LOOP ( 'NONE', ( #6217, #3690, #5076, #608 ) ) ;
#1710 = SURFACE_SIDE_STYLE ('',( #451 ) ) ;
#1711 = ORIENTED_EDGE ( 'NONE', *, *, #605, .F. ) ;
#1712 = VECTOR ( 'NONE', #2094, 1000.000000000000000 ) ;
#1713 = DIRECTION ( 'NONE',  ( 0.000000000000000000, 1.000000000000000000, 0.000000000000000000 ) ) ;
#1714 = ORIENTED_EDGE ( 'NONE', *, *, #345, .F. ) ;
#1715 = ADVANCED_FACE ( 'NONE', ( #2319 ), #337, .F. ) ;
#1716 = CARTESIAN_POINT ( 'NONE',  ( -3.099999999999997868, 0.05000000000000000971, -0.9999999999999986677 ) ) ;
#1717 = CARTESIAN_POINT ( 'NONE',  ( -0.6999999999999952927, 2.239999999999990443, 0.04500000000000294043 ) ) ;
#1718 = AXIS2_PLACEMENT_3D ( 'NONE', #5113, #5185, #305 ) ;
#1719 = LINE ( 'NONE', #5258, #7657 ) ;
#1720 = ORIENTED_EDGE ( 'NONE', *, *, #5486, .F. ) ;
#1721 = AXIS2_PLACEMENT_3D ( 'NONE', #4067, #1542, #322 ) ;
#1722 = AXIS2_PLACEMENT_3D ( 'NONE', #6397, #7092, #6556 ) ;
#1723 = LINE ( 'NONE', #4246, #5304 ) ;
#1724 = EDGE_CURVE ( 'NONE', #3441, #3718, #1122, .T. ) ;
#1725 = DIRECTION ( 'NONE',  ( 0.9848077530122090195, -0.1736481776669255295, 0.000000000000000000 ) ) ;
#1726 = DIRECTION ( 'NONE',  ( -0.000000000000000000, -1.000000000000000000, -0.000000000000000000 ) ) ;
#1727 = VECTOR ( 'NONE', #3625, 1000.000000000000000 ) ;
#1728 = DIRECTION ( 'NONE',  ( 0.000000000000000000, -0.1736481776669255295, -0.9848077530122090195 ) ) ;
#1729 = VECTOR ( 'NONE', #384, 1000.000000000000000 ) ;
#1730 = CARTESIAN_POINT ( 'NONE',  ( -1.524999999999996803, 0.000000000000000000, 0.6500000000000011324 ) ) ;
#1731 = FACE_OUTER_BOUND ( 'NONE', #354, .T. ) ;
#1732 = ORIENTED_EDGE ( 'NONE', *, *, #3114, .F. ) ;
#1733 = EDGE_CURVE ( 'NONE', #1310, #773, #7924, .T. ) ;
#1734 = DIRECTION ( 'NONE',  ( 0.1710878697460308795, -0.9702875252478155854, 0.1710878697460308795 ) ) ;
#1735 = FACE_OUTER_BOUND ( 'NONE', #1064, .T. ) ;
#1736 = DIRECTION ( 'NONE',  ( 0.000000000000000000, 0.000000000000000000, -1.000000000000000000 ) ) ;
#1737 = FACE_OUTER_BOUND ( 'NONE', #5652, .T. ) ;
#1738 = ORIENTED_EDGE ( 'NONE', *, *, #5347, .T. ) ;
#1739 =( NAMED_UNIT ( * ) PLANE_ANGLE_UNIT ( ) SI_UNIT ( $, .RADIAN. ) );
#1740 = ORIENTED_EDGE ( 'NONE', *, *, #7459, .T. ) ;
#1741 = CYLINDRICAL_SURFACE ( 'NONE', #5511, 0.04999999999999991257 ) ;
#1742 = ORIENTED_EDGE ( 'NONE', *, *, #1105, .F. ) ;
#1743 = DIRECTION ( 'NONE',  ( -0.000000000000000000, -0.000000000000000000, 1.000000000000000000 ) ) ;
#1744 = DIRECTION ( 'NONE',  ( 0.000000000000000000, 0.000000000000000000, -1.000000000000000000 ) ) ;
#1745 = EDGE_LOOP ( 'NONE', ( #3232, #4351, #6099, #6790, #4864, #1953 ) ) ;
#1746 = AXIS2_PLACEMENT_3D ( 'NONE', #789, #3251, #5706 ) ;
#1747 = ORIENTED_EDGE ( 'NONE', *, *, #1439, .T. ) ;
#1748 = AXIS2_PLACEMENT_3D ( 'NONE', #1847, #4291, #3744 ) ;
#1749 = PLANE ( 'NONE',  #1223 ) ;
#1750 = DIRECTION ( 'NONE',  ( 0.000000000000000000, 0.000000000000000000, -1.000000000000000000 ) ) ;
#1751 = ORIENTED_EDGE ( 'NONE', *, *, #5156, .T. ) ;
#1752 = DIRECTION ( 'NONE',  ( 0.000000000000000000, 0.000000000000000000, -1.000000000000000000 ) ) ;
#1753 = AXIS2_PLACEMENT_3D ( 'NONE', #5050, #3113, #119 ) ;
#1754 = COLOUR_RGB ( '',0.7960784313725489669, 0.8235294117647058432, 0.9372549019607843146 ) ;
#1755 = VERTEX_POINT ( 'NONE', #3688 ) ;
#1756 = CARTESIAN_POINT ( 'NONE',  ( 1.675000000000002487, 0.1999999999999999833, 0.7999999999999980460 ) ) ;
#1757 = ORIENTED_EDGE ( 'NONE', *, *, #6227, .F. ) ;
#1758 = CARTESIAN_POINT ( 'NONE',  ( -0.8749999999999968914, 0.1000000006499978250, 0.5499999993499998796 ) ) ;
#1759 = STYLED_ITEM ( 'NONE', ( #6252 ), #4376 ) ;
#1760 = PRESENTATION_STYLE_ASSIGNMENT (( #3649 ) ) ;
#1761 = VERTEX_POINT ( 'NONE', #3048 ) ;
#1762 = EDGE_LOOP ( 'NONE', ( #3555, #2203, #1584, #3918 ) ) ;
#1763 = CARTESIAN_POINT ( 'NONE',  ( -2.799999999999997158, 0.7936749699759758636, -0.9499999999999984013 ) ) ;
#1764 = EDGE_CURVE ( 'NONE', #4841, #5437, #7887, .T. ) ;
#1765 = DIRECTION ( 'NONE',  ( 1.000000000000000000, 0.000000000000000000, -0.000000000000000000 ) ) ;
#1766 = DIRECTION ( 'NONE',  ( -0.000000000000000000, -0.000000000000000000, -1.000000000000000000 ) ) ;
#1767 = CARTESIAN_POINT ( 'NONE',  ( 2.800000000000001599, 0.4000000000000000222, -0.9150000000000011458 ) ) ;
#1768 = MANIFOLD_SOLID_BREP ( 'LPattern5[2]', #5035 ) ;
#1769 = DIRECTION ( 'NONE',  ( 0.9848077530122090195, -0.1736481776669255295, 0.000000000000000000 ) ) ;
#1770 = ORIENTED_EDGE ( 'NONE', *, *, #3486, .F. ) ;
#1771 = FACE_OUTER_BOUND ( 'NONE', #3020, .T. ) ;
#1772 = VECTOR ( 'NONE', #6896, 1000.000000000000000 ) ;
#1773 = PLANE ( 'NONE',  #2626 ) ;
#1774 = FACE_OUTER_BOUND ( 'NONE', #2188, .T. ) ;
#1775 = CARTESIAN_POINT ( 'NONE',  ( 2.300000000000002043, 0.1000000012999997384, -1.000000000000001776 ) ) ;
#1776 = DIRECTION ( 'NONE',  ( 1.000000000000000000, -0.000000000000000000, -0.000000000000000000 ) ) ;
#1777 = EDGE_LOOP ( 'NONE', ( #7427, #5429, #7695, #3519 ) ) ;
#1778 = ADVANCED_FACE ( 'NONE', ( #7844 ), #2358, .F. ) ;
#1779 = DIRECTION ( 'NONE',  ( 0.000000000000000000, 0.000000000000000000, -1.000000000000000000 ) ) ;
#1780 =( NAMED_UNIT ( * ) SI_UNIT ( $, .STERADIAN. ) SOLID_ANGLE_UNIT ( ) );
#1781 = ORIENTED_EDGE ( 'NONE', *, *, #3829, .T. ) ;
#1782 = VERTEX_POINT ( 'NONE', #540 ) ;
#1783 = VECTOR ( 'NONE', #3749, 1000.000000000000000 ) ;
#1784 = CARTESIAN_POINT ( 'NONE',  ( 0.6750000000000034861, 1.050000000000000044, -0.6999999999999985123 ) ) ;
#1785 = ORIENTED_EDGE ( 'NONE', *, *, #4344, .F. ) ;
#1786 = EDGE_LOOP ( 'NONE', ( #7457, #1627, #2543, #433 ) ) ;
#1787 = EDGE_CURVE ( 'NONE', #329, #3815, #6111, .T. ) ;
#1788 =( NAMED_UNIT ( * ) SI_UNIT ( $, .STERADIAN. ) SOLID_ANGLE_UNIT ( ) );
#1789 = EDGE_CURVE ( 'NONE', #5681, #6021, #4931, .T. ) ;
#1790 = PLANE ( 'NONE',  #2201 ) ;
#1791 = VECTOR ( 'NONE', #7152, 1000.000000000000227 ) ;
#1792 = SURFACE_STYLE_USAGE ( .BOTH. , #1708 ) ;
#1793 = AXIS2_PLACEMENT_3D ( 'NONE', #5038, #5597, #3710 ) ;
#1794 = DIRECTION ( 'NONE',  ( 0.000000000000000000, 0.000000000000000000, 1.000000000000000000 ) ) ;
#1795 = DIRECTION ( 'NONE',  ( -1.000000000000000000, -0.000000000000000000, -0.000000000000000000 ) ) ;
#1796 = EDGE_CURVE ( 'NONE', #5681, #6294, #4319, .T. ) ;
#1797 = COLOUR_RGB ( '',0.7960784313725489669, 0.8235294117647058432, 0.9372549019607843146 ) ;
#1798 = DIRECTION ( 'NONE',  ( 0.000000000000000000, 0.000000000000000000, 1.000000000000000000 ) ) ;
#1799 = CARTESIAN_POINT ( 'NONE',  ( 2.340000000000002078, 2.750000000000000000, 0.09999999999999857614 ) ) ;
#1800 = CARTESIAN_POINT ( 'NONE',  ( -1.499999999999996891, 2.639999999999999236, 0.04500000000000294043 ) ) ;
#1801 = CARTESIAN_POINT ( 'NONE',  ( -0.8294692077166101463, 2.639999999999999236, -0.7544692077166114119 ) ) ;
#1802 = EDGE_LOOP ( 'NONE', ( #158, #3545, #2119, #581, #4988, #984, #6052, #3482 ) ) ;
#1803 = ADVANCED_FACE ( 'NONE', ( #3732 ), #658, .F. ) ;
#1804 = EDGE_CURVE ( 'NONE', #3422, #852, #2520, .T. ) ;
#1805 = CARTESIAN_POINT ( 'NONE',  ( -0.6999999999999945155, 2.239999999999989555, -0.8249999999999970690 ) ) ;
#1806 = AXIS2_PLACEMENT_3D ( 'NONE', #3495, #5302, #6507 ) ;
#1807 = DIRECTION ( 'NONE',  ( -0.000000000000000000, -1.000000000000000000, -0.000000000000000000 ) ) ;
#1808 = ADVANCED_FACE ( 'NONE', ( #4357 ), #2564, .F. ) ;
#1809 = UNCERTAINTY_MEASURE_WITH_UNIT (LENGTH_MEASURE( 1.000000000000000082E-05 ), #7313, 'distance_accuracy_value', 'NONE');
#1810 = CARTESIAN_POINT ( 'NONE',  ( 1.570530792283389099, 2.639999999999999236, -0.7544692077166144095 ) ) ;
#1811 = VERTEX_POINT ( 'NONE', #5618 ) ;
#1812 = DIRECTION ( 'NONE',  ( 0.000000000000000000, 0.000000000000000000, 1.000000000000000000 ) ) ;
#1813 = EDGE_CURVE ( 'NONE', #852, #5976, #6923, .T. ) ;
#1814 = CARTESIAN_POINT ( 'NONE',  ( -1.699999999999995737, 2.639999999999999236, -0.8249999999999970690 ) ) ;
#1815 = PLANE ( 'NONE',  #4672 ) ;
#1816 = EDGE_CURVE ( 'NONE', #1954, #3865, #1057, .T. ) ;
#1817 = LINE ( 'NONE', #4103, #3319 ) ;
#1818 = SURFACE_STYLE_FILL_AREA ( #2946 ) ;
#1819 = SURFACE_STYLE_FILL_AREA ( #5966 ) ;
#1820 = FACE_OUTER_BOUND ( 'NONE', #5379, .T. ) ;
#1821 = ORIENTED_EDGE ( 'NONE', *, *, #1585, .T. ) ;
#1822 = MANIFOLD_SOLID_BREP ( 'Body-Move/Copy6[3]', #6432 ) ;
#1823 = FACE_OUTER_BOUND ( 'NONE', #661, .T. ) ;
#1824 = PRESENTATION_LAYER_ASSIGNMENT (  '', '', ( #3364 ) ) ;
#1825 = FILL_AREA_STYLE_COLOUR ( '', #5855 ) ;
#1826 = LINE ( 'NONE', #2994, #2090 ) ;
#1827 = FACE_OUTER_BOUND ( 'NONE', #7680, .T. ) ;
#1828 = VECTOR ( 'NONE', #1835, 1000.000000000000114 ) ;
#1829 = CARTESIAN_POINT ( 'NONE',  ( -1.524999999999996803, 0.4500000002000000832, 0.6556624325871229786 ) ) ;
#1830 = LINE ( 'NONE', #3679, #7888 ) ;
#1831 = MECHANICAL_DESIGN_GEOMETRIC_PRESENTATION_REPRESENTATION (  '', ( #5297 ), #4134 ) ;
#1832 = DIRECTION ( 'NONE',  ( 0.000000000000000000, 0.000000000000000000, -1.000000000000000000 ) ) ;
#1833 = MANIFOLD_SOLID_BREP ( 'LPattern5[6]', #260 ) ;
#1834 = DIRECTION ( 'NONE',  ( -1.000000000000000000, 0.000000000000000000, 0.000000000000000000 ) ) ;
#1835 = DIRECTION ( 'NONE',  ( 0.000000000000000000, -0.8660254037844363761, 0.5000000000000039968 ) ) ;
#1836 =( LENGTH_UNIT ( ) NAMED_UNIT ( * ) SI_UNIT ( .MILLI., .METRE. ) );
#1837 = CARTESIAN_POINT ( 'NONE',  ( 3.600000000000004974, 2.639999999999999236, -0.7544692077166114119 ) ) ;
#1838 = EDGE_CURVE ( 'NONE', #89, #3733, #2676, .T. ) ;
#1839 = EDGE_LOOP ( 'NONE', ( #6176, #5789, #2231, #3478 ) ) ;
#1840 = ORIENTED_EDGE ( 'NONE', *, *, #6934, .T. ) ;
#1841 = VERTEX_POINT ( 'NONE', #5062 ) ;
#1842 = VECTOR ( 'NONE', #3943, 1000.000000000000000 ) ;
#1843 = CARTESIAN_POINT ( 'NONE',  ( 0.8750000000000048850, 0.1999999999999999278, 1.250000000000001110 ) ) ;
#1844 = EDGE_CURVE ( 'NONE', #5812, #4474, #4075, .T. ) ;
#1845 = SURFACE_SIDE_STYLE ('',( #1891 ) ) ;
#1846 = VECTOR ( 'NONE', #7317, 1000.000000000000000 ) ;
#1847 = CARTESIAN_POINT ( 'NONE',  ( 1.629469207716617518, 2.639999999999999236, 0.1249999999999985983 ) ) ;
#1848 = ADVANCED_FACE ( 'NONE', ( #1667 ), #932, .F. ) ;
#1849 = ORIENTED_EDGE ( 'NONE', *, *, #4817, .T. ) ;
#1850 = DIRECTION ( 'NONE',  ( -0.000000000000000000, -1.000000000000000000, -0.000000000000000000 ) ) ;
#1851 = VECTOR ( 'NONE', #830, 1000.000000000000000 ) ;
#1852 = AXIS2_PLACEMENT_3D ( 'NONE', #6291, #5650, #3269 ) ;
#1853 = DIRECTION ( 'NONE',  ( 0.000000000000000000, 0.000000000000000000, 1.000000000000000000 ) ) ;
#1854 = PLANE ( 'NONE',  #7083 ) ;
#1855 = DIRECTION ( 'NONE',  ( 0.000000000000000000, 0.000000000000000000, 1.000000000000000000 ) ) ;
#1856 = STYLED_ITEM ( 'NONE', ( #1131 ), #7364 ) ;
#1857 = CARTESIAN_POINT ( 'NONE',  ( 0.07500000000000485445, -3.675261601645777502E-17, 0.6500000000000011324 ) ) ;
#1858 = DIRECTION ( 'NONE',  ( -1.000000000000000000, -0.000000000000000000, -0.000000000000000000 ) ) ;
#1859 = VERTEX_POINT ( 'NONE', #2265 ) ;
#1860 = FACE_OUTER_BOUND ( 'NONE', #4591, .T. ) ;
#1861 = AXIS2_PLACEMENT_3D ( 'NONE', #4870, #1288, #5475 ) ;
#1862 = ORIENTED_EDGE ( 'NONE', *, *, #1349, .T. ) ;
#1863 = ORIENTED_EDGE ( 'NONE', *, *, #2142, .T. ) ;
#1864 = PRODUCT ( 'JST_BM05-SURS', 'JST_BM05-SURS', '', ( #6926 ) ) ;
#1865 = LINE ( 'NONE', #1705, #1464 ) ;
#1866 = ORIENTED_EDGE ( 'NONE', *, *, #1948, .F. ) ;
#1867 = ADVANCED_FACE ( 'NONE', ( #6377 ), #6492, .F. ) ;
#1868 = ADVANCED_FACE ( 'NONE', ( #3436 ), #7756, .F. ) ;
#1869 = DIRECTION ( 'NONE',  ( 0.000000000000000000, -1.000000000000000000, 0.000000000000000000 ) ) ;
#1870 = LINE ( 'NONE', #5091, #1449 ) ;
#1871 =( LENGTH_UNIT ( ) NAMED_UNIT ( * ) SI_UNIT ( .MILLI., .METRE. ) );
#1872 = CARTESIAN_POINT ( 'NONE',  ( -1.474999999999996314, 1.050000000000000044, -0.8099999999999991651 ) ) ;
#1873 = CARTESIAN_POINT ( 'NONE',  ( 0.07500000000000485445, 0.4500000002000000277, 0.6556624325871229786 ) ) ;
#1874 = MECHANICAL_DESIGN_GEOMETRIC_PRESENTATION_REPRESENTATION (  '', ( #1484 ), #6622 ) ;
#1875 = EDGE_CURVE ( 'NONE', #5403, #3334, #6994, .T. ) ;
#1876 = VECTOR ( 'NONE', #6897, 1000.000000000000000 ) ;
#1877 = FACE_OUTER_BOUND ( 'NONE', #3877, .T. ) ;
#1878 = CARTESIAN_POINT ( 'NONE',  ( 3.566666666666670427, -3.026666666666667282, 4.966666666666667673 ) ) ;
#1879 = PLANE ( 'NONE',  #1056 ) ;
#1880 =( NAMED_UNIT ( * ) PLANE_ANGLE_UNIT ( ) SI_UNIT ( $, .RADIAN. ) );
#1881 = COLOUR_RGB ( '',0.7960784313725489669, 0.8235294117647058432, 0.9372549019607843146 ) ;
#1882 = DIRECTION ( 'NONE',  ( -0.000000000000000000, -1.000000000000000000, -0.000000000000000000 ) ) ;
#1883 = AXIS2_PLACEMENT_3D ( 'NONE', #4375, #5761, #5000 ) ;
#1884 = ORIENTED_EDGE ( 'NONE', *, *, #594, .F. ) ;
#1885 = ORIENTED_EDGE ( 'NONE', *, *, #2620, .F. ) ;
#1886 = ORIENTED_EDGE ( 'NONE', *, *, #2499, .T. ) ;
#1887 = FACE_OUTER_BOUND ( 'NONE', #3735, .T. ) ;
#1888 = VECTOR ( 'NONE', #2450, 1000.000000000000114 ) ;
#1889 = LINE ( 'NONE', #751, #5208 ) ;
#1890 = CARTESIAN_POINT ( 'NONE',  ( -2.599999999999997424, 0.7936749699759757526, -0.9499999999999984013 ) ) ;
#1891 = SURFACE_STYLE_FILL_AREA ( #7371 ) ;
#1892 = ORIENTED_EDGE ( 'NONE', *, *, #5842, .T. ) ;
#1893 = LINE ( 'NONE', #6156, #5624 ) ;
#1894 = UNCERTAINTY_MEASURE_WITH_UNIT (LENGTH_MEASURE( 1.000000000000000082E-05 ), #925, 'distance_accuracy_value', 'NONE');
#1895 = ADVANCED_FACE ( 'NONE', ( #2754 ), #370, .F. ) ;
#1896 = CARTESIAN_POINT ( 'NONE',  ( 1.525000000000002576, -4.042787761810355684E-17, 0.6499999999999981348 ) ) ;
#1897 = EDGE_LOOP ( 'NONE', ( #649, #1497, #196, #5580 ) ) ;
#1898 = DIRECTION ( 'NONE',  ( -1.000000000000000000, 0.000000000000000000, 0.000000000000000000 ) ) ;
#1899 = LINE ( 'NONE', #5034, #1597 ) ;
#1900 = DIRECTION ( 'NONE',  ( 0.000000000000000000, 0.000000000000000000, -1.000000000000000000 ) ) ;
#1901 = PLANE ( 'NONE',  #1861 ) ;
#1902 = DIRECTION ( 'NONE',  ( 0.000000000000000000, 0.000000000000000000, 1.000000000000000000 ) ) ;
#1903 = PRESENTATION_LAYER_ASSIGNMENT (  '', '', ( #4324 ) ) ;
#1904 =( NAMED_UNIT ( * ) SI_UNIT ( $, .STERADIAN. ) SOLID_ANGLE_UNIT ( ) );
#1905 = ORIENTED_EDGE ( 'NONE', *, *, #1072, .T. ) ;
#1906 = DIRECTION ( 'NONE',  ( 0.000000000000000000, 0.000000000000000000, -1.000000000000000000 ) ) ;
#1907 = ORIENTED_EDGE ( 'NONE', *, *, #5229, .F. ) ;
#1908 = EDGE_LOOP ( 'NONE', ( #1849, #607, #862, #6215 ) ) ;
#1909 =( GEOMETRIC_REPRESENTATION_CONTEXT ( 3 ) GLOBAL_UNCERTAINTY_ASSIGNED_CONTEXT ( ( #4021 ) ) GLOBAL_UNIT_ASSIGNED_CONTEXT ( ( #5803, #6947, #1083 ) ) REPRESENTATION_CONTEXT ( 'NONE', 'WORKASPACE' ) );
#1910 = ORIENTED_EDGE ( 'NONE', *, *, #4051, .F. ) ;
#1911 = ORIENTED_EDGE ( 'NONE', *, *, #7861, .T. ) ;
#1912 = CARTESIAN_POINT ( 'NONE',  ( 5.200000000000004619, 1.050000000000000044, 0.1250000000000016376 ) ) ;
#1913 = PRESENTATION_STYLE_ASSIGNMENT (( #4966 ) ) ;
#1914 = DIRECTION ( 'NONE',  ( 0.000000000000000000, -0.5000000000000039968, -0.8660254037844363761 ) ) ;
#1915 = LINE ( 'NONE', #6180, #5893 ) ;
#1916 = LINE ( 'NONE', #7915, #3030 ) ;
#1917 = VECTOR ( 'NONE', #3295, 1000.000000000000000 ) ;
#1918 = VECTOR ( 'NONE', #1996, 1000.000000000000000 ) ;
#1919 = ADVANCED_FACE ( 'NONE', ( #2711 ), #4554, .F. ) ;
#1920 = DIRECTION ( 'NONE',  ( 0.000000000000000000, 1.204669080539449344E-16, -1.000000000000000000 ) ) ;
#1921 = COLOUR_RGB ( '',0.7960784313725489669, 0.8235294117647058432, 0.9372549019607843146 ) ;
#1922 = PRESENTATION_LAYER_ASSIGNMENT (  '', '', ( #5775 ) ) ;
#1923 = PLANE ( 'NONE',  #5731 ) ;
#1924 = PLANE ( 'NONE',  #401 ) ;
#1925 = EDGE_CURVE ( 'NONE', #4077, #1275, #7198, .T. ) ;
#1926 = CARTESIAN_POINT ( 'NONE',  ( -0.7249999999999952038, -3.675261601645777502E-17, 1.200000000000000844 ) ) ;
#1927 = ORIENTED_EDGE ( 'NONE', *, *, #5950, .T. ) ;
#1928 = ORIENTED_EDGE ( 'NONE', *, *, #6198, .F. ) ;
#1929 = STYLED_ITEM ( 'NONE', ( #5690 ), #4162 ) ;
#1930 = EDGE_CURVE ( 'NONE', #6967, #4137, #1065, .T. ) ;
#1931 = PLANE ( 'NONE',  #545 ) ;
#1932 = DIRECTION ( 'NONE',  ( -0.000000000000000000, -1.000000000000000000, -0.000000000000000000 ) ) ;
#1933 = CARTESIAN_POINT ( 'NONE',  ( -2.599999999999997424, 1.000000000000000000, -0.2499999999999983902 ) ) ;
#1934 = ORIENTED_EDGE ( 'NONE', *, *, #1563, .F. ) ;
#1935 = CARTESIAN_POINT ( 'NONE',  ( 1.475000000000002753, 1.050000000000000044, -0.8100000000000022737 ) ) ;
#1936 = FACE_OUTER_BOUND ( 'NONE', #2246, .T. ) ;
#1937 = EDGE_CURVE ( 'NONE', #2173, #7570, #3678, .T. ) ;
#1938 = EDGE_CURVE ( 'NONE', #3937, #4752, #4921, .T. ) ;
#1939 = PLANE ( 'NONE',  #6356 ) ;
#1940 = SURFACE_STYLE_FILL_AREA ( #2613 ) ;
#1941 = LINE ( 'NONE', #109, #776 ) ;
#1942 = SURFACE_SIDE_STYLE ('',( #5556 ) ) ;
#1943 = LINE ( 'NONE', #6254, #3848 ) ;
#1944 = ORIENTED_EDGE ( 'NONE', *, *, #5, .T. ) ;
#1945 = CARTESIAN_POINT ( 'NONE',  ( -1.474999999999996314, 1.050000000000000044, -0.8099999999999991651 ) ) ;
#1946 = EDGE_CURVE ( 'NONE', #5812, #3782, #567, .T. ) ;
#1947 = EDGE_CURVE ( 'NONE', #2950, #3500, #4760, .T. ) ;
#1948 = EDGE_CURVE ( 'NONE', #1588, #1609, #5977, .T. ) ;
#1949 = VERTEX_POINT ( 'NONE', #8 ) ;
#1950 = VERTEX_POINT ( 'NONE', #2392 ) ;
#1951 = DIRECTION ( 'NONE',  ( -1.000000000000000000, 0.000000000000000000, 0.000000000000000000 ) ) ;
#1952 = ORIENTED_EDGE ( 'NONE', *, *, #7930, .F. ) ;
#1953 = ORIENTED_EDGE ( 'NONE', *, *, #7339, .F. ) ;
#1954 = VERTEX_POINT ( 'NONE', #531 ) ;
#1955 = LINE ( 'NONE', #3274, #321 ) ;
#1956 = ADVANCED_FACE ( 'NONE', ( #3039 ), #2312, .F. ) ;
#1957 = SURFACE_SIDE_STYLE ('',( #5053 ) ) ;
#1958 = CARTESIAN_POINT ( 'NONE',  ( -1.524999999999996803, 0.000000000000000000, 1.200000000000000844 ) ) ;
#1959 = CARTESIAN_POINT ( 'NONE',  ( 15.10000000100000506, 0.05000000000000000971, -0.9499999987000007362 ) ) ;
#1960 = LINE ( 'NONE', #4391, #6493 ) ;
#1961 = CARTESIAN_POINT ( 'NONE',  ( -0.07499999999999683309, 0.05000000000000000278, 1.200000000000001288 ) ) ;
#1962 = DIRECTION ( 'NONE',  ( 0.000000000000000000, 1.000000000000000000, -0.000000000000000000 ) ) ;
#1963 = AXIS2_PLACEMENT_3D ( 'NONE', #2527, #4898, #7408 ) ;
#1964 = ORIENTED_EDGE ( 'NONE', *, *, #713, .F. ) ;
#1965 =( GEOMETRIC_REPRESENTATION_CONTEXT ( 3 ) GLOBAL_UNCERTAINTY_ASSIGNED_CONTEXT ( ( #5586 ) ) GLOBAL_UNIT_ASSIGNED_CONTEXT ( ( #2570, #61, #6816 ) ) REPRESENTATION_CONTEXT ( 'NONE', 'WORKASPACE' ) );
#1966 = MECHANICAL_DESIGN_GEOMETRIC_PRESENTATION_REPRESENTATION (  '', ( #4005 ), #3496 ) ;
#1967 =( GEOMETRIC_REPRESENTATION_CONTEXT ( 3 ) GLOBAL_UNCERTAINTY_ASSIGNED_CONTEXT ( ( #6520 ) ) GLOBAL_UNIT_ASSIGNED_CONTEXT ( ( #6022, #6058, #6574 ) ) REPRESENTATION_CONTEXT ( 'NONE', 'WORKASPACE' ) );
#1968 = SURFACE_STYLE_USAGE ( .BOTH. , #3816 ) ;
#1969 = DIRECTION ( 'NONE',  ( 1.000000000000000000, -0.000000000000000000, -0.000000000000000000 ) ) ;
#1970 = CARTESIAN_POINT ( 'NONE',  ( -2.799999999999997158, 0.6936749699759758858, -0.8499999999999985345 ) ) ;
#1971 = VERTEX_POINT ( 'NONE', #3521 ) ;
#1972 = FILL_AREA_STYLE ('',( #7443 ) ) ;
#1973 = ADVANCED_FACE ( 'NONE', ( #492 ), #7238, .F. ) ;
#1974 = UNCERTAINTY_MEASURE_WITH_UNIT (LENGTH_MEASURE( 1.000000000000000082E-05 ), #6501, 'distance_accuracy_value', 'NONE');
#1975 = DIRECTION ( 'NONE',  ( 0.000000000000000000, 0.000000000000000000, -1.000000000000000000 ) ) ;
#1976 = ORIENTED_EDGE ( 'NONE', *, *, #5471, .F. ) ;
#1977 = PLANE ( 'NONE',  #2217 ) ;
#1978 = DIRECTION ( 'NONE',  ( 0.000000000000000000, -0.000000000000000000, -1.000000000000000000 ) ) ;
#1979 = AXIS2_PLACEMENT_3D ( 'NONE', #4170, #6672, #1812 ) ;
#1980 = DIRECTION ( 'NONE',  ( 0.1710878697460311570, -0.9702875252478154744, 0.1710878697460311570 ) ) ;
#1981 = STYLED_ITEM ( 'NONE', ( #3986 ), #7272 ) ;
#1982 = PLANE ( 'NONE',  #5221 ) ;
#1983 = SURFACE_STYLE_FILL_AREA ( #7387 ) ;
#1984 = EDGE_LOOP ( 'NONE', ( #5086, #2236, #5858, #7159 ) ) ;
#1985 = DIRECTION ( 'NONE',  ( -1.000000000000000000, 0.000000000000000000, 0.000000000000000000 ) ) ;
#1986 = STYLED_ITEM ( 'NONE', ( #1578 ), #6044 ) ;
#1987 = ORIENTED_EDGE ( 'NONE', *, *, #859, .F. ) ;
#1988 = DIRECTION ( 'NONE',  ( -0.000000000000000000, 1.000000000000000000, 0.000000000000000000 ) ) ;
#1989 = ORIENTED_EDGE ( 'NONE', *, *, #7239, .T. ) ;
#1990 = AXIS2_PLACEMENT_3D ( 'NONE', #3146, #6321, #802 ) ;
#1991 = ORIENTED_EDGE ( 'NONE', *, *, #1072, .F. ) ;
#1992 = ORIENTED_EDGE ( 'NONE', *, *, #250, .T. ) ;
#1993 = LINE ( 'NONE', #6334, #4831 ) ;
#1994 = CARTESIAN_POINT ( 'NONE',  ( -2.799999999999997158, 0.7936749699759758636, -0.9499999999999984013 ) ) ;
#1995 =( NAMED_UNIT ( * ) PLANE_ANGLE_UNIT ( ) SI_UNIT ( $, .RADIAN. ) );
#1996 = DIRECTION ( 'NONE',  ( 0.000000000000000000, -1.000000000000000000, -3.249988186109896618E-11 ) ) ;
#1997 = DIRECTION ( 'NONE',  ( 0.000000000000000000, -0.1736481776669258625, -0.9848077530122089085 ) ) ;
#1998 = VECTOR ( 'NONE', #5389, 1000.000000000000227 ) ;
#1999 = FACE_OUTER_BOUND ( 'NONE', #1802, .T. ) ;
#2000 = DIRECTION ( 'NONE',  ( 0.000000000000000000, -0.1736481776669255295, 0.9848077530122090195 ) ) ;
#2001 = CARTESIAN_POINT ( 'NONE',  ( 1.475000000000002753, 0.7768699943250462203, -0.8100000000000022737 ) ) ;
#2002 = SURFACE_STYLE_USAGE ( .BOTH. , #169 ) ;
#2003 = EDGE_LOOP ( 'NONE', ( #3606, #2121, #536, #999 ) ) ;
#2004 = ORIENTED_EDGE ( 'NONE', *, *, #3024, .T. ) ;
#2005 = AXIS2_PLACEMENT_3D ( 'NONE', #7168, #1524, #7684 ) ;
#2006 = CARTESIAN_POINT ( 'NONE',  ( 2.339999999150001564, 1.050000000000000044, -0.5000000000000015543 ) ) ;
#2007 = LINE ( 'NONE', #135, #4171 ) ;
#2008 = VECTOR ( 'NONE', #976, 1000.000000000000000 ) ;
#2009 = LINE ( 'NONE', #6854, #2848 ) ;
#2010 = FILL_AREA_STYLE ('',( #6277 ) ) ;
#2011 = ORIENTED_EDGE ( 'NONE', *, *, #7498, .F. ) ;
#2012 = VECTOR ( 'NONE', #6503, 1000.000000000000114 ) ;
#2013 =( NAMED_UNIT ( * ) SI_UNIT ( $, .STERADIAN. ) SOLID_ANGLE_UNIT ( ) );
#2014 = SURFACE_STYLE_USAGE ( .BOTH. , #3142 ) ;
#2015 = FACE_OUTER_BOUND ( 'NONE', #5894, .T. ) ;
#2016 = ORIENTED_EDGE ( 'NONE', *, *, #6227, .T. ) ;
#2017 = EDGE_CURVE ( 'NONE', #564, #5906, #7835, .T. ) ;
#2018 = CARTESIAN_POINT ( 'NONE',  ( -0.09999999999999581446, 1.050000000000000044, -0.8249999999999970690 ) ) ;
#2019 = SURFACE_STYLE_FILL_AREA ( #3186 ) ;
#2020 = FACE_OUTER_BOUND ( 'NONE', #4935, .T. ) ;
#2021 =( GEOMETRIC_REPRESENTATION_CONTEXT ( 3 ) GLOBAL_UNCERTAINTY_ASSIGNED_CONTEXT ( ( #7494 ) ) GLOBAL_UNIT_ASSIGNED_CONTEXT ( ( #5226, #6975, #7128 ) ) REPRESENTATION_CONTEXT ( 'NONE', 'WORKASPACE' ) );
#2022 = PLANE ( 'NONE',  #5100 ) ;
#2023 = EDGE_CURVE ( 'NONE', #1224, #1070, #1147, .T. ) ;
#2024 = EDGE_LOOP ( 'NONE', ( #2255, #4080, #2298, #3079 ) ) ;
#2025 = ORIENTED_EDGE ( 'NONE', *, *, #6312, .T. ) ;
#2026 = ORIENTED_EDGE ( 'NONE', *, *, #5621, .F. ) ;
#2027 = ORIENTED_EDGE ( 'NONE', *, *, #7537, .F. ) ;
#2028 = LINE ( 'NONE', #3873, #4940 ) ;
#2029 = ORIENTED_EDGE ( 'NONE', *, *, #5306, .F. ) ;
#2030 = VERTEX_POINT ( 'NONE', #4235 ) ;
#2031 = VECTOR ( 'NONE', #5107, 1000.000000000000000 ) ;
#2032 = DIRECTION ( 'NONE',  ( -1.000000000000000000, -0.000000000000000000, -0.000000000000000000 ) ) ;
#2033 = CARTESIAN_POINT ( 'NONE',  ( -2.599999999999997424, 0.1000000012999997384, 0.05000000000812666184 ) ) ;
#2034 = DIRECTION ( 'NONE',  ( -0.000000000000000000, -1.000000000000000000, -0.000000000000000000 ) ) ;
#2035 = VECTOR ( 'NONE', #6760, 1000.000000000000000 ) ;
#2036 = EDGE_CURVE ( 'NONE', #7758, #7834, #6687, .T. ) ;
#2037 = ADVANCED_FACE ( 'NONE', ( #6721 ), #1220, .F. ) ;
#2038 = CARTESIAN_POINT ( 'NONE',  ( -1.603726212495619752, 2.785995780779311648, -0.7287262124956209730 ) ) ;
#2039 = DIRECTION ( 'NONE',  ( 0.000000000000000000, 0.000000000000000000, 1.000000000000000000 ) ) ;
#2040 = ORIENTED_EDGE ( 'NONE', *, *, #715, .F. ) ;
#2041 = DIRECTION ( 'NONE',  ( -1.000000000000000000, -0.000000000000000000, 0.000000000000000000 ) ) ;
#2042 = DIRECTION ( 'NONE',  ( -0.000000000000000000, 0.000000000000000000, -1.000000000000000000 ) ) ;
#2043 = EDGE_CURVE ( 'NONE', #4033, #4853, #202, .T. ) ;
#2044 = VERTEX_POINT ( 'NONE', #2510 ) ;
#2045 = MECHANICAL_DESIGN_GEOMETRIC_PRESENTATION_REPRESENTATION (  '', ( #5509 ), #7412 ) ;
#2046 = VECTOR ( 'NONE', #1906, 1000.000000000000000 ) ;
#2047 = FACE_OUTER_BOUND ( 'NONE', #4515, .T. ) ;
#2048 = FILL_AREA_STYLE ('',( #4441 ) ) ;
#2049 = CARTESIAN_POINT ( 'NONE',  ( 0.9000000000000047962, 2.639999999999999236, 0.3450000000000029710 ) ) ;
#2050 = VERTEX_POINT ( 'NONE', #5565 ) ;
#2051 = DIRECTION ( 'NONE',  ( -0.000000000000000000, -0.7071067811865475727, -0.7071067811865475727 ) ) ;
#2052 = ADVANCED_FACE ( 'NONE', ( #4352 ), #5055, .F. ) ;
#2053 = MECHANICAL_DESIGN_GEOMETRIC_PRESENTATION_REPRESENTATION (  '', ( #5391 ), #4471 ) ;
#2054 = EDGE_CURVE ( 'NONE', #6569, #1971, #1915, .T. ) ;
#2055 = CARTESIAN_POINT ( 'NONE',  ( -2.249999998699997672, 0.05000000000000000971, 0.5700000000000017275 ) ) ;
#2056 = VERTEX_POINT ( 'NONE', #1872 ) ;
#2057 = CARTESIAN_POINT ( 'NONE',  ( -1.674999999999996714, 0.1000000006499978250, 0.5499999993499998796 ) ) ;
#2058 = STYLED_ITEM ( 'NONE', ( #7584 ), #4237 ) ;
#2059 = SURFACE_SIDE_STYLE ('',( #1940 ) ) ;
#2060 = CARTESIAN_POINT ( 'NONE',  ( 2.800000000000001599, 8.109541161931386268E-17, -0.7786222391909484175 ) ) ;
#2061 = CARTESIAN_POINT ( 'NONE',  ( 0.9000000000000055733, 2.239999999999989555, -0.3249999999999970690 ) ) ;
#2062 = ORIENTED_EDGE ( 'NONE', *, *, #5003, .F. ) ;
#2063 = EDGE_LOOP ( 'NONE', ( #16, #6850, #2807, #1271 ) ) ;
#2064 = DIRECTION ( 'NONE',  ( 0.000000000000000000, 0.000000000000000000, -1.000000000000000000 ) ) ;
#2065 = VERTEX_POINT ( 'NONE', #6805 ) ;
#2066 = EDGE_CURVE ( 'NONE', #6009, #5047, #5692, .T. ) ;
#2067 = LINE ( 'NONE', #4314, #4152 ) ;
#2068 = EDGE_LOOP ( 'NONE', ( #3087, #7742, #5574, #959, #78, #6318, #785, #6980 ) ) ;
#2069 = ORIENTED_EDGE ( 'NONE', *, *, #4563, .F. ) ;
#2070 = DIRECTION ( 'NONE',  ( -0.7071067811865474617, 0.7071067811865474617, -0.000000000000000000 ) ) ;
#2071 = VECTOR ( 'NONE', #7417, 1000.000000000000227 ) ;
#2072 = VERTEX_POINT ( 'NONE', #84 ) ;
#2073 = SURFACE_STYLE_FILL_AREA ( #5393 ) ;
#2074 = FILL_AREA_STYLE_COLOUR ( '', #1797 ) ;
#2075 = DIRECTION ( 'NONE',  ( 0.000000000000000000, -1.019985910564053253E-16, 1.000000000000000000 ) ) ;
#2076 = PLANE ( 'NONE',  #6741 ) ;
#2077 = EDGE_CURVE ( 'NONE', #6483, #825, #737, .T. ) ;
#2078 = FACE_OUTER_BOUND ( 'NONE', #6522, .T. ) ;
#2079 = VERTEX_POINT ( 'NONE', #2668 ) ;
#2080 = LINE ( 'NONE', #6303, #5891 ) ;
#2081 = ORIENTED_EDGE ( 'NONE', *, *, #3907, .F. ) ;
#2082 = ORIENTED_EDGE ( 'NONE', *, *, #4568, .F. ) ;
#2083 = SURFACE_STYLE_FILL_AREA ( #2010 ) ;
#2084 = DIRECTION ( 'NONE',  ( 0.000000000000000000, 0.000000000000000000, 1.000000000000000000 ) ) ;
#2085 = PLANE ( 'NONE',  #2927 ) ;
#2086 = CARTESIAN_POINT ( 'NONE',  ( -2.799999999999997158, 0.1000000012999997384, 0.05000000000812666184 ) ) ;
#2087 = AXIS2_PLACEMENT_3D ( 'NONE', #1961, #167, #6184 ) ;
#2088 = ORIENTED_EDGE ( 'NONE', *, *, #4032, .T. ) ;
#2089 = DIRECTION ( 'NONE',  ( 1.000000000000000000, 0.000000000000000000, -0.000000000000000000 ) ) ;
#2090 = VECTOR ( 'NONE', #2308, 1000.000000000000000 ) ;
#2091 = DIRECTION ( 'NONE',  ( -1.000000000000000000, 0.000000000000000000, 0.000000000000000000 ) ) ;
#2092 = EDGE_CURVE ( 'NONE', #5906, #2737, #2553, .T. ) ;
#2093 = LINE ( 'NONE', #842, #6880 ) ;
#2094 = DIRECTION ( 'NONE',  ( -1.000000000000000000, -0.000000000000000000, -0.000000000000000000 ) ) ;
#2095 = ORIENTED_EDGE ( 'NONE', *, *, #5104, .F. ) ;
#2096 = VECTOR ( 'NONE', #6899, 1000.000000000000227 ) ;
#2097 = PLANE ( 'NONE',  #5453 ) ;
#2098 = FACE_OUTER_BOUND ( 'NONE', #769, .T. ) ;
#2099 = ORIENTED_EDGE ( 'NONE', *, *, #2280, .F. ) ;
#2100 = PRESENTATION_LAYER_ASSIGNMENT (  '', '', ( #3515 ) ) ;
#2101 = CYLINDRICAL_SURFACE ( 'NONE', #4559, 0.1000000000000000472 ) ;
#2102 = ORIENTED_EDGE ( 'NONE', *, *, #5741, .F. ) ;
#2103 = FACE_OUTER_BOUND ( 'NONE', #2343, .T. ) ;
#2104 = DIRECTION ( 'NONE',  ( 0.000000000000000000, -1.000000000000000000, -1.115385494969530056E-10 ) ) ;
#2105 = STYLED_ITEM ( 'NONE', ( #7345 ), #6070 ) ;
#2106 = FACE_OUTER_BOUND ( 'NONE', #2604, .T. ) ;
#2107 = EDGE_CURVE ( 'NONE', #216, #91, #7395, .T. ) ;
#2108 = VECTOR ( 'NONE', #2436, 1000.000000000000000 ) ;
#2109 = FACE_OUTER_BOUND ( 'NONE', #4423, .T. ) ;
#2110 = EDGE_CURVE ( 'NONE', #3782, #4942, #6221, .T. ) ;
#2111 = AXIS2_PLACEMENT_3D ( 'NONE', #5561, #1951, #155 ) ;
#2112 = DIRECTION ( 'NONE',  ( 1.000000000000000000, -0.000000000000000000, -0.000000000000000000 ) ) ;
#2113 =( NAMED_UNIT ( * ) SI_UNIT ( $, .STERADIAN. ) SOLID_ANGLE_UNIT ( ) );
#2114 = VECTOR ( 'NONE', #6427, 1000.000000000000000 ) ;
#2115 = CARTESIAN_POINT ( 'NONE',  ( -0.6749999999999946043, 1.050000000000000044, -0.8099999999999991651 ) ) ;
#2116 = PRESENTATION_LAYER_ASSIGNMENT (  '', '', ( #6970 ) ) ;
#2117 = ORIENTED_EDGE ( 'NONE', *, *, #6422, .T. ) ;
#2118 = CARTESIAN_POINT ( 'NONE',  ( -0.6749999999999963807, 2.750000000000000000, -0.8099999999999991651 ) ) ;
#2119 = ORIENTED_EDGE ( 'NONE', *, *, #3114, .T. ) ;
#2120 = DIRECTION ( 'NONE',  ( -1.000000000000000000, 0.000000000000000000, 0.000000000000000000 ) ) ;
#2121 = ORIENTED_EDGE ( 'NONE', *, *, #1515, .T. ) ;
#2122 = DIRECTION ( 'NONE',  ( 1.000000000000000000, 0.000000000000000000, 0.000000000000000000 ) ) ;
#2123 = CARTESIAN_POINT ( 'NONE',  ( -2.799999999999997158, 1.355252715606880543E-17, -0.1164279503904875612 ) ) ;
#2124 = VERTEX_POINT ( 'NONE', #3119 ) ;
#2125 = AXIS2_PLACEMENT_3D ( 'NONE', #3167, #6883, #3205 ) ;
#2126 = DIRECTION ( 'NONE',  ( -0.000000000000000000, 1.000000000000000000, 1.857148025303053679E-09 ) ) ;
#2127 = VECTOR ( 'NONE', #339, 1000.000000000000000 ) ;
#2128 = LINE ( 'NONE', #3979, #7218 ) ;
#2129 = EDGE_CURVE ( 'NONE', #2677, #2699, #49, .T. ) ;
#2130 = LINE ( 'NONE', #4734, #2447 ) ;
#2131 = PLANE ( 'NONE',  #7763 ) ;
#2132 =( GEOMETRIC_REPRESENTATION_CONTEXT ( 3 ) GLOBAL_UNCERTAINTY_ASSIGNED_CONTEXT ( ( #7696 ) ) GLOBAL_UNIT_ASSIGNED_CONTEXT ( ( #7428, #4965, #7392 ) ) REPRESENTATION_CONTEXT ( 'NONE', 'WORKASPACE' ) );
#2133 = ORIENTED_EDGE ( 'NONE', *, *, #423, .T. ) ;
#2134 = STYLED_ITEM ( 'NONE', ( #5362 ), #5140 ) ;
#2135 = EDGE_LOOP ( 'NONE', ( #2777, #2961, #1059, #4576 ) ) ;
#2136 = EDGE_CURVE ( 'NONE', #4541, #6231, #4386, .T. ) ;
#2137 = DIRECTION ( 'NONE',  ( -0.000000000000000000, 0.7071067811865595631, 0.7071067811865355823 ) ) ;
#2138 = PLANE ( 'NONE',  #7355 ) ;
#2139 = VERTEX_POINT ( 'NONE', #7512 ) ;
#2140 = CARTESIAN_POINT ( 'NONE',  ( -3.099999999999997868, 2.750000000000000000, 1.000000000000001776 ) ) ;
#2141 = CARTESIAN_POINT ( 'NONE',  ( -3.099999999999996980, 1.000000000000000000, -0.2499999999999984457 ) ) ;
#2142 = EDGE_CURVE ( 'NONE', #986, #5088, #2589, .T. ) ;
#2143 = DIRECTION ( 'NONE',  ( 0.000000000000000000, -0.000000000000000000, -1.000000000000000000 ) ) ;
#2144 = EDGE_CURVE ( 'NONE', #2065, #4652, #5013, .T. ) ;
#2145 = SURFACE_STYLE_FILL_AREA ( #2212 ) ;
#2146 = PLANE ( 'NONE',  #6228 ) ;
#2147 = EDGE_CURVE ( 'NONE', #4260, #3860, #7431, .T. ) ;
#2148 = LINE ( 'NONE', #284, #3672 ) ;
#2149 = CARTESIAN_POINT ( 'NONE',  ( 1.700000000000003064, 2.639999999999999236, -0.8250000000000000666 ) ) ;
#2150 = ORIENTED_EDGE ( 'NONE', *, *, #2991, .F. ) ;
#2151 = CARTESIAN_POINT ( 'NONE',  ( -2.799999999999997158, 8.109541161931386268E-17, -0.7786222391909453089 ) ) ;
#2152 = ADVANCED_FACE ( 'NONE', ( #3845 ), #6839, .F. ) ;
#2153 = MECHANICAL_DESIGN_GEOMETRIC_PRESENTATION_REPRESENTATION (  '', ( #4579 ), #4205 ) ;
#2154 = ORIENTED_EDGE ( 'NONE', *, *, #4761, .T. ) ;
#2155 =( LENGTH_UNIT ( ) NAMED_UNIT ( * ) SI_UNIT ( .MILLI., .METRE. ) );
#2156 = VERTEX_POINT ( 'NONE', #320 ) ;
#2157 = ADVANCED_FACE ( 'NONE', ( #5239 ), #4023, .F. ) ;
#2158 = DIRECTION ( 'NONE',  ( 0.000000000000000000, -0.000000000000000000, 1.000000000000000000 ) ) ;
#2159 = ORIENTED_EDGE ( 'NONE', *, *, #6717, .T. ) ;
#2160 = FACE_OUTER_BOUND ( 'NONE', #4612, .T. ) ;
#2161 = CARTESIAN_POINT ( 'NONE',  ( -2.799999999999997158, 0.1199999999999999956, -0.9499999999999984013 ) ) ;
#2162 = AXIS2_PLACEMENT_3D ( 'NONE', #1289, #2051, #1440 ) ;
#2163 = ORIENTED_EDGE ( 'NONE', *, *, #3474, .T. ) ;
#2164 = VECTOR ( 'NONE', #7141, 1000.000000000000000 ) ;
#2165 = LINE ( 'NONE', #908, #3259 ) ;
#2166 = CARTESIAN_POINT ( 'NONE',  ( -1.629469207716610191, 2.639999999999999236, 0.1250000000000016376 ) ) ;
#2167 = AXIS2_PLACEMENT_3D ( 'NONE', #409, #977, #4716 ) ;
#2168 = DIRECTION ( 'NONE',  ( 0.000000000000000000, 0.000000000000000000, 1.000000000000000000 ) ) ;
#2169 = VECTOR ( 'NONE', #1278, 1000.000000000000114 ) ;
#2170 = VERTEX_POINT ( 'NONE', #241 ) ;
#2171 = CARTESIAN_POINT ( 'NONE',  ( 0.02946920771661990304, 2.639999999999999236, -0.7544692077166114119 ) ) ;
#2172 = EDGE_CURVE ( 'NONE', #2529, #2173, #2743, .T. ) ;
#2173 = VERTEX_POINT ( 'NONE', #2706 ) ;
#2174 = CARTESIAN_POINT ( 'NONE',  ( -1.524999999999996803, 0.4500000002000000832, 0.6556624325871229786 ) ) ;
#2175 = DIRECTION ( 'NONE',  ( -1.000000000000000000, 0.000000000000000000, -0.000000000000000000 ) ) ;
#2176 = LINE ( 'NONE', #2140, #6151 ) ;
#2177 = ORIENTED_EDGE ( 'NONE', *, *, #973, .T. ) ;
#2178 = EDGE_CURVE ( 'NONE', #6533, #1014, #5887, .T. ) ;
#2179 = UNCERTAINTY_MEASURE_WITH_UNIT (LENGTH_MEASURE( 1.000000000000000082E-05 ), #7296, 'distance_accuracy_value', 'NONE');
#2180 = EDGE_CURVE ( 'NONE', #7138, #1782, #855, .T. ) ;
#2181 = CARTESIAN_POINT ( 'NONE',  ( 2.800000000000001599, 0.7936749699759758636, -0.9500000000000013989 ) ) ;
#2182 = ADVANCED_FACE ( 'NONE', ( #6987 ), #924, .F. ) ;
#2183 = PLANE ( 'NONE',  #7349 ) ;
#2184 = EDGE_CURVE ( 'NONE', #7600, #2959, #6950, .T. ) ;
#2185 = CARTESIAN_POINT ( 'NONE',  ( -0.8999999999999958034, 1.050000000000000044, -0.8249999999999970690 ) ) ;
#2186 = DIRECTION ( 'NONE',  ( 0.000000000000000000, 0.000000000000000000, 1.000000000000000000 ) ) ;
#2187 = CARTESIAN_POINT ( 'NONE',  ( 0.003726212495629610717, 2.785995780779311648, -0.7287262124956209730 ) ) ;
#2188 = EDGE_LOOP ( 'NONE', ( #4739, #5305, #6870, #5273 ) ) ;
#2189 = CARTESIAN_POINT ( 'NONE',  ( -1.499999999999996891, 2.639999999999999236, 0.04500000000000294043 ) ) ;
#2190 = ORIENTED_EDGE ( 'NONE', *, *, #2389, .F. ) ;
#2191 = PLANE ( 'NONE',  #7701 ) ;
#2192 = VERTEX_POINT ( 'NONE', #7025 ) ;
#2193 = LINE ( 'NONE', #1594, #6406 ) ;
#2194 = UNCERTAINTY_MEASURE_WITH_UNIT (LENGTH_MEASURE( 1.000000000000000082E-05 ), #2155, 'distance_accuracy_value', 'NONE');
#2195 = DIRECTION ( 'NONE',  ( -1.000000000000000000, 0.000000000000000000, 0.000000000000000000 ) ) ;
#2196 = ORIENTED_EDGE ( 'NONE', *, *, #2966, .F. ) ;
#2197 = DIRECTION ( 'NONE',  ( 0.000000000000000000, 0.000000000000000000, 1.000000000000000000 ) ) ;
#2198 = ADVANCED_FACE ( 'NONE', ( #4546 ), #1500, .T. ) ;
#2199 = LINE ( 'NONE', #6428, #1608 ) ;
#2200 = EDGE_LOOP ( 'NONE', ( #4588, #1991, #7532, #3796 ) ) ;
#2201 = AXIS2_PLACEMENT_3D ( 'NONE', #7235, #5327, #5975 ) ;
#2202 = FILL_AREA_STYLE ('',( #7619 ) ) ;
#2203 = ORIENTED_EDGE ( 'NONE', *, *, #2799, .T. ) ;
#2204 = ORIENTED_EDGE ( 'NONE', *, *, #6198, .T. ) ;
#2205 = CARTESIAN_POINT ( 'NONE',  ( 2.800000000000002931, 2.639999999999999236, 0.1250000000000016376 ) ) ;
#2206 = AXIS2_PLACEMENT_3D ( 'NONE', #5330, #4882, #1752 ) ;
#2207 = ORIENTED_EDGE ( 'NONE', *, *, #3605, .F. ) ;
#2208 = CARTESIAN_POINT ( 'NONE',  ( 1.725000000000002975, 2.750000000000000000, -0.8100000000000022737 ) ) ;
#2209 = ORIENTED_EDGE ( 'NONE', *, *, #6715, .T. ) ;
#2210 = PRESENTATION_STYLE_ASSIGNMENT (( #5237 ) ) ;
#2211 =( NAMED_UNIT ( * ) PLANE_ANGLE_UNIT ( ) SI_UNIT ( $, .RADIAN. ) );
#2212 = FILL_AREA_STYLE ('',( #3992 ) ) ;
#2213 = PRESENTATION_STYLE_ASSIGNMENT (( #6442 ) ) ;
#2214 = ORIENTED_EDGE ( 'NONE', *, *, #5842, .F. ) ;
#2215 = ORIENTED_EDGE ( 'NONE', *, *, #2945, .F. ) ;
#2216 = DIRECTION ( 'NONE',  ( -0.000000000000000000, -1.000000000000000000, -0.000000000000000000 ) ) ;
#2217 = AXIS2_PLACEMENT_3D ( 'NONE', #143, #105, #3257 ) ;
#2218 = DIRECTION ( 'NONE',  ( -1.000000000000000000, -0.000000000000000000, -0.000000000000000000 ) ) ;
#2219 = ORIENTED_EDGE ( 'NONE', *, *, #747, .F. ) ;
#2220 = CARTESIAN_POINT ( 'NONE',  ( 0.8294692077166190280, 2.639999999999999236, 0.1250000000000016376 ) ) ;
#2221 = COLOUR_RGB ( '',0.7960784313725489669, 0.8235294117647058432, 0.9372549019607843146 ) ;
#2222 = ORIENTED_EDGE ( 'NONE', *, *, #2837, .F. ) ;
#2223 = FACE_OUTER_BOUND ( 'NONE', #4130, .T. ) ;
#2224 = COLOUR_RGB ( '',0.7960784313725489669, 0.8235294117647058432, 0.9372549019607843146 ) ;
#2225 = EDGE_LOOP ( 'NONE', ( #969, #2636, #6393, #6573 ) ) ;
#2226 = CARTESIAN_POINT ( 'NONE',  ( 9.500000000000007105, 2.750000000000000000, -0.8099999999999991651 ) ) ;
#2227 = FILL_AREA_STYLE ('',( #7678 ) ) ;
#2228 = AXIS2_PLACEMENT_3D ( 'NONE', #7655, #1493, #2064 ) ;
#2229 = VECTOR ( 'NONE', #6479, 1000.000000000000114 ) ;
#2230 = CARTESIAN_POINT ( 'NONE',  ( 2.100000000400002786, 1.050000000000000044, 0.09999999999999861777 ) ) ;
#2231 = ORIENTED_EDGE ( 'NONE', *, *, #1043, .F. ) ;
#2232 = LINE ( 'NONE', #4209, #283 ) ;
#2233 = EDGE_CURVE ( 'NONE', #3407, #3334, #5805, .T. ) ;
#2234 = CARTESIAN_POINT ( 'NONE',  ( -2.799999999999997158, 0.3499999999999999778, 0.05000000001625162782 ) ) ;
#2235 = CARTESIAN_POINT ( 'NONE',  ( 2.340000000000002078, 1.050000000000000044, 0.09999999999999857614 ) ) ;
#2236 = ORIENTED_EDGE ( 'NONE', *, *, #6453, .T. ) ;
#2237 = CARTESIAN_POINT ( 'NONE',  ( 7.700000000000004619, 1.050000000000000044, -0.6999999999999985123 ) ) ;
#2238 = ADVANCED_FACE ( 'NONE', ( #6438 ), #3510, .F. ) ;
#2239 = ORIENTED_EDGE ( 'NONE', *, *, #422, .T. ) ;
#2240 = VECTOR ( 'NONE', #6405, 1000.000000000000000 ) ;
#2241 = AXIS2_PLACEMENT_3D ( 'NONE', #4326, #6778, #1280 ) ;
#2242 = LINE ( 'NONE', #1201, #7485 ) ;
#2243 = ORIENTED_EDGE ( 'NONE', *, *, #494, .T. ) ;
#2244 = EDGE_LOOP ( 'NONE', ( #6740, #3483, #3457, #6642, #340, #2292, #2360, #4338, #4056, #1402, #368, #2480, #7744, #1751, #660, #4156, #4633, #5363, #5448, #4119, #3130, #6305, #7460, #5783, #3713, #5044, #7173, #5312, #4836, #3228, #414, #1172 ) ) ;
#2245 = CARTESIAN_POINT ( 'NONE',  ( 1.475000000000002753, 0.7768699943250462203, -0.8100000000000022737 ) ) ;
#2246 = EDGE_LOOP ( 'NONE', ( #4231, #6733, #6835, #6723, #6366, #1770, #4281, #7220 ) ) ;
#2247 =( LENGTH_UNIT ( ) NAMED_UNIT ( * ) SI_UNIT ( .MILLI., .METRE. ) );
#2248 = ADVANCED_FACE ( 'NONE', ( #2982 ), #2337, .F. ) ;
#2249 = CARTESIAN_POINT ( 'NONE',  ( 0.1000000000000055705, 2.239999999999989555, -0.8249999999999970690 ) ) ;
#2250 = EDGE_LOOP ( 'NONE', ( #7438, #455, #4434, #1910 ) ) ;
#2251 = UNCERTAINTY_MEASURE_WITH_UNIT (LENGTH_MEASURE( 1.000000000000000082E-05 ), #6029, 'distance_accuracy_value', 'NONE');
#2252 = VECTOR ( 'NONE', #362, 1000.000000000000000 ) ;
#2253 = SURFACE_STYLE_FILL_AREA ( #7663 ) ;
#2254 = LINE ( 'NONE', #1134, #1264 ) ;
#2255 = ORIENTED_EDGE ( 'NONE', *, *, #2644, .T. ) ;
#2256 = ORIENTED_EDGE ( 'NONE', *, *, #5472, .T. ) ;
#2257 = EDGE_CURVE ( 'NONE', #6257, #4042, #5404, .T. ) ;
#2258 = CARTESIAN_POINT ( 'NONE',  ( -0.07499999999999683309, -3.675261601645777964E-18, 0.6500000000000011324 ) ) ;
#2259 = ORIENTED_EDGE ( 'NONE', *, *, #5, .F. ) ;
#2260 = ORIENTED_EDGE ( 'NONE', *, *, #4401, .T. ) ;
#2261 = CARTESIAN_POINT ( 'NONE',  ( 0.1000000000000055705, 1.050000000000000044, -0.3249999999999970690 ) ) ;
#2262 = DIRECTION ( 'NONE',  ( 0.000000000000000000, 1.000000000000000000, 0.000000000000000000 ) ) ;
#2263 = CARTESIAN_POINT ( 'NONE',  ( -0.1249999999999961003, 2.639999999999998348, -0.6999999999999982903 ) ) ;
#2264 = ORIENTED_EDGE ( 'NONE', *, *, #1027, .T. ) ;
#2265 = CARTESIAN_POINT ( 'NONE',  ( -1.699999999999996625, 1.050000000000000044, 0.04500000000000296124 ) ) ;
#2266 = AXIS2_PLACEMENT_3D ( 'NONE', #5996, #4168, #3497 ) ;
#2267 = EDGE_CURVE ( 'NONE', #2124, #5812, #560, .T. ) ;
#2268 = EDGE_CURVE ( 'NONE', #5322, #4979, #7305, .T. ) ;
#2269 = ORIENTED_EDGE ( 'NONE', *, *, #3923, .T. ) ;
#2270 = CARTESIAN_POINT ( 'NONE',  ( 2.800000000000001599, 1.000000000000000000, -0.9499999999843765641 ) ) ;
#2271 = EDGE_LOOP ( 'NONE', ( #4183, #6752, #5106, #4097 ) ) ;
#2272 = CARTESIAN_POINT ( 'NONE',  ( -0.7249999999999952038, -3.675261601645777502E-17, 0.6500000000000011324 ) ) ;
#2273 = COLOUR_RGB ( '',0.7960784313725489669, 0.8235294117647058432, 0.9372549019607843146 ) ;
#2274 = CARTESIAN_POINT ( 'NONE',  ( -1.674999999999996714, 0.2000000000000000111, 0.8000000000000011546 ) ) ;
#2275 = CARTESIAN_POINT ( 'NONE',  ( -2.299999999999997158, 0.3500000000000000333, -0.9999999999999986677 ) ) ;
#2276 = EDGE_CURVE ( 'NONE', #3504, #2065, #1053, .T. ) ;
#2277 = CARTESIAN_POINT ( 'NONE',  ( 0.9000000000000055733, 2.239999999999989555, -0.3249999999999970690 ) ) ;
#2278 = CARTESIAN_POINT ( 'NONE',  ( -1.499999999999996225, 2.639999999999999236, -0.8249999999999970690 ) ) ;
#2279 = FACE_OUTER_BOUND ( 'NONE', #7388, .T. ) ;
#2280 = EDGE_CURVE ( 'NONE', #7875, #4717, #2254, .T. ) ;
#2281 = DIRECTION ( 'NONE',  ( -1.000000000000000000, -0.000000000000000000, 0.000000000000000000 ) ) ;
#2282 = EDGE_CURVE ( 'NONE', #2065, #4114, #5360, .T. ) ;
#2283 = SURFACE_SIDE_STYLE ('',( #2073 ) ) ;
#2284 = PRESENTATION_LAYER_ASSIGNMENT (  '', '', ( #220 ) ) ;
#2285 = CARTESIAN_POINT ( 'NONE',  ( 5.200000000000004619, 2.639999999999999236, -0.7544692077166114119 ) ) ;
#2286 = STYLED_ITEM ( 'NONE', ( #5279 ), #2182 ) ;
#2287 = ORIENTED_EDGE ( 'NONE', *, *, #152, .T. ) ;
#2288 = ORIENTED_EDGE ( 'NONE', *, *, #1097, .T. ) ;
#2289 = DIRECTION ( 'NONE',  ( -0.000000000000000000, 0.000000000000000000, 1.000000000000000000 ) ) ;
#2290 = ORIENTED_EDGE ( 'NONE', *, *, #753, .T. ) ;
#2291 = CARTESIAN_POINT ( 'NONE',  ( -0.8999999999999958034, 2.239999999999989555, -0.8249999999999970690 ) ) ;
#2292 = ORIENTED_EDGE ( 'NONE', *, *, #5606, .F. ) ;
#2293 = VECTOR ( 'NONE', #4675, 1000.000000000000000 ) ;
#2294 = ORIENTED_EDGE ( 'NONE', *, *, #960, .F. ) ;
#2295 = FILL_AREA_STYLE ('',( #7902 ) ) ;
#2296 = DIRECTION ( 'NONE',  ( 0.000000000000000000, 0.000000000000000000, 1.000000000000000000 ) ) ;
#2297 = VERTEX_POINT ( 'NONE', #6047 ) ;
#2298 = ORIENTED_EDGE ( 'NONE', *, *, #1099, .F. ) ;
#2299 = PLANE ( 'NONE',  #7258 ) ;
#2300 = DIRECTION ( 'NONE',  ( 0.9848077530122089085, -0.1736481776669258625, 0.000000000000000000 ) ) ;
#2301 = ORIENTED_EDGE ( 'NONE', *, *, #1789, .F. ) ;
#2302 = CARTESIAN_POINT ( 'NONE',  ( -0.6999999999999952927, 2.639999999999999236, 0.04500000000000294043 ) ) ;
#2303 = ADVANCED_FACE ( 'NONE', ( #4708 ), #7787, .F. ) ;
#2304 = DIRECTION ( 'NONE',  ( -1.000000000000000000, -0.000000000000000000, -0.000000000000000000 ) ) ;
#2305 = ORIENTED_EDGE ( 'NONE', *, *, #5839, .F. ) ;
#2306 = ORIENTED_EDGE ( 'NONE', *, *, #1804, .T. ) ;
#2307 = CARTESIAN_POINT ( 'NONE',  ( 0.7000000000000041744, 1.050000000000000044, -0.3249999999999970690 ) ) ;
#2308 = DIRECTION ( 'NONE',  ( 0.000000000000000000, -0.000000000000000000, -1.000000000000000000 ) ) ;
#2309 = CARTESIAN_POINT ( 'NONE',  ( 1.675000000000002487, -4.042787761810355684E-17, 0.6499999999999981348 ) ) ;
#2310 = ORIENTED_EDGE ( 'NONE', *, *, #7604, .F. ) ;
#2311 = ORIENTED_EDGE ( 'NONE', *, *, #3840, .T. ) ;
#2312 = PLANE ( 'NONE',  #5057 ) ;
#2313 = EDGE_CURVE ( 'NONE', #3504, #269, #4793, .T. ) ;
#2314 = ORIENTED_EDGE ( 'NONE', *, *, #6803, .T. ) ;
#2315 = FACE_OUTER_BOUND ( 'NONE', #5878, .T. ) ;
#2316 = ORIENTED_EDGE ( 'NONE', *, *, #4650, .T. ) ;
#2317 = DIRECTION ( 'NONE',  ( -1.000000000000000000, 0.000000000000000000, 1.355252715606883008E-16 ) ) ;
#2318 = CARTESIAN_POINT ( 'NONE',  ( 15.90000000000000391, 2.750000000000000000, 0.6600000000000023626 ) ) ;
#2319 = FACE_OUTER_BOUND ( 'NONE', #6969, .T. ) ;
#2320 = EDGE_CURVE ( 'NONE', #3801, #1567, #520, .T. ) ;
#2321 = ORIENTED_EDGE ( 'NONE', *, *, #5817, .T. ) ;
#2322 = SURFACE_SIDE_STYLE ('',( #4855 ) ) ;
#2323 = CARTESIAN_POINT ( 'NONE',  ( -1.724999999999996536, 0.7768699943250462203, -0.8099999999999991651 ) ) ;
#2324 = CARTESIAN_POINT ( 'NONE',  ( 0.9250000000000054845, 2.750000000000000000, -0.8099999999999991651 ) ) ;
#2325 = DIRECTION ( 'NONE',  ( 1.000000000000000000, 0.000000000000000000, 0.000000000000000000 ) ) ;
#2326 = STYLED_ITEM ( 'NONE', ( #3546 ), #33 ) ;
#2327 = DIRECTION ( 'NONE',  ( -1.000000000000000000, 0.000000000000000000, 0.000000000000000000 ) ) ;
#2328 = DIRECTION ( 'NONE',  ( 0.000000000000000000, 0.000000000000000000, 1.000000000000000000 ) ) ;
#2329 = ORIENTED_EDGE ( 'NONE', *, *, #5871, .T. ) ;
#2330 = LINE ( 'NONE', #2413, #4014 ) ;
#2331 = ORIENTED_EDGE ( 'NONE', *, *, #7611, .T. ) ;
#2332 = LINE ( 'NONE', #7259, #4026 ) ;
#2333 = FACE_OUTER_BOUND ( 'NONE', #3989, .T. ) ;
#2334 = PLANE ( 'NONE',  #5079 ) ;
#2335 =( LENGTH_UNIT ( ) NAMED_UNIT ( * ) SI_UNIT ( .MILLI., .METRE. ) );
#2336 = PRESENTATION_LAYER_ASSIGNMENT (  '', '', ( #5937 ) ) ;
#2337 = PLANE ( 'NONE',  #3708 ) ;
#2338 = ORIENTED_EDGE ( 'NONE', *, *, #1077, .F. ) ;
#2339 = SURFACE_STYLE_USAGE ( .BOTH. , #642 ) ;
#2340 = VECTOR ( 'NONE', #6739, 1000.000000000000227 ) ;
#2341 = VECTOR ( 'NONE', #247, 1000.000000000000000 ) ;
#2342 = AXIS2_PLACEMENT_3D ( 'NONE', #1829, #2957, #4198 ) ;
#2343 = EDGE_LOOP ( 'NONE', ( #3650, #1892, #2802, #1010, #304, #1666, #3009, #2712 ) ) ;
#2344 = VERTEX_POINT ( 'NONE', #479 ) ;
#2345 = CARTESIAN_POINT ( 'NONE',  ( 2.300000000000002043, 0.05000000000000000971, -1.000000000000001776 ) ) ;
#2346 = LINE ( 'NONE', #4803, #5172 ) ;
#2347 = ORIENTED_EDGE ( 'NONE', *, *, #2144, .F. ) ;
#2348 = CARTESIAN_POINT ( 'NONE',  ( -0.8749999999999968914, 0.4500000002000000832, 0.6556624325871229786 ) ) ;
#2349 = EDGE_CURVE ( 'NONE', #6801, #3718, #5317, .T. ) ;
#2350 = MECHANICAL_DESIGN_GEOMETRIC_PRESENTATION_REPRESENTATION (  '', ( #6708 ), #2611 ) ;
#2351 = VERTEX_POINT ( 'NONE', #2947 ) ;
#2352 = VECTOR ( 'NONE', #1985, 1000.000000000000000 ) ;
#2353 = CARTESIAN_POINT ( 'NONE',  ( -1.499999999999996225, 2.639999999999999236, -0.8249999999999970690 ) ) ;
#2354 = ORIENTED_EDGE ( 'NONE', *, *, #7850, .T. ) ;
#2355 = LINE ( 'NONE', #573, #1200 ) ;
#2356 = DIRECTION ( 'NONE',  ( 1.000000000000000000, 0.000000000000000000, -1.355252715606883008E-16 ) ) ;
#2357 = VECTOR ( 'NONE', #331, 1000.000000000000000 ) ;
#2358 = PLANE ( 'NONE',  #801 ) ;
#2359 = VECTOR ( 'NONE', #525, 1000.000000000000000 ) ;
#2360 = ORIENTED_EDGE ( 'NONE', *, *, #1553, .T. ) ;
#2361 =( GEOMETRIC_REPRESENTATION_CONTEXT ( 3 ) GLOBAL_UNCERTAINTY_ASSIGNED_CONTEXT ( ( #1481 ) ) GLOBAL_UNIT_ASSIGNED_CONTEXT ( ( #1410, #6250, #1248 ) ) REPRESENTATION_CONTEXT ( 'NONE', 'WORKASPACE' ) );
#2362 = DIRECTION ( 'NONE',  ( 1.000000000000000000, -0.000000000000000000, -0.000000000000000000 ) ) ;
#2363 = PLANE ( 'NONE',  #1525 ) ;
#2364 = CARTESIAN_POINT ( 'NONE',  ( -0.09999999999999581446, 2.639999999999999236, -0.3249999999999970690 ) ) ;
#2365 = COLOUR_RGB ( '',0.7960784313725489669, 0.8235294117647058432, 0.9372549019607843146 ) ;
#2366 = AXIS2_PLACEMENT_3D ( 'NONE', #7771, #7932, #2968 ) ;
#2367 = DIRECTION ( 'NONE',  ( -1.000000000000000000, 0.000000000000000000, -0.000000000000000000 ) ) ;
#2368 = ORIENTED_EDGE ( 'NONE', *, *, #475, .T. ) ;
#2369 = ORIENTED_EDGE ( 'NONE', *, *, #4049, .T. ) ;
#2370 = CARTESIAN_POINT ( 'NONE',  ( 2.600000000000001865, 0.9999999999500001069, -0.2500000000725013938 ) ) ;
#2371 = ADVANCED_FACE ( 'NONE', ( #7222 ), #1741, .T. ) ;
#2372 = EDGE_CURVE ( 'NONE', #4260, #1576, #727, .T. ) ;
#2373 = LINE ( 'NONE', #6597, #5193 ) ;
#2374 =( NAMED_UNIT ( * ) PLANE_ANGLE_UNIT ( ) SI_UNIT ( $, .RADIAN. ) );
#2375 = CARTESIAN_POINT ( 'NONE',  ( 0.9000000000000047962, 1.050000000000000044, 0.04500000000000294043 ) ) ;
#2376 = DIRECTION ( 'NONE',  ( 1.355252715606883008E-16, -0.000000000000000000, 1.000000000000000000 ) ) ;
#2377 = CARTESIAN_POINT ( 'NONE',  ( -1.524999999999996803, 0.000000000000000000, 1.200000000000000844 ) ) ;
#2378 = CARTESIAN_POINT ( 'NONE',  ( -1.724999999999996536, 0.7768699943250462203, -0.6999999999999985123 ) ) ;
#2379 = ORIENTED_EDGE ( 'NONE', *, *, #2627, .F. ) ;
#2380 = DIRECTION ( 'NONE',  ( 0.000000000000000000, 0.7071067811865355823, -0.7071067811865594521 ) ) ;
#2381 = EDGE_CURVE ( 'NONE', #7041, #7766, #4999, .T. ) ;
#2382 = ORIENTED_EDGE ( 'NONE', *, *, #5700, .T. ) ;
#2383 = DIRECTION ( 'NONE',  ( 1.000000000000000000, 0.000000000000000000, 0.000000000000000000 ) ) ;
#2384 = ORIENTED_EDGE ( 'NONE', *, *, #6796, .T. ) ;
#2385 = STYLED_ITEM ( 'NONE', ( #446 ), #3050 ) ;
#2386 = VERTEX_POINT ( 'NONE', #2460 ) ;
#2387 = PRESENTATION_LAYER_ASSIGNMENT (  '', '', ( #4556 ) ) ;
#2388 = LINE ( 'NONE', #5485, #7757 ) ;
#2389 = EDGE_CURVE ( 'NONE', #4188, #6024, #1943, .T. ) ;
#2390 = EDGE_CURVE ( 'NONE', #7010, #7038, #7944, .T. ) ;
#2391 = DIRECTION ( 'NONE',  ( -0.000000000000000000, 1.000000000000000000, -0.000000000000000000 ) ) ;
#2392 = CARTESIAN_POINT ( 'NONE',  ( -0.9249999999999966027, 1.050000000000000044, -0.8099999999999991651 ) ) ;
#2393 = VERTEX_POINT ( 'NONE', #7341 ) ;
#2394 = STYLED_ITEM ( 'NONE', ( #807 ), #5341 ) ;
#2395 = EDGE_CURVE ( 'NONE', #4142, #3984, #4302, .T. ) ;
#2396 = ORIENTED_EDGE ( 'NONE', *, *, #5382, .T. ) ;
#2397 = CARTESIAN_POINT ( 'NONE',  ( 0.07500000000000485445, 0.1999999999999999833, 0.8000000000000011546 ) ) ;
#2398 = ORIENTED_EDGE ( 'NONE', *, *, #7861, .F. ) ;
#2399 = DIRECTION ( 'NONE',  ( -1.000000000000000000, 0.000000000000000000, 0.000000000000000000 ) ) ;
#2400 = EDGE_CURVE ( 'NONE', #7143, #6734, #5521, .T. ) ;
#2401 = AXIS2_PLACEMENT_3D ( 'NONE', #7455, #1412, #805 ) ;
#2402 = SURFACE_SIDE_STYLE ('',( #1676 ) ) ;
#2403 = VERTEX_POINT ( 'NONE', #6868 ) ;
#2404 = EDGE_CURVE ( 'NONE', #2541, #3549, #110, .T. ) ;
#2405 = CYLINDRICAL_SURFACE ( 'NONE', #7466, 0.04999999999999991257 ) ;
#2406 = VECTOR ( 'NONE', #2572, 1000.000000000000000 ) ;
#2407 = FACE_OUTER_BOUND ( 'NONE', #1786, .T. ) ;
#2408 = DIRECTION ( 'NONE',  ( 0.000000000000000000, 0.000000000000000000, -1.000000000000000000 ) ) ;
#2409 = DIRECTION ( 'NONE',  ( -1.000000000000000000, -0.000000000000000000, -0.000000000000000000 ) ) ;
#2410 = LINE ( 'NONE', #6079, #5874 ) ;
#2411 = CARTESIAN_POINT ( 'NONE',  ( -0.09999999999999668876, 1.050000000000000044, 0.04500000000000296124 ) ) ;
#2412 = EDGE_LOOP ( 'NONE', ( #213, #7689, #4551, #5915 ) ) ;
#2413 = CARTESIAN_POINT ( 'NONE',  ( -0.6999999999999945155, 2.239999999999989555, -0.3249999999999970690 ) ) ;
#2414 = CARTESIAN_POINT ( 'NONE',  ( -2.599999999449997823, 0.05000000000000000971, -0.9999999999999986677 ) ) ;
#2415 = CARTESIAN_POINT ( 'NONE',  ( -0.6749999999999963807, 0.7768699943250462203, -0.8099999999999991651 ) ) ;
#2416 = VECTOR ( 'NONE', #921, 1000.000000000000000 ) ;
#2417 = CYLINDRICAL_SURFACE ( 'NONE', #2629, 0.1000000000000000472 ) ;
#2418 = DIRECTION ( 'NONE',  ( -1.000000000000000000, -0.000000000000000000, -0.000000000000000000 ) ) ;
#2419 = CLOSED_SHELL ( 'NONE', ( #7448, #6744, #3765, #6327, #2694, #3814, #4144, #5341, #5972, #4265 ) ) ;
#2420 = PLANE ( 'NONE',  #6996 ) ;
#2421 = VERTEX_POINT ( 'NONE', #6793 ) ;
#2422 = EDGE_LOOP ( 'NONE', ( #5543, #1884, #4208, #4664 ) ) ;
#2423 = PRESENTATION_LAYER_ASSIGNMENT (  '', '', ( #5509 ) ) ;
#2424 =( LENGTH_UNIT ( ) NAMED_UNIT ( * ) SI_UNIT ( .MILLI., .METRE. ) );
#2425 = ORIENTED_EDGE ( 'NONE', *, *, #3217, .F. ) ;
#2426 = EDGE_CURVE ( 'NONE', #6561, #3441, #2501, .T. ) ;
#2427 = FACE_OUTER_BOUND ( 'NONE', #6649, .T. ) ;
#2428 = CARTESIAN_POINT ( 'NONE',  ( -2.339999999999997637, 2.750000000000000000, -0.4999999999999985012 ) ) ;
#2429 = COLOUR_RGB ( '',0.7960784313725489669, 0.8235294117647058432, 0.9372549019607843146 ) ;
#2430 = DIRECTION ( 'NONE',  ( 1.000000000000000000, -0.000000000000000000, -0.000000000000000000 ) ) ;
#2431 = ADVANCED_FACE ( 'NONE', ( #5558 ), #2542, .F. ) ;
#2432 = DIRECTION ( 'NONE',  ( 1.000000000000000000, -0.000000000000000000, -0.000000000000000000 ) ) ;
#2433 = DIRECTION ( 'NONE',  ( -1.000000000000000000, 0.000000000000000000, 0.000000000000000000 ) ) ;
#2434 = VERTEX_POINT ( 'NONE', #2578 ) ;
#2435 = EDGE_CURVE ( 'NONE', #1070, #6061, #6290, .T. ) ;
#2436 = DIRECTION ( 'NONE',  ( 0.000000000000000000, 0.000000000000000000, -1.000000000000000000 ) ) ;
#2437 = DIRECTION ( 'NONE',  ( 0.000000000000000000, 0.000000000000000000, -1.000000000000000000 ) ) ;
#2438 = DIRECTION ( 'NONE',  ( -0.000000000000000000, -1.000000000000000000, -0.000000000000000000 ) ) ;
#2439 = VERTEX_POINT ( 'NONE', #768 ) ;
#2440 = DIRECTION ( 'NONE',  ( 0.000000000000000000, -0.000000000000000000, 1.000000000000000000 ) ) ;
#2441 = CARTESIAN_POINT ( 'NONE',  ( -2.599999999999997424, 1.355252715606880543E-17, -0.1164279503904875612 ) ) ;
#2442 = VERTEX_POINT ( 'NONE', #7456 ) ;
#2443 = EDGE_LOOP ( 'NONE', ( #6598, #867, #1281, #3927 ) ) ;
#2444 = LINE ( 'NONE', #1277, #4924 ) ;
#2445 = FACE_OUTER_BOUND ( 'NONE', #7281, .T. ) ;
#2446 = DIRECTION ( 'NONE',  ( -1.000000000000000000, -0.000000000000000000, -0.000000000000000000 ) ) ;
#2447 = VECTOR ( 'NONE', #7082, 1000.000000000000000 ) ;
#2448 = CARTESIAN_POINT ( 'NONE',  ( -2.799999999999997602, 0.3500000000000000333, -0.2499999999999984457 ) ) ;
#2449 = UNCERTAINTY_MEASURE_WITH_UNIT (LENGTH_MEASURE( 1.000000000000000082E-05 ), #2458, 'distance_accuracy_value', 'NONE');
#2450 = DIRECTION ( 'NONE',  ( 0.7071067811865474617, -0.7071067811865474617, -0.000000000000000000 ) ) ;
#2451 = CARTESIAN_POINT ( 'NONE',  ( 1.675000000000002487, 0.4500000002000000277, 0.5499999999999987121 ) ) ;
#2452 = ADVANCED_FACE ( 'NONE', ( #6169 ), #4339, .F. ) ;
#2453 = EDGE_CURVE ( 'NONE', #1761, #5309, #3091, .T. ) ;
#2454 = PRESENTATION_STYLE_ASSIGNMENT (( #4450 ) ) ;
#2455 = DIRECTION ( 'NONE',  ( -1.000000000000000000, 0.000000000000000000, 0.000000000000000000 ) ) ;
#2456 = DIRECTION ( 'NONE',  ( 1.000000000000000000, 0.000000000000000000, -1.355252715606883008E-16 ) ) ;
#2457 = CARTESIAN_POINT ( 'NONE',  ( -2.799999999999997158, 0.3063250300240242252, -0.9499999999999986233 ) ) ;
#2458 =( LENGTH_UNIT ( ) NAMED_UNIT ( * ) SI_UNIT ( .MILLI., .METRE. ) );
#2459 = ORIENTED_EDGE ( 'NONE', *, *, #3275, .F. ) ;
#2460 = CARTESIAN_POINT ( 'NONE',  ( 2.600000000000001865, 0.6936749699759758858, -0.8500000000000015321 ) ) ;
#2461 = VERTEX_POINT ( 'NONE', #1158 ) ;
#2462 = CARTESIAN_POINT ( 'NONE',  ( 0.7250000000000031974, -3.675261601645777964E-18, 0.6500000000000011324 ) ) ;
#2463 = ORIENTED_EDGE ( 'NONE', *, *, #7024, .F. ) ;
#2464 = CARTESIAN_POINT ( 'NONE',  ( 6.000000000000002665, 2.639999999999999236, -0.3955307922833857792 ) ) ;
#2465 = ORIENTED_EDGE ( 'NONE', *, *, #5384, .F. ) ;
#2466 = VECTOR ( 'NONE', #1400, 1000.000000000000000 ) ;
#2467 = FILL_AREA_STYLE ('',( #1825 ) ) ;
#2468 = LINE ( 'NONE', #5526, #5691 ) ;
#2469 = VECTOR ( 'NONE', #741, 1000.000000000000000 ) ;
#2470 = PRESENTATION_STYLE_ASSIGNMENT (( #5489 ) ) ;
#2471 = DIRECTION ( 'NONE',  ( 0.000000000000000000, 0.000000000000000000, -1.000000000000000000 ) ) ;
#2472 = COLOUR_RGB ( '',0.7960784313725489669, 0.8235294117647058432, 0.9372549019607843146 ) ;
#2473 = VECTOR ( 'NONE', #5135, 1000.000000000000114 ) ;
#2474 = EDGE_CURVE ( 'NONE', #3715, #5519, #1079, .T. ) ;
#2475 = PLANE ( 'NONE',  #42 ) ;
#2476 = CARTESIAN_POINT ( 'NONE',  ( 0.07500000000000485445, 0.04999999999999997502, 1.200000000000001288 ) ) ;
#2477 = PRESENTATION_STYLE_ASSIGNMENT (( #6620 ) ) ;
#2478 = ORIENTED_EDGE ( 'NONE', *, *, #7515, .F. ) ;
#2479 = DIRECTION ( 'NONE',  ( -1.000000000000000000, 0.000000000000000000, 0.000000000000000000 ) ) ;
#2480 = ORIENTED_EDGE ( 'NONE', *, *, #1478, .T. ) ;
#2481 = ORIENTED_EDGE ( 'NONE', *, *, #6715, .F. ) ;
#2482 = ORIENTED_EDGE ( 'NONE', *, *, #4431, .T. ) ;
#2483 = VECTOR ( 'NONE', #3947, 1000.000000000000000 ) ;
#2484 = LINE ( 'NONE', #2118, #1851 ) ;
#2485 = PLANE ( 'NONE',  #1746 ) ;
#2486 = LINE ( 'NONE', #3818, #800 ) ;
#2487 = CARTESIAN_POINT ( 'NONE',  ( 0.02919203397721257739, 2.641571930389168710, 0.1158079660227947089 ) ) ;
#2488 = ORIENTED_EDGE ( 'NONE', *, *, #7110, .F. ) ;
#2489 =( NAMED_UNIT ( * ) PLANE_ANGLE_UNIT ( ) SI_UNIT ( $, .RADIAN. ) );
#2490 = AXIS2_PLACEMENT_3D ( 'NONE', #621, #7197, #3645 ) ;
#2491 = CARTESIAN_POINT ( 'NONE',  ( -1.524999999999996803, 0.05000000000000000971, 1.200000000000001288 ) ) ;
#2492 = VECTOR ( 'NONE', #1713, 1000.000000000000000 ) ;
#2493 = EDGE_CURVE ( 'NONE', #5884, #3441, #7251, .T. ) ;
#2494 = AXIS2_PLACEMENT_3D ( 'NONE', #5877, #3305, #917 ) ;
#2495 = CARTESIAN_POINT ( 'NONE',  ( 0.8294692077166199162, 2.639999999999999236, -0.3955307922833827261 ) ) ;
#2496 = DIRECTION ( 'NONE',  ( 1.000000000000000000, 0.000000000000000000, -0.000000000000000000 ) ) ;
#2497 = AXIS2_PLACEMENT_3D ( 'NONE', #5432, #7865, #3062 ) ;
#2498 = FACE_OUTER_BOUND ( 'NONE', #1659, .T. ) ;
#2499 = EDGE_CURVE ( 'NONE', #7642, #4438, #760, .T. ) ;
#2500 = FACE_OUTER_BOUND ( 'NONE', #1421, .T. ) ;
#2501 = LINE ( 'NONE', #6829, #4731 ) ;
#2502 =( GEOMETRIC_REPRESENTATION_CONTEXT ( 3 ) GLOBAL_UNCERTAINTY_ASSIGNED_CONTEXT ( ( #3899 ) ) GLOBAL_UNIT_ASSIGNED_CONTEXT ( ( #5550, #7042, #4529 ) ) REPRESENTATION_CONTEXT ( 'NONE', 'WORKASPACE' ) );
#2503 =( LENGTH_UNIT ( ) NAMED_UNIT ( * ) SI_UNIT ( .MILLI., .METRE. ) );
#2504 = DIRECTION ( 'NONE',  ( 0.000000000000000000, 1.204669080539449344E-16, -1.000000000000000000 ) ) ;
#2505 = ORIENTED_EDGE ( 'NONE', *, *, #7686, .T. ) ;
#2506 = EDGE_CURVE ( 'NONE', #1176, #4752, #6587, .T. ) ;
#2507 = DIRECTION ( 'NONE',  ( 0.000000000000000000, -1.000000000000000000, 0.000000000000000000 ) ) ;
#2508 = SURFACE_STYLE_FILL_AREA ( #1219 ) ;
#2509 = ORIENTED_EDGE ( 'NONE', *, *, #1193, .T. ) ;
#2510 = CARTESIAN_POINT ( 'NONE',  ( -0.02946920771661014696, 2.639999999999999236, -0.3955307922833827261 ) ) ;
#2511 = CARTESIAN_POINT ( 'NONE',  ( 1.525000000000002576, 0.1999999999999999278, 1.249999999999998002 ) ) ;
#2512 = EDGE_CURVE ( 'NONE', #5655, #5681, #7292, .T. ) ;
#2513 = VECTOR ( 'NONE', #6841, 1000.000000000000227 ) ;
#2514 = CARTESIAN_POINT ( 'NONE',  ( 15.14000000000000412, 1.050000000000000044, -0.6999999999999985123 ) ) ;
#2515 = DIRECTION ( 'NONE',  ( -1.000000000000000000, -0.000000000000000000, -0.000000000000000000 ) ) ;
#2516 = CARTESIAN_POINT ( 'NONE',  ( 2.600000000000001865, 0.7936749699759757526, -0.9500000000000013989 ) ) ;
#2517 = ORIENTED_EDGE ( 'NONE', *, *, #4784, .T. ) ;
#2518 = CARTESIAN_POINT ( 'NONE',  ( 1.629469207716617518, 2.639999999999999236, -0.3955307922833857792 ) ) ;
#2519 = AXIS2_PLACEMENT_3D ( 'NONE', #6837, #5314, #356 ) ;
#2520 = LINE ( 'NONE', #1926, #1308 ) ;
#2521 = EDGE_CURVE ( 'NONE', #3334, #512, #1238, .T. ) ;
#2522 = ORIENTED_EDGE ( 'NONE', *, *, #6409, .F. ) ;
#2523 = EDGE_CURVE ( 'NONE', #6050, #3504, #4771, .T. ) ;
#2524 = EDGE_LOOP ( 'NONE', ( #2586, #3561, #6978, #6475 ) ) ;
#2525 = ORIENTED_EDGE ( 'NONE', *, *, #1255, .T. ) ;
#2526 =( LENGTH_UNIT ( ) NAMED_UNIT ( * ) SI_UNIT ( .MILLI., .METRE. ) );
#2527 = CARTESIAN_POINT ( 'NONE',  ( 0.07500000000000485445, 0.4500000002000000277, 0.6556624325871229786 ) ) ;
#2528 = ADVANCED_FACE ( 'NONE', ( #2407 ), #7166, .F. ) ;
#2529 = VERTEX_POINT ( 'NONE', #2931 ) ;
#2530 = EDGE_CURVE ( 'NONE', #7143, #4748, #4732, .T. ) ;
#2531 = ADVANCED_FACE ( 'NONE', ( #6696 ), #6626, .F. ) ;
#2532 = UNCERTAINTY_MEASURE_WITH_UNIT (LENGTH_MEASURE( 1.000000000000000082E-05 ), #7350, 'distance_accuracy_value', 'NONE');
#2533 = CARTESIAN_POINT ( 'NONE',  ( 2.800000000000001599, 0.6936749699759758858, -0.8500000000000015321 ) ) ;
#2534 = EDGE_CURVE ( 'NONE', #6804, #4630, #4210, .T. ) ;
#2535 =( NAMED_UNIT ( * ) SI_UNIT ( $, .STERADIAN. ) SOLID_ANGLE_UNIT ( ) );
#2536 = FILL_AREA_STYLE_COLOUR ( '', #3525 ) ;
#2537 = DIRECTION ( 'NONE',  ( 0.000000000000000000, 0.000000000000000000, -1.000000000000000000 ) ) ;
#2538 = DIRECTION ( 'NONE',  ( -0.000000000000000000, 0.000000000000000000, 1.000000000000000000 ) ) ;
#2539 = COLOUR_RGB ( '',0.7960784313725489669, 0.8235294117647058432, 0.9372549019607843146 ) ;
#2540 = CARTESIAN_POINT ( 'NONE',  ( -2.566666666666670427, 0.3666666679666726880, 0.8166666666666654306 ) ) ;
#2541 = VERTEX_POINT ( 'NONE', #3653 ) ;
#2542 = PLANE ( 'NONE',  #1268 ) ;
#2543 = ORIENTED_EDGE ( 'NONE', *, *, #343, .F. ) ;
#2544 = LINE ( 'NONE', #1945, #2352 ) ;
#2545 = ORIENTED_EDGE ( 'NONE', *, *, #6085, .F. ) ;
#2546 = FILL_AREA_STYLE ('',( #6909 ) ) ;
#2547 = ORIENTED_EDGE ( 'NONE', *, *, #1429, .T. ) ;
#2548 = EDGE_LOOP ( 'NONE', ( #5361, #434, #1210, #1626 ) ) ;
#2549 = ORIENTED_EDGE ( 'NONE', *, *, #6614, .F. ) ;
#2550 = CARTESIAN_POINT ( 'NONE',  ( 0.8750000000000048850, -3.675261601645777502E-17, 1.200000000000000844 ) ) ;
#2551 = FILL_AREA_STYLE_COLOUR ( '', #5943 ) ;
#2552 = FILL_AREA_STYLE ('',( #2074 ) ) ;
#2553 = LINE ( 'NONE', #1427, #2680 ) ;
#2554 = DIRECTION ( 'NONE',  ( 1.000000000000000000, 0.000000000000000000, -0.000000000000000000 ) ) ;
#2555 = MECHANICAL_DESIGN_GEOMETRIC_PRESENTATION_REPRESENTATION (  '', ( #5500 ), #93 ) ;
#2556 = AXIS2_PLACEMENT_3D ( 'NONE', #4259, #2300, #602 ) ;
#2557 = CLOSED_SHELL ( 'NONE', ( #7127, #4962, #5015, #5072, #6795, #1314, #6528, #2770, #5733, #5723, #130, #65, #5707, #4358, #7475, #2632, #2768, #3, #6461, #6145, #502, #6673, #2531, #5979, #107, #2596, #2985, #7404, #1867, #854, #5149, #2528, #1543, #10, #3824, #5383, #1808, #7348, #223, #3103, #6315, #115, #1672, #7300, #2431, #7125, #7280, #935, #3531, #3229, #4116, #723, #6097, #7606, #2997, #4277, #1066, #3520, #4553, #4525, #4893, #7699, #7810, #1540, #282, #7825 ) ) ;
#2558 = VECTOR ( 'NONE', #3244, 1000.000000000000000 ) ;
#2559 = AXIS2_PLACEMENT_3D ( 'NONE', #3856, #3212, #6853 ) ;
#2560 = DIRECTION ( 'NONE',  ( 1.000000000000000000, 0.000000000000000000, -0.000000000000000000 ) ) ;
#2561 = LINE ( 'NONE', #1431, #3118 ) ;
#2562 = ORIENTED_EDGE ( 'NONE', *, *, #2958, .T. ) ;
#2563 = CARTESIAN_POINT ( 'NONE',  ( 1.525000000000002576, -4.042787761810355684E-17, 1.199999999999997735 ) ) ;
#2564 = PLANE ( 'NONE',  #6943 ) ;
#2565 = ORIENTED_EDGE ( 'NONE', *, *, #2313, .T. ) ;
#2566 = COLOUR_RGB ( '',0.7960784313725489669, 0.8235294117647058432, 0.9372549019607843146 ) ;
#2567 = ORIENTED_EDGE ( 'NONE', *, *, #1453, .F. ) ;
#2568 = DIRECTION ( 'NONE',  ( -1.000000000000000000, -0.000000000000000000, -0.000000000000000000 ) ) ;
#2569 = CARTESIAN_POINT ( 'NONE',  ( 7.700000000000004619, 2.639999999999999236, -0.6999999999999985123 ) ) ;
#2570 =( LENGTH_UNIT ( ) NAMED_UNIT ( * ) SI_UNIT ( .MILLI., .METRE. ) );
#2571 = EDGE_LOOP ( 'NONE', ( #7223, #6278, #4109, #3971, #1309, #505, #7391, #4954 ) ) ;
#2572 = DIRECTION ( 'NONE',  ( 0.000000000000000000, -1.000000000000000000, 0.000000000000000000 ) ) ;
#2573 = ORIENTED_EDGE ( 'NONE', *, *, #5944, .F. ) ;
#2574 = DIRECTION ( 'NONE',  ( 0.000000000000000000, -0.000000000000000000, -1.000000000000000000 ) ) ;
#2575 = ORIENTED_EDGE ( 'NONE', *, *, #6085, .T. ) ;
#2576 = FILL_AREA_STYLE ('',( #1369 ) ) ;
#2577 = CARTESIAN_POINT ( 'NONE',  ( 1.475000000000002753, 1.050000000000000044, -0.8100000000000022737 ) ) ;
#2578 = CARTESIAN_POINT ( 'NONE',  ( -1.674999999999996714, 0.05000000000000034972, 1.250000000000001110 ) ) ;
#2579 = VERTEX_POINT ( 'NONE', #6666 ) ;
#2580 = CARTESIAN_POINT ( 'NONE',  ( -0.09999999999999581446, 2.639999999999999236, -0.8249999999999970690 ) ) ;
#2581 = VERTEX_POINT ( 'NONE', #5422 ) ;
#2582 = EDGE_LOOP ( 'NONE', ( #3109, #2983, #7403, #3542 ) ) ;
#2583 = ORIENTED_EDGE ( 'NONE', *, *, #713, .T. ) ;
#2584 = ORIENTED_EDGE ( 'NONE', *, *, #1292, .F. ) ;
#2585 = FACE_OUTER_BOUND ( 'NONE', #1697, .T. ) ;
#2586 = ORIENTED_EDGE ( 'NONE', *, *, #2877, .T. ) ;
#2587 = CARTESIAN_POINT ( 'NONE',  ( 0.02946920771661903568, 2.639999999999999236, 0.1250000000000016376 ) ) ;
#2588 = VECTOR ( 'NONE', #1612, 1000.000000000000000 ) ;
#2589 = LINE ( 'NONE', #5611, #1918 ) ;
#2590 = FACE_OUTER_BOUND ( 'NONE', #5562, .T. ) ;
#2591 = CARTESIAN_POINT ( 'NONE',  ( 2.339999999487501814, 2.750000000000000000, -0.5000000000000015543 ) ) ;
#2592 = CARTESIAN_POINT ( 'NONE',  ( 1.725000000000002975, 0.7768699943250462203, -0.8100000000000022737 ) ) ;
#2593 = PLANE ( 'NONE',  #6032 ) ;
#2594 = AXIS2_PLACEMENT_3D ( 'NONE', #4165, #6241, #752 ) ;
#2595 = VECTOR ( 'NONE', #1882, 1000.000000000000000 ) ;
#2596 = ADVANCED_FACE ( 'NONE', ( #7931 ), #6114, .F. ) ;
#2597 = ORIENTED_EDGE ( 'NONE', *, *, #2110, .F. ) ;
#2598 = PRESENTATION_LAYER_ASSIGNMENT (  '', '', ( #4510 ) ) ;
#2599 = VECTOR ( 'NONE', #6650, 1000.000000000000114 ) ;
#2600 = DIRECTION ( 'NONE',  ( -0.000000000000000000, -1.000000000000000000, -0.000000000000000000 ) ) ;
#2601 = CARTESIAN_POINT ( 'NONE',  ( 1.725000000000002975, 2.639999999999999236, -0.7000000000000015099 ) ) ;
#2602 = DIRECTION ( 'NONE',  ( -1.000000000000000000, 0.000000000000000000, 0.000000000000000000 ) ) ;
#2603 = FACE_OUTER_BOUND ( 'NONE', #6792, .T. ) ;
#2604 = EDGE_LOOP ( 'NONE', ( #485, #6090, #5671, #81 ) ) ;
#2605 = PRESENTATION_STYLE_ASSIGNMENT (( #139 ) ) ;
#2606 = UNCERTAINTY_MEASURE_WITH_UNIT (LENGTH_MEASURE( 1.000000000000000082E-05 ), #3161, 'distance_accuracy_value', 'NONE');
#2607 = DIRECTION ( 'NONE',  ( 0.000000000000000000, 1.000000000000000000, 7.572940222879531112E-11 ) ) ;
#2608 = EDGE_LOOP ( 'NONE', ( #4518, #7580, #1235, #5052, #2651, #5602, #7463, #5315 ) ) ;
#2609 = CARTESIAN_POINT ( 'NONE',  ( 5.200000000000004619, 2.639999999999999236, 0.1250000000000016376 ) ) ;
#2610 = ORIENTED_EDGE ( 'NONE', *, *, #7333, .F. ) ;
#2611 =( GEOMETRIC_REPRESENTATION_CONTEXT ( 3 ) GLOBAL_UNCERTAINTY_ASSIGNED_CONTEXT ( ( #4524 ) ) GLOBAL_UNIT_ASSIGNED_CONTEXT ( ( #1078, #1157, #1677 ) ) REPRESENTATION_CONTEXT ( 'NONE', 'WORKASPACE' ) );
#2612 = CYLINDRICAL_SURFACE ( 'NONE', #2892, 0.1000000000000000472 ) ;
#2613 = FILL_AREA_STYLE ('',( #5551 ) ) ;
#2614 = DIRECTION ( 'NONE',  ( -1.000000000000000000, -0.000000000000000000, -0.000000000000000000 ) ) ;
#2615 = VECTOR ( 'NONE', #5333, 1000.000000000000000 ) ;
#2616 = SURFACE_SIDE_STYLE ('',( #36 ) ) ;
#2617 = SURFACE_SIDE_STYLE ('',( #3792 ) ) ;
#2618 = ADVANCED_FACE ( 'NONE', ( #2445 ), #2363, .F. ) ;
#2619 = VECTOR ( 'NONE', #3683, 1000.000000000000000 ) ;
#2620 = EDGE_CURVE ( 'NONE', #5030, #2344, #3136, .T. ) ;
#2621 = CARTESIAN_POINT ( 'NONE',  ( 2.800000000000001599, 1.000000000000000000, -0.2500000000000013878 ) ) ;
#2622 = ORIENTED_EDGE ( 'NONE', *, *, #2871, .T. ) ;
#2623 = ORIENTED_EDGE ( 'NONE', *, *, #7555, .F. ) ;
#2624 = PLANE ( 'NONE',  #4369 ) ;
#2625 = CARTESIAN_POINT ( 'NONE',  ( -0.1249999999999965306, 0.7768699943250462203, -0.8099999999999991651 ) ) ;
#2626 = AXIS2_PLACEMENT_3D ( 'NONE', #1130, #6704, #7863 ) ;
#2627 = EDGE_CURVE ( 'NONE', #4884, #6639, #707, .T. ) ;
#2628 = LINE ( 'NONE', #7393, #4914 ) ;
#2629 = AXIS2_PLACEMENT_3D ( 'NONE', #3586, #3064, #6788 ) ;
#2630 = DIRECTION ( 'NONE',  ( -1.000000000000000000, 0.000000000000000000, 1.355252715606883008E-16 ) ) ;
#2631 = LINE ( 'NONE', #7548, #5470 ) ;
#2632 = ADVANCED_FACE ( 'NONE', ( #5667 ), #1434, .F. ) ;
#2633 = EDGE_CURVE ( 'NONE', #5525, #1224, #3584, .T. ) ;
#2634 = DIRECTION ( 'NONE',  ( 0.000000000000000000, -1.000000000000000000, 0.000000000000000000 ) ) ;
#2635 = LINE ( 'NONE', #1352, #7574 ) ;
#2636 = ORIENTED_EDGE ( 'NONE', *, *, #7712, .T. ) ;
#2637 = DIRECTION ( 'NONE',  ( 0.000000000000000000, -1.000000000000000000, 0.000000000000000000 ) ) ;
#2638 = FILL_AREA_STYLE_COLOUR ( '', #6581 ) ;
#2639 = VERTEX_POINT ( 'NONE', #6891 ) ;
#2640 = ORIENTED_EDGE ( 'NONE', *, *, #6205, .F. ) ;
#2641 = VECTOR ( 'NONE', #2607, 1000.000000000000000 ) ;
#2642 = VECTOR ( 'NONE', #2325, 1000.000000000000000 ) ;
#2643 =( NAMED_UNIT ( * ) PLANE_ANGLE_UNIT ( ) SI_UNIT ( $, .RADIAN. ) );
#2644 = EDGE_CURVE ( 'NONE', #3875, #99, #6349, .T. ) ;
#2645 = DIRECTION ( 'NONE',  ( 0.000000000000000000, -1.857148025303053679E-09, 1.000000000000000000 ) ) ;
#2646 = VECTOR ( 'NONE', #528, 1000.000000000000227 ) ;
#2647 = ORIENTED_EDGE ( 'NONE', *, *, #5240, .F. ) ;
#2648 = VECTOR ( 'NONE', #2554, 1000.000000000000000 ) ;
#2649 = SURFACE_STYLE_FILL_AREA ( #4445 ) ;
#2650 = ORIENTED_EDGE ( 'NONE', *, *, #5306, .T. ) ;
#2651 = ORIENTED_EDGE ( 'NONE', *, *, #7013, .T. ) ;
#2652 = EDGE_CURVE ( 'NONE', #1506, #3072, #7526, .T. ) ;
#2653 = PRESENTATION_LAYER_ASSIGNMENT (  '', '', ( #1759 ) ) ;
#2654 = CARTESIAN_POINT ( 'NONE',  ( -0.8999999999999958034, 1.050000000000000044, -0.3249999999999970690 ) ) ;
#2655 = DIRECTION ( 'NONE',  ( 1.000000000000000000, 0.000000000000000000, 0.000000000000000000 ) ) ;
#2656 = VECTOR ( 'NONE', #7413, 1000.000000000000114 ) ;
#2657 = CARTESIAN_POINT ( 'NONE',  ( 14.90000000000000391, 1.050000000000000044, -0.6999999999999985123 ) ) ;
#2658 = ORIENTED_EDGE ( 'NONE', *, *, #6905, .T. ) ;
#2659 =( NAMED_UNIT ( * ) SI_UNIT ( $, .STERADIAN. ) SOLID_ANGLE_UNIT ( ) );
#2660 = ORIENTED_EDGE ( 'NONE', *, *, #244, .F. ) ;
#2661 = LINE ( 'NONE', #5087, #561 ) ;
#2662 = EDGE_LOOP ( 'NONE', ( #4754, #7788, #6941, #3173 ) ) ;
#2663 = PLANE ( 'NONE',  #4533 ) ;
#2664 = ORIENTED_EDGE ( 'NONE', *, *, #174, .T. ) ;
#2665 = COLOUR_RGB ( '',0.7960784313725489669, 0.8235294117647058432, 0.9372549019607843146 ) ;
#2666 = SURFACE_SIDE_STYLE ('',( #6295 ) ) ;
#2667 =( LENGTH_UNIT ( ) NAMED_UNIT ( * ) SI_UNIT ( .MILLI., .METRE. ) );
#2668 = CARTESIAN_POINT ( 'NONE',  ( 2.800000000000001599, 0.2063250300240242197, -0.9500000000000013989 ) ) ;
#2669 = CARTESIAN_POINT ( 'NONE',  ( -1.625094085692811996, 2.664812549992180646, 0.2700940856928182310 ) ) ;
#2670 = STYLED_ITEM ( 'NONE', ( #4545 ), #1526 ) ;
#2671 = CARTESIAN_POINT ( 'NONE',  ( -1.699999999999996625, 1.050000000000000044, 0.04500000000000296124 ) ) ;
#2672 =( NAMED_UNIT ( * ) PLANE_ANGLE_UNIT ( ) SI_UNIT ( $, .RADIAN. ) );
#2673 = AXIS2_PLACEMENT_3D ( 'NONE', #1517, #3974, #902 ) ;
#2674 = FACE_OUTER_BOUND ( 'NONE', #2003, .T. ) ;
#2675 = AXIS2_PLACEMENT_3D ( 'NONE', #4583, #360, #3392 ) ;
#2676 = LINE ( 'NONE', #4592, #3498 ) ;
#2677 = VERTEX_POINT ( 'NONE', #3817 ) ;
#2678 = EDGE_CURVE ( 'NONE', #4892, #6027, #1889, .T. ) ;
#2679 = VECTOR ( 'NONE', #7066, 1000.000000000000000 ) ;
#2680 = VECTOR ( 'NONE', #3725, 1000.000000000000000 ) ;
#2681 = EDGE_CURVE ( 'NONE', #5437, #4825, #2007, .T. ) ;
#2682 = EDGE_LOOP ( 'NONE', ( #726, #2382, #7405, #6732 ) ) ;
#2683 = ORIENTED_EDGE ( 'NONE', *, *, #6784, .T. ) ;
#2684 = LINE ( 'NONE', #3150, #6395 ) ;
#2685 =( LENGTH_UNIT ( ) NAMED_UNIT ( * ) SI_UNIT ( .MILLI., .METRE. ) );
#2686 = UNCERTAINTY_MEASURE_WITH_UNIT (LENGTH_MEASURE( 1.000000000000000082E-05 ), #7250, 'distance_accuracy_value', 'NONE');
#2687 =( GEOMETRIC_REPRESENTATION_CONTEXT ( 3 ) GLOBAL_UNCERTAINTY_ASSIGNED_CONTEXT ( ( #1243 ) ) GLOBAL_UNIT_ASSIGNED_CONTEXT ( ( #1577, #3428, #6521 ) ) REPRESENTATION_CONTEXT ( 'NONE', 'WORKASPACE' ) );
#2688 = CARTESIAN_POINT ( 'NONE',  ( -2.599999999999997424, 0.1199999999999999956, -0.9499999999999984013 ) ) ;
#2689 = ORIENTED_EDGE ( 'NONE', *, *, #5051, .F. ) ;
#2690 = DIRECTION ( 'NONE',  ( -1.000000000000000000, 0.000000000000000000, 1.355252715606883008E-16 ) ) ;
#2691 = DIRECTION ( 'NONE',  ( -1.000000000000000000, -0.000000000000000000, -0.000000000000000000 ) ) ;
#2692 = CARTESIAN_POINT ( 'NONE',  ( -2.599999999999997424, 1.000000000000000000, -0.9499999999843734555 ) ) ;
#2693 = ADVANCED_FACE ( 'NONE', ( #1399 ), #2485, .F. ) ;
#2694 = ADVANCED_FACE ( 'NONE', ( #7491 ), #6814, .F. ) ;
#2695 = ORIENTED_EDGE ( 'NONE', *, *, #5496, .F. ) ;
#2696 = CARTESIAN_POINT ( 'NONE',  ( -1.499999999999996891, 1.050000000000000044, 0.3450000000000029710 ) ) ;
#2697 = ORIENTED_EDGE ( 'NONE', *, *, #697, .T. ) ;
#2698 = LINE ( 'NONE', #1532, #6236 ) ;
#2699 = VERTEX_POINT ( 'NONE', #6240 ) ;
#2700 = LINE ( 'NONE', #5767, #7474 ) ;
#2701 = ORIENTED_EDGE ( 'NONE', *, *, #5420, .T. ) ;
#2702 = ORIENTED_EDGE ( 'NONE', *, *, #7768, .T. ) ;
#2703 = DIRECTION ( 'NONE',  ( -1.000000000000000000, -0.000000000000000000, -0.000000000000000000 ) ) ;
#2704 = CARTESIAN_POINT ( 'NONE',  ( 0.6750000000000034861, 0.7768699943250462203, -0.8099999999999991651 ) ) ;
#2705 = CARTESIAN_POINT ( 'NONE',  ( -2.099999999999996980, 2.639999999999999236, -0.4999999999999985012 ) ) ;
#2706 = CARTESIAN_POINT ( 'NONE',  ( -1.570530792283381771, 2.639999999999999236, -0.3955307922833827261 ) ) ;
#2707 = FACE_OUTER_BOUND ( 'NONE', #1549, .T. ) ;
#2708 = DIRECTION ( 'NONE',  ( 0.000000000000000000, -0.000000000000000000, -1.000000000000000000 ) ) ;
#2709 = DIRECTION ( 'NONE',  ( 1.355252715606883008E-16, -0.000000000000000000, 1.000000000000000000 ) ) ;
#2710 = LINE ( 'NONE', #2882, #7027 ) ;
#2711 = FACE_OUTER_BOUND ( 'NONE', #7748, .T. ) ;
#2712 = ORIENTED_EDGE ( 'NONE', *, *, #3866, .T. ) ;
#2713 = EDGE_CURVE ( 'NONE', #3809, #91, #3177, .T. ) ;
#2714 = CARTESIAN_POINT ( 'NONE',  ( 0.1000000000000047101, 2.639999999999999236, 0.3450000000000029710 ) ) ;
#2715 = VERTEX_POINT ( 'NONE', #5023 ) ;
#2716 = PRODUCT_DEFINITION_FORMATION_WITH_SPECIFIED_SOURCE ( 'ANY', '', #1864, .NOT_KNOWN. ) ;
#2717 = MECHANICAL_DESIGN_GEOMETRIC_PRESENTATION_REPRESENTATION (  '', ( #6200 ), #5686 ) ;
#2718 = CARTESIAN_POINT ( 'NONE',  ( -0.7249999999999952038, 0.4500000002000000277, 0.6556624325871229786 ) ) ;
#2719 = CARTESIAN_POINT ( 'NONE',  ( -0.7249999999999952038, 0.04999999999999997502, 1.200000000000001288 ) ) ;
#2720 =( LENGTH_UNIT ( ) NAMED_UNIT ( * ) SI_UNIT ( .MILLI., .METRE. ) );
#2721 = EDGE_CURVE ( 'NONE', #6012, #1588, #4403, .T. ) ;
#2722 = CARTESIAN_POINT ( 'NONE',  ( 0.1000000000000047101, 2.639999999999999236, 0.3450000000000029710 ) ) ;
#2723 = VECTOR ( 'NONE', #6927, 1000.000000000000000 ) ;
#2724 = AXIS2_PLACEMENT_3D ( 'NONE', #1229, #539, #4769 ) ;
#2725 = ORIENTED_EDGE ( 'NONE', *, *, #3533, .F. ) ;
#2726 = VECTOR ( 'NONE', #5895, 1000.000000000000227 ) ;
#2727 = CARTESIAN_POINT ( 'NONE',  ( -1.629469207716610191, 2.639999999999999236, 0.1250000000000016376 ) ) ;
#2728 = CARTESIAN_POINT ( 'NONE',  ( 2.800000000000001599, 1.000000000000000000, -0.9499999999843765641 ) ) ;
#2729 = AXIS2_PLACEMENT_3D ( 'NONE', #861, #2709, #7591 ) ;
#2730 = CARTESIAN_POINT ( 'NONE',  ( -0.7249999999999952038, 0.05000000000000031503, 1.250000000000001110 ) ) ;
#2731 = DIRECTION ( 'NONE',  ( 1.000000000000000000, 0.000000000000000000, -0.000000000000000000 ) ) ;
#2732 = VECTOR ( 'NONE', #750, 1000.000000000000114 ) ;
#2733 = ORIENTED_EDGE ( 'NONE', *, *, #7836, .T. ) ;
#2734 = CARTESIAN_POINT ( 'NONE',  ( 2.300000000000002043, 0.1000000012999997384, -1.000000000000001776 ) ) ;
#2735 = CARTESIAN_POINT ( 'NONE',  ( -0.6999999999999945155, 1.050000000000000044, -0.8249999999999970690 ) ) ;
#2736 = EDGE_CURVE ( 'NONE', #6665, #5684, #6807, .T. ) ;
#2737 = VERTEX_POINT ( 'NONE', #4472 ) ;
#2738 = VECTOR ( 'NONE', #1798, 1000.000000000000000 ) ;
#2739 = DIRECTION ( 'NONE',  ( -1.000000000000000000, -0.000000000000000000, -0.000000000000000000 ) ) ;
#2740 = VERTEX_POINT ( 'NONE', #5662 ) ;
#2741 = FILL_AREA_STYLE ('',( #2898 ) ) ;
#2742 = DIRECTION ( 'NONE',  ( -0.000000000000000000, 1.000000000000000000, 0.000000000000000000 ) ) ;
#2743 = LINE ( 'NONE', #6484, #7658 ) ;
#2744 = VECTOR ( 'NONE', #4421, 1000.000000000000000 ) ;
#2745 = CARTESIAN_POINT ( 'NONE',  ( 0.7250000000000031974, 0.4500000002000000832, 0.6556624325871229786 ) ) ;
#2746 = AXIS2_PLACEMENT_3D ( 'NONE', #2189, #3607, #6025 ) ;
#2747 = EDGE_CURVE ( 'NONE', #4114, #5230, #5058, .T. ) ;
#2748 = CARTESIAN_POINT ( 'NONE',  ( 1.629469207716616630, 2.639999999999999236, 0.1155307922833855860 ) ) ;
#2749 =( GEOMETRIC_REPRESENTATION_CONTEXT ( 3 ) GLOBAL_UNCERTAINTY_ASSIGNED_CONTEXT ( ( #904 ) ) GLOBAL_UNIT_ASSIGNED_CONTEXT ( ( #4377, #4458, #1377 ) ) REPRESENTATION_CONTEXT ( 'NONE', 'WORKASPACE' ) );
#2750 = LINE ( 'NONE', #7063, #7886 ) ;
#2751 = PLANE ( 'NONE',  #2729 ) ;
#2752 = AXIS2_PLACEMENT_3D ( 'NONE', #7382, #1900, #4333 ) ;
#2753 = LINE ( 'NONE', #6490, #1006 ) ;
#2754 = FACE_OUTER_BOUND ( 'NONE', #1046, .T. ) ;
#2755 = VERTEX_POINT ( 'NONE', #3240 ) ;
#2756 = CARTESIAN_POINT ( 'NONE',  ( 0.6750000000000034861, 0.7768699943250462203, -0.8099999999999991651 ) ) ;
#2757 = ORIENTED_EDGE ( 'NONE', *, *, #350, .T. ) ;
#2758 =( LENGTH_UNIT ( ) NAMED_UNIT ( * ) SI_UNIT ( .MILLI., .METRE. ) );
#2759 =( LENGTH_UNIT ( ) NAMED_UNIT ( * ) SI_UNIT ( .MILLI., .METRE. ) );
#2760 = ORIENTED_EDGE ( 'NONE', *, *, #7490, .F. ) ;
#2761 = EDGE_CURVE ( 'NONE', #2079, #3110, #1430, .T. ) ;
#2762 = LINE ( 'NONE', #2805, #6283 ) ;
#2763 = CARTESIAN_POINT ( 'NONE',  ( 0.07500000000000485445, 0.1999999999999999278, 1.250000000000001110 ) ) ;
#2764 = UNCERTAINTY_MEASURE_WITH_UNIT (LENGTH_MEASURE( 1.000000000000000082E-05 ), #1571, 'distance_accuracy_value', 'NONE');
#2765 = EDGE_CURVE ( 'NONE', #6513, #7792, #3850, .T. ) ;
#2766 = VECTOR ( 'NONE', #4878, 1000.000000000000000 ) ;
#2767 = CARTESIAN_POINT ( 'NONE',  ( -2.799999999999997158, 1.000000000000000000, -0.9499999999843734555 ) ) ;
#2768 = ADVANCED_FACE ( 'NONE', ( #1999 ), #4509, .F. ) ;
#2769 = AXIS2_PLACEMENT_3D ( 'NONE', #2161, #2808, #2195 ) ;
#2770 = ADVANCED_FACE ( 'NONE', ( #2078 ), #3886, .F. ) ;
#2771 = EDGE_CURVE ( 'NONE', #3919, #5936, #4432, .T. ) ;
#2772 = CARTESIAN_POINT ( 'NONE',  ( -0.09999999999999668876, 1.050000000000000044, 0.04500000000000296124 ) ) ;
#2773 = PLANE ( 'NONE',  #6117 ) ;
#2774 = ADVANCED_FACE ( 'NONE', ( #820 ), #3766, .F. ) ;
#2775 = FACE_OUTER_BOUND ( 'NONE', #788, .T. ) ;
#2776 = VECTOR ( 'NONE', #853, 1000.000000000000000 ) ;
#2777 = ORIENTED_EDGE ( 'NONE', *, *, #5003, .T. ) ;
#2778 = FACE_OUTER_BOUND ( 'NONE', #5588, .T. ) ;
#2779 =( GEOMETRIC_REPRESENTATION_CONTEXT ( 3 ) GLOBAL_UNCERTAINTY_ASSIGNED_CONTEXT ( ( #6436 ) ) GLOBAL_UNIT_ASSIGNED_CONTEXT ( ( #2503, #3753, #2659 ) ) REPRESENTATION_CONTEXT ( 'NONE', 'WORKASPACE' ) );
#2780 = ADVANCED_FACE ( 'NONE', ( #4973 ), #1923, .F. ) ;
#2781 = EDGE_LOOP ( 'NONE', ( #828, #7716, #7529, #4805 ) ) ;
#2782 = LINE ( 'NONE', #5231, #6474 ) ;
#2783 = AXIS2_PLACEMENT_3D ( 'NONE', #4834, #7264, #1779 ) ;
#2784 = DIRECTION ( 'NONE',  ( -1.000000000000000000, 0.000000000000000000, -0.000000000000000000 ) ) ;
#2785 = CARTESIAN_POINT ( 'NONE',  ( 2.800000000000001599, 1.355252715606880543E-17, -0.1164279503904905866 ) ) ;
#2786 = ORIENTED_EDGE ( 'NONE', *, *, #1414, .F. ) ;
#2787 = LINE ( 'NONE', #6560, #7416 ) ;
#2788 =( NAMED_UNIT ( * ) SI_UNIT ( $, .STERADIAN. ) SOLID_ANGLE_UNIT ( ) );
#2789 = PLANE ( 'NONE',  #4309 ) ;
#2790 = DIRECTION ( 'NONE',  ( 0.000000000000000000, 0.000000000000000000, 1.000000000000000000 ) ) ;
#2791 = AXIS2_PLACEMENT_3D ( 'NONE', #2704, #2327, #7583 ) ;
#2792 = LINE ( 'NONE', #7149, #7623 ) ;
#2793 = SURFACE_STYLE_USAGE ( .BOTH. , #3433 ) ;
#2794 =( LENGTH_UNIT ( ) NAMED_UNIT ( * ) SI_UNIT ( .MILLI., .METRE. ) );
#2795 = CARTESIAN_POINT ( 'NONE',  ( 0.07500000000000485445, 0.4500000002000000277, 0.5500000000000018208 ) ) ;
#2796 = APPLICATION_CONTEXT ( 'automotive_design' ) ;
#2797 =( GEOMETRIC_REPRESENTATION_CONTEXT ( 3 ) GLOBAL_UNCERTAINTY_ASSIGNED_CONTEXT ( ( #5885 ) ) GLOBAL_UNIT_ASSIGNED_CONTEXT ( ( #7254, #2489, #2972 ) ) REPRESENTATION_CONTEXT ( 'NONE', 'WORKASPACE' ) );
#2798 = ORIENTED_EDGE ( 'NONE', *, *, #3569, .T. ) ;
#2799 = EDGE_CURVE ( 'NONE', #2715, #6324, #6301, .T. ) ;
#2800 = EDGE_LOOP ( 'NONE', ( #1885, #5417, #6053, #2786 ) ) ;
#2801 = CARTESIAN_POINT ( 'NONE',  ( 9.300000000000002487, 2.639999999999999236, -0.7000000000000015099 ) ) ;
#2802 = ORIENTED_EDGE ( 'NONE', *, *, #7021, .F. ) ;
#2803 = CARTESIAN_POINT ( 'NONE',  ( -3.099999999999999201, 1.000000000099999786, -1.000000000000001776 ) ) ;
#2804 = EDGE_LOOP ( 'NONE', ( #7344, #1976, #7465, #6048 ) ) ;
#2805 = CARTESIAN_POINT ( 'NONE',  ( 0.02946920771661990304, 2.639999999999999236, 0.1250000000000016376 ) ) ;
#2806 = LINE ( 'NONE', #2763, #3309 ) ;
#2807 = ORIENTED_EDGE ( 'NONE', *, *, #7515, .T. ) ;
#2808 = DIRECTION ( 'NONE',  ( 0.000000000000000000, 0.000000000000000000, 1.000000000000000000 ) ) ;
#2809 = AXIS2_PLACEMENT_3D ( 'NONE', #3627, #1652, #2911 ) ;
#2810 =( GEOMETRIC_REPRESENTATION_CONTEXT ( 3 ) GLOBAL_UNCERTAINTY_ASSIGNED_CONTEXT ( ( #3743 ) ) GLOBAL_UNIT_ASSIGNED_CONTEXT ( ( #4466, #2869, #2788 ) ) REPRESENTATION_CONTEXT ( 'NONE', 'WORKASPACE' ) );
#2811 = DIRECTION ( 'NONE',  ( -1.000000000000000000, 0.000000000000000000, 0.000000000000000000 ) ) ;
#2812 = EDGE_CURVE ( 'NONE', #4359, #4500, #127, .T. ) ;
#2813 = CARTESIAN_POINT ( 'NONE',  ( -1.499999999999996891, 1.050000000000000044, 0.3450000000000029710 ) ) ;
#2814 = VECTOR ( 'NONE', #1625, 1000.000000000000000 ) ;
#2815 = PLANE ( 'NONE',  #1806 ) ;
#2816 = DIRECTION ( 'NONE',  ( 0.000000000000000000, 0.000000000000000000, 1.000000000000000000 ) ) ;
#2817 = DIRECTION ( 'NONE',  ( 0.1710878697460308795, 0.9702875252478155854, -0.1710878697460308795 ) ) ;
#2818 = ORIENTED_EDGE ( 'NONE', *, *, #7110, .T. ) ;
#2819 = MECHANICAL_DESIGN_GEOMETRIC_PRESENTATION_REPRESENTATION (  '', ( #1929 ), #7668 ) ;
#2820 = LINE ( 'NONE', #2174, #4670 ) ;
#2821 = VERTEX_POINT ( 'NONE', #1351 ) ;
#2822 = FACE_OUTER_BOUND ( 'NONE', #3196, .T. ) ;
#2823 = ORIENTED_EDGE ( 'NONE', *, *, #5189, .F. ) ;
#2824 = FACE_OUTER_BOUND ( 'NONE', #2800, .T. ) ;
#2825 = CARTESIAN_POINT ( 'NONE',  ( -2.599999999999997424, 0.3499999999999999778, 0.05000000001625162782 ) ) ;
#2826 = UNCERTAINTY_MEASURE_WITH_UNIT (LENGTH_MEASURE( 1.000000000000000082E-05 ), #5577, 'distance_accuracy_value', 'NONE');
#2827 = PLANE ( 'NONE',  #3722 ) ;
#2828 = DIRECTION ( 'NONE',  ( 0.000000000000000000, 1.000000000000000000, 1.019985910564053253E-16 ) ) ;
#2829 = CARTESIAN_POINT ( 'NONE',  ( -3.099999999999997868, 0.1000000012999997384, 0.5500000000000018208 ) ) ;
#2830 = CARTESIAN_POINT ( 'NONE',  ( 2.800000000000001599, 0.3499999999999999778, 0.05000000001624859552 ) ) ;
#2831 = VECTOR ( 'NONE', #910, 1000.000000000000114 ) ;
#2832 = DIRECTION ( 'NONE',  ( 0.000000000000000000, 0.000000000000000000, 1.000000000000000000 ) ) ;
#2833 = CARTESIAN_POINT ( 'NONE',  ( 0.07500000000000485445, -3.675261601645777502E-17, 1.200000000000000844 ) ) ;
#2834 = CARTESIAN_POINT ( 'NONE',  ( 1.757399273160360043, 1.914472545666378256, -0.2676007268396433658 ) ) ;
#2835 = ORIENTED_EDGE ( 'NONE', *, *, #2180, .T. ) ;
#2836 = DIRECTION ( 'NONE',  ( -0.000000000000000000, 1.000000000000000000, 1.019985910564053253E-16 ) ) ;
#2837 = EDGE_CURVE ( 'NONE', #7739, #114, #1960, .T. ) ;
#2838 = VERTEX_POINT ( 'NONE', #2591 ) ;
#2839 = CARTESIAN_POINT ( 'NONE',  ( -2.299999999999997158, 0.1000000012999997523, 0.5500000000000018208 ) ) ;
#2840 = ORIENTED_EDGE ( 'NONE', *, *, #5782, .T. ) ;
#2841 = DIRECTION ( 'NONE',  ( 0.000000000000000000, -1.000000000000000000, 0.000000000000000000 ) ) ;
#2842 = EDGE_CURVE ( 'NONE', #3768, #4035, #6268, .T. ) ;
#2843 = DIRECTION ( 'NONE',  ( -1.000000000000000000, 0.000000000000000000, 0.000000000000000000 ) ) ;
#2844 = DIRECTION ( 'NONE',  ( 0.000000000000000000, 1.000000000000000000, 0.000000000000000000 ) ) ;
#2845 = LINE ( 'NONE', #2055, #839 ) ;
#2846 = ORIENTED_EDGE ( 'NONE', *, *, #4783, .F. ) ;
#2847 = EDGE_CURVE ( 'NONE', #1755, #1592, #5742, .T. ) ;
#2848 = VECTOR ( 'NONE', #2446, 1000.000000000000000 ) ;
#2849 = DIRECTION ( 'NONE',  ( -1.000000000000000000, -0.000000000000000000, -0.000000000000000000 ) ) ;
#2850 = LINE ( 'NONE', #1559, #4936 ) ;
#2851 = CARTESIAN_POINT ( 'NONE',  ( -2.599999999999997424, 0.2063250300240242197, -0.9499999999999984013 ) ) ;
#2852 = AXIS2_PLACEMENT_3D ( 'NONE', #1270, #784, #5616 ) ;
#2853 =( NAMED_UNIT ( * ) SI_UNIT ( $, .STERADIAN. ) SOLID_ANGLE_UNIT ( ) );
#2854 = ORIENTED_EDGE ( 'NONE', *, *, #7784, .F. ) ;
#2855 = DIRECTION ( 'NONE',  ( -1.000000000000000000, 0.000000000000000000, -0.000000000000000000 ) ) ;
#2856 = ORIENTED_EDGE ( 'NONE', *, *, #4321, .F. ) ;
#2857 = ORIENTED_EDGE ( 'NONE', *, *, #1097, .F. ) ;
#2858 = VECTOR ( 'NONE', #2391, 1000.000000000000000 ) ;
#2859 = SURFACE_SIDE_STYLE ('',( #4539 ) ) ;
#2860 = ORIENTED_EDGE ( 'NONE', *, *, #675, .F. ) ;
#2861 = ORIENTED_EDGE ( 'NONE', *, *, #3022, .T. ) ;
#2862 = CARTESIAN_POINT ( 'NONE',  ( -1.674999999999996714, 0.1999999999999999556, 1.250000000000001110 ) ) ;
#2863 = ORIENTED_EDGE ( 'NONE', *, *, #5240, .T. ) ;
#2864 =( NAMED_UNIT ( * ) SI_UNIT ( $, .STERADIAN. ) SOLID_ANGLE_UNIT ( ) );
#2865 = ORIENTED_EDGE ( 'NONE', *, *, #4218, .F. ) ;
#2866 = EDGE_CURVE ( 'NONE', #1859, #6021, #206, .T. ) ;
#2867 = LINE ( 'NONE', #6986, #1276 ) ;
#2868 = ORIENTED_EDGE ( 'NONE', *, *, #1441, .F. ) ;
#2869 =( NAMED_UNIT ( * ) PLANE_ANGLE_UNIT ( ) SI_UNIT ( $, .RADIAN. ) );
#2870 = EDGE_LOOP ( 'NONE', ( #4341, #6017, #2919, #7791 ) ) ;
#2871 = EDGE_CURVE ( 'NONE', #1949, #2170, #3034, .T. ) ;
#2872 = CARTESIAN_POINT ( 'NONE',  ( 2.800000000000001599, 0.7936749699759758636, -0.9500000000000013989 ) ) ;
#2873 = VECTOR ( 'NONE', #2289, 1000.000000000000000 ) ;
#2874 = CARTESIAN_POINT ( 'NONE',  ( -1.699999999999996625, 1.050000000000000044, 0.3450000000000029710 ) ) ;
#2875 = ORIENTED_EDGE ( 'NONE', *, *, #6016, .T. ) ;
#2876 = VECTOR ( 'NONE', #7770, 1000.000000000000000 ) ;
#2877 = EDGE_CURVE ( 'NONE', #141, #5655, #6374, .T. ) ;
#2878 = VERTEX_POINT ( 'NONE', #6411 ) ;
#2879 = DIRECTION ( 'NONE',  ( 0.1710878697460311570, -0.9702875252478154744, -0.1710878697460311848 ) ) ;
#2880 = VECTOR ( 'NONE', #3044, 1000.000000000000000 ) ;
#2881 = DIRECTION ( 'NONE',  ( -0.000000000000000000, -0.000000000000000000, -1.000000000000000000 ) ) ;
#2882 = CARTESIAN_POINT ( 'NONE',  ( 0.8750000000000048850, 0.1999999999999999278, 1.250000000000001110 ) ) ;
#2883 = ORIENTED_EDGE ( 'NONE', *, *, #5472, .F. ) ;
#2884 = AXIS2_PLACEMENT_3D ( 'NONE', #2353, #5981, #4632 ) ;
#2885 = EDGE_CURVE ( 'NONE', #4779, #7539, #1544, .T. ) ;
#2886 = ADVANCED_FACE ( 'NONE', ( #5926 ), #4071, .F. ) ;
#2887 = ORIENTED_EDGE ( 'NONE', *, *, #6455, .T. ) ;
#2888 = PLANE ( 'NONE',  #3388 ) ;
#2889 = ORIENTED_EDGE ( 'NONE', *, *, #5849, .T. ) ;
#2890 = DIRECTION ( 'NONE',  ( 0.000000000000000000, 0.7071067811865355823, -0.7071067811865594521 ) ) ;
#2891 = PRESENTATION_STYLE_ASSIGNMENT (( #4039 ) ) ;
#2892 = AXIS2_PLACEMENT_3D ( 'NONE', #5590, #1247, #3704 ) ;
#2893 = AXIS2_PLACEMENT_3D ( 'NONE', #437, #6600, #6003 ) ;
#2894 = LINE ( 'NONE', #5338, #185 ) ;
#2895 = DIRECTION ( 'NONE',  ( 0.000000000000000000, -0.000000000000000000, -1.000000000000000000 ) ) ;
#2896 = LINE ( 'NONE', #6543, #4416 ) ;
#2897 = DIRECTION ( 'NONE',  ( -0.000000000000000000, 1.000000000000000000, 0.000000000000000000 ) ) ;
#2898 = FILL_AREA_STYLE_COLOUR ( '', #4076 ) ;
#2899 = CARTESIAN_POINT ( 'NONE',  ( -0.8447056953395487566, 2.553589584749196284, -0.3802943046604444488 ) ) ;
#2900 = EDGE_CURVE ( 'NONE', #1512, #1949, #2148, .T. ) ;
#2901 = ORIENTED_EDGE ( 'NONE', *, *, #1689, .F. ) ;
#2902 = DIRECTION ( 'NONE',  ( -0.000000000000000000, 0.7071067811865474617, -0.7071067811865474617 ) ) ;
#2903 =( GEOMETRIC_REPRESENTATION_CONTEXT ( 3 ) GLOBAL_UNCERTAINTY_ASSIGNED_CONTEXT ( ( #6858 ) ) GLOBAL_UNIT_ASSIGNED_CONTEXT ( ( #4918, #6612, #1788 ) ) REPRESENTATION_CONTEXT ( 'NONE', 'WORKASPACE' ) );
#2904 = ORIENTED_EDGE ( 'NONE', *, *, #2282, .T. ) ;
#2905 = VECTOR ( 'NONE', #6159, 1000.000000000000000 ) ;
#2906 = DIRECTION ( 'NONE',  ( -0.000000000000000000, -0.000000000000000000, 1.000000000000000000 ) ) ;
#2907 = ORIENTED_EDGE ( 'NONE', *, *, #5897, .F. ) ;
#2908 = ORIENTED_EDGE ( 'NONE', *, *, #5830, .T. ) ;
#2909 = ORIENTED_EDGE ( 'NONE', *, *, #3450, .T. ) ;
#2910 = VECTOR ( 'NONE', #1422, 1000.000000000000000 ) ;
#2911 = DIRECTION ( 'NONE',  ( 0.000000000000000000, 0.000000000000000000, -1.000000000000000000 ) ) ;
#2912 = ORIENTED_EDGE ( 'NONE', *, *, #2036, .T. ) ;
#2913 = VECTOR ( 'NONE', #5968, 1000.000000000000000 ) ;
#2914 = EDGE_CURVE ( 'NONE', #1331, #7047, #2750, .T. ) ;
#2915 = DIRECTION ( 'NONE',  ( 0.000000000000000000, -1.000000000000000000, -1.115385494969530056E-10 ) ) ;
#2916 = CARTESIAN_POINT ( 'NONE',  ( -2.599999999999997424, 0.4000000000000000222, -0.9149999999999980371 ) ) ;
#2917 = EDGE_LOOP ( 'NONE', ( #606, #1334, #1757, #5512 ) ) ;
#2918 = VECTOR ( 'NONE', #428, 1000.000000000000000 ) ;
#2919 = ORIENTED_EDGE ( 'NONE', *, *, #635, .T. ) ;
#2920 = CARTESIAN_POINT ( 'NONE',  ( -0.6999999999999945155, 2.639999999999999236, -0.8249999999999970690 ) ) ;
#2921 = VERTEX_POINT ( 'NONE', #4549 ) ;
#2922 = VERTEX_POINT ( 'NONE', #5243 ) ;
#2923 = VERTEX_POINT ( 'NONE', #6991 ) ;
#2924 = DIRECTION ( 'NONE',  ( 0.000000000000000000, -0.000000000000000000, -1.000000000000000000 ) ) ;
#2925 = ORIENTED_EDGE ( 'NONE', *, *, #1946, .F. ) ;
#2926 = CARTESIAN_POINT ( 'NONE',  ( 1.700000000000002398, 2.639999999999999236, 0.3449999999999999178 ) ) ;
#2927 = AXIS2_PLACEMENT_3D ( 'NONE', #4483, #6930, #6964 ) ;
#2928 = LINE ( 'NONE', #2274, #2934 ) ;
#2929 = EDGE_CURVE ( 'NONE', #6294, #1859, #3516, .T. ) ;
#2930 = SURFACE_STYLE_FILL_AREA ( #7165 ) ;
#2931 = CARTESIAN_POINT ( 'NONE',  ( -1.629469207716610191, 2.639999999999999236, -0.3955307922833827261 ) ) ;
#2932 = DIRECTION ( 'NONE',  ( -1.000000000000000000, -0.000000000000000000, -0.000000000000000000 ) ) ;
#2933 = LINE ( 'NONE', #509, #1226 ) ;
#2934 = VECTOR ( 'NONE', #4082, 1000.000000000000000 ) ;
#2935 = FACE_OUTER_BOUND ( 'NONE', #734, .T. ) ;
#2936 = VECTOR ( 'NONE', #6337, 1000.000000000000000 ) ;
#2937 = DIRECTION ( 'NONE',  ( -1.000000000000000000, -0.000000000000000000, 0.000000000000000000 ) ) ;
#2938 = ORIENTED_EDGE ( 'NONE', *, *, #3928, .T. ) ;
#2939 = VECTOR ( 'NONE', #7848, 1000.000000000000114 ) ;
#2940 = ORIENTED_EDGE ( 'NONE', *, *, #5631, .F. ) ;
#2941 = LINE ( 'NONE', #3663, #7481 ) ;
#2942 = FILL_AREA_STYLE ('',( #7740 ) ) ;
#2943 = DIRECTION ( 'NONE',  ( 0.000000000000000000, 0.000000000000000000, 1.000000000000000000 ) ) ;
#2944 = EDGE_LOOP ( 'NONE', ( #7733, #4956, #5257, #3051 ) ) ;
#2945 = EDGE_CURVE ( 'NONE', #6967, #3359, #3964, .T. ) ;
#2946 = FILL_AREA_STYLE ('',( #4790 ) ) ;
#2947 = CARTESIAN_POINT ( 'NONE',  ( -0.8294692077166110344, 2.639999999999999236, 0.2744692077166173139 ) ) ;
#2948 = FILL_AREA_STYLE ('',( #1212 ) ) ;
#2949 = VECTOR ( 'NONE', #319, 1000.000000000000000 ) ;
#2950 = VERTEX_POINT ( 'NONE', #246 ) ;
#2951 = SURFACE_STYLE_USAGE ( .BOTH. , #3071 ) ;
#2952 = VERTEX_POINT ( 'NONE', #4714 ) ;
#2953 = EDGE_LOOP ( 'NONE', ( #1670, #1528, #7582, #4161 ) ) ;
#2954 = LINE ( 'NONE', #5408, #2646 ) ;
#2955 = DIRECTION ( 'NONE',  ( -1.000000000000000000, -0.000000000000000000, 0.000000000000000000 ) ) ;
#2956 = ORIENTED_EDGE ( 'NONE', *, *, #4012, .F. ) ;
#2957 = DIRECTION ( 'NONE',  ( 0.000000000000000000, -0.5000000000000039968, -0.8660254037844363761 ) ) ;
#2958 = EDGE_CURVE ( 'NONE', #4396, #6939, #1022, .T. ) ;
#2959 = VERTEX_POINT ( 'NONE', #5284 ) ;
#2960 = DIRECTION ( 'NONE',  ( -0.000000000000000000, -0.5150380749100552658, -0.8571673007021116675 ) ) ;
#2961 = ORIENTED_EDGE ( 'NONE', *, *, #17, .F. ) ;
#2962 = LINE ( 'NONE', #4203, #6959 ) ;
#2963 = CARTESIAN_POINT ( 'NONE',  ( -1.499999999999996891, 1.050000000000000044, 0.04500000000000294043 ) ) ;
#2964 =( LENGTH_UNIT ( ) NAMED_UNIT ( * ) SI_UNIT ( .MILLI., .METRE. ) );
#2965 = ORIENTED_EDGE ( 'NONE', *, *, #5156, .F. ) ;
#2966 = EDGE_CURVE ( 'NONE', #1014, #298, #7589, .T. ) ;
#2967 = DIRECTION ( 'NONE',  ( 0.000000000000000000, 0.000000000000000000, -1.000000000000000000 ) ) ;
#2968 = DIRECTION ( 'NONE',  ( -0.000000000000000000, 0.000000000000000000, -1.000000000000000000 ) ) ;
#2969 = EDGE_CURVE ( 'NONE', #2124, #7597, #2792, .T. ) ;
#2970 = CARTESIAN_POINT ( 'NONE',  ( 0.9000000000000047962, 2.239999999999990443, 0.04500000000000294043 ) ) ;
#2971 = CLOSED_SHELL ( 'NONE', ( #7379, #6070, #1341, #2886, #6534, #5613, #33, #1108, #611, #2452 ) ) ;
#2972 =( NAMED_UNIT ( * ) SI_UNIT ( $, .STERADIAN. ) SOLID_ANGLE_UNIT ( ) );
#2973 = DIRECTION ( 'NONE',  ( -0.000000000000000000, -1.000000000000000000, -0.000000000000000000 ) ) ;
#2974 = DIRECTION ( 'NONE',  ( -0.000000000000000000, 1.000000000000000000, 0.000000000000000000 ) ) ;
#2975 = EDGE_CURVE ( 'NONE', #2821, #3973, #5205, .T. ) ;
#2976 = EDGE_CURVE ( 'NONE', #5329, #5865, #6529, .T. ) ;
#2977 = CARTESIAN_POINT ( 'NONE',  ( 1.475000000000002753, 0.7768699943250462203, -0.7000000000000015099 ) ) ;
#2978 = PLANE ( 'NONE',  #2497 ) ;
#2979 = CARTESIAN_POINT ( 'NONE',  ( -2.099999999999996980, 2.639999999999999236, 0.5500000000000017097 ) ) ;
#2980 = SURFACE_STYLE_FILL_AREA ( #6088 ) ;
#2981 =( NAMED_UNIT ( * ) SI_UNIT ( $, .STERADIAN. ) SOLID_ANGLE_UNIT ( ) );
#2982 = FACE_OUTER_BOUND ( 'NONE', #4816, .T. ) ;
#2983 = ORIENTED_EDGE ( 'NONE', *, *, #6454, .T. ) ;
#2984 = DIRECTION ( 'NONE',  ( -1.000000000000000000, -0.000000000000000000, -0.000000000000000000 ) ) ;
#2985 = ADVANCED_FACE ( 'NONE', ( #1623 ), #4028, .F. ) ;
#2986 = AXIS2_PLACEMENT_3D ( 'NONE', #2049, #3859, #710 ) ;
#2987 = VECTOR ( 'NONE', #4392, 1000.000000000000000 ) ;
#2988 = VECTOR ( 'NONE', #694, 1000.000000000000000 ) ;
#2989 = FILL_AREA_STYLE_COLOUR ( '', #5831 ) ;
#2990 = ORIENTED_EDGE ( 'NONE', *, *, #292, .T. ) ;
#2991 = EDGE_CURVE ( 'NONE', #6523, #2139, #5164, .T. ) ;
#2992 = ORIENTED_EDGE ( 'NONE', *, *, #1764, .F. ) ;
#2993 = DIRECTION ( 'NONE',  ( 1.000000000000000000, 0.000000000000000000, 0.000000000000000000 ) ) ;
#2994 = CARTESIAN_POINT ( 'NONE',  ( -2.100000000599997918, 1.050000000000000044, -0.6999999999999985123 ) ) ;
#2995 =( NAMED_UNIT ( * ) PLANE_ANGLE_UNIT ( ) SI_UNIT ( $, .RADIAN. ) );
#2996 = VERTEX_POINT ( 'NONE', #4111 ) ;
#2997 = ADVANCED_FACE ( 'NONE', ( #4585 ), #7031, .F. ) ;
#2998 = VERTEX_POINT ( 'NONE', #324 ) ;
#2999 = PRESENTATION_LAYER_ASSIGNMENT (  '', '', ( #6708 ) ) ;
#3000 = VERTEX_POINT ( 'NONE', #2185 ) ;
#3001 = VECTOR ( 'NONE', #3099, 1000.000000000000000 ) ;
#3002 = LINE ( 'NONE', #6331, #5962 ) ;
#3003 = ORIENTED_EDGE ( 'NONE', *, *, #180, .T. ) ;
#3004 = LINE ( 'NONE', #3082, #5307 ) ;
#3005 = CARTESIAN_POINT ( 'NONE',  ( -0.09999999999999668876, 2.239999999999990443, 0.3450000000000029710 ) ) ;
#3006 =( GEOMETRIC_REPRESENTATION_CONTEXT ( 3 ) GLOBAL_UNCERTAINTY_ASSIGNED_CONTEXT ( ( #5180 ) ) GLOBAL_UNIT_ASSIGNED_CONTEXT ( ( #1510, #4517, #5818 ) ) REPRESENTATION_CONTEXT ( 'NONE', 'WORKASPACE' ) );
#3007 = FILL_AREA_STYLE ('',( #7402 ) ) ;
#3008 = CARTESIAN_POINT ( 'NONE',  ( -0.07499999999999683309, 0.2000000000000000111, 0.8000000000000011546 ) ) ;
#3009 = ORIENTED_EDGE ( 'NONE', *, *, #6162, .T. ) ;
#3010 =( GEOMETRIC_REPRESENTATION_CONTEXT ( 3 ) GLOBAL_UNCERTAINTY_ASSIGNED_CONTEXT ( ( #181 ) ) GLOBAL_UNIT_ASSIGNED_CONTEXT ( ( #243, #7874, #3671 ) ) REPRESENTATION_CONTEXT ( 'NONE', 'WORKASPACE' ) );
#3011 = ORIENTED_EDGE ( 'NONE', *, *, #7468, .F. ) ;
#3012 = VECTOR ( 'NONE', #5311, 1000.000000000000000 ) ;
#3013 = DIRECTION ( 'NONE',  ( -1.000000000000000000, -0.000000000000000000, 0.000000000000000000 ) ) ;
#3014 = CARTESIAN_POINT ( 'NONE',  ( -2.599999999999997424, 1.000000000000000000, -0.2499999999999983902 ) ) ;
#3015 = VECTOR ( 'NONE', #7575, 1000.000000000000227 ) ;
#3016 = CARTESIAN_POINT ( 'NONE',  ( 5.200000000000004619, 2.639999999999999236, -0.3955307922833827261 ) ) ;
#3017 = SURFACE_SIDE_STYLE ('',( #6195 ) ) ;
#3018 = UNCERTAINTY_MEASURE_WITH_UNIT (LENGTH_MEASURE( 1.000000000000000082E-05 ), #7546, 'distance_accuracy_value', 'NONE');
#3019 = PLANE ( 'NONE',  #2266 ) ;
#3020 = EDGE_LOOP ( 'NONE', ( #7190, #3853, #6057, #3892 ) ) ;
#3021 = LINE ( 'NONE', #1088, #2873 ) ;
#3022 = EDGE_CURVE ( 'NONE', #5047, #6513, #4623, .T. ) ;
#3023 = LINE ( 'NONE', #5473, #4286 ) ;
#3024 = EDGE_CURVE ( 'NONE', #7053, #6523, #3432, .T. ) ;
#3025 = CARTESIAN_POINT ( 'NONE',  ( -1.524999999999996803, 0.05000000000000000971, 1.200000000000001288 ) ) ;
#3026 = SURFACE_SIDE_STYLE ('',( #7822 ) ) ;
#3027 = ADVANCED_FACE ( 'NONE', ( #2427 ), #1749, .T. ) ;
#3028 = DIRECTION ( 'NONE',  ( 0.000000000000000000, -1.000000000000000000, -0.000000000000000000 ) ) ;
#3029 =( LENGTH_UNIT ( ) NAMED_UNIT ( * ) SI_UNIT ( .MILLI., .METRE. ) );
#3030 = VECTOR ( 'NONE', #7315, 1000.000000000000000 ) ;
#3031 = VECTOR ( 'NONE', #2897, 1000.000000000000000 ) ;
#3032 = CARTESIAN_POINT ( 'NONE',  ( 0.8750000000000048850, -3.675261601645777502E-17, 0.6500000000000011324 ) ) ;
#3033 = VERTEX_POINT ( 'NONE', #2307 ) ;
#3034 = CIRCLE ( 'NONE', #1359, 0.1000000000000000472 ) ;
#3035 = VECTOR ( 'NONE', #7004, 1000.000000000000000 ) ;
#3036 = DIRECTION ( 'NONE',  ( 0.000000000000000000, -0.000000000000000000, -1.000000000000000000 ) ) ;
#3037 = DIRECTION ( 'NONE',  ( 0.000000000000000000, -0.8660254037844363761, 0.5000000000000039968 ) ) ;
#3038 = ORIENTED_EDGE ( 'NONE', *, *, #2958, .F. ) ;
#3039 = FACE_OUTER_BOUND ( 'NONE', #3597, .T. ) ;
#3040 = CARTESIAN_POINT ( 'NONE',  ( -0.6999999999999945155, 1.050000000000000044, -0.8249999999999970690 ) ) ;
#3041 = ORIENTED_EDGE ( 'NONE', *, *, #4986, .T. ) ;
#3042 = STYLED_ITEM ( 'NONE', ( #5440 ), #5280 ) ;
#3043 = LINE ( 'NONE', #1227, #2108 ) ;
#3044 = DIRECTION ( 'NONE',  ( 0.000000000000000000, 0.000000000000000000, 1.000000000000000000 ) ) ;
#3045 = VECTOR ( 'NONE', #882, 1000.000000000000000 ) ;
#3046 = ADVANCED_FACE ( 'NONE', ( #1258 ), #4232, .F. ) ;
#3047 = PRESENTATION_STYLE_ASSIGNMENT (( #6809 ) ) ;
#3048 = CARTESIAN_POINT ( 'NONE',  ( -0.7249999999999952038, 0.4500000002000000277, 0.5500000000000018208 ) ) ;
#3049 = ORIENTED_EDGE ( 'NONE', *, *, #7248, .T. ) ;
#3050 = ADVANCED_FACE ( 'NONE', ( #4193 ), #7793, .F. ) ;
#3051 = ORIENTED_EDGE ( 'NONE', *, *, #7044, .T. ) ;
#3052 = DIRECTION ( 'NONE',  ( -0.000000000000000000, -1.000000000000000000, -0.000000000000000000 ) ) ;
#3053 = VECTOR ( 'NONE', #2844, 1000.000000000000000 ) ;
#3054 = CARTESIAN_POINT ( 'NONE',  ( 2.800000000000001599, 8.109541161931386268E-17, -0.7786222391909484175 ) ) ;
#3055 = LINE ( 'NONE', #1159, #1346 ) ;
#3056 = CARTESIAN_POINT ( 'NONE',  ( 0.1000000000000047101, 1.050000000000000044, 0.3450000000000029710 ) ) ;
#3057 = LINE ( 'NONE', #5510, #6136 ) ;
#3058 = DIRECTION ( 'NONE',  ( 1.000000000000000000, -0.000000000000000000, -0.000000000000000000 ) ) ;
#3059 = MECHANICAL_DESIGN_GEOMETRIC_PRESENTATION_REPRESENTATION (  '', ( #5497 ), #3315 ) ;
#3060 = ADVANCED_FACE ( 'NONE', ( #3675 ), #3557, .F. ) ;
#3061 = DIRECTION ( 'NONE',  ( 0.000000000000000000, -1.204669080539449344E-16, 1.000000000000000000 ) ) ;
#3062 = DIRECTION ( 'NONE',  ( -1.000000000000000000, 0.000000000000000000, 0.000000000000000000 ) ) ;
#3063 = VECTOR ( 'NONE', #871, 1000.000000000000000 ) ;
#3064 = DIRECTION ( 'NONE',  ( -1.000000000000000000, -0.000000000000000000, -0.000000000000000000 ) ) ;
#3065 = FACE_OUTER_BOUND ( 'NONE', #3308, .T. ) ;
#3066 = CARTESIAN_POINT ( 'NONE',  ( -3.099999999999997868, 0.9999999996999999752, -0.9999999999999986677 ) ) ;
#3067 = ORIENTED_EDGE ( 'NONE', *, *, #4906, .T. ) ;
#3068 = LINE ( 'NONE', #6608, #4047 ) ;
#3069 = AXIS2_PLACEMENT_3D ( 'NONE', #5498, #7843, #6146 ) ;
#3070 = AXIS2_PLACEMENT_3D ( 'NONE', #895, #3349, #2143 ) ;
#3071 = SURFACE_SIDE_STYLE ('',( #7229 ) ) ;
#3072 = VERTEX_POINT ( 'NONE', #4842 ) ;
#3073 = DIRECTION ( 'NONE',  ( -1.000000000000000000, 0.000000000000000000, 0.000000000000000000 ) ) ;
#3074 = SURFACE_STYLE_USAGE ( .BOTH. , #1957 ) ;
#3075 = AXIS2_PLACEMENT_3D ( 'NONE', #6877, #1914, #779 ) ;
#3076 =( NAMED_UNIT ( * ) PLANE_ANGLE_UNIT ( ) SI_UNIT ( $, .RADIAN. ) );
#3077 = CARTESIAN_POINT ( 'NONE',  ( 0.9250000000000037081, 1.050000000000000044, -0.8099999999999991651 ) ) ;
#3078 = DIRECTION ( 'NONE',  ( 0.000000000000000000, -0.8660254037844363761, 0.5000000000000039968 ) ) ;
#3079 = ORIENTED_EDGE ( 'NONE', *, *, #7267, .T. ) ;
#3080 = PRESENTATION_LAYER_ASSIGNMENT (  '', '', ( #2058 ) ) ;
#3081 = PLANE ( 'NONE',  #3522 ) ;
#3082 = CARTESIAN_POINT ( 'NONE',  ( 1.675000000000002487, 0.1999999999999999833, 0.7999999999999980460 ) ) ;
#3083 = SURFACE_SIDE_STYLE ('',( #6065 ) ) ;
#3084 = DIRECTION ( 'NONE',  ( 0.1710878697460311570, -0.9702875252478154744, -0.1710878697460311848 ) ) ;
#3085 = EDGE_CURVE ( 'NONE', #6001, #4098, #2954, .T. ) ;
#3086 = VERTEX_POINT ( 'NONE', #7274 ) ;
#3087 = ORIENTED_EDGE ( 'NONE', *, *, #7490, .T. ) ;
#3088 = ORIENTED_EDGE ( 'NONE', *, *, #1557, .T. ) ;
#3089 =( NAMED_UNIT ( * ) PLANE_ANGLE_UNIT ( ) SI_UNIT ( $, .RADIAN. ) );
#3090 = EDGE_CURVE ( 'NONE', #2442, #7138, #7876, .T. ) ;
#3091 = LINE ( 'NONE', #5541, #6782 ) ;
#3092 = DIRECTION ( 'NONE',  ( 0.000000000000000000, -1.000000000000000000, -3.249988186109896618E-11 ) ) ;
#3093 = VECTOR ( 'NONE', #2537, 1000.000000000000000 ) ;
#3094 = LINE ( 'NONE', #2970, #7103 ) ;
#3095 = VERTEX_POINT ( 'NONE', #4 ) ;
#3096 = UNCERTAINTY_MEASURE_WITH_UNIT (LENGTH_MEASURE( 1.000000000000000082E-05 ), #4891, 'distance_accuracy_value', 'NONE');
#3097 = LINE ( 'NONE', #5109, #445 ) ;
#3098 = ORIENTED_EDGE ( 'NONE', *, *, #2976, .T. ) ;
#3099 = DIRECTION ( 'NONE',  ( 0.000000000000000000, 0.000000000000000000, -1.000000000000000000 ) ) ;
#3100 = EDGE_CURVE ( 'NONE', #773, #6173, #3637, .T. ) ;
#3101 = FACE_OUTER_BOUND ( 'NONE', #6418, .T. ) ;
#3102 = FACE_OUTER_BOUND ( 'NONE', #5763, .T. ) ;
#3103 = ADVANCED_FACE ( 'NONE', ( #6645 ), #565, .F. ) ;
#3104 = DIRECTION ( 'NONE',  ( 0.000000000000000000, 1.019985910564053253E-16, -1.000000000000000000 ) ) ;
#3105 = FILL_AREA_STYLE ('',( #3910 ) ) ;
#3106 = CARTESIAN_POINT ( 'NONE',  ( 2.800000000000001599, 8.109541161931386268E-17, -0.7786222391909484175 ) ) ;
#3107 = ORIENTED_EDGE ( 'NONE', *, *, #1787, .F. ) ;
#3108 = PRESENTATION_STYLE_ASSIGNMENT (( #2339 ) ) ;
#3109 = ORIENTED_EDGE ( 'NONE', *, *, #2453, .T. ) ;
#3110 = VERTEX_POINT ( 'NONE', #1141 ) ;
#3111 = PRESENTATION_LAYER_ASSIGNMENT (  '', '', ( #6200 ) ) ;
#3112 = EDGE_CURVE ( 'NONE', #6457, #3441, #6054, .T. ) ;
#3113 = DIRECTION ( 'NONE',  ( 0.000000000000000000, -1.000000000000000000, 0.000000000000000000 ) ) ;
#3114 = EDGE_CURVE ( 'NONE', #5460, #7001, #2388, .T. ) ;
#3115 = FILL_AREA_STYLE ('',( #3721 ) ) ;
#3116 = CARTESIAN_POINT ( 'NONE',  ( 2.300000001987502429, 0.3499999999000000805, -1.000000000000001776 ) ) ;
#3117 = ORIENTED_EDGE ( 'NONE', *, *, #4766, .F. ) ;
#3118 = VECTOR ( 'NONE', #655, 1000.000000000000000 ) ;
#3119 = CARTESIAN_POINT ( 'NONE',  ( -2.099999999149997798, 2.639999999999999236, 0.5500000000000017097 ) ) ;
#3120 = DIRECTION ( 'NONE',  ( -1.000000000000000000, -0.000000000000000000, 0.000000000000000000 ) ) ;
#3121 = VECTOR ( 'NONE', #7201, 1000.000000000000000 ) ;
#3122 = ADVANCED_FACE ( 'NONE', ( #2585 ), #3197, .F. ) ;
#3123 = COLOUR_RGB ( '',0.7960784313725489669, 0.8235294117647058432, 0.9372549019607843146 ) ;
#3124 = DIRECTION ( 'NONE',  ( 0.000000000000000000, -0.000000000000000000, -1.000000000000000000 ) ) ;
#3125 = CARTESIAN_POINT ( 'NONE',  ( 0.1000000000000055705, 2.239999999999989555, -0.3249999999999970690 ) ) ;
#3126 = PLANE ( 'NONE',  #663 ) ;
#3127 = DIRECTION ( 'NONE',  ( -0.000000000000000000, 1.000000000000000000, 0.000000000000000000 ) ) ;
#3128 = VERTEX_POINT ( 'NONE', #82 ) ;
#3129 = PRESENTATION_STYLE_ASSIGNMENT (( #7436 ) ) ;
#3130 = ORIENTED_EDGE ( 'NONE', *, *, #258, .T. ) ;
#3131 = EDGE_CURVE ( 'NONE', #6188, #4142, #3935, .T. ) ;
#3132 = ORIENTED_EDGE ( 'NONE', *, *, #5148, .F. ) ;
#3133 = VECTOR ( 'NONE', #7814, 1000.000000000000000 ) ;
#3134 = PRESENTATION_STYLE_ASSIGNMENT (( #1968 ) ) ;
#3135 = VECTOR ( 'NONE', #4980, 1000.000000000000000 ) ;
#3136 = LINE ( 'NONE', #4938, #6033 ) ;
#3137 = CARTESIAN_POINT ( 'NONE',  ( -0.8749999999999968914, -3.675261601645777964E-18, 0.6500000000000011324 ) ) ;
#3138 = DIRECTION ( 'NONE',  ( -0.000000000000000000, -1.000000000000000000, -1.115385494969530056E-10 ) ) ;
#3139 = ORIENTED_EDGE ( 'NONE', *, *, #1429, .F. ) ;
#3140 = CARTESIAN_POINT ( 'NONE',  ( 9.300000000000002487, 1.050000000000000044, -0.7000000000000015099 ) ) ;
#3141 =( GEOMETRIC_REPRESENTATION_CONTEXT ( 3 ) GLOBAL_UNCERTAINTY_ASSIGNED_CONTEXT ( ( #6931 ) ) GLOBAL_UNIT_ASSIGNED_CONTEXT ( ( #2424, #4875, #7828 ) ) REPRESENTATION_CONTEXT ( 'NONE', 'WORKASPACE' ) );
#3142 = SURFACE_SIDE_STYLE ('',( #140 ) ) ;
#3143 = PLANE ( 'NONE',  #1195 ) ;
#3144 = VECTOR ( 'NONE', #7918, 1000.000000000000000 ) ;
#3145 = MECHANICAL_DESIGN_GEOMETRIC_PRESENTATION_REPRESENTATION (  '', ( #3276 ), #691 ) ;
#3146 = CARTESIAN_POINT ( 'NONE',  ( 1.500000000000002665, 2.639999999999999236, 0.04499999999999992895 ) ) ;
#3147 = CARTESIAN_POINT ( 'NONE',  ( -0.1249999999999965306, 1.050000000000000044, -0.6999999999999985123 ) ) ;
#3148 = STYLED_ITEM ( 'NONE', ( #3788 ), #7448 ) ;
#3149 = EDGE_CURVE ( 'NONE', #3579, #564, #1955, .T. ) ;
#3150 = CARTESIAN_POINT ( 'NONE',  ( 0.1250000000000036915, 2.750000000000000000, -0.8099999999999991651 ) ) ;
#3151 = FACE_OUTER_BOUND ( 'NONE', #7679, .T. ) ;
#3152 = MECHANICAL_DESIGN_GEOMETRIC_PRESENTATION_REPRESENTATION (  '', ( #6970 ), #2502 ) ;
#3153 = PLANE ( 'NONE',  #3260 ) ;
#3154 = VERTEX_POINT ( 'NONE', #2550 ) ;
#3155 = ORIENTED_EDGE ( 'NONE', *, *, #7864, .T. ) ;
#3156 = SURFACE_SIDE_STYLE ('',( #730 ) ) ;
#3157 = ORIENTED_EDGE ( 'NONE', *, *, #6676, .F. ) ;
#3158 = ORIENTED_EDGE ( 'NONE', *, *, #4894, .T. ) ;
#3159 = EDGE_CURVE ( 'NONE', #4975, #4150, #1298, .T. ) ;
#3160 = PLANE ( 'NONE',  #2519 ) ;
#3161 =( LENGTH_UNIT ( ) NAMED_UNIT ( * ) SI_UNIT ( .MILLI., .METRE. ) );
#3162 = ORIENTED_EDGE ( 'NONE', *, *, #3570, .T. ) ;
#3163 = DIRECTION ( 'NONE',  ( -1.000000000000000000, -0.000000000000000000, -0.000000000000000000 ) ) ;
#3164 = LINE ( 'NONE', #2669, #2513 ) ;
#3165 = VECTOR ( 'NONE', #3282, 1000.000000000000000 ) ;
#3166 =( GEOMETRIC_REPRESENTATION_CONTEXT ( 3 ) GLOBAL_UNCERTAINTY_ASSIGNED_CONTEXT ( ( #589 ) ) GLOBAL_UNIT_ASSIGNED_CONTEXT ( ( #302, #4565, #7647 ) ) REPRESENTATION_CONTEXT ( 'NONE', 'WORKASPACE' ) );
#3167 = CARTESIAN_POINT ( 'NONE',  ( 4.400000000000005684, 2.639999999999999236, -0.3955307922833827261 ) ) ;
#3168 = PLANE ( 'NONE',  #6446 ) ;
#3169 = CARTESIAN_POINT ( 'NONE',  ( 0.8750000000000048850, -3.675261601645777502E-17, 1.200000000000000844 ) ) ;
#3170 = DIRECTION ( 'NONE',  ( 1.000000000000000000, 0.000000000000000000, 0.000000000000000000 ) ) ;
#3171 = VECTOR ( 'NONE', #2984, 1000.000000000000000 ) ;
#3172 = ORIENTED_EDGE ( 'NONE', *, *, #2066, .T. ) ;
#3173 = ORIENTED_EDGE ( 'NONE', *, *, #6692, .T. ) ;
#3174 = ORIENTED_EDGE ( 'NONE', *, *, #4313, .T. ) ;
#3175 = CARTESIAN_POINT ( 'NONE',  ( -0.8999999999999966915, 2.639999999999999236, 0.04500000000000296124 ) ) ;
#3176 = COLOUR_RGB ( '',0.7960784313725489669, 0.8235294117647058432, 0.9372549019607843146 ) ;
#3177 = LINE ( 'NONE', #5625, #4301 ) ;
#3178 = PLANE ( 'NONE',  #5292 ) ;
#3179 = LINE ( 'NONE', #4481, #4384 ) ;
#3180 = ORIENTED_EDGE ( 'NONE', *, *, #1733, .F. ) ;
#3181 = FACE_OUTER_BOUND ( 'NONE', #6682, .T. ) ;
#3182 = UNCERTAINTY_MEASURE_WITH_UNIT (LENGTH_MEASURE( 1.000000000000000082E-05 ), #4479, 'distance_accuracy_value', 'NONE');
#3183 = FILL_AREA_STYLE_COLOUR ( '', #5092 ) ;
#3184 = LINE ( 'NONE', #5635, #815 ) ;
#3185 = SURFACE_STYLE_FILL_AREA ( #2576 ) ;
#3186 = FILL_AREA_STYLE ('',( #2536 ) ) ;
#3187 = DIRECTION ( 'NONE',  ( 0.000000000000000000, 0.000000000000000000, 1.000000000000000000 ) ) ;
#3188 = DIRECTION ( 'NONE',  ( -1.000000000000000000, 0.000000000000000000, -0.000000000000000000 ) ) ;
#3189 = CARTESIAN_POINT ( 'NONE',  ( -1.524999999999996803, 0.000000000000000000, 1.200000000000000844 ) ) ;
#3190 = FACE_OUTER_BOUND ( 'NONE', #2944, .T. ) ;
#3191 = ORIENTED_EDGE ( 'NONE', *, *, #1925, .F. ) ;
#3192 = ORIENTED_EDGE ( 'NONE', *, *, #2736, .F. ) ;
#3193 = ORIENTED_EDGE ( 'NONE', *, *, #7095, .T. ) ;
#3194 = EDGE_LOOP ( 'NONE', ( #498, #527, #7480, #6096 ) ) ;
#3195 = ADVANCED_FACE ( 'NONE', ( #5090 ), #5608, .T. ) ;
#3196 = EDGE_LOOP ( 'NONE', ( #2664, #6779, #3523, #5101 ) ) ;
#3197 = PLANE ( 'NONE',  #5989 ) ;
#3198 = FACE_OUTER_BOUND ( 'NONE', #2250, .T. ) ;
#3199 = SURFACE_SIDE_STYLE ('',( #6948 ) ) ;
#3200 = ORIENTED_EDGE ( 'NONE', *, *, #5104, .T. ) ;
#3201 = CARTESIAN_POINT ( 'NONE',  ( 2.100000000000001421, 1.050000000000000044, 0.5499999999999986011 ) ) ;
#3202 = FACE_OUTER_BOUND ( 'NONE', #6945, .T. ) ;
#3203 = VECTOR ( 'NONE', #6030, 1000.000000000000000 ) ;
#3204 = VECTOR ( 'NONE', #7745, 1000.000000000000114 ) ;
#3205 = DIRECTION ( 'NONE',  ( 1.000000000000000000, 0.000000000000000000, 0.000000000000000000 ) ) ;
#3206 = DIRECTION ( 'NONE',  ( 1.000000000000000000, 0.000000000000000000, 0.000000000000000000 ) ) ;
#3207 = ORIENTED_EDGE ( 'NONE', *, *, #4066, .T. ) ;
#3208 = DIRECTION ( 'NONE',  ( -1.000000000000000000, 0.000000000000000000, 0.000000000000000000 ) ) ;
#3209 = ORIENTED_EDGE ( 'NONE', *, *, #1169, .F. ) ;
#3210 = VECTOR ( 'NONE', #2955, 1000.000000000000000 ) ;
#3211 = DIRECTION ( 'NONE',  ( -0.000000000000000000, -1.000000000000000000, -0.000000000000000000 ) ) ;
#3212 = DIRECTION ( 'NONE',  ( 0.000000000000000000, 1.000000000000000000, 0.000000000000000000 ) ) ;
#3213 = DIRECTION ( 'NONE',  ( -0.000000000000000000, -1.000000000000000000, -0.000000000000000000 ) ) ;
#3214 = DIRECTION ( 'NONE',  ( -1.000000000000000000, -0.000000000000000000, -0.000000000000000000 ) ) ;
#3215 = ORIENTED_EDGE ( 'NONE', *, *, #5631, .T. ) ;
#3216 = EDGE_CURVE ( 'NONE', #3422, #6424, #1993, .T. ) ;
#3217 = EDGE_CURVE ( 'NONE', #7175, #6257, #3842, .T. ) ;
#3218 = LINE ( 'NONE', #716, #3301 ) ;
#3219 = DIRECTION ( 'NONE',  ( 1.000000000000000000, 0.000000000000000000, -1.355252715606883008E-16 ) ) ;
#3220 = ORIENTED_EDGE ( 'NONE', *, *, #1563, .T. ) ;
#3221 = AXIS2_PLACEMENT_3D ( 'NONE', #2060, #3225, #7503 ) ;
#3222 = FACE_OUTER_BOUND ( 'NONE', #5958, .T. ) ;
#3223 = ADVANCED_FACE ( 'NONE', ( #4349 ), #4463, .F. ) ;
#3224 = LINE ( 'NONE', #765, #3395 ) ;
#3225 = DIRECTION ( 'NONE',  ( -0.000000000000000000, 0.8191520442889909104, 0.5735764363510474917 ) ) ;
#3226 = LINE ( 'NONE', #2540, #4440 ) ;
#3227 = CARTESIAN_POINT ( 'NONE',  ( 2.210000000000002185, 2.750000000000000000, -1.000000000000001776 ) ) ;
#3228 = ORIENTED_EDGE ( 'NONE', *, *, #4199, .T. ) ;
#3229 = ADVANCED_FACE ( 'NONE', ( #1339 ), #7511, .F. ) ;
#3230 = EDGE_CURVE ( 'NONE', #7572, #7831, #6219, .T. ) ;
#3231 = CARTESIAN_POINT ( 'NONE',  ( -2.799999999999997158, 0.1000000012999997384, 0.05000000000812666184 ) ) ;
#3232 = ORIENTED_EDGE ( 'NONE', *, *, #715, .T. ) ;
#3233 = ORIENTED_EDGE ( 'NONE', *, *, #323, .T. ) ;
#3234 = VERTEX_POINT ( 'NONE', #7543 ) ;
#3235 = VERTEX_POINT ( 'NONE', #4501 ) ;
#3236 = ADVANCED_FACE ( 'NONE', ( #735 ), #3160, .F. ) ;
#3237 = SURFACE_STYLE_FILL_AREA ( #780 ) ;
#3238 = LINE ( 'NONE', #1959, #570 ) ;
#3239 = EDGE_CURVE ( 'NONE', #2421, #2156, #1462, .T. ) ;
#3240 = CARTESIAN_POINT ( 'NONE',  ( 2.600000000000001865, 0.3499999999999999778, 0.05000000001624859552 ) ) ;
#3241 = VECTOR ( 'NONE', #7039, 1000.000000000000000 ) ;
#3242 = LINE ( 'NONE', #6884, #18 ) ;
#3243 = ORIENTED_EDGE ( 'NONE', *, *, #3452, .F. ) ;
#3244 = DIRECTION ( 'NONE',  ( 0.000000000000000000, 0.000000000000000000, -1.000000000000000000 ) ) ;
#3245 = EDGE_CURVE ( 'NONE', #6378, #2715, #6517, .T. ) ;
#3246 = CARTESIAN_POINT ( 'NONE',  ( 1.525000000000002576, 0.04999999999999996808, 1.199999999999998179 ) ) ;
#3247 = COLOUR_RGB ( '',0.7960784313725489669, 0.8235294117647058432, 0.9372549019607843146 ) ;
#3248 = VERTEX_POINT ( 'NONE', #2825 ) ;
#3249 = ORIENTED_EDGE ( 'NONE', *, *, #7697, .T. ) ;
#3250 = VECTOR ( 'NONE', #2262, 1000.000000000000000 ) ;
#3251 = DIRECTION ( 'NONE',  ( 0.000000000000000000, 3.249988186109896618E-11, -1.000000000000000000 ) ) ;
#3252 = LINE ( 'NONE', #1279, #7060 ) ;
#3253 = DIRECTION ( 'NONE',  ( 0.000000000000000000, -0.5000000000000039968, -0.8660254037844363761 ) ) ;
#3254 = ORIENTED_EDGE ( 'NONE', *, *, #180, .F. ) ;
#3255 = UNCERTAINTY_MEASURE_WITH_UNIT (LENGTH_MEASURE( 1.000000000000000082E-05 ), #7616, 'distance_accuracy_value', 'NONE');
#3256 = CARTESIAN_POINT ( 'NONE',  ( -2.339999999999997637, 1.050000000000000044, -0.4999999999999985012 ) ) ;
#3257 = DIRECTION ( 'NONE',  ( 1.000000000000000000, -0.000000000000000000, 0.000000000000000000 ) ) ;
#3258 = ORIENTED_EDGE ( 'NONE', *, *, #1688, .F. ) ;
#3259 = VECTOR ( 'NONE', #6357, 1000.000000000000000 ) ;
#3260 = AXIS2_PLACEMENT_3D ( 'NONE', #2580, #5039, #75 ) ;
#3261 = LINE ( 'NONE', #5641, #3093 ) ;
#3262 = VECTOR ( 'NONE', #7113, 1000.000000000000000 ) ;
#3263 = LINE ( 'NONE', #725, #1621 ) ;
#3264 = ORIENTED_EDGE ( 'NONE', *, *, #846, .T. ) ;
#3265 = CARTESIAN_POINT ( 'NONE',  ( -2.799999999999997158, 0.7936749699759757526, -0.9499999999999984013 ) ) ;
#3266 = ADVANCED_FACE ( 'NONE', ( #3955 ), #2101, .F. ) ;
#3267 = STYLED_ITEM ( 'NONE', ( #6833 ), #6172 ) ;
#3268 = VERTEX_POINT ( 'NONE', #892 ) ;
#3269 = DIRECTION ( 'NONE',  ( 0.000000000000000000, -0.000000000000000000, 1.000000000000000000 ) ) ;
#3270 = ORIENTED_EDGE ( 'NONE', *, *, #3090, .T. ) ;
#3271 = VECTOR ( 'NONE', #4489, 1000.000000000000114 ) ;
#3272 = LINE ( 'NONE', #6364, #4929 ) ;
#3273 = ORIENTED_EDGE ( 'NONE', *, *, #2914, .F. ) ;
#3274 = CARTESIAN_POINT ( 'NONE',  ( -0.7249999999999952038, 0.4500000002000000277, 0.6556624325871229786 ) ) ;
#3275 = EDGE_CURVE ( 'NONE', #2344, #2056, #6399, .T. ) ;
#3276 = STYLED_ITEM ( 'NONE', ( #6553 ), #6351 ) ;
#3277 = ORIENTED_EDGE ( 'NONE', *, *, #4945, .F. ) ;
#3278 = VECTOR ( 'NONE', #966, 1000.000000000000000 ) ;
#3279 = FILL_AREA_STYLE_COLOUR ( '', #5011 ) ;
#3280 = DIRECTION ( 'NONE',  ( 0.000000000000000000, 0.000000000000000000, 1.000000000000000000 ) ) ;
#3281 = DIRECTION ( 'NONE',  ( -1.000000000000000000, 0.000000000000000000, -0.000000000000000000 ) ) ;
#3282 = DIRECTION ( 'NONE',  ( 0.000000000000000000, 0.000000000000000000, -1.000000000000000000 ) ) ;
#3283 = CARTESIAN_POINT ( 'NONE',  ( 2.100000001000001948, 2.750000000000000000, 0.09999999999999857614 ) ) ;
#3284 = DIRECTION ( 'NONE',  ( 0.000000000000000000, -0.000000000000000000, 1.000000000000000000 ) ) ;
#3285 = SURFACE_STYLE_FILL_AREA ( #4514 ) ;
#3286 = AXIS2_PLACEMENT_3D ( 'NONE', #1389, #7400, #2560 ) ;
#3287 = VECTOR ( 'NONE', #6762, 1000.000000000000000 ) ;
#3288 = VECTOR ( 'NONE', #6628, 1000.000000000000114 ) ;
#3289 = LINE ( 'NONE', #2756, #4402 ) ;
#3290 = EDGE_CURVE ( 'NONE', #4035, #2434, #5198, .T. ) ;
#3291 = SURFACE_STYLE_USAGE ( .BOTH. , #59 ) ;
#3292 = MECHANICAL_DESIGN_GEOMETRIC_PRESENTATION_REPRESENTATION (  '', ( #1112 ), #2132 ) ;
#3293 = DIRECTION ( 'NONE',  ( 1.000000000000000000, -0.000000000000000000, 0.000000000000000000 ) ) ;
#3294 = VECTOR ( 'NONE', #6255, 1000.000000000000000 ) ;
#3295 = DIRECTION ( 'NONE',  ( -1.000000000000000000, 0.000000000000000000, 1.355252715606883008E-16 ) ) ;
#3296 = PLANE ( 'NONE',  #7751 ) ;
#3297 = EDGE_LOOP ( 'NONE', ( #5713, #1031, #1992, #2004 ) ) ;
#3298 = CARTESIAN_POINT ( 'NONE',  ( -1.699999999999995737, 2.239999999999989555, -0.8249999999999970690 ) ) ;
#3299 = FACE_OUTER_BOUND ( 'NONE', #6606, .T. ) ;
#3300 = LINE ( 'NONE', #6359, #6924 ) ;
#3301 = VECTOR ( 'NONE', #673, 1000.000000000000000 ) ;
#3302 = DIRECTION ( 'NONE',  ( -0.9848077530122090195, -0.1736481776669255295, -0.000000000000000000 ) ) ;
#3303 = CARTESIAN_POINT ( 'NONE',  ( 0.7749059143071881373, 2.664812549992180646, 0.2700940856928182310 ) ) ;
#3304 = ORIENTED_EDGE ( 'NONE', *, *, #836, .F. ) ;
#3305 = DIRECTION ( 'NONE',  ( -1.000000000000000000, 0.000000000000000000, 0.000000000000000000 ) ) ;
#3306 = PLANE ( 'NONE',  #6960 ) ;
#3307 = ORIENTED_EDGE ( 'NONE', *, *, #2077, .F. ) ;
#3308 = EDGE_LOOP ( 'NONE', ( #7266, #391, #2011, #6554 ) ) ;
#3309 = VECTOR ( 'NONE', #381, 1000.000000000000000 ) ;
#3310 = LINE ( 'NONE', #4062, #6900 ) ;
#3311 = VERTEX_POINT ( 'NONE', #1535 ) ;
#3312 = CARTESIAN_POINT ( 'NONE',  ( 1.700000000000003064, 2.639999999999999236, -0.8250000000000000666 ) ) ;
#3313 = EDGE_CURVE ( 'NONE', #3982, #1469, #7249, .T. ) ;
#3314 = CARTESIAN_POINT ( 'NONE',  ( 3.100000000000002309, 2.750000000000000000, 1.000000000000001776 ) ) ;
#3315 =( GEOMETRIC_REPRESENTATION_CONTEXT ( 3 ) GLOBAL_UNCERTAINTY_ASSIGNED_CONTEXT ( ( #2532 ) ) GLOBAL_UNIT_ASSIGNED_CONTEXT ( ( #7350, #3800, #46 ) ) REPRESENTATION_CONTEXT ( 'NONE', 'WORKASPACE' ) );
#3316 = SURFACE_STYLE_USAGE ( .BOTH. , #5321 ) ;
#3317 = CARTESIAN_POINT ( 'NONE',  ( 2.300000000000002043, 0.1000000012999997384, -1.000000000000001776 ) ) ;
#3318 = FACE_OUTER_BOUND ( 'NONE', #4372, .T. ) ;
#3319 = VECTOR ( 'NONE', #6558, 1000.000000000000000 ) ;
#3320 = ORIENTED_EDGE ( 'NONE', *, *, #4218, .T. ) ;
#3321 = LINE ( 'NONE', #786, #2558 ) ;
#3322 = DIRECTION ( 'NONE',  ( 0.000000000000000000, -1.000000000000000000, -1.857148025303053679E-09 ) ) ;
#3323 = VECTOR ( 'NONE', #3434, 1000.000000000000000 ) ;
#3324 = AXIS2_PLACEMENT_3D ( 'NONE', #1191, #3013, #5462 ) ;
#3325 = FILL_AREA_STYLE_COLOUR ( '', #817 ) ;
#3326 = ORIENTED_EDGE ( 'NONE', *, *, #1502, .F. ) ;
#3327 = FACE_OUTER_BOUND ( 'NONE', #2582, .T. ) ;
#3328 = EDGE_LOOP ( 'NONE', ( #4317, #1492, #1415, #1720 ) ) ;
#3329 = CARTESIAN_POINT ( 'NONE',  ( 0.8750000000000048850, 0.1000000006499977834, 0.5499999993499998796 ) ) ;
#3330 =( NAMED_UNIT ( * ) SI_UNIT ( $, .STERADIAN. ) SOLID_ANGLE_UNIT ( ) );
#3331 = UNCERTAINTY_MEASURE_WITH_UNIT (LENGTH_MEASURE( 1.000000000000000082E-05 ), #2526, 'distance_accuracy_value', 'NONE');
#3332 = VECTOR ( 'NONE', #7743, 1000.000000000000000 ) ;
#3333 = DIRECTION ( 'NONE',  ( 0.000000000000000000, 0.000000000000000000, -1.000000000000000000 ) ) ;
#3334 = VERTEX_POINT ( 'NONE', #2249 ) ;
#3335 = EDGE_CURVE ( 'NONE', #6452, #3633, #6435, .T. ) ;
#3336 = DIRECTION ( 'NONE',  ( -1.000000000000000000, 0.000000000000000000, -0.000000000000000000 ) ) ;
#3337 = DIRECTION ( 'NONE',  ( 0.000000000000000000, 5.421010860823805421E-16, -1.000000000000000000 ) ) ;
#3338 = CARTESIAN_POINT ( 'NONE',  ( -0.7962737875043703895, 2.785995780779311648, -0.7287262124956209730 ) ) ;
#3339 = LINE ( 'NONE', #5793, #4696 ) ;
#3340 = EDGE_CURVE ( 'NONE', #7758, #4737, #3310, .T. ) ;
#3341 = CARTESIAN_POINT ( 'NONE',  ( -2.799999999999997158, 1.000000000000000000, -0.2499999999999983902 ) ) ;
#3342 = ORIENTED_EDGE ( 'NONE', *, *, #4470, .F. ) ;
#3343 = CARTESIAN_POINT ( 'NONE',  ( 3.600000000000004974, 2.639999999999999236, 0.2744692077166173139 ) ) ;
#3344 = EDGE_CURVE ( 'NONE', #5460, #1687, #2176, .T. ) ;
#3345 = SURFACE_SIDE_STYLE ('',( #5916 ) ) ;
#3346 = DIRECTION ( 'NONE',  ( 1.000000000000000000, 0.000000000000000000, 0.000000000000000000 ) ) ;
#3347 = CARTESIAN_POINT ( 'NONE',  ( 2.800000000000001599, 0.3063250300240242252, -0.8500000000000015321 ) ) ;
#3348 = CARTESIAN_POINT ( 'NONE',  ( -0.003726212495619852898, 2.785995780779311648, -0.7287262124956209730 ) ) ;
#3349 = DIRECTION ( 'NONE',  ( 0.000000000000000000, -1.000000000000000000, 0.000000000000000000 ) ) ;
#3350 = CARTESIAN_POINT ( 'NONE',  ( 1.525000000000002576, 0.4500000002000000277, 0.6556624325871199810 ) ) ;
#3351 = FILL_AREA_STYLE_COLOUR ( '', #936 ) ;
#3352 = EDGE_CURVE ( 'NONE', #7642, #7815, #1496, .T. ) ;
#3353 = CARTESIAN_POINT ( 'NONE',  ( -1.699999999999996625, 2.639999999999999236, 0.04500000000000296124 ) ) ;
#3354 = DIRECTION ( 'NONE',  ( 0.000000000000000000, 0.000000000000000000, -1.000000000000000000 ) ) ;
#3355 = ORIENTED_EDGE ( 'NONE', *, *, #4866, .F. ) ;
#3356 = DIRECTION ( 'NONE',  ( 1.000000000000000000, -0.000000000000000000, -0.000000000000000000 ) ) ;
#3357 = DIRECTION ( 'NONE',  ( 0.000000000000000000, -1.019985910564053253E-16, 1.000000000000000000 ) ) ;
#3358 = EDGE_CURVE ( 'NONE', #5461, #2952, #4580, .T. ) ;
#3359 = VERTEX_POINT ( 'NONE', #315 ) ;
#3360 = EDGE_CURVE ( 'NONE', #4788, #7143, #6480, .T. ) ;
#3361 = ADVANCED_FACE ( 'NONE', ( #4019 ), #3508, .F. ) ;
#3362 = PRESENTATION_STYLE_ASSIGNMENT (( #6308 ) ) ;
#3363 = ORIENTED_EDGE ( 'NONE', *, *, #6225, .F. ) ;
#3364 = STYLED_ITEM ( 'NONE', ( #900 ), #123 ) ;
#3365 = PRESENTATION_LAYER_ASSIGNMENT (  '', '', ( #1695 ) ) ;
#3366 = DIRECTION ( 'NONE',  ( 1.000000000000000000, -0.000000000000000000, -0.000000000000000000 ) ) ;
#3367 = ORIENTED_EDGE ( 'NONE', *, *, #7555, .T. ) ;
#3368 = DIRECTION ( 'NONE',  ( 0.000000000000000000, 0.000000000000000000, 1.000000000000000000 ) ) ;
#3369 = ADVANCED_FACE ( 'NONE', ( #6677 ), #558, .F. ) ;
#3370 = DIRECTION ( 'NONE',  ( -0.000000000000000000, 0.000000000000000000, 1.000000000000000000 ) ) ;
#3371 = FACE_OUTER_BOUND ( 'NONE', #4654, .T. ) ;
#3372 = VECTOR ( 'NONE', #3619, 1000.000000000000000 ) ;
#3373 = VECTOR ( 'NONE', #5244, 1000.000000000000000 ) ;
#3374 = ORIENTED_EDGE ( 'NONE', *, *, #475, .F. ) ;
#3375 = PRESENTATION_LAYER_ASSIGNMENT (  '', '', ( #665 ) ) ;
#3376 = CARTESIAN_POINT ( 'NONE',  ( 0.9000000000000047962, 1.050000000000000044, 0.04500000000000294043 ) ) ;
#3377 = LINE ( 'NONE', #1125, #557 ) ;
#3378 = LINE ( 'NONE', #307, #5735 ) ;
#3379 = DIRECTION ( 'NONE',  ( -0.000000000000000000, 1.000000000000000000, 1.857148025303053679E-09 ) ) ;
#3380 = CARTESIAN_POINT ( 'NONE',  ( 9.540000000000002700, 1.050000000000000044, 0.09999999999999863165 ) ) ;
#3381 = COLOUR_RGB ( '',1.000000000000000000, 1.000000000000000000, 0.8431372549019607865 ) ;
#3382 = EDGE_LOOP ( 'NONE', ( #519, #2290, #657, #7444 ) ) ;
#3383 = VECTOR ( 'NONE', #6830, 1000.000000000000000 ) ;
#3384 = DIRECTION ( 'NONE',  ( -0.000000000000000000, -0.000000000000000000, 1.000000000000000000 ) ) ;
#3385 = ORIENTED_EDGE ( 'NONE', *, *, #6586, .F. ) ;
#3386 = DIRECTION ( 'NONE',  ( -0.000000000000000000, 1.000000000000000000, -0.000000000000000000 ) ) ;
#3387 = CARTESIAN_POINT ( 'NONE',  ( 14.90000000000000391, 1.050000000000000044, -0.6999999999999985123 ) ) ;
#3388 = AXIS2_PLACEMENT_3D ( 'NONE', #1671, #1030, #4680 ) ;
#3389 = CARTESIAN_POINT ( 'NONE',  ( 3.100000000000002309, 0.3500000000000000333, -1.000000000000001776 ) ) ;
#3390 = ORIENTED_EDGE ( 'NONE', *, *, #5384, .T. ) ;
#3391 = LINE ( 'NONE', #4707, #2949 ) ;
#3392 = DIRECTION ( 'NONE',  ( 0.000000000000000000, 0.000000000000000000, 1.000000000000000000 ) ) ;
#3393 = ADVANCED_FACE ( 'NONE', ( #3065 ), #476, .F. ) ;
#3394 = PRESENTATION_LAYER_ASSIGNMENT (  '', '', ( #3267 ) ) ;
#3395 = VECTOR ( 'NONE', #186, 1000.000000000000000 ) ;
#3396 = CARTESIAN_POINT ( 'NONE',  ( 1.500000000000002665, 2.239999999999990443, 0.04499999999999992895 ) ) ;
#3397 = CIRCLE ( 'NONE', #2494, 0.1000000000000000472 ) ;
#3398 = DIRECTION ( 'NONE',  ( 0.000000000000000000, 0.000000000000000000, -1.000000000000000000 ) ) ;
#3399 = VECTOR ( 'NONE', #7252, 1000.000000000000000 ) ;
#3400 = DIRECTION ( 'NONE',  ( 0.000000000000000000, 0.000000000000000000, 1.000000000000000000 ) ) ;
#3401 = EDGE_CURVE ( 'NONE', #1506, #1653, #4832, .T. ) ;
#3402 = EDGE_LOOP ( 'NONE', ( #3539, #3977, #1622, #256 ) ) ;
#3403 = DIRECTION ( 'NONE',  ( -1.000000000000000000, -0.000000000000000000, -0.000000000000000000 ) ) ;
#3404 = ORIENTED_EDGE ( 'NONE', *, *, #845, .F. ) ;
#3405 = DIRECTION ( 'NONE',  ( 0.000000000000000000, -1.000000000000000000, -5.421010860823805421E-16 ) ) ;
#3406 = UNCERTAINTY_MEASURE_WITH_UNIT (LENGTH_MEASURE( 1.000000000000000082E-05 ), #6042, 'distance_accuracy_value', 'NONE');
#3407 = VERTEX_POINT ( 'NONE', #1168 ) ;
#3408 = CARTESIAN_POINT ( 'NONE',  ( 0.6750000000000039302, 2.639999999999998348, -0.6999999999999982903 ) ) ;
#3409 = COLOUR_RGB ( '',0.7960784313725489669, 0.8235294117647058432, 0.9372549019607843146 ) ;
#3410 = EDGE_LOOP ( 'NONE', ( #1648, #5399, #3798, #332 ) ) ;
#3411 = AXIS2_PLACEMENT_3D ( 'NONE', #7752, #5325, #2708 ) ;
#3412 = DIRECTION ( 'NONE',  ( 0.000000000000000000, 1.000000000000000000, 0.000000000000000000 ) ) ;
#3413 = AXIS2_PLACEMENT_3D ( 'NONE', #4883, #2471, #3726 ) ;
#3414 = LINE ( 'NONE', #6506, #4155 ) ;
#3415 = DIRECTION ( 'NONE',  ( 0.1710878697460308795, -0.9702875252478155854, -0.1710878697460308795 ) ) ;
#3416 = SURFACE_STYLE_USAGE ( .BOTH. , #1562 ) ;
#3417 = DIRECTION ( 'NONE',  ( 0.000000000000000000, -1.000000000000000000, 0.000000000000000000 ) ) ;
#3418 = MECHANICAL_DESIGN_GEOMETRIC_PRESENTATION_REPRESENTATION (  '', ( #2394 ), #7759 ) ;
#3419 = ORIENTED_EDGE ( 'NONE', *, *, #5619, .F. ) ;
#3420 = DIRECTION ( 'NONE',  ( 1.000000000000000000, 0.000000000000000000, 0.000000000000000000 ) ) ;
#3421 = ORIENTED_EDGE ( 'NONE', *, *, #7768, .F. ) ;
#3422 = VERTEX_POINT ( 'NONE', #7262 ) ;
#3423 = FACE_OUTER_BOUND ( 'NONE', #1260, .T. ) ;
#3424 = ORIENTED_EDGE ( 'NONE', *, *, #5420, .F. ) ;
#3425 = VECTOR ( 'NONE', #3379, 1000.000000000000000 ) ;
#3426 = DIRECTION ( 'NONE',  ( -1.000000000000000000, -0.000000000000000000, -0.000000000000000000 ) ) ;
#3427 = ORIENTED_EDGE ( 'NONE', *, *, #1787, .T. ) ;
#3428 =( NAMED_UNIT ( * ) PLANE_ANGLE_UNIT ( ) SI_UNIT ( $, .RADIAN. ) );
#3429 = ORIENTED_EDGE ( 'NONE', *, *, #3090, .F. ) ;
#3430 = SURFACE_SIDE_STYLE ('',( #1619 ) ) ;
#3431 = EDGE_CURVE ( 'NONE', #6071, #6967, #7219, .T. ) ;
#3432 = LINE ( 'NONE', #4310, #2766 ) ;
#3433 = SURFACE_SIDE_STYLE ('',( #325 ) ) ;
#3434 = DIRECTION ( 'NONE',  ( -0.000000000000000000, -0.5150380749100552658, -0.8571673007021116675 ) ) ;
#3435 = ORIENTED_EDGE ( 'NONE', *, *, #6007, .F. ) ;
#3436 = FACE_OUTER_BOUND ( 'NONE', #2422, .T. ) ;
#3437 = ADVANCED_FACE ( 'NONE', ( #1737 ), #5402, .T. ) ;
#3438 = ORIENTED_EDGE ( 'NONE', *, *, #5148, .T. ) ;
#3439 = EDGE_LOOP ( 'NONE', ( #4419, #6431, #7675, #7036 ) ) ;
#3440 = DIRECTION ( 'NONE',  ( -1.000000000000000000, -0.000000000000000000, -0.000000000000000000 ) ) ;
#3441 = VERTEX_POINT ( 'NONE', #7785 ) ;
#3442 = DIRECTION ( 'NONE',  ( -0.000000000000000000, 0.000000000000000000, -1.000000000000000000 ) ) ;
#3443 = LINE ( 'NONE', #1551, #1640 ) ;
#3444 = DIRECTION ( 'NONE',  ( 0.000000000000000000, 1.000000000000000000, 0.000000000000000000 ) ) ;
#3445 = ORIENTED_EDGE ( 'NONE', *, *, #376, .T. ) ;
#3446 = AXIS2_PLACEMENT_3D ( 'NONE', #4852, #7287, #1231 ) ;
#3447 = ORIENTED_EDGE ( 'NONE', *, *, #501, .F. ) ;
#3448 = VECTOR ( 'NONE', #2104, 1000.000000000000000 ) ;
#3449 = DIRECTION ( 'NONE',  ( -1.000000000000000000, 0.000000000000000000, 0.000000000000000000 ) ) ;
#3450 = EDGE_CURVE ( 'NONE', #4142, #3865, #1817, .T. ) ;
#3451 = CARTESIAN_POINT ( 'NONE',  ( 0.07500000000000485445, 0.1999999999999999278, 1.250000000000001110 ) ) ;
#3452 = EDGE_CURVE ( 'NONE', #7724, #2878, #6637, .T. ) ;
#3453 =( GEOMETRIC_REPRESENTATION_CONTEXT ( 3 ) GLOBAL_UNCERTAINTY_ASSIGNED_CONTEXT ( ( #1809 ) ) GLOBAL_UNIT_ASSIGNED_CONTEXT ( ( #7313, #3076, #7878 ) ) REPRESENTATION_CONTEXT ( 'NONE', 'WORKASPACE' ) );
#3454 = CARTESIAN_POINT ( 'NONE',  ( 0.07500000000000485445, 0.4500000002000000277, 0.6556624325871229786 ) ) ;
#3455 =( NAMED_UNIT ( * ) PLANE_ANGLE_UNIT ( ) SI_UNIT ( $, .RADIAN. ) );
#3456 = CARTESIAN_POINT ( 'NONE',  ( 2.339999999937502739, 1.050000000000000044, 0.09999999999999863165 ) ) ;
#3457 = ORIENTED_EDGE ( 'NONE', *, *, #5382, .F. ) ;
#3458 = EDGE_CURVE ( 'NONE', #7815, #7506, #4854, .T. ) ;
#3459 = PRESENTATION_LAYER_ASSIGNMENT (  '', '', ( #1929 ) ) ;
#3460 =( NAMED_UNIT ( * ) SI_UNIT ( $, .STERADIAN. ) SOLID_ANGLE_UNIT ( ) );
#3461 = EDGE_LOOP ( 'NONE', ( #62, #7156, #3363, #5913 ) ) ;
#3462 = ORIENTED_EDGE ( 'NONE', *, *, #4493, .F. ) ;
#3463 = LINE ( 'NONE', #392, #3012 ) ;
#3464 = ORIENTED_EDGE ( 'NONE', *, *, #5547, .F. ) ;
#3465 = DIRECTION ( 'NONE',  ( 1.000000000000000000, -0.000000000000000000, -0.000000000000000000 ) ) ;
#3466 = EDGE_LOOP ( 'NONE', ( #6502, #6185, #3155, #1321 ) ) ;
#3467 = UNCERTAINTY_MEASURE_WITH_UNIT (LENGTH_MEASURE( 1.000000000000000082E-05 ), #6906, 'distance_accuracy_value', 'NONE');
#3468 = FACE_OUTER_BOUND ( 'NONE', #4207, .T. ) ;
#3469 = ORIENTED_EDGE ( 'NONE', *, *, #3360, .F. ) ;
#3470 = EDGE_CURVE ( 'NONE', #6491, #1642, #6707, .T. ) ;
#3471 = CARTESIAN_POINT ( 'NONE',  ( -2.799999999999997158, 1.355252715606880543E-17, -0.1164279503904875612 ) ) ;
#3472 = ORIENTED_EDGE ( 'NONE', *, *, #2512, .T. ) ;
#3473 = PLANE ( 'NONE',  #6625 ) ;
#3474 = EDGE_CURVE ( 'NONE', #2461, #1755, #5518, .T. ) ;
#3475 = DIRECTION ( 'NONE',  ( -1.000000000000000000, -0.000000000000000000, -0.000000000000000000 ) ) ;
#3476 = ORIENTED_EDGE ( 'NONE', *, *, #7864, .F. ) ;
#3477 = CIRCLE ( 'NONE', #5531, 0.04999999999999991257 ) ;
#3478 = ORIENTED_EDGE ( 'NONE', *, *, #3217, .T. ) ;
#3479 = CARTESIAN_POINT ( 'NONE',  ( -2.209999999999997744, 2.750000000000000000, -0.9999999999999986677 ) ) ;
#3480 = CARTESIAN_POINT ( 'NONE',  ( -0.8999999999999958034, 2.639999999999999236, -0.3249999999999970690 ) ) ;
#3481 = SURFACE_SIDE_STYLE ('',( #1664 ) ) ;
#3482 = ORIENTED_EDGE ( 'NONE', *, *, #3486, .T. ) ;
#3483 = ORIENTED_EDGE ( 'NONE', *, *, #2110, .T. ) ;
#3484 = LINE ( 'NONE', #454, #4799 ) ;
#3485 = ORIENTED_EDGE ( 'NONE', *, *, #4621, .F. ) ;
#3486 = EDGE_CURVE ( 'NONE', #2421, #1051, #3548, .T. ) ;
#3487 = PLANE ( 'NONE',  #1443 ) ;
#3488 = DIRECTION ( 'NONE',  ( 0.000000000000000000, 0.000000000000000000, -1.000000000000000000 ) ) ;
#3489 = PLANE ( 'NONE',  #5492 ) ;
#3490 = DIRECTION ( 'NONE',  ( 0.000000000000000000, -0.000000000000000000, -1.000000000000000000 ) ) ;
#3491 = COLOUR_RGB ( '',1.000000000000000000, 1.000000000000000000, 0.8431372549019607865 ) ;
#3492 = LINE ( 'NONE', #6776, #3135 ) ;
#3493 = EDGE_CURVE ( 'NONE', #7739, #7497, #7530, .T. ) ;
#3494 = LINE ( 'NONE', #7893, #303 ) ;
#3495 = CARTESIAN_POINT ( 'NONE',  ( -1.524999999999996803, 0.4500000002000000832, 0.6556624325871229786 ) ) ;
#3496 =( GEOMETRIC_REPRESENTATION_CONTEXT ( 3 ) GLOBAL_UNCERTAINTY_ASSIGNED_CONTEXT ( ( #2251 ) ) GLOBAL_UNIT_ASSIGNED_CONTEXT ( ( #6029, #4850, #7286 ) ) REPRESENTATION_CONTEXT ( 'NONE', 'WORKASPACE' ) );
#3497 = DIRECTION ( 'NONE',  ( -1.000000000000000000, 0.000000000000000000, 0.000000000000000000 ) ) ;
#3498 = VECTOR ( 'NONE', #5288, 1000.000000000000000 ) ;
#3499 = DIRECTION ( 'NONE',  ( 0.000000000000000000, -0.000000000000000000, 1.000000000000000000 ) ) ;
#3500 = VERTEX_POINT ( 'NONE', #6750 ) ;
#3501 = AXIS2_PLACEMENT_3D ( 'NONE', #1142, #4880, #1218 ) ;
#3502 = LINE ( 'NONE', #7133, #3786 ) ;
#3503 = EDGE_LOOP ( 'NONE', ( #2584, #7786, #1095, #1417 ) ) ;
#3504 = VERTEX_POINT ( 'NONE', #3329 ) ;
#3505 = CARTESIAN_POINT ( 'NONE',  ( 0.7250000000000031974, 0.4500000002000000832, 0.6556624325871229786 ) ) ;
#3506 = VERTEX_POINT ( 'NONE', #7605 ) ;
#3507 = CARTESIAN_POINT ( 'NONE',  ( 2.800000000000001599, 0.7936749699759757526, -0.9500000000000013989 ) ) ;
#3508 = PLANE ( 'NONE',  #2809 ) ;
#3509 = SURFACE_STYLE_FILL_AREA ( #1052 ) ;
#3510 = PLANE ( 'NONE',  #1520 ) ;
#3511 = PRESENTATION_STYLE_ASSIGNMENT (( #441 ) ) ;
#3512 = VECTOR ( 'NONE', #3058, 1000.000000000000000 ) ;
#3513 = LINE ( 'NONE', #1102, #4149 ) ;
#3514 = EDGE_LOOP ( 'NONE', ( #6592, #5126, #3999, #2040 ) ) ;
#3515 = STYLED_ITEM ( 'NONE', ( #3134 ), #6797 ) ;
#3516 = LINE ( 'NONE', #3353, #6737 ) ;
#3517 = VECTOR ( 'NONE', #2399, 1000.000000000000000 ) ;
#3518 = CARTESIAN_POINT ( 'NONE',  ( 0.9000000000000047962, 2.239999999999990443, 0.3450000000000029710 ) ) ;
#3519 = ORIENTED_EDGE ( 'NONE', *, *, #6692, .F. ) ;
#3520 = ADVANCED_FACE ( 'NONE', ( #6963 ), #5823, .F. ) ;
#3521 = CARTESIAN_POINT ( 'NONE',  ( 1.675000000000002487, 0.4500000002000000277, 0.5499999999999987121 ) ) ;
#3522 = AXIS2_PLACEMENT_3D ( 'NONE', #2397, #6765, #1920 ) ;
#3523 = ORIENTED_EDGE ( 'NONE', *, *, #7215, .T. ) ;
#3524 = FACE_OUTER_BOUND ( 'NONE', #7635, .T. ) ;
#3525 = COLOUR_RGB ( '',0.7960784313725489669, 0.8235294117647058432, 0.9372549019607843146 ) ;
#3526 = ORIENTED_EDGE ( 'NONE', *, *, #2268, .T. ) ;
#3527 = LINE ( 'NONE', #7922, #534 ) ;
#3528 = PLANE ( 'NONE',  #6026 ) ;
#3529 = AXIS2_PLACEMENT_3D ( 'NONE', #4046, #1558, #2811 ) ;
#3530 = ORIENTED_EDGE ( 'NONE', *, *, #7310, .F. ) ;
#3531 = ADVANCED_FACE ( 'NONE', ( #6352 ), #3897, .F. ) ;
#3532 = PRESENTATION_STYLE_ASSIGNMENT (( #506 ) ) ;
#3533 = EDGE_CURVE ( 'NONE', #6001, #1588, #5593, .T. ) ;
#3534 =( NAMED_UNIT ( * ) PLANE_ANGLE_UNIT ( ) SI_UNIT ( $, .RADIAN. ) );
#3535 = CARTESIAN_POINT ( 'NONE',  ( 2.300000000000002043, 0.1000000012999997384, -1.000000000000001776 ) ) ;
#3536 = DIRECTION ( 'NONE',  ( 1.000000000000000000, 0.000000000000000000, 0.000000000000000000 ) ) ;
#3537 = CARTESIAN_POINT ( 'NONE',  ( 0.07500000000000485445, 0.1999999999999999833, 0.8000000000000011546 ) ) ;
#3538 = PLANE ( 'NONE',  #7769 ) ;
#3539 = ORIENTED_EDGE ( 'NONE', *, *, #5471, .T. ) ;
#3540 = PLANE ( 'NONE',  #5949 ) ;
#3541 = VECTOR ( 'NONE', #1662, 1000.000000000000227 ) ;
#3542 = ORIENTED_EDGE ( 'NONE', *, *, #3963, .F. ) ;
#3543 = MECHANICAL_DESIGN_GEOMETRIC_PRESENTATION_REPRESENTATION (  '', ( #7101 ), #3166 ) ;
#3544 = LINE ( 'NONE', #555, #4807 ) ;
#3545 = ORIENTED_EDGE ( 'NONE', *, *, #3344, .F. ) ;
#3546 = PRESENTATION_STYLE_ASSIGNMENT (( #1011 ) ) ;
#3547 = VECTOR ( 'NONE', #2070, 1000.000000000000114 ) ;
#3548 = LINE ( 'NONE', #7942, #7916 ) ;
#3549 = VERTEX_POINT ( 'NONE', #5178 ) ;
#3550 = ORIENTED_EDGE ( 'NONE', *, *, #7611, .F. ) ;
#3551 = EDGE_CURVE ( 'NONE', #5936, #7010, #4907, .T. ) ;
#3552 = PRESENTATION_LAYER_ASSIGNMENT (  '', '', ( #3042 ) ) ;
#3553 = ORIENTED_EDGE ( 'NONE', *, *, #5661, .F. ) ;
#3554 = CARTESIAN_POINT ( 'NONE',  ( 0.7250000000000031974, 0.05000000000000034278, 1.250000000000001110 ) ) ;
#3555 = ORIENTED_EDGE ( 'NONE', *, *, #3245, .T. ) ;
#3556 = ORIENTED_EDGE ( 'NONE', *, *, #15, .T. ) ;
#3557 = PLANE ( 'NONE',  #578 ) ;
#3558 = EDGE_CURVE ( 'NONE', #5865, #153, #4299, .T. ) ;
#3559 = ORIENTED_EDGE ( 'NONE', *, *, #4470, .T. ) ;
#3560 = EDGE_CURVE ( 'NONE', #4438, #6483, #834, .T. ) ;
#3561 = ORIENTED_EDGE ( 'NONE', *, *, #5978, .F. ) ;
#3562 = DIRECTION ( 'NONE',  ( 0.000000000000000000, 1.000000000000000000, 0.000000000000000000 ) ) ;
#3563 = ORIENTED_EDGE ( 'NONE', *, *, #746, .T. ) ;
#3564 = LINE ( 'NONE', #1183, #5955 ) ;
#3565 = DIRECTION ( 'NONE',  ( -1.000000000000000000, -0.000000000000000000, -0.000000000000000000 ) ) ;
#3566 = COLOUR_RGB ( '',0.7960784313725489669, 0.8235294117647058432, 0.9372549019607843146 ) ;
#3567 = DIRECTION ( 'NONE',  ( 0.000000000000000000, 0.000000000000000000, -1.000000000000000000 ) ) ;
#3568 = DIRECTION ( 'NONE',  ( 0.000000000000000000, -0.7071067811865355823, 0.7071067811865595631 ) ) ;
#3569 = EDGE_CURVE ( 'NONE', #6665, #3715, #217, .T. ) ;
#3570 = EDGE_CURVE ( 'NONE', #3268, #6257, #2684, .T. ) ;
#3571 = LINE ( 'NONE', #1763, #6089 ) ;
#3572 = CARTESIAN_POINT ( 'NONE',  ( 0.1000000000000055705, 2.239999999999989555, -0.8249999999999970690 ) ) ;
#3573 = CARTESIAN_POINT ( 'NONE',  ( 2.800000000000001599, 0.6936749699759758858, -0.9500000000000016209 ) ) ;
#3574 = CARTESIAN_POINT ( 'NONE',  ( -1.629469207716611079, 2.639999999999999236, 0.2744692077166173139 ) ) ;
#3575 = EDGE_CURVE ( 'NONE', #4572, #3033, #4949, .T. ) ;
#3576 = CARTESIAN_POINT ( 'NONE',  ( -0.02919203397720455603, 2.641571930389168710, 0.1158079660227947227 ) ) ;
#3577 = LINE ( 'NONE', #511, #5748 ) ;
#3578 = AXIS2_PLACEMENT_3D ( 'NONE', #5659, #4311, #2630 ) ;
#3579 = VERTEX_POINT ( 'NONE', #4482 ) ;
#3580 = DIRECTION ( 'NONE',  ( 1.000000000000000000, 0.000000000000000000, 0.000000000000000000 ) ) ;
#3581 = EDGE_CURVE ( 'NONE', #1331, #4346, #4996, .T. ) ;
#3582 = CARTESIAN_POINT ( 'NONE',  ( 2.300000000637502762, 0.3500000000000000333, 0.5499999999999987121 ) ) ;
#3583 = VECTOR ( 'NONE', #5295, 1000.000000000000000 ) ;
#3584 = CIRCLE ( 'NONE', #4595, 0.1000000000000000472 ) ;
#3585 = SURFACE_STYLE_FILL_AREA ( #2295 ) ;
#3586 = CARTESIAN_POINT ( 'NONE',  ( 2.800000000000001599, 0.6936749699759758858, -0.9500000000000016209 ) ) ;
#3587 = EDGE_CURVE ( 'NONE', #7831, #7875, #3709, .T. ) ;
#3588 = DIRECTION ( 'NONE',  ( 0.000000000000000000, 1.000000000000000000, 0.000000000000000000 ) ) ;
#3589 = ORIENTED_EDGE ( 'NONE', *, *, #7522, .T. ) ;
#3590 = PLANE ( 'NONE',  #2783 ) ;
#3591 =( LENGTH_UNIT ( ) NAMED_UNIT ( * ) SI_UNIT ( .MILLI., .METRE. ) );
#3592 = ORIENTED_EDGE ( 'NONE', *, *, #6562, .T. ) ;
#3593 = LINE ( 'NONE', #6711, #4179 ) ;
#3594 = VECTOR ( 'NONE', #6265, 1000.000000000000000 ) ;
#3595 = ORIENTED_EDGE ( 'NONE', *, *, #3131, .T. ) ;
#3596 = DIRECTION ( 'NONE',  ( 0.000000000000000000, 0.000000000000000000, 1.000000000000000000 ) ) ;
#3597 = EDGE_LOOP ( 'NONE', ( #2567, #5797, #4322, #3193 ) ) ;
#3598 = ORIENTED_EDGE ( 'NONE', *, *, #7145, .T. ) ;
#3599 = DIRECTION ( 'NONE',  ( 0.000000000000000000, 0.000000000000000000, 1.000000000000000000 ) ) ;
#3600 = CARTESIAN_POINT ( 'NONE',  ( 1.629469207716616630, 2.639999999999999236, 0.1249999999999985983 ) ) ;
#3601 = SURFACE_STYLE_USAGE ( .BOTH. , #1144 ) ;
#3602 = ORIENTED_EDGE ( 'NONE', *, *, #3712, .F. ) ;
#3603 = CARTESIAN_POINT ( 'NONE',  ( -0.6749999999999946043, 0.7768699943250462203, -0.8099999999999991651 ) ) ;
#3604 = EDGE_CURVE ( 'NONE', #7898, #6024, #34, .T. ) ;
#3605 = EDGE_CURVE ( 'NONE', #450, #3422, #6654, .T. ) ;
#3606 = ORIENTED_EDGE ( 'NONE', *, *, #3604, .T. ) ;
#3607 = DIRECTION ( 'NONE',  ( -1.000000000000000000, 0.000000000000000000, 0.000000000000000000 ) ) ;
#3608 = ORIENTED_EDGE ( 'NONE', *, *, #6763, .F. ) ;
#3609 = LINE ( 'NONE', #3125, #1075 ) ;
#3610 = CARTESIAN_POINT ( 'NONE',  ( -0.7249999999999952038, -3.675261601645777502E-17, 0.6500000000000011324 ) ) ;
#3611 = EDGE_CURVE ( 'NONE', #4398, #542, #6167, .T. ) ;
#3612 = ADVANCED_FACE ( 'NONE', ( #2498 ), #7002, .F. ) ;
#3613 = ORIENTED_EDGE ( 'NONE', *, *, #4383, .T. ) ;
#3614 = ADVANCED_FACE ( 'NONE', ( #7384 ), #4337, .F. ) ;
#3615 = EDGE_CURVE ( 'NONE', #5876, #6875, #4638, .T. ) ;
#3616 = FILL_AREA_STYLE_COLOUR ( '', #7719 ) ;
#3617 = DIRECTION ( 'NONE',  ( 0.000000000000000000, -0.1736481776669255295, -0.9848077530122090195 ) ) ;
#3618 = EDGE_CURVE ( 'NONE', #5976, #5852, #3443, .T. ) ;
#3619 = DIRECTION ( 'NONE',  ( 1.000000000000000000, 0.000000000000000000, -0.000000000000000000 ) ) ;
#3620 = AXIS2_PLACEMENT_3D ( 'NONE', #4578, #5197, #7622 ) ;
#3621 = CARTESIAN_POINT ( 'NONE',  ( -1.674999999999996714, 0.000000000000000000, 1.200000000000000844 ) ) ;
#3622 = LINE ( 'NONE', #7255, #1888 ) ;
#3623 = ORIENTED_EDGE ( 'NONE', *, *, #4159, .F. ) ;
#3624 = CARTESIAN_POINT ( 'NONE',  ( 2.800000000000002931, 2.639999999999999236, 0.1250000000000016376 ) ) ;
#3625 = DIRECTION ( 'NONE',  ( -0.000000000000000000, 1.000000000000000000, -0.000000000000000000 ) ) ;
#3626 = LINE ( 'NONE', #4298, #3657 ) ;
#3627 = CARTESIAN_POINT ( 'NONE',  ( 0.7000000000000033973, 2.639999999999999236, 0.04500000000000296124 ) ) ;
#3628 = SURFACE_STYLE_USAGE ( .BOTH. , #3026 ) ;
#3629 = FILL_AREA_STYLE_COLOUR ( '', #4336 ) ;
#3630 = VERTEX_POINT ( 'NONE', #7200 ) ;
#3631 = SURFACE_STYLE_FILL_AREA ( #2948 ) ;
#3632 = VECTOR ( 'NONE', #2438, 1000.000000000000000 ) ;
#3633 = VERTEX_POINT ( 'NONE', #5335 ) ;
#3634 = CARTESIAN_POINT ( 'NONE',  ( 4.400000000000005684, 2.639999999999999236, -0.7544692077166114119 ) ) ;
#3635 = ORIENTED_EDGE ( 'NONE', *, *, #159, .T. ) ;
#3636 = VERTEX_POINT ( 'NONE', #1675 ) ;
#3637 = LINE ( 'NONE', #7832, #7368 ) ;
#3638 = EDGE_CURVE ( 'NONE', #6523, #2192, #7040, .T. ) ;
#3639 = DIRECTION ( 'NONE',  ( 0.1710878697460311570, 0.9702875252478154744, -0.1710878697460311570 ) ) ;
#3640 = DIRECTION ( 'NONE',  ( -1.000000000000000000, 0.000000000000000000, 0.000000000000000000 ) ) ;
#3641 = CARTESIAN_POINT ( 'NONE',  ( 0.9000000000000047962, 1.050000000000000044, 0.3450000000000029710 ) ) ;
#3642 = AXIS2_PLACEMENT_3D ( 'NONE', #3175, #95, #4400 ) ;
#3643 = PRESENTATION_LAYER_ASSIGNMENT (  '', '', ( #7210 ) ) ;
#3644 = LINE ( 'NONE', #6912, #3144 ) ;
#3645 = DIRECTION ( 'NONE',  ( 0.000000000000000000, -0.000000000000000000, -1.000000000000000000 ) ) ;
#3646 = FACE_OUTER_BOUND ( 'NONE', #3466, .T. ) ;
#3647 = PLANE ( 'NONE',  #6158 ) ;
#3648 = ORIENTED_EDGE ( 'NONE', *, *, #7023, .F. ) ;
#3649 = SURFACE_STYLE_USAGE ( .BOTH. , #7321 ) ;
#3650 = ORIENTED_EDGE ( 'NONE', *, *, #3959, .T. ) ;
#3651 = PRESENTATION_LAYER_ASSIGNMENT (  '', '', ( #4667 ) ) ;
#3652 = CARTESIAN_POINT ( 'NONE',  ( -1.499999999999996225, 2.239999999999989555, -0.8249999999999970690 ) ) ;
#3653 = CARTESIAN_POINT ( 'NONE',  ( -3.099999999999997868, 0.9999999998249999855, -0.9999999999999986677 ) ) ;
#3654 = FACE_OUTER_BOUND ( 'NONE', #5560, .T. ) ;
#3655 = STYLED_ITEM ( 'NONE', ( #6319 ), #6519 ) ;
#3656 = CARTESIAN_POINT ( 'NONE',  ( 0.8750000000000048850, -3.675261601645777502E-17, 0.6500000000000011324 ) ) ;
#3657 = VECTOR ( 'NONE', #2614, 1000.000000000000000 ) ;
#3658 = DIRECTION ( 'NONE',  ( 1.000000000000000000, 0.000000000000000000, 0.000000000000000000 ) ) ;
#3659 = UNCERTAINTY_MEASURE_WITH_UNIT (LENGTH_MEASURE( 1.000000000000000082E-05 ), #7470, 'distance_accuracy_value', 'NONE');
#3660 = LINE ( 'NONE', #7812, #3685 ) ;
#3661 = DIRECTION ( 'NONE',  ( -1.000000000000000000, -0.000000000000000000, -0.000000000000000000 ) ) ;
#3662 = LINE ( 'NONE', #2291, #7732 ) ;
#3663 = CARTESIAN_POINT ( 'NONE',  ( 3.100000000000002309, 0.3500000000000000333, -0.2500000000000013878 ) ) ;
#3664 = CARTESIAN_POINT ( 'NONE',  ( 1.500000000000003553, 1.050000000000000044, -0.3250000000000000666 ) ) ;
#3665 = DIRECTION ( 'NONE',  ( 0.5773502691896257311, 0.5773502691896257311, 0.5773502691896257311 ) ) ;
#3666 = DIRECTION ( 'NONE',  ( 0.000000000000000000, 0.000000000000000000, -1.000000000000000000 ) ) ;
#3667 = VERTEX_POINT ( 'NONE', #6500 ) ;
#3668 = VECTOR ( 'NONE', #4604, 1000.000000000000000 ) ;
#3669 = VECTOR ( 'NONE', #1126, 1000.000000000000227 ) ;
#3670 = ORIENTED_EDGE ( 'NONE', *, *, #832, .F. ) ;
#3671 =( NAMED_UNIT ( * ) SI_UNIT ( $, .STERADIAN. ) SOLID_ANGLE_UNIT ( ) );
#3672 = VECTOR ( 'NONE', #5851, 1000.000000000000000 ) ;
#3673 = EDGE_CURVE ( 'NONE', #3860, #948, #1719, .T. ) ;
#3674 = STYLED_ITEM ( 'NONE', ( #3511 ), #5238 ) ;
#3675 = FACE_OUTER_BOUND ( 'NONE', #3297, .T. ) ;
#3676 = FILL_AREA_STYLE ('',( #6719 ) ) ;
#3677 = CARTESIAN_POINT ( 'NONE',  ( 1.700000000000002398, 2.239999999999990443, 0.04499999999999990119 ) ) ;
#3678 = LINE ( 'NONE', #7279, #6207 ) ;
#3679 = CARTESIAN_POINT ( 'NONE',  ( 15.90000000000000391, 2.750000000000000000, 1.000000000000001776 ) ) ;
#3680 = ADVANCED_FACE ( 'NONE', ( #4726 ), #3528, .T. ) ;
#3681 = ORIENTED_EDGE ( 'NONE', *, *, #6300, .T. ) ;
#3682 = CARTESIAN_POINT ( 'NONE',  ( -1.629469207716611079, 2.639999999999999236, 0.1250000000000016376 ) ) ;
#3683 = DIRECTION ( 'NONE',  ( 0.000000000000000000, -1.000000000000000000, -0.000000000000000000 ) ) ;
#3684 = LINE ( 'NONE', #7885, #1828 ) ;
#3685 = VECTOR ( 'NONE', #1040, 1000.000000000000227 ) ;
#3686 = CARTESIAN_POINT ( 'NONE',  ( 2.100000000912502607, 1.050000000000000044, 0.5499999999999986011 ) ) ;
#3687 = EDGE_CURVE ( 'NONE', #6772, #7298, #2928, .T. ) ;
#3688 = CARTESIAN_POINT ( 'NONE',  ( -0.02946920771661101432, 2.639999999999999236, 0.1155307922833886253 ) ) ;
#3689 = EDGE_LOOP ( 'NONE', ( #1934, #6234, #6504, #2823, #3741, #6609, #4688, #7855 ) ) ;
#3690 = ORIENTED_EDGE ( 'NONE', *, *, #3352, .T. ) ;
#3691 = ORIENTED_EDGE ( 'NONE', *, *, #1255, .F. ) ;
#3692 = DIRECTION ( 'NONE',  ( -0.000000000000000000, -1.000000000000000000, -0.000000000000000000 ) ) ;
#3693 = VECTOR ( 'NONE', #7852, 1000.000000000000227 ) ;
#3694 = CARTESIAN_POINT ( 'NONE',  ( -0.6749999999999946043, 2.639999999999999236, -0.6999999999999985123 ) ) ;
#3695 = LINE ( 'NONE', #5626, #1564 ) ;
#3696 = CARTESIAN_POINT ( 'NONE',  ( 2.600000000000001865, 8.109541161931386268E-17, -0.7786222391909484175 ) ) ;
#3697 = ORIENTED_EDGE ( 'NONE', *, *, #6235, .F. ) ;
#3698 = FILL_AREA_STYLE ('',( #6670 ) ) ;
#3699 = CARTESIAN_POINT ( 'NONE',  ( 0.7000000000000041744, 1.050000000000000044, -0.8249999999999970690 ) ) ;
#3700 = ORIENTED_EDGE ( 'NONE', *, *, #1453, .T. ) ;
#3701 = LINE ( 'NONE', #6083, #3512 ) ;
#3702 = VECTOR ( 'NONE', #201, 1000.000000000000114 ) ;
#3703 = EDGE_CURVE ( 'NONE', #99, #4737, #6460, .T. ) ;
#3704 = DIRECTION ( 'NONE',  ( 0.000000000000000000, 0.000000000000000000, 1.000000000000000000 ) ) ;
#3705 = PLANE ( 'NONE',  #3790 ) ;
#3706 = COLOUR_RGB ( '',0.7960784313725489669, 0.8235294117647058432, 0.9372549019607843146 ) ;
#3707 = PLANE ( 'NONE',  #7734 ) ;
#3708 = AXIS2_PLACEMENT_3D ( 'NONE', #7869, #1171, #6010 ) ;
#3709 = LINE ( 'NONE', #6929, #3847 ) ;
#3710 = DIRECTION ( 'NONE',  ( 0.000000000000000000, 0.000000000000000000, 1.000000000000000000 ) ) ;
#3711 = FACE_OUTER_BOUND ( 'NONE', #104, .T. ) ;
#3712 = EDGE_CURVE ( 'NONE', #1811, #5403, #2762, .T. ) ;
#3713 = ORIENTED_EDGE ( 'NONE', *, *, #5374, .T. ) ;
#3714 = VECTOR ( 'NONE', #3084, 1000.000000000000227 ) ;
#3715 = VERTEX_POINT ( 'NONE', #7805 ) ;
#3716 = COLOUR_RGB ( '',0.7960784313725489669, 0.8235294117647058432, 0.9372549019607843146 ) ;
#3717 = DIRECTION ( 'NONE',  ( -1.000000000000000000, 0.000000000000000000, 0.000000000000000000 ) ) ;
#3718 = VERTEX_POINT ( 'NONE', #7073 ) ;
#3719 = CARTESIAN_POINT ( 'NONE',  ( 1.675000000000002487, 0.04999999999999996808, 1.199999999999998179 ) ) ;
#3720 = EDGE_CURVE ( 'NONE', #1653, #7597, #379, .T. ) ;
#3721 = FILL_AREA_STYLE_COLOUR ( '', #992 ) ;
#3722 = AXIS2_PLACEMENT_3D ( 'NONE', #971, #1538, #3990 ) ;
#3723 = EDGE_CURVE ( 'NONE', #450, #1841, #7676, .T. ) ;
#3724 = ORIENTED_EDGE ( 'NONE', *, *, #3452, .T. ) ;
#3725 = DIRECTION ( 'NONE',  ( 0.000000000000000000, -1.204669080539449344E-16, 1.000000000000000000 ) ) ;
#3726 = DIRECTION ( 'NONE',  ( -1.000000000000000000, 0.000000000000000000, -0.000000000000000000 ) ) ;
#3727 = DIRECTION ( 'NONE',  ( 0.000000000000000000, -1.000000000000000000, -1.857148025303053679E-09 ) ) ;
#3728 = CARTESIAN_POINT ( 'NONE',  ( 0.7000000000000041744, 2.239999999999989555, -0.8249999999999970690 ) ) ;
#3729 = CARTESIAN_POINT ( 'NONE',  ( -2.599999999999997424, 0.3063250300240242252, -0.8499999999999985345 ) ) ;
#3730 = ORIENTED_EDGE ( 'NONE', *, *, #493, .T. ) ;
#3731 = LINE ( 'NONE', #4930, #3714 ) ;
#3732 = FACE_OUTER_BOUND ( 'NONE', #7542, .T. ) ;
#3733 = VERTEX_POINT ( 'NONE', #4160 ) ;
#3734 = ORIENTED_EDGE ( 'NONE', *, *, #3611, .F. ) ;
#3735 = EDGE_LOOP ( 'NONE', ( #1732, #5007, #6798, #466 ) ) ;
#3736 = EDGE_CURVE ( 'NONE', #3128, #393, #2193, .T. ) ;
#3737 = CARTESIAN_POINT ( 'NONE',  ( -0.9249999999999961586, 2.639999999999999236, -0.6999999999999985123 ) ) ;
#3738 =( NAMED_UNIT ( * ) SI_UNIT ( $, .STERADIAN. ) SOLID_ANGLE_UNIT ( ) );
#3739 = LINE ( 'NONE', #136, #5289 ) ;
#3740 = CARTESIAN_POINT ( 'NONE',  ( -0.6749999999999946043, 0.7768699943250462203, -0.6999999999999985123 ) ) ;
#3741 = ORIENTED_EDGE ( 'NONE', *, *, #4761, .F. ) ;
#3742 = PLANE ( 'NONE',  #5234 ) ;
#3743 = UNCERTAINTY_MEASURE_WITH_UNIT (LENGTH_MEASURE( 1.000000000000000082E-05 ), #4466, 'distance_accuracy_value', 'NONE');
#3744 = DIRECTION ( 'NONE',  ( 0.000000000000000000, 0.000000000000000000, -1.000000000000000000 ) ) ;
#3745 = DIRECTION ( 'NONE',  ( 1.355252715606883008E-16, -0.000000000000000000, 1.000000000000000000 ) ) ;
#3746 = EDGE_CURVE ( 'NONE', #2923, #3937, #6621, .T. ) ;
#3747 = LINE ( 'NONE', #6864, #3271 ) ;
#3748 = CARTESIAN_POINT ( 'NONE',  ( 15.10000000100000506, 0.05000000000000000971, -0.9499999987000007362 ) ) ;
#3749 = DIRECTION ( 'NONE',  ( 0.000000000000000000, 1.000000000000000000, 0.000000000000000000 ) ) ;
#3750 = FILL_AREA_STYLE_COLOUR ( '', #592 ) ;
#3751 = ORIENTED_EDGE ( 'NONE', *, *, #6831, .T. ) ;
#3752 = DIRECTION ( 'NONE',  ( -1.000000000000000000, -0.000000000000000000, -0.000000000000000000 ) ) ;
#3753 =( NAMED_UNIT ( * ) PLANE_ANGLE_UNIT ( ) SI_UNIT ( $, .RADIAN. ) );
#3754 = ORIENTED_EDGE ( 'NONE', *, *, #4199, .F. ) ;
#3755 = ORIENTED_EDGE ( 'NONE', *, *, #2837, .T. ) ;
#3756 = DIRECTION ( 'NONE',  ( 0.7071067811865475727, -0.7071067811865475727, 0.000000000000000000 ) ) ;
#3757 = DIRECTION ( 'NONE',  ( 0.000000000000000000, 0.000000000000000000, -1.000000000000000000 ) ) ;
#3758 = CARTESIAN_POINT ( 'NONE',  ( -1.674999999999996714, 0.4500000002000000832, 0.6556624325871229786 ) ) ;
#3759 = AXIS2_PLACEMENT_3D ( 'NONE', #98, #3214, #5025 ) ;
#3760 = AXIS2_PLACEMENT_3D ( 'NONE', #1306, #2000, #700 ) ;
#3761 = DIRECTION ( 'NONE',  ( -0.000000000000000000, 1.000000000000000000, 1.857148025303053679E-09 ) ) ;
#3762 = FACE_OUTER_BOUND ( 'NONE', #3968, .T. ) ;
#3763 = VECTOR ( 'NONE', #3640, 1000.000000000000000 ) ;
#3764 = AXIS2_PLACEMENT_3D ( 'NONE', #4511, #5206, #2186 ) ;
#3765 = ADVANCED_FACE ( 'NONE', ( #2160 ), #4276, .F. ) ;
#3766 = PLANE ( 'NONE',  #2125 ) ;
#3767 = CARTESIAN_POINT ( 'NONE',  ( 1.700000000000002398, 2.239999999999990443, 0.04499999999999990119 ) ) ;
#3768 = VERTEX_POINT ( 'NONE', #575 ) ;
#3769 = FILL_AREA_STYLE ('',( #4206 ) ) ;
#3770 = CARTESIAN_POINT ( 'NONE',  ( -0.8749999999999968914, 0.05000000000000000278, 1.200000000000001288 ) ) ;
#3771 = ORIENTED_EDGE ( 'NONE', *, *, #4191, .T. ) ;
#3772 = VECTOR ( 'NONE', #7566, 1000.000000000000000 ) ;
#3773 = VERTEX_POINT ( 'NONE', #7320 ) ;
#3774 = VECTOR ( 'NONE', #1197, 1000.000000000000000 ) ;
#3775 = COLOUR_RGB ( '',0.7960784313725489669, 0.8235294117647058432, 0.9372549019607843146 ) ;
#3776 = DIRECTION ( 'NONE',  ( 0.000000000000000000, -1.000000000000000000, -1.857148025303053679E-09 ) ) ;
#3777 = CARTESIAN_POINT ( 'NONE',  ( 2.600000000000001865, 0.3063250300240242252, -0.8500000000000015321 ) ) ;
#3778 = DIRECTION ( 'NONE',  ( 0.000000000000000000, -0.000000000000000000, 1.000000000000000000 ) ) ;
#3779 = ORIENTED_EDGE ( 'NONE', *, *, #4321, .T. ) ;
#3780 = PRESENTATION_LAYER_ASSIGNMENT (  '', '', ( #5446 ) ) ;
#3781 = PRESENTATION_STYLE_ASSIGNMENT (( #2014 ) ) ;
#3782 = VERTEX_POINT ( 'NONE', #3686 ) ;
#3783 = DIRECTION ( 'NONE',  ( -1.000000000000000000, -0.000000000000000000, -0.000000000000000000 ) ) ;
#3784 = PRESENTATION_LAYER_ASSIGNMENT (  '', '', ( #1856 ) ) ;
#3785 = ADVANCED_FACE ( 'NONE', ( #6768 ), #1185, .F. ) ;
#3786 = VECTOR ( 'NONE', #1644, 1000.000000000000000 ) ;
#3787 = FACE_OUTER_BOUND ( 'NONE', #5520, .T. ) ;
#3788 = PRESENTATION_STYLE_ASSIGNMENT (( #721 ) ) ;
#3789 = CARTESIAN_POINT ( 'NONE',  ( 0.7250000000000031974, 0.1000000006499978250, 0.5499999993499998796 ) ) ;
#3790 = AXIS2_PLACEMENT_3D ( 'NONE', #6165, #840, #344 ) ;
#3791 = CARTESIAN_POINT ( 'NONE',  ( 0.8750000000000048850, 0.04999999999999997502, 1.200000000000001288 ) ) ;
#3792 = SURFACE_STYLE_FILL_AREA ( #1291 ) ;
#3793 = ORIENTED_EDGE ( 'NONE', *, *, #6831, .F. ) ;
#3794 = CARTESIAN_POINT ( 'NONE',  ( 1.725000000000002975, 1.050000000000000044, -0.7000000000000015099 ) ) ;
#3795 = ORIENTED_EDGE ( 'NONE', *, *, #3112, .T. ) ;
#3796 = ORIENTED_EDGE ( 'NONE', *, *, #6784, .F. ) ;
#3797 = EDGE_CURVE ( 'NONE', #3095, #5298, #6730, .T. ) ;
#3798 = ORIENTED_EDGE ( 'NONE', *, *, #3401, .T. ) ;
#3799 = DIRECTION ( 'NONE',  ( 0.000000000000000000, 0.000000000000000000, -1.000000000000000000 ) ) ;
#3800 =( NAMED_UNIT ( * ) PLANE_ANGLE_UNIT ( ) SI_UNIT ( $, .RADIAN. ) );
#3801 = VERTEX_POINT ( 'NONE', #2518 ) ;
#3802 = PRESENTATION_STYLE_ASSIGNMENT (( #161 ) ) ;
#3803 = CARTESIAN_POINT ( 'NONE',  ( 3.499999999000001694, 1.050000000000000044, 0.5500000000000017097 ) ) ;
#3804 = AXIS2_PLACEMENT_3D ( 'NONE', #4755, #7187, #1707 ) ;
#3805 = VECTOR ( 'NONE', #5942, 1000.000000000000114 ) ;
#3806 = EDGE_CURVE ( 'NONE', #3086, #6656, #3731, .T. ) ;
#3807 = DIRECTION ( 'NONE',  ( 1.000000000000000000, -0.000000000000000000, -0.000000000000000000 ) ) ;
#3808 = PLANE ( 'NONE',  #3760 ) ;
#3809 = VERTEX_POINT ( 'NONE', #7244 ) ;
#3810 = DIRECTION ( 'NONE',  ( 0.000000000000000000, -0.7071067811865355823, 0.7071067811865595631 ) ) ;
#3811 = VECTOR ( 'NONE', #2703, 1000.000000000000000 ) ;
#3812 = PRESENTATION_STYLE_ASSIGNMENT (( #1354 ) ) ;
#3813 =( GEOMETRIC_REPRESENTATION_CONTEXT ( 3 ) GLOBAL_UNCERTAINTY_ASSIGNED_CONTEXT ( ( #4943 ) ) GLOBAL_UNIT_ASSIGNED_CONTEXT ( ( #7098, #7183, #4143 ) ) REPRESENTATION_CONTEXT ( 'NONE', 'WORKASPACE' ) );
#3814 = ADVANCED_FACE ( 'NONE', ( #4976 ), #4890, .F. ) ;
#3815 = VERTEX_POINT ( 'NONE', #1801 ) ;
#3816 = SURFACE_SIDE_STYLE ('',( #666 ) ) ;
#3817 = CARTESIAN_POINT ( 'NONE',  ( 0.7705307922833899426, 2.639999999999999236, -0.7544692077166114119 ) ) ;
#3818 = CARTESIAN_POINT ( 'NONE',  ( -1.499999999999996891, 2.639999999999999236, 0.04500000000000294043 ) ) ;
#3819 = DIRECTION ( 'NONE',  ( 0.000000000000000000, 0.000000000000000000, -1.000000000000000000 ) ) ;
#3820 = ORIENTED_EDGE ( 'NONE', *, *, #4118, .F. ) ;
#3821 = ADVANCED_FACE ( 'NONE', ( #6691 ), #3647, .F. ) ;
#3822 = FACE_OUTER_BOUND ( 'NONE', #4558, .T. ) ;
#3823 = UNCERTAINTY_MEASURE_WITH_UNIT (LENGTH_MEASURE( 1.000000000000000082E-05 ), #1836, 'distance_accuracy_value', 'NONE');
#3824 = ADVANCED_FACE ( 'NONE', ( #5061 ), #6847, .F. ) ;
#3825 = CARTESIAN_POINT ( 'NONE',  ( 0.9250000000000054845, 0.7768699943250462203, -0.6999999999999985123 ) ) ;
#3826 = FACE_OUTER_BOUND ( 'NONE', #4598, .T. ) ;
#3827 = ORIENTED_EDGE ( 'NONE', *, *, #6226, .F. ) ;
#3828 =( LENGTH_UNIT ( ) NAMED_UNIT ( * ) SI_UNIT ( .MILLI., .METRE. ) );
#3829 = EDGE_CURVE ( 'NONE', #3110, #7815, #879, .T. ) ;
#3830 = CARTESIAN_POINT ( 'NONE',  ( -2.599999999999997424, 1.000000000000000000, -0.9499999999999984013 ) ) ;
#3831 = FACE_OUTER_BOUND ( 'NONE', #390, .T. ) ;
#3832 = EDGE_CURVE ( 'NONE', #4137, #3268, #4475, .T. ) ;
#3833 = DIRECTION ( 'NONE',  ( 0.000000000000000000, 0.8191520442889909104, 0.5735764363510474917 ) ) ;
#3834 =( NAMED_UNIT ( * ) SI_UNIT ( $, .STERADIAN. ) SOLID_ANGLE_UNIT ( ) );
#3835 = ORIENTED_EDGE ( 'NONE', *, *, #6785, .T. ) ;
#3836 = ORIENTED_EDGE ( 'NONE', *, *, #1804, .F. ) ;
#3837 = SURFACE_STYLE_USAGE ( .BOTH. , #3156 ) ;
#3838 = VERTEX_POINT ( 'NONE', #5698 ) ;
#3839 = EDGE_LOOP ( 'NONE', ( #1964, #3950, #4093, #3755 ) ) ;
#3840 = EDGE_CURVE ( 'NONE', #393, #4737, #3890, .T. ) ;
#3841 = EDGE_LOOP ( 'NONE', ( #2697, #1866, #195, #4959 ) ) ;
#3842 = LINE ( 'NONE', #2625, #7630 ) ;
#3843 = LINE ( 'NONE', #6, #7911 ) ;
#3844 = LINE ( 'NONE', #1499, #1409 ) ;
#3845 = FACE_OUTER_BOUND ( 'NONE', #287, .T. ) ;
#3846 = CARTESIAN_POINT ( 'NONE',  ( 3.100000000000002309, 2.750000000000000000, -1.000000000000001776 ) ) ;
#3847 = VECTOR ( 'NONE', #2084, 1000.000000000000000 ) ;
#3848 = VECTOR ( 'NONE', #1290, 1000.000000000000000 ) ;
#3849 =( GEOMETRIC_REPRESENTATION_CONTEXT ( 3 ) GLOBAL_UNCERTAINTY_ASSIGNED_CONTEXT ( ( #100 ) ) GLOBAL_UNIT_ASSIGNED_CONTEXT ( ( #2794, #7796, #6413 ) ) REPRESENTATION_CONTEXT ( 'NONE', 'WORKASPACE' ) );
#3850 = LINE ( 'NONE', #6229, #4952 ) ;
#3851 = DIRECTION ( 'NONE',  ( 1.000000000000000000, 0.000000000000000000, 0.000000000000000000 ) ) ;
#3852 = PRESENTATION_STYLE_ASSIGNMENT (( #2002 ) ) ;
#3853 = ORIENTED_EDGE ( 'NONE', *, *, #447, .T. ) ;
#3854 = ORIENTED_EDGE ( 'NONE', *, *, #1813, .T. ) ;
#3855 = CARTESIAN_POINT ( 'NONE',  ( -0.7249999999999952038, 0.1999999999999999278, 1.250000000000001110 ) ) ;
#3856 = CARTESIAN_POINT ( 'NONE',  ( -2.599999999999997424, 1.000000000000000000, -0.2499999999999984457 ) ) ;
#3857 = CARTESIAN_POINT ( 'NONE',  ( -2.799999999999997158, 0.4000000000000000222, -0.9149999999999980371 ) ) ;
#3858 = EDGE_CURVE ( 'NONE', #3154, #6050, #1432, .T. ) ;
#3859 = DIRECTION ( 'NONE',  ( 0.000000000000000000, 0.000000000000000000, -1.000000000000000000 ) ) ;
#3860 = VERTEX_POINT ( 'NONE', #168 ) ;
#3861 = LINE ( 'NONE', #6196, #6757 ) ;
#3862 = ADVANCED_FACE ( 'NONE', ( #5744 ), #823, .F. ) ;
#3863 = VERTEX_POINT ( 'NONE', #5617 ) ;
#3864 = PLANE ( 'NONE',  #4145 ) ;
#3865 = VERTEX_POINT ( 'NONE', #2563 ) ;
#3866 = EDGE_CURVE ( 'NONE', #5046, #5124, #1507, .T. ) ;
#3867 = VECTOR ( 'NONE', #804, 1000.000000000000000 ) ;
#3868 = CARTESIAN_POINT ( 'NONE',  ( 2.800000000000001599, 0.6000000000000000888, -0.9150000000000011458 ) ) ;
#3869 = PLANE ( 'NONE',  #1990 ) ;
#3870 = DIRECTION ( 'NONE',  ( -0.000000000000000000, 0.000000000000000000, -1.000000000000000000 ) ) ;
#3871 = CARTESIAN_POINT ( 'NONE',  ( -0.6999999999999945155, 1.050000000000000044, -0.3249999999999970690 ) ) ;
#3872 = LINE ( 'NONE', #230, #4399 ) ;
#3873 = CARTESIAN_POINT ( 'NONE',  ( 1.500000000000002665, 1.050000000000000044, 0.04499999999999992895 ) ) ;
#3874 = ORIENTED_EDGE ( 'NONE', *, *, #3829, .F. ) ;
#3875 = VERTEX_POINT ( 'NONE', #90 ) ;
#3876 = FACE_OUTER_BOUND ( 'NONE', #369, .T. ) ;
#3877 = EDGE_LOOP ( 'NONE', ( #3270, #1362, #2861, #375 ) ) ;
#3878 = FILL_AREA_STYLE_COLOUR ( '', #6747 ) ;
#3879 = ORIENTED_EDGE ( 'NONE', *, *, #1947, .F. ) ;
#3880 = CARTESIAN_POINT ( 'NONE',  ( 3.100000000000002309, 0.3500000000000000333, -1.000000000000001776 ) ) ;
#3881 = CARTESIAN_POINT ( 'NONE',  ( -2.209999999999997744, 2.750000000000000000, -0.4999999999999985012 ) ) ;
#3882 = DIRECTION ( 'NONE',  ( 0.000000000000000000, 0.000000000000000000, -1.000000000000000000 ) ) ;
#3883 = CARTESIAN_POINT ( 'NONE',  ( 0.8750000000000048850, 0.1999999999999999833, 0.8000000000000011546 ) ) ;
#3884 = EDGE_CURVE ( 'NONE', #2996, #4975, #5018, .T. ) ;
#3885 = VECTOR ( 'NONE', #6192, 1000.000000000000000 ) ;
#3886 = PLANE ( 'NONE',  #3286 ) ;
#3887 = VECTOR ( 'NONE', #7360, 1000.000000000000000 ) ;
#3888 = FACE_OUTER_BOUND ( 'NONE', #7618, .T. ) ;
#3889 = EDGE_LOOP ( 'NONE', ( #2301, #5249, #3933, #1045 ) ) ;
#3890 = LINE ( 'NONE', #2001, #4594 ) ;
#3891 = ORIENTED_EDGE ( 'NONE', *, *, #6084, .F. ) ;
#3892 = ORIENTED_EDGE ( 'NONE', *, *, #2172, .T. ) ;
#3893 = DIRECTION ( 'NONE',  ( 0.000000000000000000, -1.000000000000000000, 0.000000000000000000 ) ) ;
#3894 = ADVANCED_FACE ( 'NONE', ( #2674 ), #6993, .F. ) ;
#3895 = LINE ( 'NONE', #6350, #270 ) ;
#3896 = ORIENTED_EDGE ( 'NONE', *, *, #4167, .F. ) ;
#3897 = PLANE ( 'NONE',  #2162 ) ;
#3898 = CARTESIAN_POINT ( 'NONE',  ( -1.699999999999995737, 2.639999999999999236, -0.3249999999999970690 ) ) ;
#3899 = UNCERTAINTY_MEASURE_WITH_UNIT (LENGTH_MEASURE( 1.000000000000000082E-05 ), #5550, 'distance_accuracy_value', 'NONE');
#3900 = PLANE ( 'NONE',  #2769 ) ;
#3901 = VECTOR ( 'NONE', #6727, 1000.000000000000000 ) ;
#3902 = ORIENTED_EDGE ( 'NONE', *, *, #323, .F. ) ;
#3903 =( GEOMETRIC_REPRESENTATION_CONTEXT ( 3 ) GLOBAL_UNCERTAINTY_ASSIGNED_CONTEXT ( ( #2686 ) ) GLOBAL_UNIT_ASSIGNED_CONTEXT ( ( #7250, #6541, #544 ) ) REPRESENTATION_CONTEXT ( 'NONE', 'WORKASPACE' ) );
#3904 = DIRECTION ( 'NONE',  ( -1.000000000000000000, 0.000000000000000000, 0.000000000000000000 ) ) ;
#3905 = PLANE ( 'NONE',  #696 ) ;
#3906 = AXIS2_PLACEMENT_3D ( 'NONE', #3634, #7790, #6013 ) ;
#3907 = EDGE_CURVE ( 'NONE', #1051, #1687, #6885, .T. ) ;
#3908 = CARTESIAN_POINT ( 'NONE',  ( 0.9250000000000054845, 0.7768699943250462203, -0.8099999999999991651 ) ) ;
#3909 = VECTOR ( 'NONE', #6653, 1000.000000000000000 ) ;
#3910 = FILL_AREA_STYLE_COLOUR ( '', #6129 ) ;
#3911 = CARTESIAN_POINT ( 'NONE',  ( 0.7000000000000033973, 2.239999999999990443, 0.04500000000000296124 ) ) ;
#3912 = VECTOR ( 'NONE', #2790, 1000.000000000000000 ) ;
#3913 = ORIENTED_EDGE ( 'NONE', *, *, #4960, .F. ) ;
#3914 = CARTESIAN_POINT ( 'NONE',  ( -1.699999999999996625, 2.239999999999990443, 0.04500000000000296124 ) ) ;
#3915 = ORIENTED_EDGE ( 'NONE', *, *, #1553, .F. ) ;
#3916 = AXIS2_PLACEMENT_3D ( 'NONE', #226, #2691, #5869 ) ;
#3917 = LINE ( 'NONE', #5729, #1076 ) ;
#3918 = ORIENTED_EDGE ( 'NONE', *, *, #1350, .T. ) ;
#3919 = VERTEX_POINT ( 'NONE', #743 ) ;
#3920 = AXIS2_PLACEMENT_3D ( 'NONE', #6902, #6163, #1978 ) ;
#3921 = AXIS2_PLACEMENT_3D ( 'NONE', #3025, #7217, #1736 ) ;
#3922 = CARTESIAN_POINT ( 'NONE',  ( 0.02946920771661903568, 2.639999999999999236, 0.1250000000000016376 ) ) ;
#3923 = EDGE_CURVE ( 'NONE', #5403, #5139, #2080, .T. ) ;
#3924 = DIRECTION ( 'NONE',  ( 0.000000000000000000, 0.000000000000000000, -1.000000000000000000 ) ) ;
#3925 = CARTESIAN_POINT ( 'NONE',  ( -0.6749999999999946043, 2.639999999999998348, -0.6999999999999982903 ) ) ;
#3926 = FACE_OUTER_BOUND ( 'NONE', #3461, .T. ) ;
#3927 = ORIENTED_EDGE ( 'NONE', *, *, #2506, .F. ) ;
#3928 = EDGE_CURVE ( 'NONE', #4346, #199, #5663, .T. ) ;
#3929 = AXIS2_PLACEMENT_3D ( 'NONE', #2345, #4801, #3599 ) ;
#3930 = ORIENTED_EDGE ( 'NONE', *, *, #333, .F. ) ;
#3931 = PRESENTATION_LAYER_ASSIGNMENT (  '', '', ( #7101 ) ) ;
#3932 = PRESENTATION_STYLE_ASSIGNMENT (( #7037 ) ) ;
#3933 = ORIENTED_EDGE ( 'NONE', *, *, #2929, .T. ) ;
#3934 = ADVANCED_FACE ( 'NONE', ( #3926 ), #2593, .F. ) ;
#3935 = CIRCLE ( 'NONE', #4308, 0.04999999999999991257 ) ;
#3936 = DIRECTION ( 'NONE',  ( 0.7071067811865474617, 0.7071067811865474617, -0.000000000000000000 ) ) ;
#3937 = VERTEX_POINT ( 'NONE', #2115 ) ;
#3938 = PRESENTATION_LAYER_ASSIGNMENT (  '', '', ( #2134 ) ) ;
#3939 = CARTESIAN_POINT ( 'NONE',  ( 6.000000000000002665, 2.639999999999999236, 0.1155307922833849893 ) ) ;
#3940 = PLANE ( 'NONE',  #5112 ) ;
#3941 = FILL_AREA_STYLE ('',( #5864 ) ) ;
#3942 = EDGE_CURVE ( 'NONE', #3865, #772, #3321, .T. ) ;
#3943 = DIRECTION ( 'NONE',  ( 0.000000000000000000, 0.000000000000000000, 1.000000000000000000 ) ) ;
#3944 = CARTESIAN_POINT ( 'NONE',  ( -0.6426007268396376482, 1.914472545666378256, -0.2676007268396403127 ) ) ;
#3945 = FACE_OUTER_BOUND ( 'NONE', #1103, .T. ) ;
#3946 = DIRECTION ( 'NONE',  ( -1.000000000000000000, -0.000000000000000000, -0.000000000000000000 ) ) ;
#3947 = DIRECTION ( 'NONE',  ( 1.000000000000000000, -0.000000000000000000, -0.000000000000000000 ) ) ;
#3948 = EDGE_CURVE ( 'NONE', #7298, #2434, #5779, .T. ) ;
#3949 = EDGE_CURVE ( 'NONE', #6639, #57, #2710, .T. ) ;
#3950 = ORIENTED_EDGE ( 'NONE', *, *, #5390, .F. ) ;
#3951 = FACE_OUTER_BOUND ( 'NONE', #5988, .T. ) ;
#3952 = FILL_AREA_STYLE_COLOUR ( '', #3775 ) ;
#3953 = ORIENTED_EDGE ( 'NONE', *, *, #15, .F. ) ;
#3954 = AXIS2_PLACEMENT_3D ( 'NONE', #1518, #459, #3975 ) ;
#3955 = FACE_OUTER_BOUND ( 'NONE', #3382, .T. ) ;
#3956 = ORIENTED_EDGE ( 'NONE', *, *, #6068, .T. ) ;
#3957 = ADVANCED_FACE ( 'NONE', ( #5928 ), #5328, .F. ) ;
#3958 = FILL_AREA_STYLE_COLOUR ( '', #6144 ) ;
#3959 = EDGE_CURVE ( 'NONE', #5124, #1356, #5286, .T. ) ;
#3960 = EDGE_CURVE ( 'NONE', #2030, #6734, #4030, .T. ) ;
#3961 = DIRECTION ( 'NONE',  ( 0.000000000000000000, 0.000000000000000000, -1.000000000000000000 ) ) ;
#3962 = CARTESIAN_POINT ( 'NONE',  ( 2.800000000000001599, 0.1199999999999999956, -0.9500000000000013989 ) ) ;
#3963 = EDGE_CURVE ( 'NONE', #1761, #3579, #6531, .T. ) ;
#3964 = LINE ( 'NONE', #1504, #7245 ) ;
#3965 = CARTESIAN_POINT ( 'NONE',  ( -1.499999999999996891, 1.050000000000000044, 0.04500000000000294043 ) ) ;
#3966 = VECTOR ( 'NONE', #5094, 1000.000000000000000 ) ;
#3967 = FILL_AREA_STYLE_COLOUR ( '', #919 ) ;
#3968 = EDGE_LOOP ( 'NONE', ( #4764, #2214, #351, #2081 ) ) ;
#3969 = AXIS2_PLACEMENT_3D ( 'NONE', #6659, #3127, #2440 ) ;
#3970 = AXIS2_PLACEMENT_3D ( 'NONE', #4284, #6035, #2967 ) ;
#3971 = ORIENTED_EDGE ( 'NONE', *, *, #2747, .F. ) ;
#3972 = DIRECTION ( 'NONE',  ( 1.000000000000000000, 0.000000000000000000, -0.000000000000000000 ) ) ;
#3973 = VERTEX_POINT ( 'NONE', #5813 ) ;
#3974 = DIRECTION ( 'NONE',  ( -0.9848077530122090195, -0.1736481776669255295, -0.000000000000000000 ) ) ;
#3975 = DIRECTION ( 'NONE',  ( -1.000000000000000000, 0.000000000000000000, -0.000000000000000000 ) ) ;
#3976 = PRESENTATION_LAYER_ASSIGNMENT (  '', '', ( #495 ) ) ;
#3977 = ORIENTED_EDGE ( 'NONE', *, *, #5594, .F. ) ;
#3978 = CARTESIAN_POINT ( 'NONE',  ( -0.7249999999999952038, 0.4500000002000000277, 0.5500000000000018208 ) ) ;
#3979 = CARTESIAN_POINT ( 'NONE',  ( -2.799999999999997158, 0.2063250300240242197, -0.9499999999999984013 ) ) ;
#3980 = CARTESIAN_POINT ( 'NONE',  ( 0.9250000000000054845, 1.050000000000000044, -0.6999999999999985123 ) ) ;
#3981 = CARTESIAN_POINT ( 'NONE',  ( 1.675000000000002487, 0.1999999999999999278, 1.249999999999998002 ) ) ;
#3982 = VERTEX_POINT ( 'NONE', #4113 ) ;
#3983 = DIRECTION ( 'NONE',  ( -0.000000000000000000, -1.000000000000000000, -0.000000000000000000 ) ) ;
#3984 = VERTEX_POINT ( 'NONE', #2309 ) ;
#3985 = LINE ( 'NONE', #6940, #4537 ) ;
#3986 = PRESENTATION_STYLE_ASSIGNMENT (( #4057 ) ) ;
#3987 = LINE ( 'NONE', #4744, #5798 ) ;
#3988 = DIRECTION ( 'NONE',  ( 0.000000000000000000, 0.000000000000000000, -1.000000000000000000 ) ) ;
#3989 = EDGE_LOOP ( 'NONE', ( #7196, #2509, #193, #116 ) ) ;
#3990 = DIRECTION ( 'NONE',  ( -1.000000000000000000, 0.000000000000000000, -0.000000000000000000 ) ) ;
#3991 = DIRECTION ( 'NONE',  ( 0.000000000000000000, -0.000000000000000000, 1.000000000000000000 ) ) ;
#3992 = FILL_AREA_STYLE_COLOUR ( '', #1754 ) ;
#3993 = CARTESIAN_POINT ( 'NONE',  ( -0.8999999999999966915, 1.050000000000000044, 0.04500000000000296124 ) ) ;
#3994 = VECTOR ( 'NONE', #3346, 1000.000000000000000 ) ;
#3995 = CARTESIAN_POINT ( 'NONE',  ( 2.100000000000001421, 1.050000000000000044, -0.5000000000000015543 ) ) ;
#3996 = LINE ( 'NONE', #7065, #6949 ) ;
#3997 = CARTESIAN_POINT ( 'NONE',  ( 1.500000000000003553, 2.639999999999999236, -0.8250000000000000666 ) ) ;
#3998 = ORIENTED_EDGE ( 'NONE', *, *, #4886, .F. ) ;
#3999 = ORIENTED_EDGE ( 'NONE', *, *, #2390, .T. ) ;
#4000 = DIRECTION ( 'NONE',  ( 0.000000000000000000, -0.000000000000000000, -1.000000000000000000 ) ) ;
#4001 =( LENGTH_UNIT ( ) NAMED_UNIT ( * ) SI_UNIT ( .MILLI., .METRE. ) );
#4002 = SURFACE_STYLE_FILL_AREA ( #3941 ) ;
#4003 = ORIENTED_EDGE ( 'NONE', *, *, #6669, .T. ) ;
#4004 = CIRCLE ( 'NONE', #3759, 0.1000000000000000472 ) ;
#4005 = STYLED_ITEM ( 'NONE', ( #2477 ), #994 ) ;
#4006 = ORIENTED_EDGE ( 'NONE', *, *, #5634, .T. ) ;
#4007 = CARTESIAN_POINT ( 'NONE',  ( 1.675000000000002487, 0.1000000006499977834, 0.5499999993499968820 ) ) ;
#4008 = LINE ( 'NONE', #3451, #822 ) ;
#4009 = DIRECTION ( 'NONE',  ( -1.000000000000000000, 0.000000000000000000, 0.000000000000000000 ) ) ;
#4010 = CARTESIAN_POINT ( 'NONE',  ( 0.8294692077166199162, 2.639999999999999236, 0.1250000000000016376 ) ) ;
#4011 = DIRECTION ( 'NONE',  ( 1.000000000000000000, 0.000000000000000000, -1.355252715606883008E-16 ) ) ;
#4012 = EDGE_CURVE ( 'NONE', #3838, #329, #2753, .T. ) ;
#4013 = ORIENTED_EDGE ( 'NONE', *, *, #6430, .F. ) ;
#4014 = VECTOR ( 'NONE', #7857, 1000.000000000000000 ) ;
#4015 = CARTESIAN_POINT ( 'NONE',  ( -0.1249999999999965306, 2.750000000000000000, -0.8099999999999991651 ) ) ;
#4016 = DIRECTION ( 'NONE',  ( 0.000000000000000000, -0.000000000000000000, -1.000000000000000000 ) ) ;
#4017 = ORIENTED_EDGE ( 'NONE', *, *, #5255, .T. ) ;
#4018 = CARTESIAN_POINT ( 'NONE',  ( 1.700000000000002398, 2.639999999999999236, 0.04499999999999990119 ) ) ;
#4019 = FACE_OUTER_BOUND ( 'NONE', #1673, .T. ) ;
#4020 = ORIENTED_EDGE ( 'NONE', *, *, #3884, .T. ) ;
#4021 = UNCERTAINTY_MEASURE_WITH_UNIT (LENGTH_MEASURE( 1.000000000000000082E-05 ), #5803, 'distance_accuracy_value', 'NONE');
#4022 = DIRECTION ( 'NONE',  ( -1.000000000000000000, -0.000000000000000000, -0.000000000000000000 ) ) ;
#4023 = PLANE ( 'NONE',  #2675 ) ;
#4024 = VECTOR ( 'NONE', #926, 1000.000000000000000 ) ;
#4025 = AXIS2_PLACEMENT_3D ( 'NONE', #5152, #5186, #3337 ) ;
#4026 = VECTOR ( 'NONE', #5398, 1000.000000000000000 ) ;
#4027 = VECTOR ( 'NONE', #597, 1000.000000000000227 ) ;
#4028 = PLANE ( 'NONE',  #6253 ) ;
#4029 = DIRECTION ( 'NONE',  ( 1.000000000000000000, 0.000000000000000000, -0.000000000000000000 ) ) ;
#4030 = LINE ( 'NONE', #4625, #2293 ) ;
#4031 = EDGE_CURVE ( 'NONE', #5461, #4359, #7105, .T. ) ;
#4032 = EDGE_CURVE ( 'NONE', #4147, #4841, #326, .T. ) ;
#4033 = VERTEX_POINT ( 'NONE', #7670 ) ;
#4034 = DIRECTION ( 'NONE',  ( 0.000000000000000000, -1.000000000000000000, 0.000000000000000000 ) ) ;
#4035 = VERTEX_POINT ( 'NONE', #931 ) ;
#4036 = FILL_AREA_STYLE_COLOUR ( '', #3491 ) ;
#4037 = DIRECTION ( 'NONE',  ( -1.000000000000000000, -0.000000000000000000, -0.000000000000000000 ) ) ;
#4038 = DIRECTION ( 'NONE',  ( -1.000000000000000000, -0.000000000000000000, -0.000000000000000000 ) ) ;
#4039 = SURFACE_STYLE_USAGE ( .BOTH. , #420 ) ;
#4040 = EDGE_CURVE ( 'NONE', #542, #5437, #5892, .T. ) ;
#4041 = VECTOR ( 'NONE', #3490, 1000.000000000000000 ) ;
#4042 = VERTEX_POINT ( 'NONE', #2263 ) ;
#4043 = CARTESIAN_POINT ( 'NONE',  ( -1.674999999999996714, 0.000000000000000000, 0.6500000000000011324 ) ) ;
#4044 =( GEOMETRIC_REPRESENTATION_CONTEXT ( 3 ) GLOBAL_UNCERTAINTY_ASSIGNED_CONTEXT ( ( #5028 ) ) GLOBAL_UNIT_ASSIGNED_CONTEXT ( ( #5464, #7851, #1240 ) ) REPRESENTATION_CONTEXT ( 'NONE', 'WORKASPACE' ) );
#4045 = ORIENTED_EDGE ( 'NONE', *, *, #2404, .F. ) ;
#4046 = CARTESIAN_POINT ( 'NONE',  ( 6.000000000000002665, 2.639999999999999236, -0.7544692077166144095 ) ) ;
#4047 = VECTOR ( 'NONE', #1743, 1000.000000000000000 ) ;
#4048 = FACE_OUTER_BOUND ( 'NONE', #6130, .T. ) ;
#4049 = EDGE_CURVE ( 'NONE', #3801, #5329, #4757, .T. ) ;
#4050 = CARTESIAN_POINT ( 'NONE',  ( 0.6750000000000039302, 2.639999999999999236, -0.6999999999999985123 ) ) ;
#4051 = EDGE_CURVE ( 'NONE', #1609, #5800, #4073, .T. ) ;
#4052 = PLANE ( 'NONE',  #4971 ) ;
#4053 = LINE ( 'NONE', #7685, #5826 ) ;
#4054 = ORIENTED_EDGE ( 'NONE', *, *, #6758, .T. ) ;
#4055 = LINE ( 'NONE', #6394, #1081 ) ;
#4056 = ORIENTED_EDGE ( 'NONE', *, *, #3736, .T. ) ;
#4057 = SURFACE_STYLE_USAGE ( .BOTH. , #3345 ) ;
#4058 = ORIENTED_EDGE ( 'NONE', *, *, #4906, .F. ) ;
#4059 = ADVANCED_FACE ( 'NONE', ( #7636 ), #4589, .F. ) ;
#4060 = COLOUR_RGB ( '',0.7960784313725489669, 0.8235294117647058432, 0.9372549019607843146 ) ;
#4061 = CARTESIAN_POINT ( 'NONE',  ( 2.339999999725002500, 1.050000000000000044, -0.5000000000000015543 ) ) ;
#4062 = CARTESIAN_POINT ( 'NONE',  ( 10.30000000000000426, 2.750000000000000000, -0.8100000000000022737 ) ) ;
#4063 = ORIENTED_EDGE ( 'NONE', *, *, #593, .F. ) ;
#4064 = FILL_AREA_STYLE ('',( #7058 ) ) ;
#4065 = CARTESIAN_POINT ( 'NONE',  ( -2.339999999399996700, 2.750000000000000000, 0.1000000000000016154 ) ) ;
#4066 = EDGE_CURVE ( 'NONE', #4745, #6772, #5853, .T. ) ;
#4067 = CARTESIAN_POINT ( 'NONE',  ( 1.675000000000002487, 0.04999999999999996808, 1.199999999999998179 ) ) ;
#4068 = ORIENTED_EDGE ( 'NONE', *, *, #422, .F. ) ;
#4069 = VECTOR ( 'NONE', #5995, 1000.000000000000000 ) ;
#4070 = ORIENTED_EDGE ( 'NONE', *, *, #2017, .F. ) ;
#4071 = PLANE ( 'NONE',  #3411 ) ;
#4072 = CARTESIAN_POINT ( 'NONE',  ( -2.799999999999997158, 0.4000000000000000222, -0.9149999999999980371 ) ) ;
#4073 = LINE ( 'NONE', #7709, #1143 ) ;
#4074 = VERTEX_POINT ( 'NONE', #3116 ) ;
#4075 = LINE ( 'NONE', #7595, #6073 ) ;
#4076 = COLOUR_RGB ( '',0.7960784313725489669, 0.8235294117647058432, 0.9372549019607843146 ) ;
#4077 = VERTEX_POINT ( 'NONE', #5488 ) ;
#4078 = LINE ( 'NONE', #1756, #2615 ) ;
#4079 = VECTOR ( 'NONE', #3104, 1000.000000000000000 ) ;
#4080 = ORIENTED_EDGE ( 'NONE', *, *, #7850, .F. ) ;
#4081 = SURFACE_STYLE_USAGE ( .BOTH. , #297 ) ;
#4082 = DIRECTION ( 'NONE',  ( 0.000000000000000000, -1.204669080539449344E-16, 1.000000000000000000 ) ) ;
#4083 = SURFACE_SIDE_STYLE ('',( #5179 ) ) ;
#4084 = CARTESIAN_POINT ( 'NONE',  ( 1.500000000000002665, 2.239999999999990443, 0.3449999999999999178 ) ) ;
#4085 = AXIS2_PLACEMENT_3D ( 'NONE', #1471, #1353, #3810 ) ;
#4086 = VECTOR ( 'NONE', #3163, 1000.000000000000000 ) ;
#4087 = MANIFOLD_SOLID_BREP ( 'LPattern5[3]', #7439 ) ;
#4088 = LINE ( 'NONE', #1036, #812 ) ;
#4089 = LINE ( 'NONE', #5993, #5685 ) ;
#4090 = CARTESIAN_POINT ( 'NONE',  ( -2.599999999999997424, 0.3500000000000001443, -0.2500000000724984517 ) ) ;
#4091 = FACE_OUTER_BOUND ( 'NONE', #2063, .T. ) ;
#4092 = CARTESIAN_POINT ( 'NONE',  ( 2.800000000000001599, 0.1000000012999997384, 0.05000000000812362261 ) ) ;
#4093 = ORIENTED_EDGE ( 'NONE', *, *, #6131, .T. ) ;
#4094 = EDGE_CURVE ( 'NONE', #1642, #7565, #489, .T. ) ;
#4095 = VERTEX_POINT ( 'NONE', #566 ) ;
#4096 = LINE ( 'NONE', #5956, #1340 ) ;
#4097 = ORIENTED_EDGE ( 'NONE', *, *, #704, .T. ) ;
#4098 = VERTEX_POINT ( 'NONE', #3677 ) ;
#4099 = EDGE_CURVE ( 'NONE', #6623, #309, #4804, .T. ) ;
#4100 = DIRECTION ( 'NONE',  ( 0.000000000000000000, -1.000000000000000000, 0.000000000000000000 ) ) ;
#4101 = ORIENTED_EDGE ( 'NONE', *, *, #3587, .T. ) ;
#4102 = SURFACE_STYLE_FILL_AREA ( #2942 ) ;
#4103 = CARTESIAN_POINT ( 'NONE',  ( 1.675000000000002487, -4.042787761810355684E-17, 1.199999999999997735 ) ) ;
#4104 = ORIENTED_EDGE ( 'NONE', *, *, #5390, .T. ) ;
#4105 = UNCERTAINTY_MEASURE_WITH_UNIT (LENGTH_MEASURE( 1.000000000000000082E-05 ), #5436, 'distance_accuracy_value', 'NONE');
#4106 = LINE ( 'NONE', #1207, #5614 ) ;
#4107 = CARTESIAN_POINT ( 'NONE',  ( -0.1249999999999961003, 2.639999999999999236, -0.6999999999999985123 ) ) ;
#4108 = DIRECTION ( 'NONE',  ( -0.000000000000000000, -0.000000000000000000, 1.000000000000000000 ) ) ;
#4109 = ORIENTED_EDGE ( 'NONE', *, *, #7437, .F. ) ;
#4110 = ORIENTED_EDGE ( 'NONE', *, *, #593, .T. ) ;
#4111 = CARTESIAN_POINT ( 'NONE',  ( -2.099999999599997391, 1.050000000000000044, -0.4999999999999985012 ) ) ;
#4112 = LINE ( 'NONE', #7312, #1061 ) ;
#4113 = CARTESIAN_POINT ( 'NONE',  ( -2.799999999999997158, 0.6936749699759758858, -0.8499999999999985345 ) ) ;
#4114 = VERTEX_POINT ( 'NONE', #7276 ) ;
#4115 = DIRECTION ( 'NONE',  ( 1.000000000000000000, 0.000000000000000000, -0.000000000000000000 ) ) ;
#4116 = ADVANCED_FACE ( 'NONE', ( #1827 ), #4920, .F. ) ;
#4117 = MANIFOLD_SOLID_BREP ( 'LPattern5[8]', #4622 ) ;
#4118 = EDGE_CURVE ( 'NONE', #4500, #4074, #6020, .T. ) ;
#4119 = ORIENTED_EDGE ( 'NONE', *, *, #3746, .T. ) ;
#4120 = CARTESIAN_POINT ( 'NONE',  ( 1.525000000000002576, 0.4500000002000000277, 0.6556624325871199810 ) ) ;
#4121 = ORIENTED_EDGE ( 'NONE', *, *, #6453, .F. ) ;
#4122 = CARTESIAN_POINT ( 'NONE',  ( -1.524999999999996803, 0.1000000006499978250, 0.5499999993499998796 ) ) ;
#4123 = SURFACE_SIDE_STYLE ('',( #5940 ) ) ;
#4124 = MANIFOLD_SOLID_BREP ( 'Body-Move/Copy6[4]', #2419 ) ;
#4125 =( GEOMETRIC_REPRESENTATION_CONTEXT ( 3 ) GLOBAL_UNCERTAINTY_ASSIGNED_CONTEXT ( ( #7646 ) ) GLOBAL_UNIT_ASSIGNED_CONTEXT ( ( #1316, #176, #1435 ) ) REPRESENTATION_CONTEXT ( 'NONE', 'WORKASPACE' ) );
#4126 = LINE ( 'NONE', #1192, #6440 ) ;
#4127 = DIRECTION ( 'NONE',  ( 0.000000000000000000, 0.000000000000000000, -1.000000000000000000 ) ) ;
#4128 = AXIS2_PLACEMENT_3D ( 'NONE', #3656, #6116, #4288 ) ;
#4129 = AXIS2_PLACEMENT_3D ( 'NONE', #4636, #4037, #6498 ) ;
#4130 = EDGE_LOOP ( 'NONE', ( #646, #4347, #5136, #2733 ) ) ;
#4131 = AXIS2_PLACEMENT_3D ( 'NONE', #3997, #413, #6449 ) ;
#4132 = CARTESIAN_POINT ( 'NONE',  ( -3.099999999999997868, 0.4500000002000000832, 0.5500000000000018208 ) ) ;
#4133 = EDGE_LOOP ( 'NONE', ( #934, #5449, #1318, #5749 ) ) ;
#4134 =( GEOMETRIC_REPRESENTATION_CONTEXT ( 3 ) GLOBAL_UNCERTAINTY_ASSIGNED_CONTEXT ( ( #4290 ) ) GLOBAL_UNIT_ASSIGNED_CONTEXT ( ( #6019, #4233, #1109 ) ) REPRESENTATION_CONTEXT ( 'NONE', 'WORKASPACE' ) );
#4135 = EDGE_CURVE ( 'NONE', #6875, #4975, #5771, .T. ) ;
#4136 =( LENGTH_UNIT ( ) NAMED_UNIT ( * ) SI_UNIT ( .MILLI., .METRE. ) );
#4137 = VERTEX_POINT ( 'NONE', #5410 ) ;
#4138 = CARTESIAN_POINT ( 'NONE',  ( -2.299999999999997158, 0.3500000000000000333, -0.9999999999999986677 ) ) ;
#4139 = DIRECTION ( 'NONE',  ( 0.000000000000000000, -1.000000000000000000, -7.572940222879532405E-11 ) ) ;
#4140 = ORIENTED_EDGE ( 'NONE', *, *, #6698, .F. ) ;
#4141 =( NAMED_UNIT ( * ) PLANE_ANGLE_UNIT ( ) SI_UNIT ( $, .RADIAN. ) );
#4142 = VERTEX_POINT ( 'NONE', #6917 ) ;
#4143 =( NAMED_UNIT ( * ) SI_UNIT ( $, .STERADIAN. ) SOLID_ANGLE_UNIT ( ) );
#4144 = ADVANCED_FACE ( 'NONE', ( #83 ), #4426, .F. ) ;
#4145 = AXIS2_PLACEMENT_3D ( 'NONE', #5714, #6860, #5546 ) ;
#4146 = ORIENTED_EDGE ( 'NONE', *, *, #4917, .F. ) ;
#4147 = VERTEX_POINT ( 'NONE', #2033 ) ;
#4148 = VECTOR ( 'NONE', #21, 1000.000000000000000 ) ;
#4149 = VECTOR ( 'NONE', #2304, 1000.000000000000000 ) ;
#4150 = VERTEX_POINT ( 'NONE', #3881 ) ;
#4151 = FILL_AREA_STYLE ('',( #7880 ) ) ;
#4152 = VECTOR ( 'NONE', #4497, 1000.000000000000000 ) ;
#4153 = ORIENTED_EDGE ( 'NONE', *, *, #1189, .F. ) ;
#4154 = DIRECTION ( 'NONE',  ( 1.000000000000000000, 0.000000000000000000, 0.000000000000000000 ) ) ;
#4155 = VECTOR ( 'NONE', #5791, 1000.000000000000227 ) ;
#4156 = ORIENTED_EDGE ( 'NONE', *, *, #2945, .T. ) ;
#4157 = LINE ( 'NONE', #4315, #7590 ) ;
#4158 = FACE_OUTER_BOUND ( 'NONE', #3841, .T. ) ;
#4159 = EDGE_CURVE ( 'NONE', #4706, #4745, #1384, .T. ) ;
#4160 = CARTESIAN_POINT ( 'NONE',  ( 2.100000000200001438, 1.050000000000000044, -0.5000000000000015543 ) ) ;
#4161 = ORIENTED_EDGE ( 'NONE', *, *, #6596, .F. ) ;
#4162 = MANIFOLD_SOLID_BREP ( 'Body-Move/Copy5[8]', #5503 ) ;
#4163 = EDGE_CURVE ( 'NONE', #5800, #731, #1343, .T. ) ;
#4164 = DIRECTION ( 'NONE',  ( -1.000000000000000000, -0.000000000000000000, -0.000000000000000000 ) ) ;
#4165 = CARTESIAN_POINT ( 'NONE',  ( 0.1250000000000036915, 0.7768699943250462203, -0.8099999999999991651 ) ) ;
#4166 = CARTESIAN_POINT ( 'NONE',  ( 1.570530792283388211, 2.639999999999999236, 0.1155307922833855860 ) ) ;
#4167 = EDGE_CURVE ( 'NONE', #91, #3234, #3844, .T. ) ;
#4168 = DIRECTION ( 'NONE',  ( -0.000000000000000000, -0.7071067811865475727, -0.7071067811865475727 ) ) ;
#4169 = ORIENTED_EDGE ( 'NONE', *, *, #7095, .F. ) ;
#4170 = CARTESIAN_POINT ( 'NONE',  ( 2.800000000000001599, 0.3063250300240242252, -0.9500000000000016209 ) ) ;
#4171 = VECTOR ( 'NONE', #5067, 1000.000000000000114 ) ;
#4172 = AXIS2_PLACEMENT_3D ( 'NONE', #3922, #6919, #5612 ) ;
#4173 = DIRECTION ( 'NONE',  ( 0.000000000000000000, -5.421010860823805421E-16, 1.000000000000000000 ) ) ;
#4174 = DIRECTION ( 'NONE',  ( -1.000000000000000000, -0.000000000000000000, 0.000000000000000000 ) ) ;
#4175 = DIRECTION ( 'NONE',  ( 0.000000000000000000, 0.000000000000000000, 1.000000000000000000 ) ) ;
#4176 = PRESENTATION_LAYER_ASSIGNMENT (  '', '', ( #1112 ) ) ;
#4177 = CARTESIAN_POINT ( 'NONE',  ( -0.7249999999999952038, 0.04999999999999997502, 1.200000000000001288 ) ) ;
#4178 = ORIENTED_EDGE ( 'NONE', *, *, #7163, .F. ) ;
#4179 = VECTOR ( 'NONE', #6679, 1000.000000000000000 ) ;
#4180 = ADVANCED_FACE ( 'NONE', ( #3468 ), #6402, .F. ) ;
#4181 = FILL_AREA_STYLE_COLOUR ( '', #3176 ) ;
#4182 = ORIENTED_EDGE ( 'NONE', *, *, #2493, .F. ) ;
#4183 = ORIENTED_EDGE ( 'NONE', *, *, #2506, .T. ) ;
#4184 = ADVANCED_FACE ( 'NONE', ( #5921 ), #2827, .F. ) ;
#4185 = SURFACE_STYLE_FILL_AREA ( #6171 ) ;
#4186 = ORIENTED_EDGE ( 'NONE', *, *, #3335, .F. ) ;
#4187 = FACE_OUTER_BOUND ( 'NONE', #6802, .T. ) ;
#4188 = VERTEX_POINT ( 'NONE', #5316 ) ;
#4189 = PRESENTATION_LAYER_ASSIGNMENT (  '', '', ( #1371 ) ) ;
#4190 = ADVANCED_FACE ( 'NONE', ( #5886 ), #278, .F. ) ;
#4191 = EDGE_CURVE ( 'NONE', #4444, #5906, #2867, .T. ) ;
#4192 = EDGE_CURVE ( 'NONE', #2541, #4095, #7628, .T. ) ;
#4193 = FACE_OUTER_BOUND ( 'NONE', #3839, .T. ) ;
#4194 = SURFACE_SIDE_STYLE ('',( #7794 ) ) ;
#4195 = FILL_AREA_STYLE ('',( #7236 ) ) ;
#4196 = VERTEX_POINT ( 'NONE', #923 ) ;
#4197 = EDGE_CURVE ( 'NONE', #6027, #3667, #7698, .T. ) ;
#4198 = DIRECTION ( 'NONE',  ( 0.000000000000000000, 0.8660254037844363761, -0.5000000000000039968 ) ) ;
#4199 = EDGE_CURVE ( 'NONE', #6812, #5980, #3391, .T. ) ;
#4200 = ORIENTED_EDGE ( 'NONE', *, *, #569, .F. ) ;
#4201 = CARTESIAN_POINT ( 'NONE',  ( 0.7000000000000033973, 2.239999999999990443, 0.3450000000000029710 ) ) ;
#4202 = EDGE_LOOP ( 'NONE', ( #6514, #372, #711, #2938 ) ) ;
#4203 = CARTESIAN_POINT ( 'NONE',  ( -0.02946920771661014696, 2.639999999999999236, 0.1250000000000016376 ) ) ;
#4204 = CARTESIAN_POINT ( 'NONE',  ( 3.600000000000004974, 2.639999999999999236, 0.1155307922833880285 ) ) ;
#4205 =( GEOMETRIC_REPRESENTATION_CONTEXT ( 3 ) GLOBAL_UNCERTAINTY_ASSIGNED_CONTEXT ( ( #2179 ) ) GLOBAL_UNIT_ASSIGNED_CONTEXT ( ( #7296, #4900, #6743 ) ) REPRESENTATION_CONTEXT ( 'NONE', 'WORKASPACE' ) );
#4206 = FILL_AREA_STYLE_COLOUR ( '', #2429 ) ;
#4207 = EDGE_LOOP ( 'NONE', ( #2683, #982, #7120, #5303 ) ) ;
#4208 = ORIENTED_EDGE ( 'NONE', *, *, #3806, .F. ) ;
#4209 = CARTESIAN_POINT ( 'NONE',  ( 1.675000000000002487, -4.042787761810355684E-17, 0.6499999999999981348 ) ) ;
#4210 = LINE ( 'NONE', #7325, #7666 ) ;
#4211 = DIRECTION ( 'NONE',  ( -0.000000000000000000, 1.000000000000000000, 0.000000000000000000 ) ) ;
#4212 = LINE ( 'NONE', #5994, #6865 ) ;
#4213 = CARTESIAN_POINT ( 'NONE',  ( 0.07500000000000485445, -3.675261601645777502E-17, 0.6500000000000011324 ) ) ;
#4214 = AXIS2_PLACEMENT_3D ( 'NONE', #7624, #5802, #3988 ) ;
#4215 = DIRECTION ( 'NONE',  ( -0.000000000000000000, 0.000000000000000000, 1.000000000000000000 ) ) ;
#4216 = VECTOR ( 'NONE', #3761, 1000.000000000000000 ) ;
#4217 = CARTESIAN_POINT ( 'NONE',  ( 3.600000000000004974, 2.639999999999999236, -0.3955307922833827261 ) ) ;
#4218 = EDGE_CURVE ( 'NONE', #7736, #2740, #2787, .T. ) ;
#4219 = VECTOR ( 'NONE', #4038, 1000.000000000000000 ) ;
#4220 = AXIS2_PLACEMENT_3D ( 'NONE', #546, #1725, #1124 ) ;
#4221 = DIRECTION ( 'NONE',  ( -0.000000000000000000, 0.000000000000000000, -1.000000000000000000 ) ) ;
#4222 = DIRECTION ( 'NONE',  ( -0.7071067811865597852, 0.7071067811865352493, 0.000000000000000000 ) ) ;
#4223 = DIRECTION ( 'NONE',  ( -1.000000000000000000, 0.000000000000000000, 0.000000000000000000 ) ) ;
#4224 = CARTESIAN_POINT ( 'NONE',  ( 9.300000000000002487, 1.050000000000000044, -0.7000000000000015099 ) ) ;
#4225 = ORIENTED_EDGE ( 'NONE', *, *, #3949, .F. ) ;
#4226 = EDGE_LOOP ( 'NONE', ( #703, #683, #1548, #5620 ) ) ;
#4227 = CARTESIAN_POINT ( 'NONE',  ( -1.499999999999996225, 1.050000000000000044, -0.8249999999999970690 ) ) ;
#4228 = ORIENTED_EDGE ( 'NONE', *, *, #1875, .T. ) ;
#4229 = DIRECTION ( 'NONE',  ( -1.000000000000000000, 0.000000000000000000, 0.000000000000000000 ) ) ;
#4230 = VERTEX_POINT ( 'NONE', #2181 ) ;
#4231 = ORIENTED_EDGE ( 'NONE', *, *, #5229, .T. ) ;
#4232 = PLANE ( 'NONE',  #3804 ) ;
#4233 =( NAMED_UNIT ( * ) PLANE_ANGLE_UNIT ( ) SI_UNIT ( $, .RADIAN. ) );
#4234 = FILL_AREA_STYLE_COLOUR ( '', #1921 ) ;
#4235 = CARTESIAN_POINT ( 'NONE',  ( 2.600000000000001865, 1.355252715606880543E-17, -0.1164279503904905866 ) ) ;
#4236 = CARTESIAN_POINT ( 'NONE',  ( 2.800000000000002931, 2.639999999999999236, -0.7544692077166114119 ) ) ;
#4237 = MANIFOLD_SOLID_BREP ( 'Body-Move/Copy5[3]', #1001 ) ;
#4238 = VECTOR ( 'NONE', #2655, 1000.000000000000000 ) ;
#4239 = CARTESIAN_POINT ( 'NONE',  ( -0.9249999999999966027, 0.7768699943250462203, -0.6999999999999985123 ) ) ;
#4240 = LINE ( 'NONE', #1799, #7336 ) ;
#4241 = CARTESIAN_POINT ( 'NONE',  ( 0.07500000000000485445, 0.1999999999999999833, 0.8000000000000011546 ) ) ;
#4242 =( NAMED_UNIT ( * ) PLANE_ANGLE_UNIT ( ) SI_UNIT ( $, .RADIAN. ) );
#4243 = ORIENTED_EDGE ( 'NONE', *, *, #2178, .T. ) ;
#4244 = ORIENTED_EDGE ( 'NONE', *, *, #2534, .F. ) ;
#4245 = MANIFOLD_SOLID_BREP ( 'LPattern5[7]', #224 ) ;
#4246 = CARTESIAN_POINT ( 'NONE',  ( 0.07500000000000485445, -3.675261601645777502E-17, 1.200000000000000844 ) ) ;
#4247 = DIRECTION ( 'NONE',  ( 1.000000000000000000, 0.000000000000000000, 0.000000000000000000 ) ) ;
#4248 = LINE ( 'NONE', #462, #950 ) ;
#4249 = LINE ( 'NONE', #3140, #1381 ) ;
#4250 = FACE_OUTER_BOUND ( 'NONE', #1839, .T. ) ;
#4251 = PLANE ( 'NONE',  #1979 ) ;
#4252 = EDGE_CURVE ( 'NONE', #7047, #2297, #4106, .T. ) ;
#4253 = SURFACE_STYLE_FILL_AREA ( #4828 ) ;
#4254 = CARTESIAN_POINT ( 'NONE',  ( -1.570530792283382659, 2.639999999999999236, 0.2744692077166173139 ) ) ;
#4255 = CARTESIAN_POINT ( 'NONE',  ( 2.600000000000001865, 0.3063250300240242252, -0.9500000000000016209 ) ) ;
#4256 =( GEOMETRIC_REPRESENTATION_CONTEXT ( 3 ) GLOBAL_UNCERTAINTY_ASSIGNED_CONTEXT ( ( #6245 ) ) GLOBAL_UNIT_ASSIGNED_CONTEXT ( ( #1155, #500, #7806 ) ) REPRESENTATION_CONTEXT ( 'NONE', 'WORKASPACE' ) );
#4257 = ADVANCED_FACE ( 'NONE', ( #478 ), #2299, .T. ) ;
#4258 = SURFACE_SIDE_STYLE ('',( #1818 ) ) ;
#4259 = CARTESIAN_POINT ( 'NONE',  ( -1.629469207716611079, 2.639999999999999236, 0.1250000000000016376 ) ) ;
#4260 = VERTEX_POINT ( 'NONE', #2377 ) ;
#4261 = DIRECTION ( 'NONE',  ( -1.000000000000000000, 0.000000000000000000, 0.000000000000000000 ) ) ;
#4262 =( GEOMETRIC_REPRESENTATION_CONTEXT ( 3 ) GLOBAL_UNCERTAINTY_ASSIGNED_CONTEXT ( ( #5508 ) ) GLOBAL_UNIT_ASSIGNED_CONTEXT ( ( #7708, #2672, #2113 ) ) REPRESENTATION_CONTEXT ( 'NONE', 'WORKASPACE' ) );
#4263 = CARTESIAN_POINT ( 'NONE',  ( -2.599999999999997424, 0.6936749699759758858, -0.9499999999999986233 ) ) ;
#4264 = VERTEX_POINT ( 'NONE', #7906 ) ;
#4265 = ADVANCED_FACE ( 'NONE', ( #1170 ), #3590, .F. ) ;
#4266 = DIRECTION ( 'NONE',  ( 0.000000000000000000, 1.000000000000000000, 1.115385494969530056E-10 ) ) ;
#4267 = DIRECTION ( 'NONE',  ( 0.000000000000000000, -0.000000000000000000, 1.000000000000000000 ) ) ;
#4268 = DIRECTION ( 'NONE',  ( 0.000000000000000000, 0.000000000000000000, -1.000000000000000000 ) ) ;
#4269 = EDGE_LOOP ( 'NONE', ( #5063, #48, #2478, #4378 ) ) ;
#4270 = PLANE ( 'NONE',  #318 ) ;
#4271 = PRESENTATION_LAYER_ASSIGNMENT (  '', '', ( #6594 ) ) ;
#4272 = VECTOR ( 'NONE', #717, 1000.000000000000227 ) ;
#4273 = PLANE ( 'NONE',  #5575 ) ;
#4274 = DIRECTION ( 'NONE',  ( 1.000000000000000000, 0.000000000000000000, 0.000000000000000000 ) ) ;
#4275 = AXIS2_PLACEMENT_3D ( 'NONE', #7524, #294, #5253 ) ;
#4276 = PLANE ( 'NONE',  #3969 ) ;
#4277 = ADVANCED_FACE ( 'NONE', ( #5477 ), #2420, .F. ) ;
#4278 = ORIENTED_EDGE ( 'NONE', *, *, #5875, .T. ) ;
#4279 = ADVANCED_FACE ( 'NONE', ( #2500 ), #6791, .F. ) ;
#4280 = ORIENTED_EDGE ( 'NONE', *, *, #4879, .T. ) ;
#4281 = ORIENTED_EDGE ( 'NONE', *, *, #5964, .F. ) ;
#4282 = AXIS2_PLACEMENT_3D ( 'NONE', #6599, #5516, #1092 ) ;
#4283 = PLANE ( 'NONE',  #3642 ) ;
#4284 = CARTESIAN_POINT ( 'NONE',  ( -2.209999999999997744, 2.750000000000000000, -0.9999999999999986677 ) ) ;
#4285 = FACE_OUTER_BOUND ( 'NONE', #5154, .T. ) ;
#4286 = VECTOR ( 'NONE', #4173, 1000.000000000000000 ) ;
#4287 = ADVANCED_FACE ( 'NONE', ( #6208 ), #681, .F. ) ;
#4288 = DIRECTION ( 'NONE',  ( 0.000000000000000000, -0.7071067811865355823, 0.7071067811865595631 ) ) ;
#4289 = VECTOR ( 'NONE', #6127, 1000.000000000000000 ) ;
#4290 = UNCERTAINTY_MEASURE_WITH_UNIT (LENGTH_MEASURE( 1.000000000000000082E-05 ), #6019, 'distance_accuracy_value', 'NONE');
#4291 = DIRECTION ( 'NONE',  ( -0.9848077530122090195, -0.1736481776669255295, -0.000000000000000000 ) ) ;
#4292 = VERTEX_POINT ( 'NONE', #3871 ) ;
#4293 = CARTESIAN_POINT ( 'NONE',  ( 2.340000000000002078, 1.050000000000000044, 0.09999999999999857614 ) ) ;
#4294 = ADVANCED_FACE ( 'NONE', ( #5679 ), #2022, .F. ) ;
#4295 = CARTESIAN_POINT ( 'NONE',  ( -2.209999999999997744, 2.750000000000000000, -0.8099999999999991651 ) ) ;
#4296 = ADVANCED_FACE ( 'NONE', ( #3151 ), #5117, .F. ) ;
#4297 = FACE_OUTER_BOUND ( 'NONE', #7798, .T. ) ;
#4298 = CARTESIAN_POINT ( 'NONE',  ( -1.524999999999996803, 0.000000000000000000, 0.6500000000000011324 ) ) ;
#4299 = LINE ( 'NONE', #6386, #3063 ) ;
#4300 = PRESENTATION_STYLE_ASSIGNMENT (( #4872 ) ) ;
#4301 = VECTOR ( 'NONE', #2568, 1000.000000000000000 ) ;
#4302 = LINE ( 'NONE', #4373, #2046 ) ;
#4303 = EDGE_LOOP ( 'NONE', ( #14, #6046, #4327, #74 ) ) ;
#4304 = CARTESIAN_POINT ( 'NONE',  ( -1.570530792283381771, 2.639999999999999236, 0.1250000000000016376 ) ) ;
#4305 =( GEOMETRIC_REPRESENTATION_CONTEXT ( 3 ) GLOBAL_UNCERTAINTY_ASSIGNED_CONTEXT ( ( #1537 ) ) GLOBAL_UNIT_ASSIGNED_CONTEXT ( ( #6819, #28, #4944 ) ) REPRESENTATION_CONTEXT ( 'NONE', 'WORKASPACE' ) );
#4306 = ORIENTED_EDGE ( 'NONE', *, *, #3352, .F. ) ;
#4307 = LINE ( 'NONE', #6175, #4925 ) ;
#4308 = AXIS2_PLACEMENT_3D ( 'NONE', #3719, #5563, #7467 ) ;
#4309 = AXIS2_PLACEMENT_3D ( 'NONE', #7947, #5523, #7308 ) ;
#4310 = CARTESIAN_POINT ( 'NONE',  ( -0.7705307922833809497, 2.639999999999999236, 0.1250000000000016376 ) ) ;
#4311 = DIRECTION ( 'NONE',  ( 1.334663381620508699E-16, -0.1736481776669258625, 0.9848077530122089085 ) ) ;
#4312 = CARTESIAN_POINT ( 'NONE',  ( -0.07499999999999683309, 0.4500000002000000832, 0.6556624325871229786 ) ) ;
#4313 = EDGE_CURVE ( 'NONE', #4998, #178, #5082, .T. ) ;
#4314 = CARTESIAN_POINT ( 'NONE',  ( 0.1000000000000047101, 2.239999999999990443, 0.04500000000000294043 ) ) ;
#4315 = CARTESIAN_POINT ( 'NONE',  ( 1.675000000000002487, -4.042787761810355684E-17, 0.6499999999999981348 ) ) ;
#4316 = DIRECTION ( 'NONE',  ( 0.000000000000000000, -1.857148025303053679E-09, 1.000000000000000000 ) ) ;
#4317 = ORIENTED_EDGE ( 'NONE', *, *, #6661, .F. ) ;
#4318 =( NAMED_UNIT ( * ) SI_UNIT ( $, .STERADIAN. ) SOLID_ANGLE_UNIT ( ) );
#4319 = LINE ( 'NONE', #6770, #5162 ) ;
#4320 = ORIENTED_EDGE ( 'NONE', *, *, #6325, .T. ) ;
#4321 = EDGE_CURVE ( 'NONE', #2878, #7010, #3226, .T. ) ;
#4322 = ORIENTED_EDGE ( 'NONE', *, *, #6580, .T. ) ;
#4323 = FACE_OUTER_BOUND ( 'NONE', #7557, .T. ) ;
#4324 = STYLED_ITEM ( 'NONE', ( #4363 ), #1641 ) ;
#4325 = LINE ( 'NONE', #1843, #3885 ) ;
#4326 = CARTESIAN_POINT ( 'NONE',  ( -0.8999999999999958034, 2.639999999999999236, -0.8249999999999970690 ) ) ;
#4327 = ORIENTED_EDGE ( 'NONE', *, *, #2736, .T. ) ;
#4328 = CARTESIAN_POINT ( 'NONE',  ( -0.02946920771661101432, 2.639999999999999236, 0.2744692077166173139 ) ) ;
#4329 = CARTESIAN_POINT ( 'NONE',  ( 5.200000000000004619, 2.639999999999999236, 0.2744692077166173139 ) ) ;
#4330 = ORIENTED_EDGE ( 'NONE', *, *, #3313, .F. ) ;
#4331 = DIRECTION ( 'NONE',  ( 0.000000000000000000, 0.000000000000000000, -1.000000000000000000 ) ) ;
#4332 = DIRECTION ( 'NONE',  ( -1.000000000000000000, 0.000000000000000000, -0.000000000000000000 ) ) ;
#4333 = DIRECTION ( 'NONE',  ( -1.000000000000000000, 0.000000000000000000, -0.000000000000000000 ) ) ;
#4334 =( GEOMETRIC_REPRESENTATION_CONTEXT ( 3 ) GLOBAL_UNCERTAINTY_ASSIGNED_CONTEXT ( ( #7330 ) ) GLOBAL_UNIT_ASSIGNED_CONTEXT ( ( #336, #1033, #4683 ) ) REPRESENTATION_CONTEXT ( 'NONE', 'WORKASPACE' ) );
#4335 = DIRECTION ( 'NONE',  ( 0.000000000000000000, 0.000000000000000000, 1.000000000000000000 ) ) ;
#4336 = COLOUR_RGB ( '',0.7960784313725489669, 0.8235294117647058432, 0.9372549019607843146 ) ;
#4337 = PLANE ( 'NONE',  #617 ) ;
#4338 = ORIENTED_EDGE ( 'NONE', *, *, #1099, .T. ) ;
#4339 = PLANE ( 'NONE',  #4220 ) ;
#4340 = LINE ( 'NONE', #112, #3383 ) ;
#4341 = ORIENTED_EDGE ( 'NONE', *, *, #6785, .F. ) ;
#4342 =( GEOMETRIC_REPRESENTATION_CONTEXT ( 3 ) GLOBAL_UNCERTAINTY_ASSIGNED_CONTEXT ( ( #396 ) ) GLOBAL_UNIT_ASSIGNED_CONTEXT ( ( #2964, #1154, #6066 ) ) REPRESENTATION_CONTEXT ( 'NONE', 'WORKASPACE' ) );
#4343 =( GEOMETRIC_REPRESENTATION_CONTEXT ( 3 ) GLOBAL_UNCERTAINTY_ASSIGNED_CONTEXT ( ( #1320 ) ) GLOBAL_UNIT_ASSIGNED_CONTEXT ( ( #1372, #3534, #5992 ) ) REPRESENTATION_CONTEXT ( 'NONE', 'WORKASPACE' ) );
#4344 = EDGE_CURVE ( 'NONE', #7186, #7758, #3263, .T. ) ;
#4345 = CARTESIAN_POINT ( 'NONE',  ( 1.475000000000002753, 1.050000000000000044, -0.7000000000000015099 ) ) ;
#4346 = VERTEX_POINT ( 'NONE', #189 ) ;
#4347 = ORIENTED_EDGE ( 'NONE', *, *, #3290, .F. ) ;
#4348 = ORIENTED_EDGE ( 'NONE', *, *, #3551, .F. ) ;
#4349 = FACE_OUTER_BOUND ( 'NONE', #2662, .T. ) ;
#4350 = VECTOR ( 'NONE', #6686, 1000.000000000000000 ) ;
#4351 = ORIENTED_EDGE ( 'NONE', *, *, #5964, .T. ) ;
#4352 = FACE_OUTER_BOUND ( 'NONE', #4762, .T. ) ;
#4353 = LINE ( 'NONE', #1035, #4041 ) ;
#4354 = CARTESIAN_POINT ( 'NONE',  ( 0.1000000000000055705, 2.639999999999999236, -0.8249999999999970690 ) ) ;
#4355 = DIRECTION ( 'NONE',  ( 0.000000000000000000, -1.000000000000000000, -1.204669080539449344E-16 ) ) ;
#4356 = SURFACE_SIDE_STYLE ('',( #5536 ) ) ;
#4357 = FACE_OUTER_BOUND ( 'NONE', #2271, .T. ) ;
#4358 = ADVANCED_FACE ( 'NONE', ( #5037 ), #1982, .F. ) ;
#4359 = VERTEX_POINT ( 'NONE', #7418 ) ;
#4360 = ORIENTED_EDGE ( 'NONE', *, *, #5012, .T. ) ;
#4361 = CARTESIAN_POINT ( 'NONE',  ( -1.699999999999995737, 2.639999999999999236, -0.8249999999999970690 ) ) ;
#4362 = EDGE_LOOP ( 'NONE', ( #7576, #6266, #6385, #6211 ) ) ;
#4363 = PRESENTATION_STYLE_ASSIGNMENT (( #756 ) ) ;
#4364 = UNCERTAINTY_MEASURE_WITH_UNIT (LENGTH_MEASURE( 1.000000000000000082E-05 ), #3591, 'distance_accuracy_value', 'NONE');
#4365 = DIRECTION ( 'NONE',  ( 0.000000000000000000, 0.000000000000000000, -1.000000000000000000 ) ) ;
#4366 = ORIENTED_EDGE ( 'NONE', *, *, #5830, .F. ) ;
#4367 = LINE ( 'NONE', #6248, #4272 ) ;
#4368 = SURFACE_STYLE_USAGE ( .BOTH. , #7380 ) ;
#4369 = AXIS2_PLACEMENT_3D ( 'NONE', #5089, #4462, #6913 ) ;
#4370 = DIRECTION ( 'NONE',  ( -0.000000000000000000, 1.000000000000000000, -0.000000000000000000 ) ) ;
#4371 = SURFACE_STYLE_USAGE ( .BOTH. , #1942 ) ;
#4372 = EDGE_LOOP ( 'NONE', ( #6771, #3307, #7342, #477 ) ) ;
#4373 = CARTESIAN_POINT ( 'NONE',  ( 1.675000000000002487, -4.042787761810355684E-17, 1.199999999999997735 ) ) ;
#4374 = ORIENTED_EDGE ( 'NONE', *, *, #5163, .T. ) ;
#4375 = CARTESIAN_POINT ( 'NONE',  ( 5.200000000000004619, 1.050000000000000044, 0.1250000000000016376 ) ) ;
#4376 = ADVANCED_FACE ( 'NONE', ( #1451 ), #639, .F. ) ;
#4377 =( LENGTH_UNIT ( ) NAMED_UNIT ( * ) SI_UNIT ( .MILLI., .METRE. ) );
#4378 = ORIENTED_EDGE ( 'NONE', *, *, #1796, .F. ) ;
#4379 = ORIENTED_EDGE ( 'NONE', *, *, #7498, .T. ) ;
#4380 =( GEOMETRIC_REPRESENTATION_CONTEXT ( 3 ) GLOBAL_UNCERTAINTY_ASSIGNED_CONTEXT ( ( #1616 ) ) GLOBAL_UNIT_ASSIGNED_CONTEXT ( ( #5664, #6304, #1393 ) ) REPRESENTATION_CONTEXT ( 'NONE', 'WORKASPACE' ) );
#4381 = ORIENTED_EDGE ( 'NONE', *, *, #4118, .T. ) ;
#4382 = CARTESIAN_POINT ( 'NONE',  ( 2.210000000000002185, 2.750000000000000000, -1.000000000000001776 ) ) ;
#4383 = EDGE_CURVE ( 'NONE', #5852, #5309, #5872, .T. ) ;
#4384 = VECTOR ( 'NONE', #5628, 1000.000000000000000 ) ;
#4385 = AXIS2_PLACEMENT_3D ( 'NONE', #1800, #1119, #5535 ) ;
#4386 = LINE ( 'NONE', #6918, #94 ) ;
#4387 = DIRECTION ( 'NONE',  ( -0.000000000000000000, -1.000000000000000000, -0.000000000000000000 ) ) ;
#4388 = STYLED_ITEM ( 'NONE', ( #2470 ), #1956 ) ;
#4389 = EDGE_CURVE ( 'NONE', #4528, #3973, #2093, .T. ) ;
#4390 = EDGE_CURVE ( 'NONE', #6616, #4706, #6360, .T. ) ;
#4391 = CARTESIAN_POINT ( 'NONE',  ( -2.799999999999997158, 0.3500000000000001443, -0.2500000000724984517 ) ) ;
#4392 = DIRECTION ( 'NONE',  ( 0.000000000000000000, 0.000000000000000000, 1.000000000000000000 ) ) ;
#4393 = CARTESIAN_POINT ( 'NONE',  ( 0.1250000000000054123, 2.639999999999999236, -0.6999999999999985123 ) ) ;
#4394 = SURFACE_STYLE_FILL_AREA ( #210 ) ;
#4395 = PRESENTATION_LAYER_ASSIGNMENT (  '', '', ( #7847 ) ) ;
#4396 = VERTEX_POINT ( 'NONE', #7615 ) ;
#4397 = ADVANCED_FACE ( 'NONE', ( #4534 ), #1489, .T. ) ;
#4398 = VERTEX_POINT ( 'NONE', #6391 ) ;
#4399 = VECTOR ( 'NONE', #7422, 1000.000000000000114 ) ;
#4400 = DIRECTION ( 'NONE',  ( 0.000000000000000000, 0.000000000000000000, -1.000000000000000000 ) ) ;
#4401 = EDGE_CURVE ( 'NONE', #7829, #4853, #6471, .T. ) ;
#4402 = VECTOR ( 'NONE', #5173, 1000.000000000000000 ) ;
#4403 = LINE ( 'NONE', #783, #7108 ) ;
#4404 = CARTESIAN_POINT ( 'NONE',  ( -0.9249999999999966027, 0.7768699943250462203, -0.8099999999999991651 ) ) ;
#4405 = LINE ( 'NONE', #1933, #662 ) ;
#4406 = ORIENTED_EDGE ( 'NONE', *, *, #504, .F. ) ;
#4407 = DIRECTION ( 'NONE',  ( 0.000000000000000000, 0.000000000000000000, 1.000000000000000000 ) ) ;
#4408 = FACE_OUTER_BOUND ( 'NONE', #5856, .T. ) ;
#4409 = DIRECTION ( 'NONE',  ( 1.000000000000000000, 0.000000000000000000, 0.000000000000000000 ) ) ;
#4410 = AXIS2_PLACEMENT_3D ( 'NONE', #2245, #5272, #4656 ) ;
#4411 = VERTEX_POINT ( 'NONE', #7046 ) ;
#4412 = EDGE_CURVE ( 'NONE', #2050, #4630, #7729, .T. ) ;
#4413 = VECTOR ( 'NONE', #1690, 1000.000000000000000 ) ;
#4414 = LINE ( 'NONE', #4903, #5971 ) ;
#4415 = CARTESIAN_POINT ( 'NONE',  ( -2.209999999999997744, 2.750000000000000000, 0.1000000000000016154 ) ) ;
#4416 = VECTOR ( 'NONE', #5343, 1000.000000000000227 ) ;
#4417 = DIRECTION ( 'NONE',  ( -1.000000000000000000, 0.000000000000000000, -0.000000000000000000 ) ) ;
#4418 = SURFACE_STYLE_USAGE ( .BOTH. , #682 ) ;
#4419 = ORIENTED_EDGE ( 'NONE', *, *, #2644, .F. ) ;
#4420 = PLANE ( 'NONE',  #1883 ) ;
#4421 = DIRECTION ( 'NONE',  ( -0.000000000000000000, -1.000000000000000000, -1.115385494969530056E-10 ) ) ;
#4422 = EDGE_LOOP ( 'NONE', ( #5220, #7907, #2306, #3854, #3592, #7510, #2177, #5607 ) ) ;
#4423 = EDGE_LOOP ( 'NONE', ( #3049, #3595, #5176, #4895, #643, #2863, #2525, #2321 ) ) ;
#4424 = ORIENTED_EDGE ( 'NONE', *, *, #6542, .F. ) ;
#4425 = PRESENTATION_STYLE_ASSIGNMENT (( #5654 ) ) ;
#4426 = PLANE ( 'NONE',  #3075 ) ;
#4427 = CARTESIAN_POINT ( 'NONE',  ( 0.8750000000000048850, 0.4500000002000000277, 0.6556624325871229786 ) ) ;
#4428 = DIRECTION ( 'NONE',  ( 1.000000000000000000, 0.000000000000000000, -0.000000000000000000 ) ) ;
#4429 = VECTOR ( 'NONE', #7102, 1000.000000000000000 ) ;
#4430 = ADVANCED_FACE ( 'NONE', ( #308 ), #4052, .F. ) ;
#4431 = EDGE_CURVE ( 'NONE', #4230, #7572, #3339, .T. ) ;
#4432 = LINE ( 'NONE', #1305, #6122 ) ;
#4433 = CARTESIAN_POINT ( 'NONE',  ( -0.09999999999999581446, 1.050000000000000044, -0.3249999999999970690 ) ) ;
#4434 = ORIENTED_EDGE ( 'NONE', *, *, #4163, .F. ) ;
#4435 = DIRECTION ( 'NONE',  ( -0.000000000000000000, 0.7071067811865474617, -0.7071067811865474617 ) ) ;
#4436 = VECTOR ( 'NONE', #2380, 1000.000000000000114 ) ;
#4437 = ADVANCED_FACE ( 'NONE', ( #2775 ), #2131, .F. ) ;
#4438 = VERTEX_POINT ( 'NONE', #465 ) ;
#4439 = SURFACE_STYLE_FILL_AREA ( #5704 ) ;
#4440 = VECTOR ( 'NONE', #6827, 1000.000000000000114 ) ;
#4441 = FILL_AREA_STYLE_COLOUR ( '', #1104 ) ;
#4442 = DIRECTION ( 'NONE',  ( -0.000000000000000000, -1.000000000000000000, -0.000000000000000000 ) ) ;
#4443 = FACE_OUTER_BOUND ( 'NONE', #6150, .T. ) ;
#4444 = VERTEX_POINT ( 'NONE', #5467 ) ;
#4445 = FILL_AREA_STYLE ('',( #872 ) ) ;
#4446 = UNCERTAINTY_MEASURE_WITH_UNIT (LENGTH_MEASURE( 1.000000000000000082E-05 ), #1604, 'distance_accuracy_value', 'NONE');
#4447 = DIRECTION ( 'NONE',  ( -0.000000000000000000, -1.000000000000000000, -0.000000000000000000 ) ) ;
#4448 = FACE_OUTER_BOUND ( 'NONE', #1897, .T. ) ;
#4449 = ORIENTED_EDGE ( 'NONE', *, *, #234, .F. ) ;
#4450 = SURFACE_STYLE_USAGE ( .BOTH. , #7499 ) ;
#4451 = PLANE ( 'NONE',  #2752 ) ;
#4452 = PLANE ( 'NONE',  #380 ) ;
#4453 = STYLED_ITEM ( 'NONE', ( #1913 ), #1475 ) ;
#4454 = CARTESIAN_POINT ( 'NONE',  ( 4.400000000000005684, 2.639999999999999236, 0.1250000000000016376 ) ) ;
#4455 = ORIENTED_EDGE ( 'NONE', *, *, #4640, .T. ) ;
#4456 = ADVANCED_FACE ( 'NONE', ( #2935 ), #6671, .F. ) ;
#4457 = ORIENTED_EDGE ( 'NONE', *, *, #1733, .T. ) ;
#4458 =( NAMED_UNIT ( * ) PLANE_ANGLE_UNIT ( ) SI_UNIT ( $, .RADIAN. ) );
#4459 = VECTOR ( 'NONE', #4523, 1000.000000000000000 ) ;
#4460 = ORIENTED_EDGE ( 'NONE', *, *, #250, .F. ) ;
#4461 = DIRECTION ( 'NONE',  ( 0.000000000000000000, 0.000000000000000000, -1.000000000000000000 ) ) ;
#4462 = DIRECTION ( 'NONE',  ( 1.000000000000000000, 0.000000000000000000, -0.000000000000000000 ) ) ;
#4463 = PLANE ( 'NONE',  #1753 ) ;
#4464 = DIRECTION ( 'NONE',  ( 0.000000000000000000, -0.5150380749100552658, -0.8571673007021116675 ) ) ;
#4465 = DIRECTION ( 'NONE',  ( -0.000000000000000000, -0.000000000000000000, 1.000000000000000000 ) ) ;
#4466 =( LENGTH_UNIT ( ) NAMED_UNIT ( * ) SI_UNIT ( .MILLI., .METRE. ) );
#4467 = CARTESIAN_POINT ( 'NONE',  ( -0.9249999999999966027, 1.050000000000000044, -0.6999999999999985123 ) ) ;
#4468 = VECTOR ( 'NONE', #3356, 1000.000000000000000 ) ;
#4469 = VECTOR ( 'NONE', #1209, 1000.000000000000000 ) ;
#4470 = EDGE_CURVE ( 'NONE', #253, #5859, #3622, .T. ) ;
#4471 =( GEOMETRIC_REPRESENTATION_CONTEXT ( 3 ) GLOBAL_UNCERTAINTY_ASSIGNED_CONTEXT ( ( #2606 ) ) GLOBAL_UNIT_ASSIGNED_CONTEXT ( ( #3161, #5610, #6336 ) ) REPRESENTATION_CONTEXT ( 'NONE', 'WORKASPACE' ) );
#4472 = CARTESIAN_POINT ( 'NONE',  ( -0.8749999999999968914, 0.1999999999999999556, 1.250000000000001110 ) ) ;
#4473 = LINE ( 'NONE', #3767, #4904 ) ;
#4474 = VERTEX_POINT ( 'NONE', #7331 ) ;
#4475 = LINE ( 'NONE', #4393, #5250 ) ;
#4476 =( NAMED_UNIT ( * ) PLANE_ANGLE_UNIT ( ) SI_UNIT ( $, .RADIAN. ) );
#4477 = PRESENTATION_LAYER_ASSIGNMENT (  '', '', ( #7933 ) ) ;
#4478 = DIRECTION ( 'NONE',  ( -1.000000000000000000, 0.000000000000000000, -0.000000000000000000 ) ) ;
#4479 =( LENGTH_UNIT ( ) NAMED_UNIT ( * ) SI_UNIT ( .MILLI., .METRE. ) );
#4480 = DIRECTION ( 'NONE',  ( 1.000000000000000000, 0.000000000000000000, 0.000000000000000000 ) ) ;
#4481 = CARTESIAN_POINT ( 'NONE',  ( 1.675000000000002487, 0.4500000002000000277, 0.6556624325871199810 ) ) ;
#4482 = CARTESIAN_POINT ( 'NONE',  ( -0.7249999999999952038, 0.4500000002000000277, 0.6556624325871229786 ) ) ;
#4483 = CARTESIAN_POINT ( 'NONE',  ( 1.700000000000002398, 2.639999999999999236, 0.3449999999999999178 ) ) ;
#4484 = DIRECTION ( 'NONE',  ( 0.000000000000000000, -0.000000000000000000, 1.000000000000000000 ) ) ;
#4485 = EDGE_LOOP ( 'NONE', ( #4306, #2940, #1433, #1781 ) ) ;
#4486 = ORIENTED_EDGE ( 'NONE', *, *, #4040, .F. ) ;
#4487 = VECTOR ( 'NONE', #3187, 1000.000000000000000 ) ;
#4488 = DIRECTION ( 'NONE',  ( -0.000000000000000000, 1.000000000000000000, -0.000000000000000000 ) ) ;
#4489 = DIRECTION ( 'NONE',  ( 0.000000000000000000, 0.7071067811865355823, -0.7071067811865594521 ) ) ;
#4490 = LINE ( 'NONE', #7453, #172 ) ;
#4491 = DIRECTION ( 'NONE',  ( 0.000000000000000000, 0.000000000000000000, -1.000000000000000000 ) ) ;
#4492 = SURFACE_STYLE_USAGE ( .BOTH. , #2617 ) ;
#4493 = EDGE_CURVE ( 'NONE', #5407, #2921, #5951, .T. ) ;
#4494 = ORIENTED_EDGE ( 'NONE', *, *, #508, .T. ) ;
#4495 = FACE_OUTER_BOUND ( 'NONE', #1700, .T. ) ;
#4496 = ORIENTED_EDGE ( 'NONE', *, *, #4383, .F. ) ;
#4497 = DIRECTION ( 'NONE',  ( 0.000000000000000000, 0.000000000000000000, 1.000000000000000000 ) ) ;
#4498 = VERTEX_POINT ( 'NONE', #5427 ) ;
#4499 = EDGE_CURVE ( 'NONE', #3863, #2072, #4778, .T. ) ;
#4500 = VERTEX_POINT ( 'NONE', #4823 ) ;
#4501 = CARTESIAN_POINT ( 'NONE',  ( 2.339999999850002510, 2.750000000000000000, 0.09999999999999860389 ) ) ;
#4502 = ORIENTED_EDGE ( 'NONE', *, *, #2523, .F. ) ;
#4503 = FACE_OUTER_BOUND ( 'NONE', #1241, .T. ) ;
#4504 = SURFACE_STYLE_USAGE ( .BOTH. , #3199 ) ;
#4505 = CARTESIAN_POINT ( 'NONE',  ( -0.09999999999999581446, 1.050000000000000044, -0.8249999999999970690 ) ) ;
#4506 = CARTESIAN_POINT ( 'NONE',  ( -0.8999999999999966915, 1.050000000000000044, 0.3450000000000029710 ) ) ;
#4507 = ADVANCED_FACE ( 'NONE', ( #6591 ), #3538, .F. ) ;
#4508 =( GEOMETRIC_REPRESENTATION_CONTEXT ( 3 ) GLOBAL_UNCERTAINTY_ASSIGNED_CONTEXT ( ( #988 ) ) GLOBAL_UNIT_ASSIGNED_CONTEXT ( ( #2758, #4519, #6419 ) ) REPRESENTATION_CONTEXT ( 'NONE', 'WORKASPACE' ) );
#4509 = PLANE ( 'NONE',  #4826 ) ;
#4510 = STYLED_ITEM ( 'NONE', ( #942 ), #885 ) ;
#4511 = CARTESIAN_POINT ( 'NONE',  ( 0.1000000000000047101, 2.639999999999999236, 0.04500000000000294043 ) ) ;
#4512 = EDGE_CURVE ( 'NONE', #6804, #2677, #3660, .T. ) ;
#4513 = CARTESIAN_POINT ( 'NONE',  ( -0.7249999999999952038, 0.4500000002000000277, 0.6556624325871229786 ) ) ;
#4514 = FILL_AREA_STYLE ('',( #7484 ) ) ;
#4515 = EDGE_LOOP ( 'NONE', ( #1025, #3835, #1620, #4702 ) ) ;
#4516 = VECTOR ( 'NONE', #366, 1000.000000000000000 ) ;
#4517 =( NAMED_UNIT ( * ) PLANE_ANGLE_UNIT ( ) SI_UNIT ( $, .RADIAN. ) );
#4518 = ORIENTED_EDGE ( 'NONE', *, *, #2842, .T. ) ;
#4519 =( NAMED_UNIT ( * ) PLANE_ANGLE_UNIT ( ) SI_UNIT ( $, .RADIAN. ) );
#4520 = SURFACE_SIDE_STYLE ('',( #2083 ) ) ;
#4521 = EDGE_LOOP ( 'NONE', ( #1516, #1711, #5816, #4676 ) ) ;
#4522 = ADVANCED_FACE ( 'NONE', ( #6081 ), #6702, .F. ) ;
#4523 = DIRECTION ( 'NONE',  ( 0.000000000000000000, -5.421010860823805421E-16, 1.000000000000000000 ) ) ;
#4524 = UNCERTAINTY_MEASURE_WITH_UNIT (LENGTH_MEASURE( 1.000000000000000082E-05 ), #1078, 'distance_accuracy_value', 'NONE');
#4525 = ADVANCED_FACE ( 'NONE', ( #7211 ), #3019, .F. ) ;
#4526 = CARTESIAN_POINT ( 'NONE',  ( 0.7250000000000031974, -3.675261601645777964E-18, 1.200000000000000844 ) ) ;
#4527 = AXIS2_PLACEMENT_3D ( 'NONE', #3624, #6121, #5998 ) ;
#4528 = VERTEX_POINT ( 'NONE', #7897 ) ;
#4529 =( NAMED_UNIT ( * ) SI_UNIT ( $, .STERADIAN. ) SOLID_ANGLE_UNIT ( ) );
#4530 = EDGE_CURVE ( 'NONE', #7565, #6894, #4735, .T. ) ;
#4531 = PLANE ( 'NONE',  #5195 ) ;
#4532 = LINE ( 'NONE', #6866, #4238 ) ;
#4533 = AXIS2_PLACEMENT_3D ( 'NONE', #2514, #7358, #3124 ) ;
#4534 = FACE_OUTER_BOUND ( 'NONE', #1156, .T. ) ;
#4535 = FACE_OUTER_BOUND ( 'NONE', #981, .T. ) ;
#4536 = ADVANCED_FACE ( 'NONE', ( #7297 ), #7170, .F. ) ;
#4537 = VECTOR ( 'NONE', #389, 1000.000000000000000 ) ;
#4538 = ORIENTED_EDGE ( 'NONE', *, *, #1688, .T. ) ;
#4539 = SURFACE_STYLE_FILL_AREA ( #2202 ) ;
#4540 = CYLINDRICAL_SURFACE ( 'NONE', #164, 0.04999999999999991257 ) ;
#4541 = VERTEX_POINT ( 'NONE', #1810 ) ;
#4542 = DIRECTION ( 'NONE',  ( -0.000000000000000000, -1.000000000000000000, -0.000000000000000000 ) ) ;
#4543 = COLOUR_RGB ( '',0.7960784313725489669, 0.8235294117647058432, 0.9372549019607843146 ) ;
#4544 = ORIENTED_EDGE ( 'NONE', *, *, #4568, .T. ) ;
#4545 = PRESENTATION_STYLE_ASSIGNMENT (( #1463 ) ) ;
#4546 = FACE_OUTER_BOUND ( 'NONE', #4655, .T. ) ;
#4547 = LINE ( 'NONE', #6988, #5987 ) ;
#4548 = CARTESIAN_POINT ( 'NONE',  ( -2.339999999999997637, 2.750000000000000000, -0.4999999999999985012 ) ) ;
#4549 = CARTESIAN_POINT ( 'NONE',  ( -0.8294692077166101463, 2.639999999999999236, -0.3955307922833827261 ) ) ;
#4550 = FACE_OUTER_BOUND ( 'NONE', #4226, .T. ) ;
#4551 = ORIENTED_EDGE ( 'NONE', *, *, #7189, .F. ) ;
#4552 = DIRECTION ( 'NONE',  ( 0.000000000000000000, 0.8660254037844363761, -0.5000000000000039968 ) ) ;
#4553 = ADVANCED_FACE ( 'NONE', ( #4250 ), #590, .F. ) ;
#4554 = PLANE ( 'NONE',  #4131 ) ;
#4555 = PRESENTATION_LAYER_ASSIGNMENT (  '', '', ( #2385 ) ) ;
#4556 = STYLED_ITEM ( 'NONE', ( #3781 ), #4629 ) ;
#4557 = CARTESIAN_POINT ( 'NONE',  ( -2.100000000599997918, 2.639999999999999236, -0.6999999999999985123 ) ) ;
#4558 = EDGE_LOOP ( 'NONE', ( #2294, #2159, #7180, #1600 ) ) ;
#4559 = AXIS2_PLACEMENT_3D ( 'NONE', #7020, #3465, #6982 ) ;
#4560 = CARTESIAN_POINT ( 'NONE',  ( -0.6999999999999945155, 1.050000000000000044, -0.3249999999999970690 ) ) ;
#4561 = VERTEX_POINT ( 'NONE', #6630 ) ;
#4562 = AXIS2_PLACEMENT_3D ( 'NONE', #5405, #6011, #5480 ) ;
#4563 = EDGE_CURVE ( 'NONE', #4396, #7055, #3577, .T. ) ;
#4564 = DIRECTION ( 'NONE',  ( 0.000000000000000000, 0.000000000000000000, -1.000000000000000000 ) ) ;
#4565 =( NAMED_UNIT ( * ) PLANE_ANGLE_UNIT ( ) SI_UNIT ( $, .RADIAN. ) );
#4566 = ORIENTED_EDGE ( 'NONE', *, *, #2969, .F. ) ;
#4567 = DIRECTION ( 'NONE',  ( -0.000000000000000000, -1.000000000000000000, -3.249988186109896618E-11 ) ) ;
#4568 = EDGE_CURVE ( 'NONE', #7656, #4150, #3057, .T. ) ;
#4569 = CARTESIAN_POINT ( 'NONE',  ( 0.7705307922833890544, 2.639999999999999236, 0.2744692077166173139 ) ) ;
#4570 = FACE_OUTER_BOUND ( 'NONE', #3503, .T. ) ;
#4571 = DIRECTION ( 'NONE',  ( -1.000000000000000000, -0.000000000000000000, -0.000000000000000000 ) ) ;
#4572 = VERTEX_POINT ( 'NONE', #3699 ) ;
#4573 =( NAMED_UNIT ( * ) SI_UNIT ( $, .STERADIAN. ) SOLID_ANGLE_UNIT ( ) );
#4574 = ORIENTED_EDGE ( 'NONE', *, *, #894, .T. ) ;
#4575 = DIRECTION ( 'NONE',  ( 0.000000000000000000, 1.000000000000000000, 0.000000000000000000 ) ) ;
#4576 = ORIENTED_EDGE ( 'NONE', *, *, #4729, .T. ) ;
#4577 = FACE_OUTER_BOUND ( 'NONE', #7731, .T. ) ;
#4578 = CARTESIAN_POINT ( 'NONE',  ( -0.9249999999999966027, 0.7768699943250462203, -0.8099999999999991651 ) ) ;
#4579 = STYLED_ITEM ( 'NONE', ( #7895 ), #1590 ) ;
#4580 = LINE ( 'NONE', #3389, #7283 ) ;
#4581 =( NAMED_UNIT ( * ) PLANE_ANGLE_UNIT ( ) SI_UNIT ( $, .RADIAN. ) );
#4582 = CARTESIAN_POINT ( 'NONE',  ( 1.757399273160359154, 1.914472545666377146, 0.4023992731603571182 ) ) ;
#4583 = CARTESIAN_POINT ( 'NONE',  ( 0.9000000000000047962, 2.639999999999999236, 0.04500000000000294043 ) ) ;
#4584 = DIRECTION ( 'NONE',  ( 0.000000000000000000, 0.000000000000000000, 1.000000000000000000 ) ) ;
#4585 = FACE_OUTER_BOUND ( 'NONE', #5263, .T. ) ;
#4586 = CARTESIAN_POINT ( 'NONE',  ( -2.099999999999996980, 2.750000000000000000, 0.1000000000000017264 ) ) ;
#4587 = VECTOR ( 'NONE', #1902, 1000.000000000000000 ) ;
#4588 = ORIENTED_EDGE ( 'NONE', *, *, #4163, .T. ) ;
#4589 = PLANE ( 'NONE',  #1646 ) ;
#4590 = AXIS2_PLACEMENT_3D ( 'NONE', #3312, #3991, #279 ) ;
#4591 = EDGE_LOOP ( 'NONE', ( #7755, #7230, #4932, #5397 ) ) ;
#4592 = CARTESIAN_POINT ( 'NONE',  ( 2.339999999000003328, 1.050000000000000044, -0.5000000000000015543 ) ) ;
#4593 = ORIENTED_EDGE ( 'NONE', *, *, #755, .F. ) ;
#4594 = VECTOR ( 'NONE', #6342, 1000.000000000000000 ) ;
#4595 = AXIS2_PLACEMENT_3D ( 'NONE', #7440, #5103, #96 ) ;
#4596 = EDGE_LOOP ( 'NONE', ( #7879, #6133, #2573, #3553 ) ) ;
#4597 = FILL_AREA_STYLE ('',( #3325 ) ) ;
#4598 = EDGE_LOOP ( 'NONE', ( #3243, #1418, #1907, #2856 ) ) ;
#4599 = SHAPE_DEFINITION_REPRESENTATION ( #698, #123 ) ;
#4600 = EDGE_CURVE ( 'NONE', #624, #141, #3218, .T. ) ;
#4601 = DIRECTION ( 'NONE',  ( -1.000000000000000000, -0.000000000000000000, -0.000000000000000000 ) ) ;
#4602 = FILL_AREA_STYLE_COLOUR ( '', #3566 ) ;
#4603 = PRODUCT_DEFINITION_CONTEXT ( 'detailed design', #4849, 'design' ) ;
#4604 = DIRECTION ( 'NONE',  ( -1.000000000000000000, 0.000000000000000000, 1.355252715606883008E-16 ) ) ;
#4605 = CARTESIAN_POINT ( 'NONE',  ( -1.474999999999996314, 2.750000000000000000, -0.8099999999999991651 ) ) ;
#4606 = CARTESIAN_POINT ( 'NONE',  ( -1.499999999999996891, 2.639999999999999236, 0.3450000000000029710 ) ) ;
#4607 = DIRECTION ( 'NONE',  ( 0.9848077530122089085, -0.1736481776669258625, 0.000000000000000000 ) ) ;
#4608 = CARTESIAN_POINT ( 'NONE',  ( 0.07500000000000485445, 0.04999999999999997502, 1.200000000000001288 ) ) ;
#4609 =( NAMED_UNIT ( * ) PLANE_ANGLE_UNIT ( ) SI_UNIT ( $, .RADIAN. ) );
#4610 = ORIENTED_EDGE ( 'NONE', *, *, #4986, .F. ) ;
#4611 = DIRECTION ( 'NONE',  ( -1.000000000000000000, -0.000000000000000000, -0.000000000000000000 ) ) ;
#4612 = EDGE_LOOP ( 'NONE', ( #1257, #601, #951, #2909 ) ) ;
#4613 = PLANE ( 'NONE',  #4806 ) ;
#4614 = DIRECTION ( 'NONE',  ( -0.000000000000000000, 0.000000000000000000, 1.000000000000000000 ) ) ;
#4615 = DIRECTION ( 'NONE',  ( 0.000000000000000000, 1.019985910564053253E-16, -1.000000000000000000 ) ) ;
#4616 = EDGE_CURVE ( 'NONE', #6424, #7945, #3861, .T. ) ;
#4617 = FILL_AREA_STYLE_COLOUR ( '', #6410 ) ;
#4618 = DIRECTION ( 'NONE',  ( 0.000000000000000000, 0.000000000000000000, -1.000000000000000000 ) ) ;
#4619 = EDGE_CURVE ( 'NONE', #772, #5212, #1283, .T. ) ;
#4620 = PLANE ( 'NONE',  #1721 ) ;
#4621 = EDGE_CURVE ( 'NONE', #3359, #7175, #6280, .T. ) ;
#4622 = CLOSED_SHELL ( 'NONE', ( #4522, #6190, #826, #2618, #5326, #1595, #4430, #4507, #4287, #3821 ) ) ;
#4623 = LINE ( 'NONE', #6488, #2008 ) ;
#4624 = DIRECTION ( 'NONE',  ( -0.000000000000000000, -1.000000000000000000, 0.000000000000000000 ) ) ;
#4625 = CARTESIAN_POINT ( 'NONE',  ( 2.600000000000001865, 1.355252715606880543E-17, -0.1164279503904905866 ) ) ;
#4626 = EDGE_LOOP ( 'NONE', ( #7671, #6536, #3385, #6341, #4330, #5479, #2660, #2219, #442, #5174, #6559, #3734, #3648, #138 ) ) ;
#4627 =( NAMED_UNIT ( * ) PLANE_ANGLE_UNIT ( ) SI_UNIT ( $, .RADIAN. ) );
#4628 = EDGE_CURVE ( 'NONE', #7047, #5322, #3097, .T. ) ;
#4629 = ADVANCED_FACE ( 'NONE', ( #4408 ), #796, .F. ) ;
#4630 = VERTEX_POINT ( 'NONE', #1365 ) ;
#4631 = COLOUR_RGB ( '',0.7960784313725489669, 0.8235294117647058432, 0.9372549019607843146 ) ;
#4632 = DIRECTION ( 'NONE',  ( 0.000000000000000000, 0.000000000000000000, 1.000000000000000000 ) ) ;
#4633 = ORIENTED_EDGE ( 'NONE', *, *, #4621, .T. ) ;
#4634 = SURFACE_STYLE_USAGE ( .BOTH. , #7527 ) ;
#4635 = AXIS2_PLACEMENT_3D ( 'NONE', #3610, #6147, #3568 ) ;
#4636 = CARTESIAN_POINT ( 'NONE',  ( 2.800000000000001599, 0.3063250300240242252, -0.9500000000000016209 ) ) ;
#4637 = ORIENTED_EDGE ( 'NONE', *, *, #3703, .T. ) ;
#4638 = LINE ( 'NONE', #1631, #3203 ) ;
#4639 = DIRECTION ( 'NONE',  ( 0.9848077530122089085, -0.1736481776669258625, 0.000000000000000000 ) ) ;
#4640 = EDGE_CURVE ( 'NONE', #472, #7186, #5673, .T. ) ;
#4641 = CARTESIAN_POINT ( 'NONE',  ( 2.800000000000001599, 1.355252715606880543E-17, -0.1164279503904905866 ) ) ;
#4642 = VECTOR ( 'NONE', #3366, 1000.000000000000000 ) ;
#4643 = VERTEX_POINT ( 'NONE', #6246 ) ;
#4644 = VECTOR ( 'NONE', #6103, 1000.000000000000000 ) ;
#4645 = ADVANCED_FACE ( 'NONE', ( #5545 ), #5587, .F. ) ;
#4646 = CARTESIAN_POINT ( 'NONE',  ( -0.1249999999999965306, 0.7768699943250462203, -0.6999999999999985123 ) ) ;
#4647 = LINE ( 'NONE', #3944, #6238 ) ;
#4648 = LINE ( 'NONE', #4899, #7502 ) ;
#4649 = CARTESIAN_POINT ( 'NONE',  ( -1.674999999999996714, 0.4500000002000000832, 0.5500000000000018208 ) ) ;
#4650 = EDGE_CURVE ( 'NONE', #1469, #6623, #1244, .T. ) ;
#4651 = CARTESIAN_POINT ( 'NONE',  ( -2.599999999999997424, 0.3063250300240242252, -0.9499999999999986233 ) ) ;
#4652 = VERTEX_POINT ( 'NONE', #1405 ) ;
#4653 = VECTOR ( 'NONE', #4781, 1000.000000000000000 ) ;
#4654 = EDGE_LOOP ( 'NONE', ( #3258, #2610, #276, #7464 ) ) ;
#4655 = EDGE_LOOP ( 'NONE', ( #1536, #3209, #5428, #5982 ) ) ;
#4656 = DIRECTION ( 'NONE',  ( 0.000000000000000000, 0.000000000000000000, 1.000000000000000000 ) ) ;
#4657 = ORIENTED_EDGE ( 'NONE', *, *, #5533, .F. ) ;
#4658 = CARTESIAN_POINT ( 'NONE',  ( -2.599999999999997424, 0.3500000000000001443, -0.2500000000724984517 ) ) ;
#4659 = VECTOR ( 'NONE', #6979, 1000.000000000000000 ) ;
#4660 = CARTESIAN_POINT ( 'NONE',  ( 2.300000000000002043, 0.05000000000000000971, 0.5499999999999988232 ) ) ;
#4661 = ORIENTED_EDGE ( 'NONE', *, *, #2372, .F. ) ;
#4662 = UNCERTAINTY_MEASURE_WITH_UNIT (LENGTH_MEASURE( 1.000000000000000082E-05 ), #1252, 'distance_accuracy_value', 'NONE');
#4663 = CARTESIAN_POINT ( 'NONE',  ( 1.700000000000002398, 1.050000000000000044, 0.3449999999999999178 ) ) ;
#4664 = ORIENTED_EDGE ( 'NONE', *, *, #350, .F. ) ;
#4665 = MECHANICAL_DESIGN_GEOMETRIC_PRESENTATION_REPRESENTATION (  '', ( #2105 ), #3141 ) ;
#4666 = DIRECTION ( 'NONE',  ( 0.000000000000000000, -1.000000000000000000, -0.000000000000000000 ) ) ;
#4667 = STYLED_ITEM ( 'NONE', ( #6822 ), #7477 ) ;
#4668 = LINE ( 'NONE', #974, #6843 ) ;
#4669 = ORIENTED_EDGE ( 'NONE', *, *, #2233, .F. ) ;
#4670 = VECTOR ( 'NONE', #3384, 1000.000000000000000 ) ;
#4671 = ORIENTED_EDGE ( 'NONE', *, *, #5868, .T. ) ;
#4672 = AXIS2_PLACEMENT_3D ( 'NONE', #3748, #7866, #5553 ) ;
#4673 = CARTESIAN_POINT ( 'NONE',  ( 3.100000000000002309, 0.9999999998999998807, -1.000000000000001776 ) ) ;
#4674 = LINE ( 'NONE', #5927, #2341 ) ;
#4675 = DIRECTION ( 'NONE',  ( 0.000000000000000000, 1.019985910564053253E-16, -1.000000000000000000 ) ) ;
#4676 = ORIENTED_EDGE ( 'NONE', *, *, #3928, .F. ) ;
#4677 = DIRECTION ( 'NONE',  ( -0.9848077530122089085, -0.1736481776669258625, -0.000000000000000000 ) ) ;
#4678 = ADVANCED_FACE ( 'NONE', ( #5633 ), #5029, .F. ) ;
#4679 = ORIENTED_EDGE ( 'NONE', *, *, #5277, .F. ) ;
#4680 = DIRECTION ( 'NONE',  ( -1.000000000000000000, 0.000000000000000000, -0.000000000000000000 ) ) ;
#4681 = ORIENTED_EDGE ( 'NONE', *, *, #3493, .T. ) ;
#4682 = LINE ( 'NONE', #255, #3241 ) ;
#4683 =( NAMED_UNIT ( * ) SI_UNIT ( $, .STERADIAN. ) SOLID_ANGLE_UNIT ( ) );
#4684 = EDGE_CURVE ( 'NONE', #6656, #199, #6781, .T. ) ;
#4685 = VECTOR ( 'NONE', #5490, 1000.000000000000000 ) ;
#4686 = ORIENTED_EDGE ( 'NONE', *, *, #3703, .F. ) ;
#4687 = CARTESIAN_POINT ( 'NONE',  ( 15.90000000000000391, 0.4500000000000001221, 1.000000000000001776 ) ) ;
#4688 = ORIENTED_EDGE ( 'NONE', *, *, #3942, .F. ) ;
#4689 = VECTOR ( 'NONE', #2515, 1000.000000000000000 ) ;
#4690 = DIRECTION ( 'NONE',  ( -1.000000000000000000, -0.000000000000000000, -0.000000000000000000 ) ) ;
#4691 = PRESENTATION_LAYER_ASSIGNMENT (  '', '', ( #3674 ) ) ;
#4692 = LINE ( 'NONE', #1037, #4810 ) ;
#4693 = PLANE ( 'NONE',  #2005 ) ;
#4694 = CARTESIAN_POINT ( 'NONE',  ( -2.799999999999997158, 0.6936749699759758858, -0.9499999999999986233 ) ) ;
#4695 = CARTESIAN_POINT ( 'NONE',  ( -3.099999999999997868, 2.750000000000000000, 1.000000000000001776 ) ) ;
#4696 = VECTOR ( 'NONE', #266, 1000.000000000000000 ) ;
#4697 = EDGE_LOOP ( 'NONE', ( #2259, #1650, #2907, #4978 ) ) ;
#4698 = CARTESIAN_POINT ( 'NONE',  ( 2.210000000000002185, 2.750000000000000000, -0.8100000000000022737 ) ) ;
#4699 = ORIENTED_EDGE ( 'NONE', *, *, #4252, .T. ) ;
#4700 = ORIENTED_EDGE ( 'NONE', *, *, #5248, .F. ) ;
#4701 = LINE ( 'NONE', #7135, #7608 ) ;
#4702 = ORIENTED_EDGE ( 'NONE', *, *, #4753, .F. ) ;
#4703 = AXIS2_PLACEMENT_3D ( 'NONE', #1730, #5394, #1683 ) ;
#4704 = EDGE_CURVE ( 'NONE', #2996, #6812, #6316, .T. ) ;
#4705 = DIRECTION ( 'NONE',  ( 1.000000000000000000, 0.000000000000000000, 0.000000000000000000 ) ) ;
#4706 = VERTEX_POINT ( 'NONE', #219 ) ;
#4707 = CARTESIAN_POINT ( 'NONE',  ( -2.339999999999997637, 1.050000000000000044, 0.1000000000000016154 ) ) ;
#4708 = FACE_OUTER_BOUND ( 'NONE', #4269, .T. ) ;
#4709 = LINE ( 'NONE', #6524, #7109 ) ;
#4710 = ORIENTED_EDGE ( 'NONE', *, *, #7191, .T. ) ;
#4711 =( NAMED_UNIT ( * ) SI_UNIT ( $, .STERADIAN. ) SOLID_ANGLE_UNIT ( ) );
#4712 = VERTEX_POINT ( 'NONE', #2086 ) ;
#4713 = EDGE_LOOP ( 'NONE', ( #1742, #2990, #3107, #291 ) ) ;
#4714 = CARTESIAN_POINT ( 'NONE',  ( 3.100000000000002309, 0.3499999999500000847, 0.5499999999999987121 ) ) ;
#4715 = FACE_OUTER_BOUND ( 'NONE', #2135, .T. ) ;
#4716 = DIRECTION ( 'NONE',  ( 0.000000000000000000, 0.000000000000000000, -1.000000000000000000 ) ) ;
#4717 = VERTEX_POINT ( 'NONE', #949 ) ;
#4718 = DIRECTION ( 'NONE',  ( 0.000000000000000000, 0.000000000000000000, -1.000000000000000000 ) ) ;
#4719 = ORIENTED_EDGE ( 'NONE', *, *, #5939, .F. ) ;
#4720 = CARTESIAN_POINT ( 'NONE',  ( 1.500000000000003553, 1.050000000000000044, -0.8250000000000000666 ) ) ;
#4721 = VECTOR ( 'NONE', #4615, 1000.000000000000000 ) ;
#4722 = PRESENTATION_LAYER_ASSIGNMENT (  '', '', ( #2286 ) ) ;
#4723 = VERTEX_POINT ( 'NONE', #3408 ) ;
#4724 = CARTESIAN_POINT ( 'NONE',  ( -2.599999999999997424, 0.4000000000000000222, -0.9149999999999980371 ) ) ;
#4725 = CLOSED_SHELL ( 'NONE', ( #3266, #3393, #1698, #1956, #6172, #2182, #4279, #4782, #6519, #5238, #4376, #5299, #6882, #3050, #4059, #5452 ) ) ;
#4726 = FACE_OUTER_BOUND ( 'NONE', #7493, .T. ) ;
#4727 =( NAMED_UNIT ( * ) SI_UNIT ( $, .STERADIAN. ) SOLID_ANGLE_UNIT ( ) );
#4728 = LINE ( 'NONE', #3641, #4685 ) ;
#4729 = EDGE_CURVE ( 'NONE', #7192, #7747, #1555, .T. ) ;
#4730 = VECTOR ( 'NONE', #5370, 1000.000000000000000 ) ;
#4731 = VECTOR ( 'NONE', #1253, 1000.000000000000000 ) ;
#4732 = LINE ( 'NONE', #3054, #5005 ) ;
#4733 = PLANE ( 'NONE',  #7873 ) ;
#4734 = CARTESIAN_POINT ( 'NONE',  ( 0.07500000000000485445, 0.4500000002000000277, 0.6556624325871229786 ) ) ;
#4735 = LINE ( 'NONE', #2411, #7122 ) ;
#4736 = ORIENTED_EDGE ( 'NONE', *, *, #3797, .F. ) ;
#4737 = VERTEX_POINT ( 'NONE', #5219 ) ;
#4738 = PLANE ( 'NONE',  #4527 ) ;
#4739 = ORIENTED_EDGE ( 'NONE', *, *, #258, .F. ) ;
#4740 = CARTESIAN_POINT ( 'NONE',  ( 0.07500000000000485445, 0.1000000006499977834, 0.5499999993499998796 ) ) ;
#4741 = ORIENTED_EDGE ( 'NONE', *, *, #7604, .T. ) ;
#4742 = ORIENTED_EDGE ( 'NONE', *, *, #1724, .F. ) ;
#4743 = PLANE ( 'NONE',  #1335 ) ;
#4744 = CARTESIAN_POINT ( 'NONE',  ( -0.8999999999999958034, 2.639999999999999236, -0.8249999999999970690 ) ) ;
#4745 = VERTEX_POINT ( 'NONE', #5825 ) ;
#4746 = CARTESIAN_POINT ( 'NONE',  ( 0.8750000000000048850, 0.04999999999999997502, 1.200000000000001288 ) ) ;
#4747 = DIRECTION ( 'NONE',  ( 1.334663381620508699E-16, -0.1736481776669258625, 0.9848077530122089085 ) ) ;
#4748 = VERTEX_POINT ( 'NONE', #1519 ) ;
#4749 = DIRECTION ( 'NONE',  ( 0.000000000000000000, 0.000000000000000000, 1.000000000000000000 ) ) ;
#4750 = EDGE_LOOP ( 'NONE', ( #4951, #6754, #5970, #6660 ) ) ;
#4751 = LINE ( 'NONE', #7184, #2359 ) ;
#4752 = VERTEX_POINT ( 'NONE', #6387 ) ;
#4753 = EDGE_CURVE ( 'NONE', #1645, #685, #1442, .T. ) ;
#4754 = ORIENTED_EDGE ( 'NONE', *, *, #2320, .T. ) ;
#4755 = CARTESIAN_POINT ( 'NONE',  ( -1.699999999999996625, 2.639999999999999236, 0.04500000000000296124 ) ) ;
#4756 = SURFACE_STYLE_USAGE ( .BOTH. , #4194 ) ;
#4757 = LINE ( 'NONE', #2834, #1791 ) ;
#4758 = ORIENTED_EDGE ( 'NONE', *, *, #7859, .T. ) ;
#4759 = ORIENTED_EDGE ( 'NONE', *, *, #1654, .F. ) ;
#4760 = LINE ( 'NONE', #3077, #6082 ) ;
#4761 = EDGE_CURVE ( 'NONE', #5212, #5491, #261, .T. ) ;
#4762 = EDGE_LOOP ( 'NONE', ( #4153, #3088, #7346, #229 ) ) ;
#4763 = CLOSED_SHELL ( 'NONE', ( #7157, #5140, #3369, #3060, #145, #6293, #5280, #937, #6797, #1681 ) ) ;
#4764 = ORIENTED_EDGE ( 'NONE', *, *, #5570, .T. ) ;
#4765 = FACE_OUTER_BOUND ( 'NONE', #5021, .T. ) ;
#4766 = EDGE_CURVE ( 'NONE', #4398, #4841, #906, .T. ) ;
#4767 = ORIENTED_EDGE ( 'NONE', *, *, #7458, .F. ) ;
#4768 = DIRECTION ( 'NONE',  ( 0.000000000000000000, 0.000000000000000000, -1.000000000000000000 ) ) ;
#4769 = DIRECTION ( 'NONE',  ( 0.000000000000000000, 0.000000000000000000, 1.000000000000000000 ) ) ;
#4770 = ORIENTED_EDGE ( 'NONE', *, *, #1478, .F. ) ;
#4771 = LINE ( 'NONE', #7892, #2939 ) ;
#4772 = FACE_OUTER_BOUND ( 'NONE', #6547, .T. ) ;
#4773 = EDGE_CURVE ( 'NONE', #3630, #2579, #6423, .T. ) ;
#4774 = FACE_OUTER_BOUND ( 'NONE', #2548, .T. ) ;
#4775 = VECTOR ( 'NONE', #3936, 1000.000000000000114 ) ;
#4776 = VECTOR ( 'NONE', #1023, 1000.000000000000000 ) ;
#4777 = LINE ( 'NONE', #3348, #866 ) ;
#4778 = LINE ( 'NONE', #7774, #2918 ) ;
#4779 = VERTEX_POINT ( 'NONE', #5905 ) ;
#4780 = COLOUR_RGB ( '',0.7960784313725489669, 0.8235294117647058432, 0.9372549019607843146 ) ;
#4781 = DIRECTION ( 'NONE',  ( 0.000000000000000000, 0.000000000000000000, -1.000000000000000000 ) ) ;
#4782 = ADVANCED_FACE ( 'NONE', ( #3371 ), #3900, .F. ) ;
#4783 = EDGE_CURVE ( 'NONE', #3086, #4779, #5262, .T. ) ;
#4784 = EDGE_CURVE ( 'NONE', #2878, #3919, #2845, .T. ) ;
#4785 = LINE ( 'NONE', #1044, #7224 ) ;
#4786 = FACE_OUTER_BOUND ( 'NONE', #2608, .T. ) ;
#4787 = DIRECTION ( 'NONE',  ( 1.000000000000000000, 0.000000000000000000, -1.355252715606883008E-16 ) ) ;
#4788 = VERTEX_POINT ( 'NONE', #4641 ) ;
#4789 = VECTOR ( 'NONE', #7079, 1000.000000000000000 ) ;
#4790 = FILL_AREA_STYLE_COLOUR ( '', #5142 ) ;
#4791 = EDGE_LOOP ( 'NONE', ( #5009, #4457, #2901, #729 ) ) ;
#4792 = ADVANCED_FACE ( 'NONE', ( #7075 ), #3296, .F. ) ;
#4793 = LINE ( 'NONE', #7908, #7016 ) ;
#4794 = ORIENTED_EDGE ( 'NONE', *, *, #6769, .F. ) ;
#4795 =( NAMED_UNIT ( * ) PLANE_ANGLE_UNIT ( ) SI_UNIT ( $, .RADIAN. ) );
#4796 = EDGE_LOOP ( 'NONE', ( #2854, #7705, #3670, #7309 ) ) ;
#4797 = CARTESIAN_POINT ( 'NONE',  ( -1.699999999999995737, 2.239999999999989555, -0.8249999999999970690 ) ) ;
#4798 = ORIENTED_EDGE ( 'NONE', *, *, #3618, .F. ) ;
#4799 = VECTOR ( 'NONE', #3562, 1000.000000000000000 ) ;
#4800 = ORIENTED_EDGE ( 'NONE', *, *, #4512, .F. ) ;
#4801 = DIRECTION ( 'NONE',  ( -1.000000000000000000, 0.000000000000000000, 0.000000000000000000 ) ) ;
#4802 = VECTOR ( 'NONE', #3475, 1000.000000000000000 ) ;
#4803 = CARTESIAN_POINT ( 'NONE',  ( 1.500000000000002665, 2.239999999999990443, 0.04499999999999992895 ) ) ;
#4804 = LINE ( 'NONE', #47, #1148 ) ;
#4805 = ORIENTED_EDGE ( 'NONE', *, *, #973, .F. ) ;
#4806 = AXIS2_PLACEMENT_3D ( 'NONE', #2205, #7577, #4016 ) ;
#4807 = VECTOR ( 'NONE', #432, 1000.000000000000000 ) ;
#4808 = EDGE_LOOP ( 'NONE', ( #582, #3613, #7928, #6564 ) ) ;
#4809 = CARTESIAN_POINT ( 'NONE',  ( -1.570530792283382659, 2.639999999999999236, 0.1155307922833886253 ) ) ;
#4810 = VECTOR ( 'NONE', #547, 1000.000000000000000 ) ;
#4811 = ORIENTED_EDGE ( 'NONE', *, *, #4389, .T. ) ;
#4812 = LINE ( 'NONE', #3728, #1586 ) ;
#4813 = CARTESIAN_POINT ( 'NONE',  ( 1.725000000000002975, 0.7768699943250462203, -0.8100000000000022737 ) ) ;
#4814 = SURFACE_SIDE_STYLE ('',( #56 ) ) ;
#4815 = DIRECTION ( 'NONE',  ( 1.000000000000000000, 0.000000000000000000, 0.000000000000000000 ) ) ;
#4816 = EDGE_LOOP ( 'NONE', ( #6000, #4068, #5457, #2243 ) ) ;
#4817 = EDGE_CURVE ( 'NONE', #1295, #6616, #5788, .T. ) ;
#4818 = CARTESIAN_POINT ( 'NONE',  ( 2.600000000000001865, 8.109541161931386268E-17, -0.7786222391909484175 ) ) ;
#4819 = DIRECTION ( 'NONE',  ( -0.000000000000000000, -1.000000000000000000, -0.000000000000000000 ) ) ;
#4820 = FACE_OUTER_BOUND ( 'NONE', #7659, .T. ) ;
#4821 = PLANE ( 'NONE',  #2241 ) ;
#4822 = DIRECTION ( 'NONE',  ( 0.000000000000000000, 0.7071067811865355823, -0.7071067811865594521 ) ) ;
#4823 = CARTESIAN_POINT ( 'NONE',  ( 2.599999999940627582, 0.3499999999625000302, -1.000000000000001776 ) ) ;
#4824 = DIRECTION ( 'NONE',  ( 0.000000000000000000, 1.000000000000000000, 8.340016712068496420E-17 ) ) ;
#4825 = VERTEX_POINT ( 'NONE', #2688 ) ;
#4826 = AXIS2_PLACEMENT_3D ( 'NONE', #87, #6844, #860 ) ;
#4827 = AXIS2_PLACEMENT_3D ( 'NONE', #5693, #1997, #6267 ) ;
#4828 = FILL_AREA_STYLE ('',( #7817 ) ) ;
#4829 = LINE ( 'NONE', #7177, #6470 ) ;
#4830 = CARTESIAN_POINT ( 'NONE',  ( -0.07499999999999683309, 0.1000000006499978250, 0.5499999993499998796 ) ) ;
#4831 = VECTOR ( 'NONE', #2032, 1000.000000000000000 ) ;
#4832 = LINE ( 'NONE', #438, #6525 ) ;
#4833 = AXIS2_PLACEMENT_3D ( 'NONE', #3265, #5722, #192 ) ;
#4834 = CARTESIAN_POINT ( 'NONE',  ( 1.525000000000002576, 0.04999999999999996808, 1.199999999999998179 ) ) ;
#4835 = SURFACE_STYLE_USAGE ( .BOTH. , #7265 ) ;
#4836 = ORIENTED_EDGE ( 'NONE', *, *, #4704, .T. ) ;
#4837 = ORIENTED_EDGE ( 'NONE', *, *, #2313, .F. ) ;
#4838 = FILL_AREA_STYLE ('',( #2989 ) ) ;
#4839 = ORIENTED_EDGE ( 'NONE', *, *, #2107, .F. ) ;
#4840 = MECHANICAL_DESIGN_GEOMETRIC_PRESENTATION_REPRESENTATION (  '', ( #457 ), #7639 ) ;
#4841 = VERTEX_POINT ( 'NONE', #1482 ) ;
#4842 = CARTESIAN_POINT ( 'NONE',  ( 2.100000000000001421, 2.639999999999999236, 0.09999999999999863165 ) ) ;
#4843 = CARTESIAN_POINT ( 'NONE',  ( -1.474999999999996314, 0.7768699943250462203, -0.6999999999999985123 ) ) ;
#4844 = CARTESIAN_POINT ( 'NONE',  ( -2.799999999999997158, 0.3063250300240242252, -0.8499999999999985345 ) ) ;
#4845 = ORIENTED_EDGE ( 'NONE', *, *, #704, .F. ) ;
#4846 = ORIENTED_EDGE ( 'NONE', *, *, #6881, .F. ) ;
#4847 = DIRECTION ( 'NONE',  ( 0.000000000000000000, -5.421010860823805421E-16, 1.000000000000000000 ) ) ;
#4848 = CARTESIAN_POINT ( 'NONE',  ( -2.099999999999997868, 1.050000000000000044, 0.5500000000000017097 ) ) ;
#4849 = APPLICATION_CONTEXT ( 'automotive_design' ) ;
#4850 =( NAMED_UNIT ( * ) PLANE_ANGLE_UNIT ( ) SI_UNIT ( $, .RADIAN. ) );
#4851 = STYLED_ITEM ( 'NONE', ( #5160 ), #1511 ) ;
#4852 = CARTESIAN_POINT ( 'NONE',  ( 1.675000000000002487, 0.4500000002000000277, 0.6556624325871199810 ) ) ;
#4853 = VERTEX_POINT ( 'NONE', #2511 ) ;
#4854 = CIRCLE ( 'NONE', #4861, 0.1000000000000000472 ) ;
#4855 = SURFACE_STYLE_FILL_AREA ( #6034 ) ;
#4856 = EDGE_CURVE ( 'NONE', #5124, #5460, #1830, .T. ) ;
#4857 = DIRECTION ( 'NONE',  ( -0.000000000000000000, 0.7071067811865474617, -0.7071067811865474617 ) ) ;
#4858 = LINE ( 'NONE', #1805, #7446 ) ;
#4859 = DIRECTION ( 'NONE',  ( 1.000000000000000000, 0.000000000000000000, -0.000000000000000000 ) ) ;
#4860 = UNCERTAINTY_MEASURE_WITH_UNIT (LENGTH_MEASURE( 1.000000000000000082E-05 ), #7155, 'distance_accuracy_value', 'NONE');
#4861 = AXIS2_PLACEMENT_3D ( 'NONE', #4255, #1133, #1050 ) ;
#4862 = CARTESIAN_POINT ( 'NONE',  ( 1.570530792283389099, 2.639999999999999236, 0.1249999999999985983 ) ) ;
#4863 = VECTOR ( 'NONE', #7471, 1000.000000000000000 ) ;
#4864 = ORIENTED_EDGE ( 'NONE', *, *, #6934, .F. ) ;
#4865 = LINE ( 'NONE', #4132, #3133 ) ;
#4866 = EDGE_CURVE ( 'NONE', #1567, #6939, #6139, .T. ) ;
#4867 = DIRECTION ( 'NONE',  ( 0.000000000000000000, -1.000000000000000000, -0.000000000000000000 ) ) ;
#4868 = VECTOR ( 'NONE', #2637, 1000.000000000000000 ) ;
#4869 = DIRECTION ( 'NONE',  ( 0.000000000000000000, 0.000000000000000000, -1.000000000000000000 ) ) ;
#4870 = CARTESIAN_POINT ( 'NONE',  ( 9.300000000000002487, 2.639999999999999236, -0.7000000000000015099 ) ) ;
#4871 = DIRECTION ( 'NONE',  ( 0.000000000000000000, 0.000000000000000000, 1.000000000000000000 ) ) ;
#4872 = SURFACE_STYLE_USAGE ( .BOTH. , #4258 ) ;
#4873 = ORIENTED_EDGE ( 'NONE', *, *, #5950, .F. ) ;
#4874 = VECTOR ( 'NONE', #7097, 1000.000000000000227 ) ;
#4875 =( NAMED_UNIT ( * ) PLANE_ANGLE_UNIT ( ) SI_UNIT ( $, .RADIAN. ) );
#4876 = ORIENTED_EDGE ( 'NONE', *, *, #113, .F. ) ;
#4877 = ADVANCED_FACE ( 'NONE', ( #6722 ), #4270, .F. ) ;
#4878 = DIRECTION ( 'NONE',  ( 0.000000000000000000, 0.000000000000000000, -1.000000000000000000 ) ) ;
#4879 = EDGE_CURVE ( 'NONE', #3234, #1310, #6104, .T. ) ;
#4880 = DIRECTION ( 'NONE',  ( -1.000000000000000000, -0.000000000000000000, -0.000000000000000000 ) ) ;
#4881 = SURFACE_SIDE_STYLE ('',( #6102 ) ) ;
#4882 = DIRECTION ( 'NONE',  ( 1.000000000000000000, 0.000000000000000000, 0.000000000000000000 ) ) ;
#4883 = CARTESIAN_POINT ( 'NONE',  ( 8.500000000000003553, 1.050000000000000044, -0.6999999999999985123 ) ) ;
#4884 = VERTEX_POINT ( 'NONE', #5529 ) ;
#4885 = VECTOR ( 'NONE', #6974, 1000.000000000000000 ) ;
#4886 = EDGE_CURVE ( 'NONE', #5046, #7001, #1221, .T. ) ;
#4887 = LINE ( 'NONE', #4972, #5828 ) ;
#4888 = CARTESIAN_POINT ( 'NONE',  ( -1.724999999999996536, 1.050000000000000044, -0.8099999999999991651 ) ) ;
#4889 = DIRECTION ( 'NONE',  ( 0.1710878697460308795, -0.9702875252478155854, 0.1710878697460308795 ) ) ;
#4890 = PLANE ( 'NONE',  #3446 ) ;
#4891 =( LENGTH_UNIT ( ) NAMED_UNIT ( * ) SI_UNIT ( .MILLI., .METRE. ) );
#4892 = VERTEX_POINT ( 'NONE', #4084 ) ;
#4893 = ADVANCED_FACE ( 'NONE', ( #7721 ), #9, .F. ) ;
#4894 = EDGE_CURVE ( 'NONE', #269, #4114, #6806, .T. ) ;
#4895 = ORIENTED_EDGE ( 'NONE', *, *, #5832, .T. ) ;
#4896 = LINE ( 'NONE', #3737, #2732 ) ;
#4897 = CARTESIAN_POINT ( 'NONE',  ( 5.200000000000004619, 2.639999999999999236, 0.1250000000000016376 ) ) ;
#4898 = DIRECTION ( 'NONE',  ( 0.000000000000000000, -1.000000000000000000, 0.000000000000000000 ) ) ;
#4899 = CARTESIAN_POINT ( 'NONE',  ( -2.599999999999997424, 1.000000000000000000, -0.2499999999999983902 ) ) ;
#4900 =( NAMED_UNIT ( * ) PLANE_ANGLE_UNIT ( ) SI_UNIT ( $, .RADIAN. ) );
#4901 = DIRECTION ( 'NONE',  ( 0.000000000000000000, -0.1736481776669255295, 0.9848077530122090195 ) ) ;
#4902 = LINE ( 'NONE', #7332, #162 ) ;
#4903 = CARTESIAN_POINT ( 'NONE',  ( -1.499999999999996225, 2.239999999999989555, -0.3249999999999970690 ) ) ;
#4904 = VECTOR ( 'NONE', #5573, 1000.000000000000000 ) ;
#4905 = DIRECTION ( 'NONE',  ( 0.000000000000000000, 0.000000000000000000, -1.000000000000000000 ) ) ;
#4906 = EDGE_CURVE ( 'NONE', #298, #4498, #6688, .T. ) ;
#4907 = LINE ( 'NONE', #1479, #4587 ) ;
#4908 = AXIS2_PLACEMENT_3D ( 'NONE', #3770, #3170, #824 ) ;
#4909 =( NAMED_UNIT ( * ) SI_UNIT ( $, .STERADIAN. ) SOLID_ANGLE_UNIT ( ) );
#4910 = ORIENTED_EDGE ( 'NONE', *, *, #3959, .F. ) ;
#4911 = DIRECTION ( 'NONE',  ( 1.000000000000000000, 0.000000000000000000, -0.000000000000000000 ) ) ;
#4912 = ORIENTED_EDGE ( 'NONE', *, *, #947, .F. ) ;
#4913 = CARTESIAN_POINT ( 'NONE',  ( -0.7249999999999952038, 0.1999999999999999278, 1.250000000000001110 ) ) ;
#4914 = VECTOR ( 'NONE', #4464, 1000.000000000000000 ) ;
#4915 = ORIENTED_EDGE ( 'NONE', *, *, #3560, .T. ) ;
#4916 = PLANE ( 'NONE',  #7598 ) ;
#4917 = EDGE_CURVE ( 'NONE', #2192, #2351, #6181, .T. ) ;
#4918 =( LENGTH_UNIT ( ) NAMED_UNIT ( * ) SI_UNIT ( .MILLI., .METRE. ) );
#4919 = DIRECTION ( 'NONE',  ( -1.000000000000000000, -0.000000000000000000, -0.000000000000000000 ) ) ;
#4920 = PLANE ( 'NONE',  #887 ) ;
#4921 = LINE ( 'NONE', #3603, #5694 ) ;
#4922 = VECTOR ( 'NONE', #4824, 1000.000000000000000 ) ;
#4923 = CARTESIAN_POINT ( 'NONE',  ( 0.7250000000000031974, 0.4500000002000000832, 0.5500000000000018208 ) ) ;
#4924 = VECTOR ( 'NONE', #706, 1000.000000000000000 ) ;
#4925 = VECTOR ( 'NONE', #1988, 1000.000000000000000 ) ;
#4926 = CARTESIAN_POINT ( 'NONE',  ( -1.524999999999996803, 0.4500000002000000832, 0.6556624325871229786 ) ) ;
#4927 = CARTESIAN_POINT ( 'NONE',  ( -2.100000000299997449, 1.050000000000000044, -0.6999999999999985123 ) ) ;
#4928 = CARTESIAN_POINT ( 'NONE',  ( -1.524999999999996803, 0.1000000006499978250, 0.5499999993499998796 ) ) ;
#4929 = VECTOR ( 'NONE', #1182, 1000.000000000000114 ) ;
#4930 = CARTESIAN_POINT ( 'NONE',  ( 0.8291920339772126392, 2.641571930389168710, 0.1158079660227947089 ) ) ;
#4931 = LINE ( 'NONE', #7361, #2595 ) ;
#4932 = ORIENTED_EDGE ( 'NONE', *, *, #541, .F. ) ;
#4933 = COLOUR_RGB ( '',0.7960784313725489669, 0.8235294117647058432, 0.9372549019607843146 ) ;
#4934 = ORIENTED_EDGE ( 'NONE', *, *, #6624, .T. ) ;
#4935 = EDGE_LOOP ( 'NONE', ( #436, #625, #4770, #4455 ) ) ;
#4936 = VECTOR ( 'NONE', #878, 1000.000000000000000 ) ;
#4937 = LINE ( 'NONE', #6273, #5184 ) ;
#4938 = CARTESIAN_POINT ( 'NONE',  ( 14.90000000000000391, 1.050000000000000044, -0.6999999999999985123 ) ) ;
#4939 = CARTESIAN_POINT ( 'NONE',  ( 0.07500000000000485445, -3.675261601645777502E-17, 0.6500000000000011324 ) ) ;
#4940 = VECTOR ( 'NONE', #40, 1000.000000000000000 ) ;
#4941 = CARTESIAN_POINT ( 'NONE',  ( -1.699999999999995737, 1.050000000000000044, -0.3249999999999970690 ) ) ;
#4942 = VERTEX_POINT ( 'NONE', #2230 ) ;
#4943 = UNCERTAINTY_MEASURE_WITH_UNIT (LENGTH_MEASURE( 1.000000000000000082E-05 ), #7098, 'distance_accuracy_value', 'NONE');
#4944 =( NAMED_UNIT ( * ) SI_UNIT ( $, .STERADIAN. ) SOLID_ANGLE_UNIT ( ) );
#4945 = EDGE_CURVE ( 'NONE', #470, #964, #6540, .T. ) ;
#4946 = CARTESIAN_POINT ( 'NONE',  ( -1.629469207716610191, 2.639999999999999236, -0.7544692077166114119 ) ) ;
#4947 =( LENGTH_UNIT ( ) NAMED_UNIT ( * ) SI_UNIT ( .MILLI., .METRE. ) );
#4948 = LINE ( 'NONE', #5433, #5324 ) ;
#4949 = LINE ( 'NONE', #6206, #5765 ) ;
#4950 = SURFACE_STYLE_USAGE ( .BOTH. , #2616 ) ;
#4951 = ORIENTED_EDGE ( 'NONE', *, *, #6938, .T. ) ;
#4952 = VECTOR ( 'NONE', #166, 1000.000000000000000 ) ;
#4953 = FILL_AREA_STYLE_COLOUR ( '', #3716 ) ;
#4954 = ORIENTED_EDGE ( 'NONE', *, *, #493, .F. ) ;
#4955 = VECTOR ( 'NONE', #3120, 1000.000000000000000 ) ;
#4956 = ORIENTED_EDGE ( 'NONE', *, *, #4401, .F. ) ;
#4957 = ORIENTED_EDGE ( 'NONE', *, *, #7704, .T. ) ;
#4958 = PLANE ( 'NONE',  #1852 ) ;
#4959 = ORIENTED_EDGE ( 'NONE', *, *, #1388, .F. ) ;
#4960 = EDGE_CURVE ( 'NONE', #6188, #1954, #651, .T. ) ;
#4961 = AXIS2_PLACEMENT_3D ( 'NONE', #1912, #2507, #5732 ) ;
#4962 = ADVANCED_FACE ( 'NONE', ( #3762 ), #7121, .F. ) ;
#4963 = VECTOR ( 'NONE', #4666, 1000.000000000000000 ) ;
#4964 = EDGE_LOOP ( 'NONE', ( #2840, #3254, #7114, #5838 ) ) ;
#4965 =( NAMED_UNIT ( * ) PLANE_ANGLE_UNIT ( ) SI_UNIT ( $, .RADIAN. ) );
#4966 = SURFACE_STYLE_USAGE ( .BOTH. , #778 ) ;
#4967 = CARTESIAN_POINT ( 'NONE',  ( 0.1000000000000047101, 1.050000000000000044, 0.04500000000000294043 ) ) ;
#4968 = EDGE_LOOP ( 'NONE', ( #3635, #4146, #3902, #5785 ) ) ;
#4969 = CARTESIAN_POINT ( 'NONE',  ( 0.7705307922833899426, 2.639999999999999236, 0.1250000000000016376 ) ) ;
#4970 = DIRECTION ( 'NONE',  ( 0.000000000000000000, -0.000000000000000000, 1.000000000000000000 ) ) ;
#4971 = AXIS2_PLACEMENT_3D ( 'NONE', #4010, #3302, #957 ) ;
#4972 = CARTESIAN_POINT ( 'NONE',  ( 2.600000000000001865, 0.3500000000000001443, -0.2500000000725014493 ) ) ;
#4973 = FACE_OUTER_BOUND ( 'NONE', #335, .T. ) ;
#4974 = DIRECTION ( 'NONE',  ( -0.000000000000000000, 0.000000000000000000, -1.000000000000000000 ) ) ;
#4975 = VERTEX_POINT ( 'NONE', #7396 ) ;
#4976 = FACE_OUTER_BOUND ( 'NONE', #7306, .T. ) ;
#4977 = EDGE_CURVE ( 'NONE', #577, #1691, #1916, .T. ) ;
#4978 = ORIENTED_EDGE ( 'NONE', *, *, #965, .F. ) ;
#4979 = VERTEX_POINT ( 'NONE', #6223 ) ;
#4980 = DIRECTION ( 'NONE',  ( -1.000000000000000000, -0.000000000000000000, -0.000000000000000000 ) ) ;
#4981 = AXIS2_PLACEMENT_3D ( 'NONE', #3880, #6335, #6984 ) ;
#4982 =( NAMED_UNIT ( * ) PLANE_ANGLE_UNIT ( ) SI_UNIT ( $, .RADIAN. ) );
#4983 = LINE ( 'NONE', #3857, #7322 ) ;
#4984 = EDGE_LOOP ( 'NONE', ( #664, #1785, #5710, #2488 ) ) ;
#4985 = PRESENTATION_STYLE_ASSIGNMENT (( #63 ) ) ;
#4986 = EDGE_CURVE ( 'NONE', #1375, #7656, #4353, .T. ) ;
#4987 = FILL_AREA_STYLE ('',( #3183 ) ) ;
#4988 = ORIENTED_EDGE ( 'NONE', *, *, #4192, .T. ) ;
#4989 = LINE ( 'NONE', #798, #31 ) ;
#4990 = PLANE ( 'NONE',  #827 ) ;
#4991 = EDGE_CURVE ( 'NONE', #5334, #3875, #2894, .T. ) ;
#4992 = SURFACE_SIDE_STYLE ('',( #2019 ) ) ;
#4993 = AXIS2_PLACEMENT_3D ( 'NONE', #4177, #2418, #4871 ) ;
#4994 = DIRECTION ( 'NONE',  ( -0.000000000000000000, 1.000000000000000000, 1.857148025303053679E-09 ) ) ;
#4995 =( GEOMETRIC_REPRESENTATION_CONTEXT ( 3 ) GLOBAL_UNCERTAINTY_ASSIGNED_CONTEXT ( ( #4364 ) ) GLOBAL_UNIT_ASSIGNED_CONTEXT ( ( #3591, #4141, #1780 ) ) REPRESENTATION_CONTEXT ( 'NONE', 'WORKASPACE' ) );
#4996 = LINE ( 'NONE', #70, #1263 ) ;
#4997 = DIRECTION ( 'NONE',  ( -0.000000000000000000, 0.7071067811865474617, -0.7071067811865474617 ) ) ;
#4998 = VERTEX_POINT ( 'NONE', #2277 ) ;
#4999 = LINE ( 'NONE', #6753, #5247 ) ;
#5000 = DIRECTION ( 'NONE',  ( 0.000000000000000000, -0.000000000000000000, -1.000000000000000000 ) ) ;
#5001 = EDGE_CURVE ( 'NONE', #2297, #4346, #4728, .T. ) ;
#5002 = ORIENTED_EDGE ( 'NONE', *, *, #5001, .T. ) ;
#5003 = EDGE_CURVE ( 'NONE', #7747, #3000, #568, .T. ) ;
#5004 = AXIS2_PLACEMENT_3D ( 'NONE', #6956, #2041, #701 ) ;
#5005 = VECTOR ( 'NONE', #7206, 1000.000000000000114 ) ;
#5006 = DIRECTION ( 'NONE',  ( 0.000000000000000000, 0.8571673007021116675, -0.5150380749100552658 ) ) ;
#5007 = ORIENTED_EDGE ( 'NONE', *, *, #4856, .F. ) ;
#5008 = ORIENTED_EDGE ( 'NONE', *, *, #501, .T. ) ;
#5009 = ORIENTED_EDGE ( 'NONE', *, *, #5741, .T. ) ;
#5010 =( LENGTH_UNIT ( ) NAMED_UNIT ( * ) SI_UNIT ( .MILLI., .METRE. ) );
#5011 = COLOUR_RGB ( '',0.7960784313725489669, 0.8235294117647058432, 0.9372549019607843146 ) ;
#5012 = EDGE_CURVE ( 'NONE', #3919, #6292, #3238, .T. ) ;
#5013 = LINE ( 'NONE', #4427, #3966 ) ;
#5014 = PLANE ( 'NONE',  #1234 ) ;
#5015 = ADVANCED_FACE ( 'NONE', ( #5773 ), #1428, .F. ) ;
#5016 = DIRECTION ( 'NONE',  ( 0.000000000000000000, 0.000000000000000000, 1.000000000000000000 ) ) ;
#5017 = CARTESIAN_POINT ( 'NONE',  ( -1.674999999999996714, 0.05000000000000000971, 1.200000000000001288 ) ) ;
#5018 = LINE ( 'NONE', #7435, #7534 ) ;
#5019 = EDGE_CURVE ( 'NONE', #7803, #4292, #1501, .T. ) ;
#5020 = CARTESIAN_POINT ( 'NONE',  ( -0.6749999999999946043, 0.7768699943250462203, -0.8099999999999991651 ) ) ;
#5021 = EDGE_LOOP ( 'NONE', ( #3476, #6961, #3556, #1862 ) ) ;
#5022 = CARTESIAN_POINT ( 'NONE',  ( 15.90000000000000391, 2.750000000000000000, -0.9999999999999986677 ) ) ;
#5023 = CARTESIAN_POINT ( 'NONE',  ( 2.300000000000002043, 0.1000000012999997384, 0.5499999999999988232 ) ) ;
#5024 = DIRECTION ( 'NONE',  ( -1.000000000000000000, 0.000000000000000000, -0.000000000000000000 ) ) ;
#5025 = DIRECTION ( 'NONE',  ( 0.000000000000000000, 0.000000000000000000, 1.000000000000000000 ) ) ;
#5026 = ORIENTED_EDGE ( 'NONE', *, *, #2144, .T. ) ;
#5027 = FACE_OUTER_BOUND ( 'NONE', #4750, .T. ) ;
#5028 = UNCERTAINTY_MEASURE_WITH_UNIT (LENGTH_MEASURE( 1.000000000000000082E-05 ), #5464, 'distance_accuracy_value', 'NONE');
#5029 = PLANE ( 'NONE',  #6985 ) ;
#5030 = VERTEX_POINT ( 'NONE', #4467 ) ;
#5031 = DIRECTION ( 'NONE',  ( 1.000000000000000000, -0.000000000000000000, 0.000000000000000000 ) ) ;
#5032 = EDGE_LOOP ( 'NONE', ( #5368, #1117, #2209, #1123 ) ) ;
#5033 = ADVANCED_FACE ( 'NONE', ( #2106 ), #163, .F. ) ;
#5034 = CARTESIAN_POINT ( 'NONE',  ( 9.300000000000002487, 1.050000000000000044, -0.7000000000000015099 ) ) ;
#5035 = CLOSED_SHELL ( 'NONE', ( #6888, #1202, #5754, #4294, #3027, #3934, #5033, #2052, #3236, #3614 ) ) ;
#5036 = LINE ( 'NONE', #148, #6550 ) ;
#5037 = FACE_OUTER_BOUND ( 'NONE', #850, .T. ) ;
#5038 = CARTESIAN_POINT ( 'NONE',  ( -2.599999999999997424, 0.3063250300240242252, -0.9499999999999986233 ) ) ;
#5039 = DIRECTION ( 'NONE',  ( 1.000000000000000000, 0.000000000000000000, 0.000000000000000000 ) ) ;
#5040 = ADVANCED_FACE ( 'NONE', ( #2590 ), #7473, .F. ) ;
#5041 = EDGE_CURVE ( 'NONE', #5329, #4264, #6338, .T. ) ;
#5042 = EDGE_CURVE ( 'NONE', #405, #1645, #4547, .T. ) ;
#5043 = ORIENTED_EDGE ( 'NONE', *, *, #3797, .T. ) ;
#5044 = ORIENTED_EDGE ( 'NONE', *, *, #343, .T. ) ;
#5045 = EDGE_CURVE ( 'NONE', #4884, #6237, #5129, .T. ) ;
#5046 = VERTEX_POINT ( 'NONE', #3846 ) ;
#5047 = VERTEX_POINT ( 'NONE', #4506 ) ;
#5048 =( GEOMETRIC_REPRESENTATION_CONTEXT ( 3 ) GLOBAL_UNCERTAINTY_ASSIGNED_CONTEXT ( ( #3096 ) ) GLOBAL_UNIT_ASSIGNED_CONTEXT ( ( #4891, #4242, #579 ) ) REPRESENTATION_CONTEXT ( 'NONE', 'WORKASPACE' ) );
#5049 = ORIENTED_EDGE ( 'NONE', *, *, #1323, .T. ) ;
#5050 = CARTESIAN_POINT ( 'NONE',  ( 6.000000000000002665, 2.639999999999999236, 0.1249999999999985983 ) ) ;
#5051 = EDGE_CURVE ( 'NONE', #5681, #624, #3164, .T. ) ;
#5052 = ORIENTED_EDGE ( 'NONE', *, *, #3673, .T. ) ;
#5053 = SURFACE_STYLE_FILL_AREA ( #1342 ) ;
#5054 = PRESENTATION_LAYER_ASSIGNMENT (  '', '', ( #7452 ) ) ;
#5055 = PLANE ( 'NONE',  #3578 ) ;
#5056 = SURFACE_SIDE_STYLE ('',( #125 ) ) ;
#5057 = AXIS2_PLACEMENT_3D ( 'NONE', #5371, #5528, #7799 ) ;
#5058 = LINE ( 'NONE', #5777, #708 ) ;
#5059 = CARTESIAN_POINT ( 'NONE',  ( -0.7249999999999952038, 0.4500000002000000277, 0.5500000000000018208 ) ) ;
#5060 = ORIENTED_EDGE ( 'NONE', *, *, #2267, .F. ) ;
#5061 = FACE_OUTER_BOUND ( 'NONE', #2443, .T. ) ;
#5062 = CARTESIAN_POINT ( 'NONE',  ( -0.8749999999999968914, 0.05000000000000034278, 1.250000000000001110 ) ) ;
#5063 = ORIENTED_EDGE ( 'NONE', *, *, #5051, .T. ) ;
#5064 = ORIENTED_EDGE ( 'NONE', *, *, #245, .F. ) ;
#5065 = VECTOR ( 'NONE', #6040, 1000.000000000000000 ) ;
#5066 = DIRECTION ( 'NONE',  ( 0.000000000000000000, -0.000000000000000000, -1.000000000000000000 ) ) ;
#5067 = DIRECTION ( 'NONE',  ( 0.000000000000000000, 0.5735764363510474917, -0.8191520442889909104 ) ) ;
#5068 = PLANE ( 'NONE',  #532 ) ;
#5069 = PLANE ( 'NONE',  #7193 ) ;
#5070 = ORIENTED_EDGE ( 'NONE', *, *, #1875, .F. ) ;
#5071 = SURFACE_SIDE_STYLE ('',( #5672 ) ) ;
#5072 = ADVANCED_FACE ( 'NONE', ( #6370 ), #781, .F. ) ;
#5073 = DIRECTION ( 'NONE',  ( 1.000000000000000000, 0.000000000000000000, 0.000000000000000000 ) ) ;
#5074 = LINE ( 'NONE', #2533, #1068 ) ;
#5075 = CIRCLE ( 'NONE', #3916, 0.1000000000000000472 ) ;
#5076 = ORIENTED_EDGE ( 'NONE', *, *, #3458, .T. ) ;
#5077 = AXIS2_PLACEMENT_3D ( 'NONE', #6800, #77, #7540 ) ;
#5078 = SURFACE_STYLE_FILL_AREA ( #146 ) ;
#5079 = AXIS2_PLACEMENT_3D ( 'NONE', #3507, #5401, #4139 ) ;
#5080 = DIRECTION ( 'NONE',  ( 0.1710878697460311570, 0.9702875252478154744, 0.1710878697460311293 ) ) ;
#5081 = LINE ( 'NONE', #5758, #5268 ) ;
#5082 = LINE ( 'NONE', #2061, #724 ) ;
#5083 = FILL_AREA_STYLE_COLOUR ( '', #5861 ) ;
#5084 = ORIENTED_EDGE ( 'NONE', *, *, #5695, .T. ) ;
#5085 = ORIENTED_EDGE ( 'NONE', *, *, #7023, .T. ) ;
#5086 = ORIENTED_EDGE ( 'NONE', *, *, #3431, .F. ) ;
#5087 = CARTESIAN_POINT ( 'NONE',  ( -0.6426007268396385363, 1.914472545666377146, 0.4023992731603601714 ) ) ;
#5088 = VERTEX_POINT ( 'NONE', #7513 ) ;
#5089 = CARTESIAN_POINT ( 'NONE',  ( -2.299999999999997158, 0.3500000000000000333, -0.9999999999999986677 ) ) ;
#5090 = FACE_OUTER_BOUND ( 'NONE', #4521, .T. ) ;
#5091 = CARTESIAN_POINT ( 'NONE',  ( 0.1000000000000055705, 1.050000000000000044, -0.8249999999999970690 ) ) ;
#5092 = COLOUR_RGB ( '',0.7960784313725489669, 0.8235294117647058432, 0.9372549019607843146 ) ;
#5093 = VECTOR ( 'NONE', #5188, 1000.000000000000000 ) ;
#5094 = DIRECTION ( 'NONE',  ( -0.000000000000000000, -0.000000000000000000, 1.000000000000000000 ) ) ;
#5095 = LINE ( 'NONE', #5660, #2648 ) ;
#5096 = VECTOR ( 'NONE', #2879, 1000.000000000000227 ) ;
#5097 = CARTESIAN_POINT ( 'NONE',  ( -0.02946920771661101432, 2.639999999999999236, 0.1250000000000016376 ) ) ;
#5098 = LINE ( 'NONE', #5697, #2987 ) ;
#5099 = DIRECTION ( 'NONE',  ( 0.000000000000000000, -0.5000000000000039968, -0.8660254037844363761 ) ) ;
#5100 = AXIS2_PLACEMENT_3D ( 'NONE', #4454, #6286, #767 ) ;
#5101 = ORIENTED_EDGE ( 'NONE', *, *, #4600, .T. ) ;
#5102 =( NAMED_UNIT ( * ) SI_UNIT ( $, .STERADIAN. ) SOLID_ANGLE_UNIT ( ) );
#5103 = DIRECTION ( 'NONE',  ( -1.000000000000000000, -0.000000000000000000, -0.000000000000000000 ) ) ;
#5104 = EDGE_CURVE ( 'NONE', #4077, #6173, #2631, .T. ) ;
#5105 = PLANE ( 'NONE',  #6445 ) ;
#5106 = ORIENTED_EDGE ( 'NONE', *, *, #3746, .F. ) ;
#5107 = DIRECTION ( 'NONE',  ( 0.000000000000000000, 1.000000000000000000, 0.000000000000000000 ) ) ;
#5108 = UNCERTAINTY_MEASURE_WITH_UNIT (LENGTH_MEASURE( 1.000000000000000082E-05 ), #1004, 'distance_accuracy_value', 'NONE');
#5109 = CARTESIAN_POINT ( 'NONE',  ( 0.7000000000000033973, 2.239999999999990443, 0.04500000000000296124 ) ) ;
#5110 = ORIENTED_EDGE ( 'NONE', *, *, #7189, .T. ) ;
#5111 = ADVANCED_FACE ( 'NONE', ( #3202 ), #2076, .F. ) ;
#5112 = AXIS2_PLACEMENT_3D ( 'NONE', #5787, #259, #6279 ) ;
#5113 = CARTESIAN_POINT ( 'NONE',  ( -0.02946920771661014696, 2.639999999999999236, 0.1250000000000016376 ) ) ;
#5114 = FACE_OUTER_BOUND ( 'NONE', #6212, .T. ) ;
#5115 = PLANE ( 'NONE',  #3221 ) ;
#5116 = PRESENTATION_LAYER_ASSIGNMENT (  '', '', ( #4453 ) ) ;
#5117 = PLANE ( 'NONE',  #328 ) ;
#5118 = EDGE_CURVE ( 'NONE', #99, #6452, #6879, .T. ) ;
#5119 = ORIENTED_EDGE ( 'NONE', *, *, #4499, .T. ) ;
#5120 = CARTESIAN_POINT ( 'NONE',  ( -0.8749999999999968914, 0.4500000002000000832, 0.5500000000000018208 ) ) ;
#5121 = ORIENTED_EDGE ( 'NONE', *, *, #6596, .T. ) ;
#5122 = PLANE ( 'NONE',  #5077 ) ;
#5123 = AXIS2_PLACEMENT_3D ( 'NONE', #2719, #2122, #4564 ) ;
#5124 = VERTEX_POINT ( 'NONE', #3314 ) ;
#5125 = CARTESIAN_POINT ( 'NONE',  ( -0.6999999999999952927, 1.050000000000000044, 0.04500000000000294043 ) ) ;
#5126 = ORIENTED_EDGE ( 'NONE', *, *, #3551, .T. ) ;
#5127 = SURFACE_SIDE_STYLE ('',( #7394 ) ) ;
#5128 = CARTESIAN_POINT ( 'NONE',  ( 1.525000000000002576, 0.1999999999999999833, 0.7999999999999980460 ) ) ;
#5129 = LINE ( 'NONE', #3883, #2240 ) ;
#5130 = VECTOR ( 'NONE', #7482, 1000.000000000000000 ) ;
#5131 = VECTOR ( 'NONE', #3280, 1000.000000000000000 ) ;
#5132 = PRODUCT_DEFINITION ( 'UNKNOWN', '', #2716, #4603 ) ;
#5133 = EDGE_CURVE ( 'NONE', #5980, #4474, #5095, .T. ) ;
#5134 = DIRECTION ( 'NONE',  ( 0.000000000000000000, 0.000000000000000000, 1.000000000000000000 ) ) ;
#5135 = DIRECTION ( 'NONE',  ( 0.000000000000000000, -0.8660254037844363761, 0.5000000000000039968 ) ) ;
#5136 = ORIENTED_EDGE ( 'NONE', *, *, #2842, .F. ) ;
#5137 = DIRECTION ( 'NONE',  ( 0.9848077530122090195, -0.1736481776669255295, 0.000000000000000000 ) ) ;
#5138 = DIRECTION ( 'NONE',  ( 1.000000000000000000, 0.000000000000000000, -0.000000000000000000 ) ) ;
#5139 = VERTEX_POINT ( 'NONE', #242 ) ;
#5140 = ADVANCED_FACE ( 'NONE', ( #2707 ), #5014, .F. ) ;
#5141 = ORIENTED_EDGE ( 'NONE', *, *, #4493, .T. ) ;
#5142 = COLOUR_RGB ( '',0.7960784313725489669, 0.8235294117647058432, 0.9372549019607843146 ) ;
#5143 = FACE_OUTER_BOUND ( 'NONE', #6898, .T. ) ;
#5144 = ORIENTED_EDGE ( 'NONE', *, *, #359, .T. ) ;
#5145 = SURFACE_STYLE_FILL_AREA ( #1513 ) ;
#5146 = DIRECTION ( 'NONE',  ( -0.000000000000000000, 1.000000000000000000, -0.000000000000000000 ) ) ;
#5147 = CARTESIAN_POINT ( 'NONE',  ( 2.800000000000002487, 0.3500000000000000333, -0.2500000000000014433 ) ) ;
#5148 = EDGE_CURVE ( 'NONE', #1375, #5980, #5888, .T. ) ;
#5149 = ADVANCED_FACE ( 'NONE', ( #6486 ), #3473, .F. ) ;
#5150 = ORIENTED_EDGE ( 'NONE', *, *, #6451, .T. ) ;
#5151 = FACE_OUTER_BOUND ( 'NONE', #1188, .T. ) ;
#5152 = CARTESIAN_POINT ( 'NONE',  ( 2.800000000000001599, 0.3500000000000001443, -0.2500000000725014493 ) ) ;
#5153 = CARTESIAN_POINT ( 'NONE',  ( -0.8291920339772046455, 2.641571930389168710, 0.1158079660227947227 ) ) ;
#5154 = EDGE_LOOP ( 'NONE', ( #4017, #5210, #5917, #6983 ) ) ;
#5155 = DIRECTION ( 'NONE',  ( 0.000000000000000000, -0.1736481776669258625, -0.9848077530122089085 ) ) ;
#5156 = EDGE_CURVE ( 'NONE', #3500, #6071, #4709, .T. ) ;
#5157 = ORIENTED_EDGE ( 'NONE', *, *, #4684, .T. ) ;
#5158 = ORIENTED_EDGE ( 'NONE', *, *, #6698, .T. ) ;
#5159 = ORIENTED_EDGE ( 'NONE', *, *, #2142, .F. ) ;
#5160 = PRESENTATION_STYLE_ASSIGNMENT (( #464 ) ) ;
#5161 = CARTESIAN_POINT ( 'NONE',  ( 15.90000000000000391, 0.4500000000000001221, 1.000000000000001776 ) ) ;
#5162 = VECTOR ( 'NONE', #1274, 1000.000000000000000 ) ;
#5163 = EDGE_CURVE ( 'NONE', #4230, #6828, #1657, .T. ) ;
#5164 = LINE ( 'NONE', #7669, #5096 ) ;
#5165 = MECHANICAL_DESIGN_GEOMETRIC_PRESENTATION_REPRESENTATION (  '', ( #7573 ), #1965 ) ;
#5166 = VECTOR ( 'NONE', #821, 1000.000000000000000 ) ;
#5167 = FILL_AREA_STYLE ('',( #1624 ) ) ;
#5168 = ORIENTED_EDGE ( 'NONE', *, *, #3687, .F. ) ;
#5169 = DIRECTION ( 'NONE',  ( -1.000000000000000000, 0.000000000000000000, 0.000000000000000000 ) ) ;
#5170 = DIRECTION ( 'NONE',  ( 0.000000000000000000, -0.000000000000000000, -1.000000000000000000 ) ) ;
#5171 = VECTOR ( 'NONE', #4115, 1000.000000000000000 ) ;
#5172 = VECTOR ( 'NONE', #1750, 1000.000000000000000 ) ;
#5173 = DIRECTION ( 'NONE',  ( -0.000000000000000000, 1.000000000000000000, -0.000000000000000000 ) ) ;
#5174 = ORIENTED_EDGE ( 'NONE', *, *, #1222, .F. ) ;
#5175 = DIRECTION ( 'NONE',  ( 0.000000000000000000, -0.000000000000000000, -1.000000000000000000 ) ) ;
#5176 = ORIENTED_EDGE ( 'NONE', *, *, #2395, .T. ) ;
#5177 = VECTOR ( 'NONE', #3449, 1000.000000000000000 ) ;
#5178 = CARTESIAN_POINT ( 'NONE',  ( -2.599999999862498079, 0.9999999999250001048, -0.9999999999999986677 ) ) ;
#5179 = SURFACE_STYLE_FILL_AREA ( #6539 ) ;
#5180 = UNCERTAINTY_MEASURE_WITH_UNIT (LENGTH_MEASURE( 1.000000000000000082E-05 ), #1510, 'distance_accuracy_value', 'NONE');
#5181 = PRESENTATION_STYLE_ASSIGNMENT (( #7607 ) ) ;
#5182 = CIRCLE ( 'NONE', #1326, 0.1000000000000000472 ) ;
#5183 = VERTEX_POINT ( 'NONE', #7665 ) ;
#5184 = VECTOR ( 'NONE', #7929, 1000.000000000000000 ) ;
#5185 = DIRECTION ( 'NONE',  ( 0.9848077530122090195, -0.1736481776669255295, 0.000000000000000000 ) ) ;
#5186 = DIRECTION ( 'NONE',  ( 0.000000000000000000, -1.000000000000000000, -5.421010860823805421E-16 ) ) ;
#5187 = AXIS2_PLACEMENT_3D ( 'NONE', #5241, #7146, #1018 ) ;
#5188 = DIRECTION ( 'NONE',  ( -0.000000000000000000, -1.000000000000000000, -0.000000000000000000 ) ) ;
#5189 = EDGE_CURVE ( 'NONE', #5491, #552, #7700, .T. ) ;
#5190 = VECTOR ( 'NONE', #7052, 1000.000000000000000 ) ;
#5191 = DIRECTION ( 'NONE',  ( 1.000000000000000000, -0.000000000000000000, -0.000000000000000000 ) ) ;
#5192 = PLANE ( 'NONE',  #6094 ) ;
#5193 = VECTOR ( 'NONE', #7735, 1000.000000000000000 ) ;
#5194 = ORIENTED_EDGE ( 'NONE', *, *, #3587, .F. ) ;
#5195 = AXIS2_PLACEMENT_3D ( 'NONE', #4606, #6972, #5265 ) ;
#5196 = CARTESIAN_POINT ( 'NONE',  ( 6.000000000000002665, 1.050000000000000044, 0.1249999999999985983 ) ) ;
#5197 = DIRECTION ( 'NONE',  ( -1.000000000000000000, 0.000000000000000000, 0.000000000000000000 ) ) ;
#5198 = LINE ( 'NONE', #1012, #3811 ) ;
#5199 = ORIENTED_EDGE ( 'NONE', *, *, #7830, .T. ) ;
#5200 = DIRECTION ( 'NONE',  ( 0.000000000000000000, -0.000000000000000000, 1.000000000000000000 ) ) ;
#5201 = SURFACE_SIDE_STYLE ('',( #7664 ) ) ;
#5202 = CARTESIAN_POINT ( 'NONE',  ( 1.525000000000002576, 0.1000000006499977834, 0.5499999993499968820 ) ) ;
#5203 = FACE_OUTER_BOUND ( 'NONE', #6817, .T. ) ;
#5204 = EDGE_CURVE ( 'NONE', #3359, #3268, #6565, .T. ) ;
#5205 = LINE ( 'NONE', #4673, #60 ) ;
#5206 = DIRECTION ( 'NONE',  ( -1.000000000000000000, 0.000000000000000000, 0.000000000000000000 ) ) ;
#5207 = CARTESIAN_POINT ( 'NONE',  ( 3.100000000000002309, 0.3500000000000000333, -0.2500000001450013998 ) ) ;
#5208 = VECTOR ( 'NONE', #831, 1000.000000000000000 ) ;
#5209 = MECHANICAL_DESIGN_GEOMETRIC_PRESENTATION_REPRESENTATION (  '', ( #4556 ), #4305 ) ;
#5210 = ORIENTED_EDGE ( 'NONE', *, *, #5224, .T. ) ;
#5211 = LINE ( 'NONE', #7641, #2357 ) ;
#5212 = VERTEX_POINT ( 'NONE', #5202 ) ;
#5213 = APPLICATION_PROTOCOL_DEFINITION ( 'draft international standard', 'automotive_design', 1998, #4849 ) ;
#5214 = CARTESIAN_POINT ( 'NONE',  ( 2.099999998900001330, 1.050000000000000044, -0.7000000000000015099 ) ) ;
#5215 = ORIENTED_EDGE ( 'NONE', *, *, #3949, .T. ) ;
#5216 = COLOUR_RGB ( '',0.7960784313725489669, 0.8235294117647058432, 0.9372549019607843146 ) ;
#5217 = DIRECTION ( 'NONE',  ( -1.000000000000000000, 0.000000000000000000, 1.355252715606883008E-16 ) ) ;
#5218 = FILL_AREA_STYLE_COLOUR ( '', #2273 ) ;
#5219 = CARTESIAN_POINT ( 'NONE',  ( 1.475000000000002753, 2.750000000000000000, -0.8100000000000022737 ) ) ;
#5220 = ORIENTED_EDGE ( 'NONE', *, *, #6895, .T. ) ;
#5221 = AXIS2_PLACEMENT_3D ( 'NONE', #2657, #4491, #4417 ) ;
#5222 = DIRECTION ( 'NONE',  ( -0.000000000000000000, 0.000000000000000000, 1.000000000000000000 ) ) ;
#5223 = PLANE ( 'NONE',  #4025 ) ;
#5224 = EDGE_CURVE ( 'NONE', #2737, #1841, #280, .T. ) ;
#5225 = CARTESIAN_POINT ( 'NONE',  ( 0.7705307922833890544, 2.639999999999999236, 0.1250000000000016376 ) ) ;
#5226 =( LENGTH_UNIT ( ) NAMED_UNIT ( * ) SI_UNIT ( .MILLI., .METRE. ) );
#5227 = PLANE ( 'NONE',  #1581 ) ;
#5228 = ORIENTED_EDGE ( 'NONE', *, *, #6068, .F. ) ;
#5229 = EDGE_CURVE ( 'NONE', #7010, #2715, #1541, .T. ) ;
#5230 = VERTEX_POINT ( 'NONE', #2745 ) ;
#5231 = CARTESIAN_POINT ( 'NONE',  ( 0.8750000000000048850, -3.675261601645777502E-17, 0.6500000000000011324 ) ) ;
#5232 = DIRECTION ( 'NONE',  ( 0.000000000000000000, -1.000000000000000000, 0.000000000000000000 ) ) ;
#5233 = CARTESIAN_POINT ( 'NONE',  ( -2.339999999999997637, 2.750000000000000000, 0.1000000000000016154 ) ) ;
#5234 = AXIS2_PLACEMENT_3D ( 'NONE', #5585, #1728, #549 ) ;
#5235 = FILL_AREA_STYLE ('',( #7694 ) ) ;
#5236 = ORIENTED_EDGE ( 'NONE', *, *, #5356, .F. ) ;
#5237 = SURFACE_STYLE_USAGE ( .BOTH. , #397 ) ;
#5238 = ADVANCED_FACE ( 'NONE', ( #5848 ), #2789, .F. ) ;
#5239 = FACE_OUTER_BOUND ( 'NONE', #4202, .T. ) ;
#5240 = EDGE_CURVE ( 'NONE', #1971, #6006, #3068, .T. ) ;
#5241 = CARTESIAN_POINT ( 'NONE',  ( 2.600000000000001865, 0.6936749699759758858, -0.9500000000000016209 ) ) ;
#5242 = EDGE_CURVE ( 'NONE', #2579, #269, #480, .T. ) ;
#5243 = CARTESIAN_POINT ( 'NONE',  ( 0.8294692077166190280, 2.639999999999999236, 0.2744692077166173139 ) ) ;
#5244 = DIRECTION ( 'NONE',  ( -0.000000000000000000, -1.000000000000000000, -0.000000000000000000 ) ) ;
#5245 = VECTOR ( 'NONE', #6128, 1000.000000000000000 ) ;
#5246 = CARTESIAN_POINT ( 'NONE',  ( -2.799999999999997158, 0.3063250300240242252, -0.9499999999999986233 ) ) ;
#5247 = VECTOR ( 'NONE', #5680, 1000.000000000000227 ) ;
#5248 = EDGE_CURVE ( 'NONE', #5519, #5725, #7909, .T. ) ;
#5249 = ORIENTED_EDGE ( 'NONE', *, *, #1796, .T. ) ;
#5250 = VECTOR ( 'NONE', #4435, 1000.000000000000114 ) ;
#5251 = AXIS2_PLACEMENT_3D ( 'NONE', #1679, #5388, #1765 ) ;
#5252 = VERTEX_POINT ( 'NONE', #7268 ) ;
#5253 = DIRECTION ( 'NONE',  ( -0.000000000000000000, 0.000000000000000000, -1.000000000000000000 ) ) ;
#5254 = ORIENTED_EDGE ( 'NONE', *, *, #3230, .F. ) ;
#5255 = EDGE_CURVE ( 'NONE', #2998, #2737, #1100, .T. ) ;
#5256 = DIRECTION ( 'NONE',  ( 1.000000000000000000, 0.000000000000000000, -0.000000000000000000 ) ) ;
#5257 = ORIENTED_EDGE ( 'NONE', *, *, #5817, .F. ) ;
#5258 = CARTESIAN_POINT ( 'NONE',  ( -1.524999999999996803, 0.000000000000000000, 0.6500000000000011324 ) ) ;
#5259 = UNCERTAINTY_MEASURE_WITH_UNIT (LENGTH_MEASURE( 1.000000000000000082E-05 ), #4947, 'distance_accuracy_value', 'NONE');
#5260 = AXIS2_PLACEMENT_3D ( 'NONE', #5804, #1013, #6482 ) ;
#5261 = ORIENTED_EDGE ( 'NONE', *, *, #2107, .T. ) ;
#5262 = LINE ( 'NONE', #835, #3668 ) ;
#5263 = EDGE_LOOP ( 'NONE', ( #2623, #5651, #6302, #5564 ) ) ;
#5264 = LINE ( 'NONE', #1521, #7205 ) ;
#5265 = DIRECTION ( 'NONE',  ( -1.000000000000000000, 0.000000000000000000, -0.000000000000000000 ) ) ;
#5266 = LINE ( 'NONE', #996, #6306 ) ;
#5267 = FILL_AREA_STYLE_COLOUR ( '', #4060 ) ;
#5268 = VECTOR ( 'NONE', #4994, 1000.000000000000000 ) ;
#5269 = ORIENTED_EDGE ( 'NONE', *, *, #6404, .F. ) ;
#5270 = PRESENTATION_STYLE_ASSIGNMENT (( #5764 ) ) ;
#5271 = VERTEX_POINT ( 'NONE', #1136 ) ;
#5272 = DIRECTION ( 'NONE',  ( -1.000000000000000000, 0.000000000000000000, 0.000000000000000000 ) ) ;
#5273 = ORIENTED_EDGE ( 'NONE', *, *, #7860, .F. ) ;
#5274 = LINE ( 'NONE', #5355, #2588 ) ;
#5275 = DIRECTION ( 'NONE',  ( -0.000000000000000000, 0.000000000000000000, -1.000000000000000000 ) ) ;
#5276 = ORIENTED_EDGE ( 'NONE', *, *, #2136, .F. ) ;
#5277 = EDGE_CURVE ( 'NONE', #4444, #2998, #3593, .T. ) ;
#5278 = ORIENTED_EDGE ( 'NONE', *, *, #7860, .T. ) ;
#5279 = PRESENTATION_STYLE_ASSIGNMENT (( #5772 ) ) ;
#5280 = ADVANCED_FACE ( 'NONE', ( #1820 ), #604, .F. ) ;
#5281 = CARTESIAN_POINT ( 'NONE',  ( 1.675000000000002487, 0.4500000002000000277, 0.6556624325871199810 ) ) ;
#5282 = ADVANCED_FACE ( 'NONE', ( #1860 ), #6755, .F. ) ;
#5283 = ORIENTED_EDGE ( 'NONE', *, *, #7579, .F. ) ;
#5284 = CARTESIAN_POINT ( 'NONE',  ( 2.800000000000001599, 0.3500000000000001443, -0.2500000000725014493 ) ) ;
#5285 = LINE ( 'NONE', #4586, #5559 ) ;
#5286 = LINE ( 'NONE', #1583, #2814 ) ;
#5287 = ORIENTED_EDGE ( 'NONE', *, *, #7686, .F. ) ;
#5288 = DIRECTION ( 'NONE',  ( -1.000000000000000000, 0.000000000000000000, -0.000000000000000000 ) ) ;
#5289 = VECTOR ( 'NONE', #4442, 1000.000000000000000 ) ;
#5290 = LINE ( 'NONE', #497, #7599 ) ;
#5291 = ORIENTED_EDGE ( 'NONE', *, *, #1420, .T. ) ;
#5292 = AXIS2_PLACEMENT_3D ( 'NONE', #709, #6738, #5024 ) ;
#5293 = STYLED_ITEM ( 'NONE', ( #7246 ), #1704 ) ;
#5294 = CARTESIAN_POINT ( 'NONE',  ( -0.07499999999999683309, 0.1999999999999999556, 1.250000000000001110 ) ) ;
#5295 = DIRECTION ( 'NONE',  ( -1.000000000000000000, 0.000000000000000000, 0.000000000000000000 ) ) ;
#5296 = DIRECTION ( 'NONE',  ( -1.000000000000000000, 0.000000000000000000, 0.000000000000000000 ) ) ;
#5297 = STYLED_ITEM ( 'NONE', ( #6101 ), #1374 ) ;
#5298 = VERTEX_POINT ( 'NONE', #3554 ) ;
#5299 = ADVANCED_FACE ( 'NONE', ( #3711 ), #7824, .F. ) ;
#5300 = DIRECTION ( 'NONE',  ( 0.000000000000000000, 0.000000000000000000, -1.000000000000000000 ) ) ;
#5301 = FACE_OUTER_BOUND ( 'NONE', #1296, .T. ) ;
#5302 = DIRECTION ( 'NONE',  ( 0.000000000000000000, -1.000000000000000000, 0.000000000000000000 ) ) ;
#5303 = ORIENTED_EDGE ( 'NONE', *, *, #4051, .T. ) ;
#5304 = VECTOR ( 'NONE', #5300, 1000.000000000000000 ) ;
#5305 = ORIENTED_EDGE ( 'NONE', *, *, #1938, .T. ) ;
#5306 = EDGE_CURVE ( 'NONE', #1576, #1295, #7571, .T. ) ;
#5307 = VECTOR ( 'NONE', #7841, 1000.000000000000000 ) ;
#5308 = FACE_OUTER_BOUND ( 'NONE', #1696, .T. ) ;
#5309 = VERTEX_POINT ( 'NONE', #5120 ) ;
#5310 = EDGE_LOOP ( 'NONE', ( #2163, #1091, #7948, #6344 ) ) ;
#5311 = DIRECTION ( 'NONE',  ( 0.000000000000000000, 0.000000000000000000, -1.000000000000000000 ) ) ;
#5312 = ORIENTED_EDGE ( 'NONE', *, *, #1348, .F. ) ;
#5313 = PRESENTATION_LAYER_ASSIGNMENT (  '', '', ( #7725 ) ) ;
#5314 = DIRECTION ( 'NONE',  ( 1.000000000000000000, 0.000000000000000000, 0.000000000000000000 ) ) ;
#5315 = ORIENTED_EDGE ( 'NONE', *, *, #6646, .T. ) ;
#5316 = CARTESIAN_POINT ( 'NONE',  ( -0.07499999999999683309, -3.675261601645777964E-18, 1.200000000000000844 ) ) ;
#5317 = LINE ( 'NONE', #2378, #2164 ) ;
#5318 = AXIS2_PLACEMENT_3D ( 'NONE', #1138, #3596, #6095 ) ;
#5319 = CARTESIAN_POINT ( 'NONE',  ( -0.8749999999999968914, 0.1999999999999999556, 1.250000000000001110 ) ) ;
#5320 = MECHANICAL_DESIGN_GEOMETRIC_PRESENTATION_REPRESENTATION (  '', ( #3148 ), #6105 ) ;
#5321 = SURFACE_SIDE_STYLE ('',( #6408 ) ) ;
#5322 = VERTEX_POINT ( 'NONE', #3911 ) ;
#5323 = VECTOR ( 'NONE', #4867, 1000.000000000000000 ) ;
#5324 = VECTOR ( 'NONE', #517, 1000.000000000000000 ) ;
#5325 = DIRECTION ( 'NONE',  ( 0.000000000000000000, -1.000000000000000000, 0.000000000000000000 ) ) ;
#5326 = ADVANCED_FACE ( 'NONE', ( #1452 ), #4420, .T. ) ;
#5327 = DIRECTION ( 'NONE',  ( 0.000000000000000000, 1.000000000000000000, 0.000000000000000000 ) ) ;
#5328 = PLANE ( 'NONE',  #2167 ) ;
#5329 = VERTEX_POINT ( 'NONE', #151 ) ;
#5330 = CARTESIAN_POINT ( 'NONE',  ( 0.07500000000000485445, 0.04999999999999997502, 1.200000000000001288 ) ) ;
#5331 = ORIENTED_EDGE ( 'NONE', *, *, #404, .F. ) ;
#5332 = ORIENTED_EDGE ( 'NONE', *, *, #3401, .F. ) ;
#5333 = DIRECTION ( 'NONE',  ( -1.000000000000000000, -0.000000000000000000, -0.000000000000000000 ) ) ;
#5334 = VERTEX_POINT ( 'NONE', #6869 ) ;
#5335 = CARTESIAN_POINT ( 'NONE',  ( 2.210000000000002185, 2.750000000000000000, -0.5000000000000015543 ) ) ;
#5336 = MECHANICAL_DESIGN_GEOMETRIC_PRESENTATION_REPRESENTATION (  '', ( #2385 ), #2903 ) ;
#5337 = VECTOR ( 'NONE', #4387, 1000.000000000000000 ) ;
#5338 = CARTESIAN_POINT ( 'NONE',  ( 9.300000000000002487, 2.639999999999999236, -0.7000000000000015099 ) ) ;
#5339 = VECTOR ( 'NONE', #5275, 1000.000000000000000 ) ;
#5340 = SURFACE_SIDE_STYLE ('',( #2930 ) ) ;
#5341 = ADVANCED_FACE ( 'NONE', ( #3190 ), #6288, .F. ) ;
#5342 = VECTOR ( 'NONE', #1055, 1000.000000000000000 ) ;
#5343 = DIRECTION ( 'NONE',  ( 0.1710878697460308795, 0.9702875252478155854, -0.1710878697460308795 ) ) ;
#5344 = DIRECTION ( 'NONE',  ( 0.000000000000000000, 0.000000000000000000, 1.000000000000000000 ) ) ;
#5345 = DIRECTION ( 'NONE',  ( 0.1710878697460308795, 0.9702875252478155854, -0.1710878697460308795 ) ) ;
#5346 = CARTESIAN_POINT ( 'NONE',  ( 1.525000000000002576, 0.4500000002000000277, 0.5499999999999987121 ) ) ;
#5347 = EDGE_CURVE ( 'NONE', #7047, #7539, #1413, .T. ) ;
#5348 =( GEOMETRIC_REPRESENTATION_CONTEXT ( 3 ) GLOBAL_UNCERTAINTY_ASSIGNED_CONTEXT ( ( #3467 ) ) GLOBAL_UNIT_ASSIGNED_CONTEXT ( ( #6906, #5721, #1904 ) ) REPRESENTATION_CONTEXT ( 'NONE', 'WORKASPACE' ) );
#5349 = ORIENTED_EDGE ( 'NONE', *, *, #4431, .F. ) ;
#5350 = LINE ( 'NONE', #4740, #4413 ) ;
#5351 = VERTEX_POINT ( 'NONE', #2696 ) ;
#5352 = EDGE_LOOP ( 'NONE', ( #2154, #2026, #938, #1911 ) ) ;
#5353 = SURFACE_STYLE_USAGE ( .BOTH. , #6635 ) ;
#5354 = ORIENTED_EDGE ( 'NONE', *, *, #5364, .F. ) ;
#5355 = CARTESIAN_POINT ( 'NONE',  ( -1.499999999999996891, 2.639999999999999236, 0.3450000000000029710 ) ) ;
#5356 = EDGE_CURVE ( 'NONE', #3633, #2639, #3872, .T. ) ;
#5357 = PRESENTATION_STYLE_ASSIGNMENT (( #5434 ) ) ;
#5358 = ORIENTED_EDGE ( 'NONE', *, *, #2282, .F. ) ;
#5359 = PRESENTATION_STYLE_ASSIGNMENT (( #3628 ) ) ;
#5360 = LINE ( 'NONE', #440, #4469 ) ;
#5361 = ORIENTED_EDGE ( 'NONE', *, *, #1193, .F. ) ;
#5362 = PRESENTATION_STYLE_ASSIGNMENT (( #5922 ) ) ;
#5363 = ORIENTED_EDGE ( 'NONE', *, *, #1043, .T. ) ;
#5364 = EDGE_CURVE ( 'NONE', #2959, #4717, #4340, .T. ) ;
#5365 = FACE_OUTER_BOUND ( 'NONE', #7640, .T. ) ;
#5366 = ORIENTED_EDGE ( 'NONE', *, *, #7044, .F. ) ;
#5367 = PRESENTATION_LAYER_ASSIGNMENT (  '', '', ( #6764 ) ) ;
#5368 = ORIENTED_EDGE ( 'NONE', *, *, #753, .F. ) ;
#5369 = CARTESIAN_POINT ( 'NONE',  ( -1.499999999999996891, 1.050000000000000044, 0.04500000000000294043 ) ) ;
#5370 = DIRECTION ( 'NONE',  ( -1.000000000000000000, -0.000000000000000000, 0.000000000000000000 ) ) ;
#5371 = CARTESIAN_POINT ( 'NONE',  ( -2.799999999999997158, 0.3499999999999999778, 0.05000000001625162782 ) ) ;
#5372 = PRESENTATION_LAYER_ASSIGNMENT (  '', '', ( #5497 ) ) ;
#5373 = ADVANCED_FACE ( 'NONE', ( #5599 ), #3153, .F. ) ;
#5374 = EDGE_CURVE ( 'NONE', #2056, #5884, #2544, .T. ) ;
#5375 = ORIENTED_EDGE ( 'NONE', *, *, #2914, .T. ) ;
#5376 = CARTESIAN_POINT ( 'NONE',  ( 2.800000000000001599, 0.3063250300240242252, -0.9500000000000016209 ) ) ;
#5377 = VECTOR ( 'NONE', #4223, 1000.000000000000000 ) ;
#5378 = VECTOR ( 'NONE', #7547, 1000.000000000000000 ) ;
#5379 = EDGE_LOOP ( 'NONE', ( #2204, #395, #2150, #6363 ) ) ;
#5380 = CARTESIAN_POINT ( 'NONE',  ( 0.1573992731603623962, 1.914472545666378256, -0.2676007268396403127 ) ) ;
#5381 = FILL_AREA_STYLE ('',( #623 ) ) ;
#5382 = EDGE_CURVE ( 'NONE', #5411, #4942, #1329, .T. ) ;
#5383 = ADVANCED_FACE ( 'NONE', ( #1490 ), #387, .F. ) ;
#5384 = EDGE_CURVE ( 'NONE', #7523, #4706, #7653, .T. ) ;
#5385 = VECTOR ( 'NONE', #3037, 1000.000000000000114 ) ;
#5386 = VECTOR ( 'NONE', #6287, 1000.000000000000000 ) ;
#5387 = CARTESIAN_POINT ( 'NONE',  ( 1.700000000000003064, 1.050000000000000044, -0.8250000000000000666 ) ) ;
#5388 = DIRECTION ( 'NONE',  ( 0.000000000000000000, 0.000000000000000000, 1.000000000000000000 ) ) ;
#5389 = DIRECTION ( 'NONE',  ( -0.5773502691896190697, -0.5773502691896390537, 0.5773502691896190697 ) ) ;
#5390 = EDGE_CURVE ( 'NONE', #6112, #4561, #5837, .T. ) ;
#5391 = STYLED_ITEM ( 'NONE', ( #5447 ), #4124 ) ;
#5392 = LINE ( 'NONE', #3696, #3288 ) ;
#5393 = FILL_AREA_STYLE ('',( #3958 ) ) ;
#5394 = DIRECTION ( 'NONE',  ( -0.000000000000000000, 0.7071067811865595631, 0.7071067811865355823 ) ) ;
#5395 = ORIENTED_EDGE ( 'NONE', *, *, #2036, .F. ) ;
#5396 = CARTESIAN_POINT ( 'NONE',  ( -2.209999999999997744, 2.750000000000000000, -0.9999999999999986677 ) ) ;
#5397 = ORIENTED_EDGE ( 'NONE', *, *, #7204, .F. ) ;
#5398 = DIRECTION ( 'NONE',  ( -0.000000000000000000, -1.000000000000000000, 0.000000000000000000 ) ) ;
#5399 = ORIENTED_EDGE ( 'NONE', *, *, #2652, .F. ) ;
#5400 = DIRECTION ( 'NONE',  ( -0.000000000000000000, -1.000000000000000000, 0.000000000000000000 ) ) ;
#5401 = DIRECTION ( 'NONE',  ( 0.000000000000000000, -7.572940222879532405E-11, 1.000000000000000000 ) ) ;
#5402 = CYLINDRICAL_SURFACE ( 'NONE', #4993, 0.04999999999999991257 ) ;
#5403 = VERTEX_POINT ( 'NONE', #2171 ) ;
#5404 = LINE ( 'NONE', #4107, #3204 ) ;
#5405 = CARTESIAN_POINT ( 'NONE',  ( -0.7705307922833809497, 2.639999999999999236, 0.1250000000000016376 ) ) ;
#5406 = EDGE_CURVE ( 'NONE', #4630, #5271, #7130, .T. ) ;
#5407 = VERTEX_POINT ( 'NONE', #1529 ) ;
#5408 = CARTESIAN_POINT ( 'NONE',  ( 1.629192033977210130, 2.641571930389168710, 0.1158079660227916835 ) ) ;
#5409 = PLANE ( 'NONE',  #671 ) ;
#5410 = CARTESIAN_POINT ( 'NONE',  ( 0.1250000000000054123, 2.639999999999998348, -0.6999999999999982903 ) ) ;
#5411 = VERTEX_POINT ( 'NONE', #3456 ) ;
#5412 = ORIENTED_EDGE ( 'NONE', *, *, #3100, .F. ) ;
#5413 = CARTESIAN_POINT ( 'NONE',  ( 1.570530792283388211, 2.639999999999999236, 0.1249999999999985983 ) ) ;
#5414 = AXIS2_PLACEMENT_3D ( 'NONE', #1651, #920, #7782 ) ;
#5415 = ORIENTED_EDGE ( 'NONE', *, *, #5019, .T. ) ;
#5416 = CARTESIAN_POINT ( 'NONE',  ( -1.524999999999996803, 0.4500000002000000832, 0.5500000000000018208 ) ) ;
#5417 = ORIENTED_EDGE ( 'NONE', *, *, #7233, .T. ) ;
#5418 = LINE ( 'NONE', #1269, #415 ) ;
#5419 = DIRECTION ( 'NONE',  ( -0.000000000000000000, -1.000000000000000000, -0.000000000000000000 ) ) ;
#5420 = EDGE_CURVE ( 'NONE', #5880, #2529, #4053, .T. ) ;
#5421 = PRESENTATION_LAYER_ASSIGNMENT (  '', '', ( #5555 ) ) ;
#5422 = CARTESIAN_POINT ( 'NONE',  ( -0.09999999999999668876, 2.239999999999990443, 0.04500000000000296124 ) ) ;
#5423 = CARTESIAN_POINT ( 'NONE',  ( 2.800000000000001599, 0.3063250300240242252, -0.8500000000000015321 ) ) ;
#5424 = COLOUR_RGB ( '',0.7960784313725489669, 0.8235294117647058432, 0.9372549019607843146 ) ;
#5425 = MECHANICAL_DESIGN_GEOMETRIC_PRESENTATION_REPRESENTATION (  '', ( #4510 ), #1312 ) ;
#5426 = LINE ( 'NONE', #3576, #3693 ) ;
#5427 = CARTESIAN_POINT ( 'NONE',  ( 0.1000000000000055705, 1.050000000000000044, -0.8249999999999970690 ) ) ;
#5428 = ORIENTED_EDGE ( 'NONE', *, *, #1349, .F. ) ;
#5429 = ORIENTED_EDGE ( 'NONE', *, *, #2976, .F. ) ;
#5430 = CARTESIAN_POINT ( 'NONE',  ( -2.799999999999997158, 0.2063250300240242197, -0.9499999999999984013 ) ) ;
#5431 =( NAMED_UNIT ( * ) PLANE_ANGLE_UNIT ( ) SI_UNIT ( $, .RADIAN. ) );
#5432 = CARTESIAN_POINT ( 'NONE',  ( 14.90000000000000391, 2.639999999999999236, -0.6999999999999985123 ) ) ;
#5433 = CARTESIAN_POINT ( 'NONE',  ( -1.570530792283382659, 2.639999999999999236, 0.1250000000000016376 ) ) ;
#5434 = SURFACE_STYLE_USAGE ( .BOTH. , #518 ) ;
#5435 = AXIS2_PLACEMENT_3D ( 'NONE', #877, #3336, #5222 ) ;
#5436 =( LENGTH_UNIT ( ) NAMED_UNIT ( * ) SI_UNIT ( .MILLI., .METRE. ) );
#5437 = VERTEX_POINT ( 'NONE', #7048 ) ;
#5438 = CARTESIAN_POINT ( 'NONE',  ( 1.629469207716617518, 2.639999999999999236, 0.1249999999999985983 ) ) ;
#5439 = EDGE_LOOP ( 'NONE', ( #2368, #4280, #2102, #3277 ) ) ;
#5440 = PRESENTATION_STYLE_ASSIGNMENT (( #6640 ) ) ;
#5441 = VECTOR ( 'NONE', #2974, 1000.000000000000000 ) ;
#5442 = PLANE ( 'NONE',  #165 ) ;
#5443 = ORIENTED_EDGE ( 'NONE', *, *, #755, .T. ) ;
#5444 = EDGE_LOOP ( 'NONE', ( #3793, #4278, #386, #1336 ) ) ;
#5445 = CARTESIAN_POINT ( 'NONE',  ( 15.90000000000000391, 2.750000000000000000, -0.8099999999999991651 ) ) ;
#5446 = STYLED_ITEM ( 'NONE', ( #2213 ), #5972 ) ;
#5447 = PRESENTATION_STYLE_ASSIGNMENT (( #3601 ) ) ;
#5448 = ORIENTED_EDGE ( 'NONE', *, *, #6235, .T. ) ;
#5449 = ORIENTED_EDGE ( 'NONE', *, *, #7681, .F. ) ;
#5450 = DIRECTION ( 'NONE',  ( -1.000000000000000000, 0.000000000000000000, 0.000000000000000000 ) ) ;
#5451 = VECTOR ( 'NONE', #435, 1000.000000000000114 ) ;
#5452 = ADVANCED_FACE ( 'NONE', ( #4535 ), #5192, .T. ) ;
#5453 = AXIS2_PLACEMENT_3D ( 'NONE', #888, #2137, #5799 ) ;
#5454 = ORIENTED_EDGE ( 'NONE', *, *, #6382, .T. ) ;
#5455 = DIRECTION ( 'NONE',  ( 1.000000000000000000, 0.000000000000000000, -1.355252715606883008E-16 ) ) ;
#5456 = CIRCLE ( 'NONE', #5841, 0.1000000000000000472 ) ;
#5457 = ORIENTED_EDGE ( 'NONE', *, *, #2233, .T. ) ;
#5458 = FACE_OUTER_BOUND ( 'NONE', #2068, .T. ) ;
#5459 = DIRECTION ( 'NONE',  ( -1.000000000000000000, 0.000000000000000000, 0.000000000000000000 ) ) ;
#5460 = VERTEX_POINT ( 'NONE', #4695 ) ;
#5461 = VERTEX_POINT ( 'NONE', #310 ) ;
#5462 = DIRECTION ( 'NONE',  ( 0.000000000000000000, 0.000000000000000000, 1.000000000000000000 ) ) ;
#5463 = CARTESIAN_POINT ( 'NONE',  ( -0.6999999999999945155, 1.050000000000000044, -0.8249999999999970690 ) ) ;
#5464 =( LENGTH_UNIT ( ) NAMED_UNIT ( * ) SI_UNIT ( .MILLI., .METRE. ) );
#5465 = VECTOR ( 'NONE', #7327, 1000.000000000000000 ) ;
#5466 = SURFACE_STYLE_USAGE ( .BOTH. , #26 ) ;
#5467 = CARTESIAN_POINT ( 'NONE',  ( -0.7249999999999952038, 0.1999999999999999833, 0.8000000000000011546 ) ) ;
#5468 = DIRECTION ( 'NONE',  ( 1.000000000000000000, 0.000000000000000000, 0.000000000000000000 ) ) ;
#5469 = VECTOR ( 'NONE', #6339, 1000.000000000000000 ) ;
#5470 = VECTOR ( 'NONE', #738, 1000.000000000000000 ) ;
#5471 = EDGE_CURVE ( 'NONE', #4411, #4528, #6548, .T. ) ;
#5472 = EDGE_CURVE ( 'NONE', #6012, #4098, #5952, .T. ) ;
#5473 = CARTESIAN_POINT ( 'NONE',  ( 2.800000000000001599, 0.3500000000000001443, -0.2500000000725014493 ) ) ;
#5474 = DIRECTION ( 'NONE',  ( 0.000000000000000000, 0.000000000000000000, -1.000000000000000000 ) ) ;
#5475 = DIRECTION ( 'NONE',  ( -1.000000000000000000, 0.000000000000000000, 0.000000000000000000 ) ) ;
#5476 = STYLED_ITEM ( 'NONE', ( #3108 ), #5299 ) ;
#5477 = FACE_OUTER_BOUND ( 'NONE', #808, .T. ) ;
#5478 = DIRECTION ( 'NONE',  ( -0.000000000000000000, 1.000000000000000000, 1.857148025303053679E-09 ) ) ;
#5479 = ORIENTED_EDGE ( 'NONE', *, *, #6320, .F. ) ;
#5480 = DIRECTION ( 'NONE',  ( 0.000000000000000000, 0.000000000000000000, -1.000000000000000000 ) ) ;
#5481 = ADVANCED_FACE ( 'NONE', ( #2778 ), #5227, .T. ) ;
#5482 = DIRECTION ( 'NONE',  ( 0.000000000000000000, -0.1736481776669255295, -0.9848077530122090195 ) ) ;
#5483 = ORIENTED_EDGE ( 'NONE', *, *, #7458, .T. ) ;
#5484 = VECTOR ( 'NONE', #4571, 1000.000000000000000 ) ;
#5485 = CARTESIAN_POINT ( 'NONE',  ( -3.099999999999997868, 2.750000000000000000, -0.9999999999999986677 ) ) ;
#5486 = EDGE_CURVE ( 'NONE', #7185, #6561, #429, .T. ) ;
#5487 = LINE ( 'NONE', #5369, #6585 ) ;
#5488 = CARTESIAN_POINT ( 'NONE',  ( 0.07500000000000485445, 0.05000000000000031503, 1.250000000000001110 ) ) ;
#5489 = SURFACE_STYLE_USAGE ( .BOTH. , #1710 ) ;
#5490 = DIRECTION ( 'NONE',  ( 1.000000000000000000, -0.000000000000000000, -0.000000000000000000 ) ) ;
#5491 = VERTEX_POINT ( 'NONE', #5346 ) ;
#5492 = AXIS2_PLACEMENT_3D ( 'NONE', #7118, #4639, #3370 ) ;
#5493 = DIRECTION ( 'NONE',  ( -1.000000000000000000, 0.000000000000000000, 1.355252715606883008E-16 ) ) ;
#5494 = CARTESIAN_POINT ( 'NONE',  ( 1.500000000000003553, 2.239999999999989555, -0.3250000000000000666 ) ) ;
#5495 = FACE_OUTER_BOUND ( 'NONE', #7093, .T. ) ;
#5496 = EDGE_CURVE ( 'NONE', #4500, #4411, #6977, .T. ) ;
#5497 = STYLED_ITEM ( 'NONE', ( #736 ), #1447 ) ;
#5498 = CARTESIAN_POINT ( 'NONE',  ( 0.07500000000000485445, 0.4500000002000000277, 0.6556624325871229786 ) ) ;
#5499 = ORIENTED_EDGE ( 'NONE', *, *, #3806, .T. ) ;
#5500 = STYLED_ITEM ( 'NONE', ( #5357 ), #3393 ) ;
#5501 = ADVANCED_FACE ( 'NONE', ( #514 ), #4251, .F. ) ;
#5502 = DIRECTION ( 'NONE',  ( -0.000000000000000000, -1.000000000000000000, -0.000000000000000000 ) ) ;
#5503 = CLOSED_SHELL ( 'NONE', ( #7029, #7234, #4645, #4536, #7111, #412, #1973, #5762, #203, #1114 ) ) ;
#5504 = DIRECTION ( 'NONE',  ( -0.000000000000000000, 1.000000000000000000, -0.000000000000000000 ) ) ;
#5505 = DIRECTION ( 'NONE',  ( -1.000000000000000000, -0.000000000000000000, -0.000000000000000000 ) ) ;
#5506 = LINE ( 'NONE', #631, #2340 ) ;
#5507 = DIRECTION ( 'NONE',  ( -1.000000000000000000, 0.000000000000000000, 1.355252715606883008E-16 ) ) ;
#5508 = UNCERTAINTY_MEASURE_WITH_UNIT (LENGTH_MEASURE( 1.000000000000000082E-05 ), #7708, 'distance_accuracy_value', 'NONE');
#5509 = STYLED_ITEM ( 'NONE', ( #656 ), #3765 ) ;
#5510 = CARTESIAN_POINT ( 'NONE',  ( -2.339999999999997637, 2.750000000000000000, -0.4999999999999985012 ) ) ;
#5511 = AXIS2_PLACEMENT_3D ( 'NONE', #3791, #1858, #640 ) ;
#5512 = ORIENTED_EDGE ( 'NONE', *, *, #3858, .F. ) ;
#5513 = LINE ( 'NONE', #553, #5065 ) ;
#5514 = DIRECTION ( 'NONE',  ( 1.000000000000000000, 0.000000000000000000, -0.000000000000000000 ) ) ;
#5515 = PRESENTATION_LAYER_ASSIGNMENT (  '', '', ( #1017 ) ) ;
#5516 = DIRECTION ( 'NONE',  ( 0.000000000000000000, 0.000000000000000000, -1.000000000000000000 ) ) ;
#5517 = FACE_OUTER_BOUND ( 'NONE', #1629, .T. ) ;
#5518 = LINE ( 'NONE', #1094, #7531 ) ;
#5519 = VERTEX_POINT ( 'NONE', #6746 ) ;
#5520 = EDGE_LOOP ( 'NONE', ( #889, #3320, #2860, #4934 ) ) ;
#5521 = LINE ( 'NONE', #3106, #5386 ) ;
#5522 = ORIENTED_EDGE ( 'NONE', *, *, #2530, .F. ) ;
#5523 = DIRECTION ( 'NONE',  ( 0.000000000000000000, 0.000000000000000000, 1.000000000000000000 ) ) ;
#5524 = COLOUR_RGB ( '',0.7960784313725489669, 0.8235294117647058432, 0.9372549019607843146 ) ;
#5525 = VERTEX_POINT ( 'NONE', #5430 ) ;
#5526 = CARTESIAN_POINT ( 'NONE',  ( 0.8750000000000048850, 0.4500000002000000277, 0.6556624325871229786 ) ) ;
#5527 = FILL_AREA_STYLE ('',( #4234 ) ) ;
#5528 = DIRECTION ( 'NONE',  ( 0.000000000000000000, 3.249988186109896618E-11, -1.000000000000000000 ) ) ;
#5529 = CARTESIAN_POINT ( 'NONE',  ( 0.8750000000000048850, 0.1999999999999999833, 0.8000000000000011546 ) ) ;
#5530 = EDGE_CURVE ( 'NONE', #1841, #6424, #6464, .T. ) ;
#5531 = AXIS2_PLACEMENT_3D ( 'NONE', #5910, #3536, #4127 ) ;
#5532 = CARTESIAN_POINT ( 'NONE',  ( 2.800000000000001599, 8.109541161931386268E-17, -0.7786222391909484175 ) ) ;
#5533 = EDGE_CURVE ( 'NONE', #5411, #89, #6632, .T. ) ;
#5534 = LINE ( 'NONE', #1716, #2619 ) ;
#5535 = DIRECTION ( 'NONE',  ( 1.000000000000000000, 0.000000000000000000, -1.355252715606883008E-16 ) ) ;
#5536 = SURFACE_STYLE_FILL_AREA ( #3007 ) ;
#5537 = SURFACE_STYLE_FILL_AREA ( #5381 ) ;
#5538 = ORIENTED_EDGE ( 'NONE', *, *, #1789, .T. ) ;
#5539 = EDGE_LOOP ( 'NONE', ( #1987, #3891, #2062, #1495 ) ) ;
#5540 = LINE ( 'NONE', #3652, #4148 ) ;
#5541 = CARTESIAN_POINT ( 'NONE',  ( -0.7249999999999952038, 0.4500000002000000277, 0.5500000000000018208 ) ) ;
#5542 = CARTESIAN_POINT ( 'NONE',  ( 2.600000000000001865, 1.000000000000000000, -0.9499999999843765641 ) ) ;
#5543 = ORIENTED_EDGE ( 'NONE', *, *, #404, .T. ) ;
#5544 = LINE ( 'NONE', #6118, #6015 ) ;
#5545 = FACE_OUTER_BOUND ( 'NONE', #7823, .T. ) ;
#5546 = DIRECTION ( 'NONE',  ( -1.000000000000000000, 0.000000000000000000, -0.000000000000000000 ) ) ;
#5547 = EDGE_CURVE ( 'NONE', #1356, #1687, #6161, .T. ) ;
#5548 = EDGE_CURVE ( 'NONE', #7803, #5407, #2330, .T. ) ;
#5549 = AXIS2_PLACEMENT_3D ( 'NONE', #868, #7601, #4480 ) ;
#5550 =( LENGTH_UNIT ( ) NAMED_UNIT ( * ) SI_UNIT ( .MILLI., .METRE. ) );
#5551 = FILL_AREA_STYLE_COLOUR ( '', #1591 ) ;
#5552 = CIRCLE ( 'NONE', #2087, 0.04999999999999991257 ) ;
#5553 = DIRECTION ( 'NONE',  ( 1.000000000000000000, 0.000000000000000000, 0.000000000000000000 ) ) ;
#5554 = DIRECTION ( 'NONE',  ( 0.000000000000000000, 0.000000000000000000, 1.000000000000000000 ) ) ;
#5555 = STYLED_ITEM ( 'NONE', ( #3852 ), #1833 ) ;
#5556 = SURFACE_STYLE_FILL_AREA ( #3105 ) ;
#5557 = ORIENTED_EDGE ( 'NONE', *, *, #3712, .T. ) ;
#5558 = FACE_OUTER_BOUND ( 'NONE', #3410, .T. ) ;
#5559 = VECTOR ( 'NONE', #4624, 1000.000000000000000 ) ;
#5560 = EDGE_LOOP ( 'NONE', ( #3424, #4424, #361, #1058 ) ) ;
#5561 = CARTESIAN_POINT ( 'NONE',  ( 0.9000000000000055733, 2.639999999999999236, -0.8249999999999970690 ) ) ;
#5562 = EDGE_LOOP ( 'NONE', ( #2689, #6361, #6005, #486 ) ) ;
#5563 = DIRECTION ( 'NONE',  ( 1.000000000000000000, 0.000000000000000000, 0.000000000000000000 ) ) ;
#5564 = ORIENTED_EDGE ( 'NONE', *, *, #5606, .T. ) ;
#5565 = CARTESIAN_POINT ( 'NONE',  ( 0.8294692077166199162, 2.639999999999999236, -0.7544692077166114119 ) ) ;
#5566 = AXIS2_PLACEMENT_3D ( 'NONE', #2491, #4409, #4331 ) ;
#5567 = CARTESIAN_POINT ( 'NONE',  ( 0.1000000000000055705, 1.050000000000000044, -0.8249999999999970690 ) ) ;
#5568 = VECTOR ( 'NONE', #3692, 1000.000000000000000 ) ;
#5569 = PRESENTATION_LAYER_ASSIGNMENT (  '', '', ( #1986 ) ) ;
#5570 = EDGE_CURVE ( 'NONE', #1051, #7136, #4865, .T. ) ;
#5571 = DIRECTION ( 'NONE',  ( 0.000000000000000000, -0.000000000000000000, 1.000000000000000000 ) ) ;
#5572 = PLANE ( 'NONE',  #293 ) ;
#5573 = DIRECTION ( 'NONE',  ( 0.000000000000000000, 0.000000000000000000, 1.000000000000000000 ) ) ;
#5574 = ORIENTED_EDGE ( 'NONE', *, *, #6676, .T. ) ;
#5575 = AXIS2_PLACEMENT_3D ( 'NONE', #7882, #4461, #6726 ) ;
#5576 = CARTESIAN_POINT ( 'NONE',  ( 0.8750000000000048850, 0.05000000000000031503, 1.250000000000001110 ) ) ;
#5577 =( LENGTH_UNIT ( ) NAMED_UNIT ( * ) SI_UNIT ( .MILLI., .METRE. ) );
#5578 = ORIENTED_EDGE ( 'NONE', *, *, #6404, .T. ) ;
#5579 = PRESENTATION_LAYER_ASSIGNMENT (  '', '', ( #3276 ) ) ;
#5580 = ORIENTED_EDGE ( 'NONE', *, *, #1337, .T. ) ;
#5581 = DIRECTION ( 'NONE',  ( 0.000000000000000000, -1.000000000000000000, 0.000000000000000000 ) ) ;
#5582 = SURFACE_STYLE_FILL_AREA ( #2048 ) ;
#5583 = SURFACE_STYLE_USAGE ( .BOTH. , #4520 ) ;
#5584 = ORIENTED_EDGE ( 'NONE', *, *, #4977, .T. ) ;
#5585 = CARTESIAN_POINT ( 'NONE',  ( 5.200000000000004619, 2.639999999999999236, -0.3955307922833827261 ) ) ;
#5586 = UNCERTAINTY_MEASURE_WITH_UNIT (LENGTH_MEASURE( 1.000000000000000082E-05 ), #2570, 'distance_accuracy_value', 'NONE');
#5587 = PLANE ( 'NONE',  #6494 ) ;
#5588 = EDGE_LOOP ( 'NONE', ( #1208, #4700, #3550, #5954 ) ) ;
#5589 = DIRECTION ( 'NONE',  ( 0.000000000000000000, -1.000000000000000000, -1.204669080539449344E-16 ) ) ;
#5590 = CARTESIAN_POINT ( 'NONE',  ( -2.799999999999997158, 0.3063250300240242252, -0.9499999999999986233 ) ) ;
#5591 =( NAMED_UNIT ( * ) PLANE_ANGLE_UNIT ( ) SI_UNIT ( $, .RADIAN. ) );
#5592 = LINE ( 'NONE', #6636, #4027 ) ;
#5593 = LINE ( 'NONE', #3939, #1917 ) ;
#5594 = EDGE_CURVE ( 'NONE', #4359, #4528, #6593, .T. ) ;
#5595 = DIRECTION ( 'NONE',  ( 0.000000000000000000, -1.857148025303053679E-09, 1.000000000000000000 ) ) ;
#5596 = VECTOR ( 'NONE', #699, 1000.000000000000227 ) ;
#5597 = DIRECTION ( 'NONE',  ( -1.000000000000000000, -0.000000000000000000, -0.000000000000000000 ) ) ;
#5598 = VERTEX_POINT ( 'NONE', #6703 ) ;
#5599 = FACE_OUTER_BOUND ( 'NONE', #6693, .T. ) ;
#5600 = VECTOR ( 'NONE', #50, 1000.000000000000000 ) ;
#5601 = ORIENTED_EDGE ( 'NONE', *, *, #80, .F. ) ;
#5602 = ORIENTED_EDGE ( 'NONE', *, *, #6226, .T. ) ;
#5603 = FACE_OUTER_BOUND ( 'NONE', #1745, .T. ) ;
#5604 = ORIENTED_EDGE ( 'NONE', *, *, #1678, .T. ) ;
#5605 = ORIENTED_EDGE ( 'NONE', *, *, #4167, .T. ) ;
#5606 = EDGE_CURVE ( 'NONE', #5183, #3733, #3021, .T. ) ;
#5607 = ORIENTED_EDGE ( 'NONE', *, *, #5277, .T. ) ;
#5608 = PLANE ( 'NONE',  #4961 ) ;
#5609 = CARTESIAN_POINT ( 'NONE',  ( 2.100000001450001541, 1.050000000000000044, 0.5499999999999986011 ) ) ;
#5610 =( NAMED_UNIT ( * ) PLANE_ANGLE_UNIT ( ) SI_UNIT ( $, .RADIAN. ) );
#5611 = CARTESIAN_POINT ( 'NONE',  ( 2.800000000000001599, 0.3499999999999999778, 0.05000000001624859552 ) ) ;
#5612 = DIRECTION ( 'NONE',  ( 0.000000000000000000, 0.000000000000000000, -1.000000000000000000 ) ) ;
#5613 = ADVANCED_FACE ( 'NONE', ( #7937 ), #3540, .F. ) ;
#5614 = VECTOR ( 'NONE', #6008, 1000.000000000000000 ) ;
#5615 = DIRECTION ( 'NONE',  ( -1.000000000000000000, 0.000000000000000000, 0.000000000000000000 ) ) ;
#5616 = DIRECTION ( 'NONE',  ( -0.000000000000000000, 0.000000000000000000, 1.000000000000000000 ) ) ;
#5617 = CARTESIAN_POINT ( 'NONE',  ( 1.700000000000002398, 1.050000000000000044, 0.04499999999999990119 ) ) ;
#5618 = CARTESIAN_POINT ( 'NONE',  ( 0.02946920771661990304, 2.639999999999999236, -0.3955307922833827261 ) ) ;
#5619 = EDGE_CURVE ( 'NONE', #3154, #3630, #1164, .T. ) ;
#5620 = ORIENTED_EDGE ( 'NONE', *, *, #1587, .T. ) ;
#5621 = EDGE_CURVE ( 'NONE', #1971, #5491, #7299, .T. ) ;
#5622 = ORIENTED_EDGE ( 'NONE', *, *, #6205, .T. ) ;
#5623 = CARTESIAN_POINT ( 'NONE',  ( -0.6999999999999952927, 2.639999999999999236, 0.3450000000000029710 ) ) ;
#5624 = VECTOR ( 'NONE', #3658, 1000.000000000000000 ) ;
#5625 = CARTESIAN_POINT ( 'NONE',  ( 0.07500000000000485445, 0.4500000002000000277, 0.5500000000000018208 ) ) ;
#5626 = CARTESIAN_POINT ( 'NONE',  ( 2.600000000000001865, 0.3499999999999999778, 0.05000000001624859552 ) ) ;
#5627 = ADVANCED_FACE ( 'NONE', ( #1771 ), #4738, .F. ) ;
#5628 = DIRECTION ( 'NONE',  ( -1.000000000000000000, -0.000000000000000000, -0.000000000000000000 ) ) ;
#5629 = ORIENTED_EDGE ( 'NONE', *, *, #6123, .T. ) ;
#5630 = EDGE_CURVE ( 'NONE', #6894, #685, #3701, .T. ) ;
#5631 = EDGE_CURVE ( 'NONE', #2079, #7642, #5182, .T. ) ;
#5632 = CARTESIAN_POINT ( 'NONE',  ( 2.100000000000001421, 1.050000000000000044, 0.09999999999999863165 ) ) ;
#5633 = FACE_OUTER_BOUND ( 'NONE', #6832, .T. ) ;
#5634 = EDGE_CURVE ( 'NONE', #6561, #19, #5513, .T. ) ;
#5635 = CARTESIAN_POINT ( 'NONE',  ( -1.524999999999996803, 0.4500000002000000832, 0.6556624325871229786 ) ) ;
#5636 = ORIENTED_EDGE ( 'NONE', *, *, #5133, .F. ) ;
#5637 = EDGE_CURVE ( 'NONE', #512, #298, #4902, .T. ) ;
#5638 = FACE_OUTER_BOUND ( 'NONE', #5539, .T. ) ;
#5639 = PLANE ( 'NONE',  #1205 ) ;
#5640 = VECTOR ( 'NONE', #257, 1000.000000000000000 ) ;
#5641 = CARTESIAN_POINT ( 'NONE',  ( 0.8294692077166190280, 2.639999999999999236, 0.1250000000000016376 ) ) ;
#5642 =( GEOMETRIC_REPRESENTATION_CONTEXT ( 3 ) GLOBAL_UNCERTAINTY_ASSIGNED_CONTEXT ( ( #6780 ) ) GLOBAL_UNIT_ASSIGNED_CONTEXT ( ( #398, #2211, #6403 ) ) REPRESENTATION_CONTEXT ( 'NONE', 'WORKASPACE' ) );
#5643 = FILL_AREA_STYLE ('',( #3750 ) ) ;
#5644 = CARTESIAN_POINT ( 'NONE',  ( -2.299999999999997158, 0.3500000000000000333, 0.5500000000000018208 ) ) ;
#5645 = DIRECTION ( 'NONE',  ( 0.000000000000000000, 1.204669080539449344E-16, -1.000000000000000000 ) ) ;
#5646 = ORIENTED_EDGE ( 'NONE', *, *, #5661, .T. ) ;
#5647 = STYLED_ITEM ( 'NONE', ( #3047 ), #3814 ) ;
#5648 = ORIENTED_EDGE ( 'NONE', *, *, #5824, .T. ) ;
#5649 = VECTOR ( 'NONE', #461, 1000.000000000000000 ) ;
#5650 = DIRECTION ( 'NONE',  ( 0.000000000000000000, 1.000000000000000000, 0.000000000000000000 ) ) ;
#5651 = ORIENTED_EDGE ( 'NONE', *, *, #7468, .T. ) ;
#5652 = EDGE_LOOP ( 'NONE', ( #748, #7270, #689, #2207 ) ) ;
#5653 = ORIENTED_EDGE ( 'NONE', *, *, #1348, .T. ) ;
#5654 = SURFACE_STYLE_USAGE ( .BOTH. , #2666 ) ;
#5655 = VERTEX_POINT ( 'NONE', #7172 ) ;
#5656 = DIRECTION ( 'NONE',  ( 1.000000000000000000, 0.000000000000000000, 0.000000000000000000 ) ) ;
#5657 = COLOUR_RGB ( '',0.7960784313725489669, 0.8235294117647058432, 0.9372549019607843146 ) ;
#5658 = PRESENTATION_STYLE_ASSIGNMENT (( #4504 ) ) ;
#5659 = CARTESIAN_POINT ( 'NONE',  ( 4.400000000000005684, 2.639999999999999236, 0.1155307922833880285 ) ) ;
#5660 = CARTESIAN_POINT ( 'NONE',  ( -2.099999999999996980, 1.050000000000000044, 0.1000000000000016154 ) ) ;
#5661 = EDGE_CURVE ( 'NONE', #4150, #6457, #7212, .T. ) ;
#5662 = CARTESIAN_POINT ( 'NONE',  ( -2.599999999999997424, 0.3500000000000000333, -0.2500000000362483932 ) ) ;
#5663 = LINE ( 'NONE', #129, #1523 ) ;
#5664 =( LENGTH_UNIT ( ) NAMED_UNIT ( * ) SI_UNIT ( .MILLI., .METRE. ) );
#5665 = EDGE_LOOP ( 'NONE', ( #4741, #3421, #3930, #2956 ) ) ;
#5666 = CARTESIAN_POINT ( 'NONE',  ( -2.339999999999998526, 1.050000000000000044, -0.4999999999999985012 ) ) ;
#5667 = FACE_OUTER_BOUND ( 'NONE', #632, .T. ) ;
#5668 = DIRECTION ( 'NONE',  ( -0.000000000000000000, 0.000000000000000000, -1.000000000000000000 ) ) ;
#5669 = ADVANCED_FACE ( 'NONE', ( #1731 ), #3143, .F. ) ;
#5670 = CARTESIAN_POINT ( 'NONE',  ( -1.474999999999996314, 0.7768699943250462203, -0.8099999999999991651 ) ) ;
#5671 = ORIENTED_EDGE ( 'NONE', *, *, #576, .F. ) ;
#5672 = SURFACE_STYLE_FILL_AREA ( #1972 ) ;
#5673 = LINE ( 'NONE', #3825, #1876 ) ;
#5674 = CARTESIAN_POINT ( 'NONE',  ( -1.699999999999996625, 2.239999999999990443, 0.3450000000000029710 ) ) ;
#5675 = EDGE_LOOP ( 'NONE', ( #744, #3462, #6263, #2310 ) ) ;
#5676 = DIRECTION ( 'NONE',  ( 1.000000000000000000, 0.000000000000000000, -0.000000000000000000 ) ) ;
#5677 = SURFACE_STYLE_USAGE ( .BOTH. , #4992 ) ;
#5678 = DIRECTION ( 'NONE',  ( 0.000000000000000000, -1.000000000000000000, 0.000000000000000000 ) ) ;
#5679 = FACE_OUTER_BOUND ( 'NONE', #5310, .T. ) ;
#5680 = DIRECTION ( 'NONE',  ( 0.1710878697460311570, -0.9702875252478154744, -0.1710878697460311848 ) ) ;
#5681 = VERTEX_POINT ( 'NONE', #5674 ) ;
#5682 = PRESENTATION_LAYER_ASSIGNMENT (  '', '', ( #4005 ) ) ;
#5683 = PLANE ( 'NONE',  #2111 ) ;
#5684 = VERTEX_POINT ( 'NONE', #4946 ) ;
#5685 = VECTOR ( 'NONE', #2932, 1000.000000000000000 ) ;
#5686 =( GEOMETRIC_REPRESENTATION_CONTEXT ( 3 ) GLOBAL_UNCERTAINTY_ASSIGNED_CONTEXT ( ( #1974 ) ) GLOBAL_UNIT_ASSIGNED_CONTEXT ( ( #6501, #7765, #4727 ) ) REPRESENTATION_CONTEXT ( 'NONE', 'WORKASPACE' ) );
#5687 = ORIENTED_EDGE ( 'NONE', *, *, #613, .T. ) ;
#5688 = FILL_AREA_STYLE ('',( #3878 ) ) ;
#5689 = ORIENTED_EDGE ( 'NONE', *, *, #605, .T. ) ;
#5690 = PRESENTATION_STYLE_ASSIGNMENT (( #814 ) ) ;
#5691 = VECTOR ( 'NONE', #4919, 1000.000000000000000 ) ;
#5692 = LINE ( 'NONE', #6761, #875 ) ;
#5693 = CARTESIAN_POINT ( 'NONE',  ( 2.800000000000002931, 2.639999999999999236, 0.2744692077166173139 ) ) ;
#5694 = VECTOR ( 'NONE', #7314, 1000.000000000000000 ) ;
#5695 = EDGE_CURVE ( 'NONE', #3633, #2838, #4989, .T. ) ;
#5696 = DIRECTION ( 'NONE',  ( -0.5773502691896322814, 0.5773502691896323924, -0.5773502691896124084 ) ) ;
#5697 = CARTESIAN_POINT ( 'NONE',  ( -0.1249999999999965306, 1.050000000000000044, -0.8099999999999991651 ) ) ;
#5698 = CARTESIAN_POINT ( 'NONE',  ( -0.7705307922833801726, 2.639999999999999236, -0.3955307922833827261 ) ) ;
#5699 = FILL_AREA_STYLE ('',( #745 ) ) ;
#5700 = EDGE_CURVE ( 'NONE', #3506, #2386, #5074, .T. ) ;
#5701 = VECTOR ( 'NONE', #4488, 1000.000000000000000 ) ;
#5702 = ORIENTED_EDGE ( 'NONE', *, *, #5530, .F. ) ;
#5703 = AXIS2_PLACEMENT_3D ( 'NONE', #7376, #182, #1898 ) ;
#5704 = FILL_AREA_STYLE ('',( #5747 ) ) ;
#5705 = VECTOR ( 'NONE', #535, 1000.000000000000227 ) ;
#5706 = DIRECTION ( 'NONE',  ( 0.000000000000000000, 1.000000000000000000, 3.249988186109896618E-11 ) ) ;
#5707 = ADVANCED_FACE ( 'NONE', ( #6820 ), #1407, .F. ) ;
#5708 = DIRECTION ( 'NONE',  ( -1.000000000000000000, -0.000000000000000000, -0.000000000000000000 ) ) ;
#5709 = CARTESIAN_POINT ( 'NONE',  ( 1.700000000000002398, 2.239999999999990443, 0.3449999999999999178 ) ) ;
#5710 = ORIENTED_EDGE ( 'NONE', *, *, #6938, .F. ) ;
#5711 = CARTESIAN_POINT ( 'NONE',  ( 0.1000000000000047101, 1.050000000000000044, 0.04500000000000294043 ) ) ;
#5712 = DIRECTION ( 'NONE',  ( -1.000000000000000000, 0.000000000000000000, -0.000000000000000000 ) ) ;
#5713 = ORIENTED_EDGE ( 'NONE', *, *, #3638, .T. ) ;
#5714 = CARTESIAN_POINT ( 'NONE',  ( -3.099999999999997868, 0.05000000000000000971, 0.5500000000000018208 ) ) ;
#5715 = ORIENTED_EDGE ( 'NONE', *, *, #1388, .T. ) ;
#5716 = AXIS2_PLACEMENT_3D ( 'NONE', #3343, #5155, #3420 ) ;
#5717 = LINE ( 'NONE', #7533, #7596 ) ;
#5718 = VECTOR ( 'NONE', #2784, 1000.000000000000000 ) ;
#5719 = DIRECTION ( 'NONE',  ( -0.000000000000000000, 0.000000000000000000, 1.000000000000000000 ) ) ;
#5720 = DIRECTION ( 'NONE',  ( 0.1710878697460311570, 0.9702875252478154744, 0.1710878697460311293 ) ) ;
#5721 =( NAMED_UNIT ( * ) PLANE_ANGLE_UNIT ( ) SI_UNIT ( $, .RADIAN. ) );
#5722 = DIRECTION ( 'NONE',  ( 0.000000000000000000, -7.572940222879532405E-11, 1.000000000000000000 ) ) ;
#5723 = ADVANCED_FACE ( 'NONE', ( #3826 ), #1977, .F. ) ;
#5724 = EDGE_CURVE ( 'NONE', #4035, #4260, #6712, .T. ) ;
#5725 = VERTEX_POINT ( 'NONE', #7415 ) ;
#5726 = FACE_OUTER_BOUND ( 'NONE', #7775, .T. ) ;
#5727 = ORIENTED_EDGE ( 'NONE', *, *, #7704, .F. ) ;
#5728 = ORIENTED_EDGE ( 'NONE', *, *, #6443, .T. ) ;
#5729 = CARTESIAN_POINT ( 'NONE',  ( -2.209999999999997744, 2.750000000000000000, -0.9999999999999986677 ) ) ;
#5730 = EDGE_LOOP ( 'NONE', ( #1338, #1570, #4140, #5228 ) ) ;
#5731 = AXIS2_PLACEMENT_3D ( 'NONE', #4354, #5615, #5016 ) ;
#5732 = DIRECTION ( 'NONE',  ( 0.000000000000000000, -0.000000000000000000, -1.000000000000000000 ) ) ;
#5733 = ADVANCED_FACE ( 'NONE', ( #1936 ), #3864, .F. ) ;
#5734 = VECTOR ( 'NONE', #2034, 1000.000000000000000 ) ;
#5735 = VECTOR ( 'NONE', #2168, 1000.000000000000000 ) ;
#5736 = DIRECTION ( 'NONE',  ( -0.000000000000000000, 1.000000000000000000, 1.857148025303053679E-09 ) ) ;
#5737 = DIRECTION ( 'NONE',  ( 1.000000000000000000, 0.000000000000000000, 0.000000000000000000 ) ) ;
#5738 = VECTOR ( 'NONE', #7517, 1000.000000000000000 ) ;
#5739 = VECTOR ( 'NONE', #5806, 1000.000000000000000 ) ;
#5740 = EDGE_CURVE ( 'NONE', #4396, #4541, #6783, .T. ) ;
#5741 = EDGE_CURVE ( 'NONE', #964, #1310, #6317, .T. ) ;
#5742 = LINE ( 'NONE', #5097, #5738 ) ;
#5743 = LINE ( 'NONE', #2516, #2469 ) ;
#5744 = FACE_OUTER_BOUND ( 'NONE', #2781, .T. ) ;
#5745 = SURFACE_SIDE_STYLE ('',( #4394 ) ) ;
#5746 = MECHANICAL_DESIGN_GEOMETRIC_PRESENTATION_REPRESENTATION (  '', ( #5999 ), #1120 ) ;
#5747 = FILL_AREA_STYLE_COLOUR ( '', #3381 ) ;
#5748 = VECTOR ( 'NONE', #2973, 1000.000000000000000 ) ;
#5749 = ORIENTED_EDGE ( 'NONE', *, *, #6007, .T. ) ;
#5750 = CARTESIAN_POINT ( 'NONE',  ( 1.525000000000002576, -4.042787761810355684E-17, 0.6499999999999981348 ) ) ;
#5751 = CARTESIAN_POINT ( 'NONE',  ( 2.800000000000001599, 0.4000000000000000222, -0.9150000000000011458 ) ) ;
#5752 = CARTESIAN_POINT ( 'NONE',  ( 1.525000000000002576, 0.4500000002000000277, 0.5499999999999987121 ) ) ;
#5753 = ORIENTED_EDGE ( 'NONE', *, *, #7163, .T. ) ;
#5754 = ADVANCED_FACE ( 'NONE', ( #2015 ), #1366, .F. ) ;
#5755 =( GEOMETRIC_REPRESENTATION_CONTEXT ( 3 ) GLOBAL_UNCERTAINTY_ASSIGNED_CONTEXT ( ( #27 ) ) GLOBAL_UNIT_ASSIGNED_CONTEXT ( ( #2685, #179, #2013 ) ) REPRESENTATION_CONTEXT ( 'NONE', 'WORKASPACE' ) );
#5756 = CARTESIAN_POINT ( 'NONE',  ( -1.524999999999996803, 0.2000000000000000111, 0.8000000000000011546 ) ) ;
#5757 = DIRECTION ( 'NONE',  ( 0.000000000000000000, -1.000000000000000000, 0.000000000000000000 ) ) ;
#5758 = CARTESIAN_POINT ( 'NONE',  ( 0.07500000000000485445, 0.4500000002000000277, 0.5500000000000018208 ) ) ;
#5759 = FILL_AREA_STYLE ('',( #5267 ) ) ;
#5760 = ORIENTED_EDGE ( 'NONE', *, *, #6694, .T. ) ;
#5761 = DIRECTION ( 'NONE',  ( 0.000000000000000000, -1.000000000000000000, 0.000000000000000000 ) ) ;
#5762 = ADVANCED_FACE ( 'NONE', ( #4448 ), #6197, .F. ) ;
#5763 = EDGE_LOOP ( 'NONE', ( #7067, #2798, #6415, #6512 ) ) ;
#5764 = SURFACE_STYLE_USAGE ( .BOTH. , #2859 ) ;
#5765 = VECTOR ( 'NONE', #5554, 1000.000000000000000 ) ;
#5766 = STYLED_ITEM ( 'NONE', ( #3802 ), #2152 ) ;
#5767 = CARTESIAN_POINT ( 'NONE',  ( 1.725000000000002975, 0.7768699943250462203, -0.7000000000000015099 ) ) ;
#5768 = ORIENTED_EDGE ( 'NONE', *, *, #1764, .T. ) ;
#5769 = CARTESIAN_POINT ( 'NONE',  ( -3.099999999999997868, 0.3499999999000001916, -0.9999999999999986677 ) ) ;
#5770 = DIRECTION ( 'NONE',  ( 0.000000000000000000, 0.000000000000000000, -1.000000000000000000 ) ) ;
#5771 = LINE ( 'NONE', #2705, #3594 ) ;
#5772 = SURFACE_STYLE_USAGE ( .BOTH. , #5201 ) ;
#5773 = FACE_OUTER_BOUND ( 'NONE', #7188, .T. ) ;
#5774 = PRESENTATION_LAYER_ASSIGNMENT (  '', '', ( #758 ) ) ;
#5775 = STYLED_ITEM ( 'NONE', ( #73 ), #2452 ) ;
#5776 = VECTOR ( 'NONE', #5846, 1000.000000000000000 ) ;
#5777 = CARTESIAN_POINT ( 'NONE',  ( 0.7250000000000031974, 0.4500000002000000832, 0.6556624325871229786 ) ) ;
#5778 = PLANE ( 'NONE',  #5810 ) ;
#5779 = LINE ( 'NONE', #248, #4868 ) ;
#5780 =( NAMED_UNIT ( * ) SI_UNIT ( $, .STERADIAN. ) SOLID_ANGLE_UNIT ( ) );
#5781 = ORIENTED_EDGE ( 'NONE', *, *, #3358, .T. ) ;
#5782 = EDGE_CURVE ( 'NONE', #2715, #7724, #4367, .T. ) ;
#5783 = ORIENTED_EDGE ( 'NONE', *, *, #3275, .T. ) ;
#5784 = PLANE ( 'NONE',  #6328 ) ;
#5785 = ORIENTED_EDGE ( 'NONE', *, *, #2180, .F. ) ;
#5786 = DIRECTION ( 'NONE',  ( 1.000000000000000000, 0.000000000000000000, -0.000000000000000000 ) ) ;
#5787 = CARTESIAN_POINT ( 'NONE',  ( 0.9000000000000047962, 2.639999999999999236, 0.04500000000000294043 ) ) ;
#5788 = LINE ( 'NONE', #4043, #2012 ) ;
#5789 = ORIENTED_EDGE ( 'NONE', *, *, #6566, .F. ) ;
#5790 = CARTESIAN_POINT ( 'NONE',  ( 0.9000000000000047962, 2.239999999999990443, 0.04500000000000294043 ) ) ;
#5791 = DIRECTION ( 'NONE',  ( 0.1710878697460311570, 0.9702875252478154744, 0.1710878697460311293 ) ) ;
#5792 = CARTESIAN_POINT ( 'NONE',  ( 0.1000000000000055705, 1.050000000000000044, -0.3249999999999970690 ) ) ;
#5793 = CARTESIAN_POINT ( 'NONE',  ( 2.800000000000001599, 0.7936749699759757526, -0.9500000000000013989 ) ) ;
#5794 = EDGE_LOOP ( 'NONE', ( #1391, #7425, #6618, #6039 ) ) ;
#5795 = CARTESIAN_POINT ( 'NONE',  ( -1.524999999999996803, 0.4500000002000000832, 0.5500000000000018208 ) ) ;
#5796 = EDGE_CURVE ( 'NONE', #7148, #431, #3184, .T. ) ;
#5797 = ORIENTED_EDGE ( 'NONE', *, *, #5824, .F. ) ;
#5798 = VECTOR ( 'NONE', #5843, 1000.000000000000000 ) ;
#5799 = DIRECTION ( 'NONE',  ( 0.000000000000000000, -0.7071067811865355823, 0.7071067811865595631 ) ) ;
#5800 = VERTEX_POINT ( 'NONE', #762 ) ;
#5801 = FACE_OUTER_BOUND ( 'NONE', #6135, .T. ) ;
#5802 = DIRECTION ( 'NONE',  ( -1.000000000000000000, 0.000000000000000000, 0.000000000000000000 ) ) ;
#5803 =( LENGTH_UNIT ( ) NAMED_UNIT ( * ) SI_UNIT ( .MILLI., .METRE. ) );
#5804 = CARTESIAN_POINT ( 'NONE',  ( 6.000000000000002665, 2.639999999999999236, 0.1249999999999985983 ) ) ;
#5805 = LINE ( 'NONE', #7629, #483 ) ;
#5806 = DIRECTION ( 'NONE',  ( -0.000000000000000000, 1.000000000000000000, -0.000000000000000000 ) ) ;
#5807 = VECTOR ( 'NONE', #1307, 1000.000000000000114 ) ;
#5808 =( NAMED_UNIT ( * ) PLANE_ANGLE_UNIT ( ) SI_UNIT ( $, .RADIAN. ) );
#5809 = CARTESIAN_POINT ( 'NONE',  ( 1.700000000000003064, 2.239999999999989555, -0.8250000000000000666 ) ) ;
#5810 = AXIS2_PLACEMENT_3D ( 'NONE', #1582, #6530, #4029 ) ;
#5811 = LINE ( 'NONE', #2149, #4516 ) ;
#5812 = VERTEX_POINT ( 'NONE', #4848 ) ;
#5813 = CARTESIAN_POINT ( 'NONE',  ( 3.100000000000002309, 0.9999999999250001048, -0.2500000000000013878 ) ) ;
#5814 = PRESENTATION_STYLE_ASSIGNMENT (( #7107 ) ) ;
#5815 = AXIS2_PLACEMENT_3D ( 'NONE', #864, #2836, #3357 ) ;
#5816 = ORIENTED_EDGE ( 'NONE', *, *, #6552, .F. ) ;
#5817 = EDGE_CURVE ( 'NONE', #1458, #7829, #3004, .T. ) ;
#5818 =( NAMED_UNIT ( * ) SI_UNIT ( $, .STERADIAN. ) SOLID_ANGLE_UNIT ( ) );
#5819 = ORIENTED_EDGE ( 'NONE', *, *, #6862, .T. ) ;
#5820 = FACE_OUTER_BOUND ( 'NONE', #491, .T. ) ;
#5821 = ORIENTED_EDGE ( 'NONE', *, *, #6422, .F. ) ;
#5822 = VECTOR ( 'NONE', #4567, 1000.000000000000000 ) ;
#5823 = PLANE ( 'NONE',  #998 ) ;
#5824 = EDGE_CURVE ( 'NONE', #7497, #3248, #1118, .T. ) ;
#5825 = CARTESIAN_POINT ( 'NONE',  ( -1.674999999999996714, 0.4500000002000000832, 0.6556624325871229786 ) ) ;
#5826 = VECTOR ( 'NONE', #2817, 1000.000000000000227 ) ;
#5827 = ORIENTED_EDGE ( 'NONE', *, *, #2812, .F. ) ;
#5828 = VECTOR ( 'NONE', #4847, 1000.000000000000000 ) ;
#5829 = CARTESIAN_POINT ( 'NONE',  ( -1.499999999999996225, 2.239999999999989555, -0.3249999999999970690 ) ) ;
#5830 = EDGE_CURVE ( 'NONE', #6939, #5329, #12, .T. ) ;
#5831 = COLOUR_RGB ( '',0.7960784313725489669, 0.8235294117647058432, 0.9372549019607843146 ) ;
#5832 = EDGE_CURVE ( 'NONE', #3984, #6569, #4157, .T. ) ;
#5833 = LINE ( 'NONE', #265, #7307 ) ;
#5834 =( GEOMETRIC_REPRESENTATION_CONTEXT ( 3 ) GLOBAL_UNCERTAINTY_ASSIGNED_CONTEXT ( ( #3406 ) ) GLOBAL_UNIT_ASSIGNED_CONTEXT ( ( #6042, #2374, #7216 ) ) REPRESENTATION_CONTEXT ( 'NONE', 'WORKASPACE' ) );
#5835 = DIRECTION ( 'NONE',  ( 0.1710878697460308795, -0.9702875252478155854, -0.1710878697460308795 ) ) ;
#5836 = ORIENTED_EDGE ( 'NONE', *, *, #4499, .F. ) ;
#5837 = LINE ( 'NONE', #3341, #2483 ) ;
#5838 = ORIENTED_EDGE ( 'NONE', *, *, #2799, .F. ) ;
#5839 = EDGE_CURVE ( 'NONE', #2838, #3235, #4240, .T. ) ;
#5840 = CARTESIAN_POINT ( 'NONE',  ( 0.7552943046604512212, 2.553589584749196284, -0.3802943046604444488 ) ) ;
#5841 = AXIS2_PLACEMENT_3D ( 'NONE', #3573, #5505, #2408 ) ;
#5842 = EDGE_CURVE ( 'NONE', #1356, #7136, #1152, .T. ) ;
#5843 = DIRECTION ( 'NONE',  ( -0.000000000000000000, -1.000000000000000000, -0.000000000000000000 ) ) ;
#5844 = DIRECTION ( 'NONE',  ( 0.000000000000000000, 0.000000000000000000, 1.000000000000000000 ) ) ;
#5845 = ORIENTED_EDGE ( 'NONE', *, *, #5997, .T. ) ;
#5846 = DIRECTION ( 'NONE',  ( 0.000000000000000000, -0.000000000000000000, 1.000000000000000000 ) ) ;
#5847 = DIRECTION ( 'NONE',  ( 1.000000000000000000, 0.000000000000000000, 0.000000000000000000 ) ) ;
#5848 = FACE_OUTER_BOUND ( 'NONE', #6603, .T. ) ;
#5849 = EDGE_CURVE ( 'NONE', #6452, #5334, #5418, .T. ) ;
#5850 = CARTESIAN_POINT ( 'NONE',  ( 1.500000000000002665, 1.050000000000000044, 0.3449999999999999178 ) ) ;
#5851 = DIRECTION ( 'NONE',  ( 1.000000000000000000, -0.000000000000000000, -0.000000000000000000 ) ) ;
#5852 = VERTEX_POINT ( 'NONE', #1758 ) ;
#5853 = LINE ( 'NONE', #6178, #5385 ) ;
#5854 = CARTESIAN_POINT ( 'NONE',  ( -2.299999999999997158, 0.1000000012999997523, -0.9999999999999986677 ) ) ;
#5855 = COLOUR_RGB ( '',0.7960784313725489669, 0.8235294117647058432, 0.9372549019607843146 ) ;
#5856 = EDGE_LOOP ( 'NONE', ( #2369, #4366, #3355, #521 ) ) ;
#5857 = VECTOR ( 'NONE', #4447, 1000.000000000000000 ) ;
#5858 = ORIENTED_EDGE ( 'NONE', *, *, #7784, .T. ) ;
#5859 = VERTEX_POINT ( 'NONE', #654 ) ;
#5860 =( NAMED_UNIT ( * ) SI_UNIT ( $, .STERADIAN. ) SOLID_ANGLE_UNIT ( ) );
#5861 = COLOUR_RGB ( '',0.7960784313725489669, 0.8235294117647058432, 0.9372549019607843146 ) ;
#5862 = DIRECTION ( 'NONE',  ( -1.000000000000000000, 0.000000000000000000, 0.000000000000000000 ) ) ;
#5863 = DIRECTION ( 'NONE',  ( 0.000000000000000000, 5.421010860823805421E-16, -1.000000000000000000 ) ) ;
#5864 = FILL_AREA_STYLE_COLOUR ( '', #7373 ) ;
#5865 = VERTEX_POINT ( 'NONE', #5494 ) ;
#5866 = PRESENTATION_LAYER_ASSIGNMENT (  '', '', ( #457 ) ) ;
#5867 = LINE ( 'NONE', #5756, #4789 ) ;
#5868 = EDGE_CURVE ( 'NONE', #6511, #2050, #2355, .T. ) ;
#5869 = DIRECTION ( 'NONE',  ( 0.000000000000000000, 0.000000000000000000, 1.000000000000000000 ) ) ;
#5870 = CARTESIAN_POINT ( 'NONE',  ( 1.525000000000002576, 0.4500000002000000277, 0.6556624325871199810 ) ) ;
#5871 = EDGE_CURVE ( 'NONE', #542, #4196, #3564, .T. ) ;
#5872 = LINE ( 'NONE', #7652, #3045 ) ;
#5873 = DIRECTION ( 'NONE',  ( 0.000000000000000000, 0.000000000000000000, -1.000000000000000000 ) ) ;
#5874 = VECTOR ( 'NONE', #1127, 1000.000000000000000 ) ;
#5875 = EDGE_CURVE ( 'NONE', #178, #6804, #4812, .T. ) ;
#5876 = VERTEX_POINT ( 'NONE', #4927 ) ;
#5877 = CARTESIAN_POINT ( 'NONE',  ( -2.799999999999997158, 0.6936749699759758858, -0.9499999999999986233 ) ) ;
#5878 = EDGE_LOOP ( 'NONE', ( #4101, #524, #1067, #7386 ) ) ;
#5879 = DIRECTION ( 'NONE',  ( 0.000000000000000000, 0.000000000000000000, -1.000000000000000000 ) ) ;
#5880 = VERTEX_POINT ( 'NONE', #6028 ) ;
#5881 = CARTESIAN_POINT ( 'NONE',  ( -0.9249999999999966027, 2.750000000000000000, -0.8099999999999991651 ) ) ;
#5882 = MECHANICAL_DESIGN_GEOMETRIC_PRESENTATION_REPRESENTATION (  '', ( #2670 ), #7521 ) ;
#5883 = PRESENTATION_STYLE_ASSIGNMENT (( #394 ) ) ;
#5884 = VERTEX_POINT ( 'NONE', #4888 ) ;
#5885 = UNCERTAINTY_MEASURE_WITH_UNIT (LENGTH_MEASURE( 1.000000000000000082E-05 ), #7254, 'distance_accuracy_value', 'NONE');
#5886 = FACE_OUTER_BOUND ( 'NONE', #2917, .T. ) ;
#5887 = LINE ( 'NONE', #4505, #5378 ) ;
#5888 = LINE ( 'NONE', #4065, #4963 ) ;
#5889 = DIRECTION ( 'NONE',  ( -1.000000000000000000, 0.000000000000000000, 0.000000000000000000 ) ) ;
#5890 = DIRECTION ( 'NONE',  ( 0.000000000000000000, 1.000000000000000000, 0.000000000000000000 ) ) ;
#5891 = VECTOR ( 'NONE', #3208, 1000.000000000000000 ) ;
#5892 = LINE ( 'NONE', #2151, #4468 ) ;
#5893 = VECTOR ( 'NONE', #5736, 1000.000000000000000 ) ;
#5894 = EDGE_LOOP ( 'NONE', ( #25, #1655, #6495, #1438 ) ) ;
#5895 = DIRECTION ( 'NONE',  ( 0.1710878697460308795, -0.9702875252478155854, -0.1710878697460308795 ) ) ;
#5896 = ORIENTED_EDGE ( 'NONE', *, *, #7233, .F. ) ;
#5897 = EDGE_CURVE ( 'NONE', #512, #4643, #3609, .T. ) ;
#5898 = MECHANICAL_DESIGN_GEOMETRIC_PRESENTATION_REPRESENTATION (  '', ( #5647 ), #4342 ) ;
#5899 = ORIENTED_EDGE ( 'NONE', *, *, #1347, .T. ) ;
#5900 = FACE_OUTER_BOUND ( 'NONE', #1709, .T. ) ;
#5901 = EDGE_LOOP ( 'NONE', ( #5412, #3180, #543, #3896, #4839, #7410, #2190, #2857 ) ) ;
#5902 = LINE ( 'NONE', #4724, #6577 ) ;
#5903 = PRESENTATION_STYLE_ASSIGNMENT (( #1632 ) ) ;
#5904 = STYLED_ITEM ( 'NONE', ( #2210 ), #4180 ) ;
#5905 = CARTESIAN_POINT ( 'NONE',  ( 0.7705307922833890544, 2.639999999999999236, 0.1155307922833886253 ) ) ;
#5906 = VERTEX_POINT ( 'NONE', #6142 ) ;
#5907 = PRESENTATION_STYLE_ASSIGNMENT (( #5945 ) ) ;
#5908 = ADVANCED_FACE ( 'NONE', ( #5458 ), #5572, .T. ) ;
#5909 = PLANE ( 'NONE',  #6610 ) ;
#5910 = CARTESIAN_POINT ( 'NONE',  ( 0.7250000000000031974, 0.05000000000000000278, 1.200000000000001288 ) ) ;
#5911 = SURFACE_STYLE_USAGE ( .BOTH. , #268 ) ;
#5912 = VECTOR ( 'NONE', #7772, 1000.000000000000000 ) ;
#5913 = ORIENTED_EDGE ( 'NONE', *, *, #5042, .F. ) ;
#5914 = ORIENTED_EDGE ( 'NONE', *, *, #6371, .T. ) ;
#5915 = ORIENTED_EDGE ( 'NONE', *, *, #2765, .F. ) ;
#5916 = SURFACE_STYLE_FILL_AREA ( #890 ) ;
#5917 = ORIENTED_EDGE ( 'NONE', *, *, #3723, .F. ) ;
#5918 = LINE ( 'NONE', #7019, #2229 ) ;
#5919 = DIRECTION ( 'NONE',  ( 0.000000000000000000, -1.000000000000000000, 0.000000000000000000 ) ) ;
#5920 = ORIENTED_EDGE ( 'NONE', *, *, #1635, .F. ) ;
#5921 = FACE_OUTER_BOUND ( 'NONE', #6684, .T. ) ;
#5922 = SURFACE_STYLE_USAGE ( .BOTH. , #5056 ) ;
#5923 = DIRECTION ( 'NONE',  ( -1.000000000000000000, 0.000000000000000000, 1.355252715606883008E-16 ) ) ;
#5924 = ORIENTED_EDGE ( 'NONE', *, *, #2268, .F. ) ;
#5925 = ORIENTED_EDGE ( 'NONE', *, *, #5242, .T. ) ;
#5926 = FACE_OUTER_BOUND ( 'NONE', #1606, .T. ) ;
#5927 = CARTESIAN_POINT ( 'NONE',  ( 0.1000000000000047101, 2.239999999999990443, 0.04500000000000294043 ) ) ;
#5928 = FACE_OUTER_BOUND ( 'NONE', #2524, .T. ) ;
#5929 = ORIENTED_EDGE ( 'NONE', *, *, #6016, .F. ) ;
#5930 = ORIENTED_EDGE ( 'NONE', *, *, #7437, .T. ) ;
#5931 = VECTOR ( 'NONE', #3213, 1000.000000000000000 ) ;
#5932 = ADVANCED_FACE ( 'NONE', ( #54 ), #7242, .F. ) ;
#5933 = ORIENTED_EDGE ( 'NONE', *, *, #5875, .F. ) ;
#5934 = VECTOR ( 'NONE', #6230, 1000.000000000000000 ) ;
#5935 = DIRECTION ( 'NONE',  ( 0.000000000000000000, 0.000000000000000000, -1.000000000000000000 ) ) ;
#5936 = VERTEX_POINT ( 'NONE', #1228 ) ;
#5937 = STYLED_ITEM ( 'NONE', ( #3812 ), #1822 ) ;
#5938 = CARTESIAN_POINT ( 'NONE',  ( 2.600000000000001865, 0.6000000000000000888, -0.9150000000000011458 ) ) ;
#5939 = EDGE_CURVE ( 'NONE', #7001, #2541, #5534, .T. ) ;
#5940 = SURFACE_STYLE_FILL_AREA ( #7117 ) ;
#5941 = LINE ( 'NONE', #1074, #1251 ) ;
#5942 = DIRECTION ( 'NONE',  ( 0.000000000000000000, -0.8660254037844363761, 0.5000000000000039968 ) ) ;
#5943 = COLOUR_RGB ( '',0.7960784313725489669, 0.8235294117647058432, 0.9372549019607843146 ) ;
#5944 = EDGE_CURVE ( 'NONE', #6457, #6875, #7359, .T. ) ;
#5945 = SURFACE_STYLE_USAGE ( .BOTH. , #2322 ) ;
#5946 = DIRECTION ( 'NONE',  ( 1.000000000000000000, 0.000000000000000000, 0.000000000000000000 ) ) ;
#5947 = CARTESIAN_POINT ( 'NONE',  ( 2.600000000000001865, 0.3063250300240242252, -0.9500000000000016209 ) ) ;
#5948 = SURFACE_SIDE_STYLE ('',( #6369 ) ) ;
#5949 = AXIS2_PLACEMENT_3D ( 'NONE', #4217, #7257, #3580 ) ;
#5950 = EDGE_CURVE ( 'NONE', #5139, #2044, #2962, .T. ) ;
#5951 = LINE ( 'NONE', #2899, #6379 ) ;
#5952 = LINE ( 'NONE', #1566, #7853 ) ;
#5953 =( GEOMETRIC_REPRESENTATION_CONTEXT ( 3 ) GLOBAL_UNCERTAINTY_ASSIGNED_CONTEXT ( ( #3331 ) ) GLOBAL_UNIT_ASSIGNED_CONTEXT ( ( #2526, #3089, #1313 ) ) REPRESENTATION_CONTEXT ( 'NONE', 'WORKASPACE' ) );
#5954 = ORIENTED_EDGE ( 'NONE', *, *, #4977, .F. ) ;
#5955 = VECTOR ( 'NONE', #7884, 1000.000000000000114 ) ;
#5956 = CARTESIAN_POINT ( 'NONE',  ( -0.8749999999999968914, 0.4500000002000000832, 0.6556624325871229786 ) ) ;
#5957 = ORIENTED_EDGE ( 'NONE', *, *, #6999, .F. ) ;
#5958 = EDGE_LOOP ( 'NONE', ( #6725, #3038, #357, #132 ) ) ;
#5959 = FACE_OUTER_BOUND ( 'NONE', #1021, .T. ) ;
#5960 = ORIENTED_EDGE ( 'NONE', *, *, #1557, .F. ) ;
#5961 = SURFACE_SIDE_STYLE ('',( #4102 ) ) ;
#5962 = VECTOR ( 'NONE', #7316, 1000.000000000000000 ) ;
#5963 = ORIENTED_EDGE ( 'NONE', *, *, #3720, .T. ) ;
#5964 = EDGE_CURVE ( 'NONE', #7038, #2421, #6064, .T. ) ;
#5965 = SURFACE_SIDE_STYLE ('',( #3509 ) ) ;
#5966 = FILL_AREA_STYLE ('',( #3629 ) ) ;
#5967 = EDGE_CURVE ( 'NONE', #7041, #3311, #4668, .T. ) ;
#5968 = DIRECTION ( 'NONE',  ( -1.000000000000000000, -0.000000000000000000, -0.000000000000000000 ) ) ;
#5969 = AXIS2_PLACEMENT_3D ( 'NONE', #6002, #4869, #516 ) ;
#5970 = ORIENTED_EDGE ( 'NONE', *, *, #6485, .F. ) ;
#5971 = VECTOR ( 'NONE', #7334, 1000.000000000000000 ) ;
#5972 = ADVANCED_FACE ( 'NONE', ( #2109 ), #4620, .T. ) ;
#5973 = EDGE_LOOP ( 'NONE', ( #3771, #6326, #111, #4679 ) ) ;
#5974 = SURFACE_STYLE_USAGE ( .BOTH. , #6759 ) ;
#5975 = DIRECTION ( 'NONE',  ( 0.000000000000000000, -0.000000000000000000, 1.000000000000000000 ) ) ;
#5976 = VERTEX_POINT ( 'NONE', #364 ) ;
#5977 = LINE ( 'NONE', #5413, #538 ) ;
#5978 = EDGE_CURVE ( 'NONE', #7766, #5655, #7588, .T. ) ;
#5979 = ADVANCED_FACE ( 'NONE', ( #5203 ), #2146, .F. ) ;
#5980 = VERTEX_POINT ( 'NONE', #1503 ) ;
#5981 = DIRECTION ( 'NONE',  ( -1.000000000000000000, 0.000000000000000000, 0.000000000000000000 ) ) ;
#5982 = ORIENTED_EDGE ( 'NONE', *, *, #7522, .F. ) ;
#5983 = DIRECTION ( 'NONE',  ( -0.000000000000000000, 0.000000000000000000, -1.000000000000000000 ) ) ;
#5984 = CARTESIAN_POINT ( 'NONE',  ( 6.000000000000002665, 1.050000000000000044, 0.1249999999999985983 ) ) ;
#5985 = VECTOR ( 'NONE', #1580, 1000.000000000000000 ) ;
#5986 = CARTESIAN_POINT ( 'NONE',  ( -1.499999999999996225, 1.050000000000000044, -0.3249999999999970690 ) ) ;
#5987 = VECTOR ( 'NONE', #1345, 1000.000000000000227 ) ;
#5988 = EDGE_LOOP ( 'NONE', ( #5781, #3264, #7112, #3820, #5827, #1003 ) ) ;
#5989 = AXIS2_PLACEMENT_3D ( 'NONE', #813, #3799, #200 ) ;
#5990 = DIRECTION ( 'NONE',  ( 1.000000000000000000, 0.000000000000000000, 0.000000000000000000 ) ) ;
#5991 = VECTOR ( 'NONE', #4108, 1000.000000000000000 ) ;
#5992 =( NAMED_UNIT ( * ) SI_UNIT ( $, .STERADIAN. ) SOLID_ANGLE_UNIT ( ) );
#5993 = CARTESIAN_POINT ( 'NONE',  ( -0.7249999999999952038, -3.675261601645777502E-17, 0.6500000000000011324 ) ) ;
#5994 = CARTESIAN_POINT ( 'NONE',  ( 0.7000000000000041744, 2.639999999999999236, -0.8249999999999970690 ) ) ;
#5995 = DIRECTION ( 'NONE',  ( 0.000000000000000000, -1.204669080539449344E-16, 1.000000000000000000 ) ) ;
#5996 = CARTESIAN_POINT ( 'NONE',  ( 8.500000000000003553, 2.639999999999999236, -0.6999999999999985123 ) ) ;
#5997 = EDGE_CURVE ( 'NONE', #986, #2755, #281, .T. ) ;
#5998 = DIRECTION ( 'NONE',  ( 0.000000000000000000, -0.000000000000000000, -1.000000000000000000 ) ) ;
#5999 = STYLED_ITEM ( 'NONE', ( #347 ), #4437 ) ;
#6000 = ORIENTED_EDGE ( 'NONE', *, *, #1441, .T. ) ;
#6001 = VERTEX_POINT ( 'NONE', #2748 ) ;
#6002 = CARTESIAN_POINT ( 'NONE',  ( 1.700000000000003064, 2.639999999999999236, -0.3250000000000000666 ) ) ;
#6003 = DIRECTION ( 'NONE',  ( -1.000000000000000000, 0.000000000000000000, -0.000000000000000000 ) ) ;
#6004 = DIRECTION ( 'NONE',  ( -1.000000000000000000, 0.000000000000000000, 1.355252715606883008E-16 ) ) ;
#6005 = ORIENTED_EDGE ( 'NONE', *, *, #2877, .F. ) ;
#6006 = VERTEX_POINT ( 'NONE', #5281 ) ;
#6007 = EDGE_CURVE ( 'NONE', #825, #2386, #7476, .T. ) ;
#6008 = DIRECTION ( 'NONE',  ( -0.000000000000000000, -1.000000000000000000, -0.000000000000000000 ) ) ;
#6009 = VERTEX_POINT ( 'NONE', #3993 ) ;
#6010 = DIRECTION ( 'NONE',  ( 1.000000000000000000, 0.000000000000000000, -0.000000000000000000 ) ) ;
#6011 = DIRECTION ( 'NONE',  ( -0.9848077530122089085, -0.1736481776669258625, -0.000000000000000000 ) ) ;
#6012 = VERTEX_POINT ( 'NONE', #3396 ) ;
#6013 = DIRECTION ( 'NONE',  ( -1.000000000000000000, 0.000000000000000000, 0.000000000000000000 ) ) ;
#6014 = EDGE_LOOP ( 'NONE', ( #732, #3608, #5159, #5845 ) ) ;
#6015 = VECTOR ( 'NONE', #7935, 1000.000000000000000 ) ;
#6016 = EDGE_CURVE ( 'NONE', #4748, #2393, #7667, .T. ) ;
#6017 = ORIENTED_EDGE ( 'NONE', *, *, #7310, .T. ) ;
#6018 = DIRECTION ( 'NONE',  ( 0.000000000000000000, -0.000000000000000000, -1.000000000000000000 ) ) ;
#6019 =( LENGTH_UNIT ( ) NAMED_UNIT ( * ) SI_UNIT ( .MILLI., .METRE. ) );
#6020 = LINE ( 'NONE', #1110, #3210 ) ;
#6021 = VERTEX_POINT ( 'NONE', #2874 ) ;
#6022 =( LENGTH_UNIT ( ) NAMED_UNIT ( * ) SI_UNIT ( .MILLI., .METRE. ) );
#6023 = ORIENTED_EDGE ( 'NONE', *, *, #1002, .F. ) ;
#6024 = VERTEX_POINT ( 'NONE', #2258 ) ;
#6025 = DIRECTION ( 'NONE',  ( 0.000000000000000000, 0.000000000000000000, 1.000000000000000000 ) ) ;
#6026 = AXIS2_PLACEMENT_3D ( 'NONE', #5984, #7764, #4000 ) ;
#6027 = VERTEX_POINT ( 'NONE', #5850 ) ;
#6028 = CARTESIAN_POINT ( 'NONE',  ( -1.699999999999995737, 2.239999999999989555, -0.3249999999999970690 ) ) ;
#6029 =( LENGTH_UNIT ( ) NAMED_UNIT ( * ) SI_UNIT ( .MILLI., .METRE. ) );
#6030 = DIRECTION ( 'NONE',  ( 0.000000000000000000, 1.000000000000000000, 0.000000000000000000 ) ) ;
#6031 = DIRECTION ( 'NONE',  ( -0.000000000000000000, -0.7071067811865474617, 0.7071067811865474617 ) ) ;
#6032 = AXIS2_PLACEMENT_3D ( 'NONE', #6376, #863, #3851 ) ;
#6033 = VECTOR ( 'NONE', #175, 1000.000000000000000 ) ;
#6034 = FILL_AREA_STYLE ('',( #993 ) ) ;
#6035 = DIRECTION ( 'NONE',  ( -0.7071067811865475727, -0.7071067811865475727, -0.000000000000000000 ) ) ;
#6036 = CARTESIAN_POINT ( 'NONE',  ( 2.249999998700004333, 0.05000000000000000971, 0.4999999987000007251 ) ) ;
#6037 =( GEOMETRIC_REPRESENTATION_CONTEXT ( 3 ) GLOBAL_UNCERTAINTY_ASSIGNED_CONTEXT ( ( #3659 ) ) GLOBAL_UNIT_ASSIGNED_CONTEXT ( ( #7470, #1995, #6838 ) ) REPRESENTATION_CONTEXT ( 'NONE', 'WORKASPACE' ) );
#6038 = CARTESIAN_POINT ( 'NONE',  ( 0.9000000000000055733, 2.639999999999999236, -0.3249999999999970690 ) ) ;
#6039 = ORIENTED_EDGE ( 'NONE', *, *, #5868, .F. ) ;
#6040 = DIRECTION ( 'NONE',  ( 1.000000000000000000, 0.000000000000000000, 0.000000000000000000 ) ) ;
#6041 = SURFACE_SIDE_STYLE ('',( #4253 ) ) ;
#6042 =( LENGTH_UNIT ( ) NAMED_UNIT ( * ) SI_UNIT ( .MILLI., .METRE. ) );
#6043 = CARTESIAN_POINT ( 'NONE',  ( -1.499999999999996891, 2.239999999999990443, 0.04500000000000294043 ) ) ;
#6044 = ADVANCED_FACE ( 'NONE', ( #857 ), #2183, .F. ) ;
#6045 = DIRECTION ( 'NONE',  ( 0.000000000000000000, 0.000000000000000000, -1.000000000000000000 ) ) ;
#6046 = ORIENTED_EDGE ( 'NONE', *, *, #3569, .F. ) ;
#6047 = CARTESIAN_POINT ( 'NONE',  ( 0.7000000000000033973, 1.050000000000000044, 0.3450000000000029710 ) ) ;
#6048 = ORIENTED_EDGE ( 'NONE', *, *, #2975, .T. ) ;
#6049 = SURFACE_SIDE_STYLE ('',( #3631 ) ) ;
#6050 = VERTEX_POINT ( 'NONE', #3032 ) ;
#6051 = FACE_OUTER_BOUND ( 'NONE', #5973, .T. ) ;
#6052 = ORIENTED_EDGE ( 'NONE', *, *, #3239, .F. ) ;
#6053 = ORIENTED_EDGE ( 'NONE', *, *, #6661, .T. ) ;
#6054 = LINE ( 'NONE', #5445, #7377 ) ;
#6055 = DIRECTION ( 'NONE',  ( -0.9848077530122089085, -0.1736481776669258625, -0.000000000000000000 ) ) ;
#6056 = FILL_AREA_STYLE_COLOUR ( '', #2566 ) ;
#6057 = ORIENTED_EDGE ( 'NONE', *, *, #6614, .T. ) ;
#6058 =( NAMED_UNIT ( * ) PLANE_ANGLE_UNIT ( ) SI_UNIT ( $, .RADIAN. ) );
#6059 = EDGE_CURVE ( 'NONE', #2170, #5598, #425, .T. ) ;
#6060 = CLOSED_SHELL ( 'NONE', ( #7816, #3437, #7674, #1715, #1084, #876, #3862, #6106, #6351, #1803 ) ) ;
#6061 = VERTEX_POINT ( 'NONE', #2916 ) ;
#6062 = LINE ( 'NONE', #1069, #5705 ) ;
#6063 = ORIENTED_EDGE ( 'NONE', *, *, #4616, .F. ) ;
#6064 = LINE ( 'NONE', #537, #3517 ) ;
#6065 = SURFACE_STYLE_FILL_AREA ( #6728 ) ;
#6066 =( NAMED_UNIT ( * ) SI_UNIT ( $, .STERADIAN. ) SOLID_ANGLE_UNIT ( ) );
#6067 = DIRECTION ( 'NONE',  ( 0.000000000000000000, 1.019985910564053253E-16, -1.000000000000000000 ) ) ;
#6068 = EDGE_CURVE ( 'NONE', #153, #4264, #1865, .T. ) ;
#6069 = ORIENTED_EDGE ( 'NONE', *, *, #2426, .T. ) ;
#6070 = ADVANCED_FACE ( 'NONE', ( #1823 ), #4916, .F. ) ;
#6071 = VERTEX_POINT ( 'NONE', #1784 ) ;
#6072 = VECTOR ( 'NONE', #23, 1000.000000000000000 ) ;
#6073 = VECTOR ( 'NONE', #5170, 1000.000000000000000 ) ;
#6074 = FACE_OUTER_BOUND ( 'NONE', #4362, .T. ) ;
#6075 = CARTESIAN_POINT ( 'NONE',  ( 0.07500000000000485445, 0.1999999999999999278, 1.250000000000001110 ) ) ;
#6076 = ADVANCED_FACE ( 'NONE', ( #5365 ), #6681, .F. ) ;
#6077 = LINE ( 'NONE', #2487, #3669 ) ;
#6078 = VECTOR ( 'NONE', #3972, 1000.000000000000000 ) ;
#6079 = CARTESIAN_POINT ( 'NONE',  ( 0.1000000000000047101, 1.050000000000000044, 0.04500000000000294043 ) ) ;
#6080 = UNCERTAINTY_MEASURE_WITH_UNIT (LENGTH_MEASURE( 1.000000000000000082E-05 ), #7741, 'distance_accuracy_value', 'NONE');
#6081 = FACE_OUTER_BOUND ( 'NONE', #7625, .T. ) ;
#6082 = VECTOR ( 'NONE', #5450, 1000.000000000000000 ) ;
#6083 = CARTESIAN_POINT ( 'NONE',  ( 0.1000000000000047101, 1.050000000000000044, 0.3450000000000029710 ) ) ;
#6084 = EDGE_CURVE ( 'NONE', #3000, #7486, #4751, .T. ) ;
#6085 = EDGE_CURVE ( 'NONE', #1275, #4188, #3513, .T. ) ;
#6086 = PLANE ( 'NONE',  #4282 ) ;
#6087 = PLANE ( 'NONE',  #3921 ) ;
#6088 = FILL_AREA_STYLE ('',( #7820 ) ) ;
#6089 = VECTOR ( 'NONE', #2362, 1000.000000000000000 ) ;
#6090 = ORIENTED_EDGE ( 'NONE', *, *, #7226, .F. ) ;
#6091 = EDGE_LOOP ( 'NONE', ( #6260, #7544, #3827, #3390 ) ) ;
#6092 =( NAMED_UNIT ( * ) SI_UNIT ( $, .STERADIAN. ) SOLID_ANGLE_UNIT ( ) );
#6093 = EDGE_CURVE ( 'NONE', #5880, #6665, #484, .T. ) ;
#6094 = AXIS2_PLACEMENT_3D ( 'NONE', #4651, #7011, #1000 ) ;
#6095 = DIRECTION ( 'NONE',  ( 1.000000000000000000, 0.000000000000000000, -0.000000000000000000 ) ) ;
#6096 = ORIENTED_EDGE ( 'NONE', *, *, #5406, .T. ) ;
#6097 = ADVANCED_FACE ( 'NONE', ( #4187 ), #6641, .F. ) ;
#6098 = CIRCLE ( 'NONE', #6232, 0.1000000000000000472 ) ;
#6099 = ORIENTED_EDGE ( 'NONE', *, *, #3239, .T. ) ;
#6100 = MECHANICAL_DESIGN_GEOMETRIC_PRESENTATION_REPRESENTATION (  '', ( #1986 ), #3010 ) ;
#6101 = PRESENTATION_STYLE_ASSIGNMENT (( #4756 ) ) ;
#6102 = SURFACE_STYLE_FILL_AREA ( #5527 ) ;
#6103 = DIRECTION ( 'NONE',  ( -0.000000000000000000, 1.000000000000000000, -0.000000000000000000 ) ) ;
#6104 = LINE ( 'NONE', #4312, #1106 ) ;
#6105 =( GEOMETRIC_REPRESENTATION_CONTEXT ( 3 ) GLOBAL_UNCERTAINTY_ASSIGNED_CONTEXT ( ( #5259 ) ) GLOBAL_UNIT_ASSIGNED_CONTEXT ( ( #4947, #5591, #7501 ) ) REPRESENTATION_CONTEXT ( 'NONE', 'WORKASPACE' ) );
#6106 = ADVANCED_FACE ( 'NONE', ( #6051 ), #5442, .F. ) ;
#6107 = AXIS2_PLACEMENT_3D ( 'NONE', #1775, #4222, #4905 ) ;
#6108 = FACE_OUTER_BOUND ( 'NONE', #2244, .T. ) ;
#6109 = DIRECTION ( 'NONE',  ( -0.5773502691896257311, -0.5773502691896257311, 0.5773502691896257311 ) ) ;
#6110 = FACE_OUTER_BOUND ( 'NONE', #7096, .T. ) ;
#6111 = LINE ( 'NONE', #1837, #659 ) ;
#6112 = VERTEX_POINT ( 'NONE', #7462 ) ;
#6113 = CARTESIAN_POINT ( 'NONE',  ( -1.674999999999996714, 0.2000000000000000111, 0.8000000000000011546 ) ) ;
#6114 = PLANE ( 'NONE',  #3970 ) ;
#6115 = CARTESIAN_POINT ( 'NONE',  ( 2.800000000000002931, 2.639999999999999236, -0.3955307922833827261 ) ) ;
#6116 = DIRECTION ( 'NONE',  ( -0.000000000000000000, 0.7071067811865595631, 0.7071067811865355823 ) ) ;
#6117 = AXIS2_PLACEMENT_3D ( 'NONE', #5225, #4607, #7045 ) ;
#6118 = CARTESIAN_POINT ( 'NONE',  ( 1.525000000000002576, 0.1999999999999999278, 1.249999999999998002 ) ) ;
#6119 = DIRECTION ( 'NONE',  ( -1.000000000000000000, 0.000000000000000000, 0.000000000000000000 ) ) ;
#6120 = ORIENTED_EDGE ( 'NONE', *, *, #4766, .T. ) ;
#6121 = DIRECTION ( 'NONE',  ( 0.000000000000000000, -1.000000000000000000, 0.000000000000000000 ) ) ;
#6122 = VECTOR ( 'NONE', #5696, 1000.000000000000114 ) ;
#6123 = EDGE_CURVE ( 'NONE', #7600, #7875, #7424, .T. ) ;
#6124 = MECHANICAL_DESIGN_GEOMETRIC_PRESENTATION_REPRESENTATION (  '', ( #2134 ), #3813 ) ;
#6125 = LINE ( 'NONE', #2977, #1727 ) ;
#6126 = LINE ( 'NONE', #596, #7867 ) ;
#6127 = DIRECTION ( 'NONE',  ( -0.000000000000000000, -0.000000000000000000, -1.000000000000000000 ) ) ;
#6128 = DIRECTION ( 'NONE',  ( -0.000000000000000000, -1.000000000000000000, -0.000000000000000000 ) ) ;
#6129 = COLOUR_RGB ( '',0.7960784313725489669, 0.8235294117647058432, 0.9372549019607843146 ) ;
#6130 = EDGE_LOOP ( 'NONE', ( #2547, #7856, #5920, #2597 ) ) ;
#6131 = EDGE_CURVE ( 'NONE', #6112, #7739, #6329, .T. ) ;
#6132 = CARTESIAN_POINT ( 'NONE',  ( 6.000000000000002665, 2.639999999999999236, 0.1155307922833849893 ) ) ;
#6133 = ORIENTED_EDGE ( 'NONE', *, *, #4135, .F. ) ;
#6134 = ORIENTED_EDGE ( 'NONE', *, *, #2847, .F. ) ;
#6135 = EDGE_LOOP ( 'NONE', ( #2384, #5896, #6944, #5278 ) ) ;
#6136 = VECTOR ( 'NONE', #7936, 1000.000000000000000 ) ;
#6137 = CARTESIAN_POINT ( 'NONE',  ( 3.600000000000004974, 2.639999999999999236, 0.1250000000000016376 ) ) ;
#6138 = LINE ( 'NONE', #121, #2035 ) ;
#6139 = LINE ( 'NONE', #1634, #6256 ) ;
#6140 =( GEOMETRIC_REPRESENTATION_CONTEXT ( 3 ) GLOBAL_UNCERTAINTY_ASSIGNED_CONTEXT ( ( #7139 ) ) GLOBAL_UNIT_ASSIGNED_CONTEXT ( ( #2720, #6818, #3330 ) ) REPRESENTATION_CONTEXT ( 'NONE', 'WORKASPACE' ) );
#6141 = LINE ( 'NONE', #3682, #2738 ) ;
#6142 = CARTESIAN_POINT ( 'NONE',  ( -0.8749999999999968914, 0.2000000000000000111, 0.8000000000000011546 ) ) ;
#6143 = DIRECTION ( 'NONE',  ( 1.334663381620508699E-16, -0.1736481776669258625, 0.9848077530122089085 ) ) ;
#6144 = COLOUR_RGB ( '',0.7960784313725489669, 0.8235294117647058432, 0.9372549019607843146 ) ;
#6145 = ADVANCED_FACE ( 'NONE', ( #5603 ), #4958, .F. ) ;
#6146 = DIRECTION ( 'NONE',  ( 0.000000000000000000, 0.8660254037844363761, -0.5000000000000039968 ) ) ;
#6147 = DIRECTION ( 'NONE',  ( -0.000000000000000000, 0.7071067811865595631, 0.7071067811865355823 ) ) ;
#6148 = EDGE_LOOP ( 'NONE', ( #7643, #1863, #2505, #7662, #1151, #4710, #3215, #1886, #4915, #6527, #2658, #2482, #5144, #7821 ) ) ;
#6149 = ORIENTED_EDGE ( 'NONE', *, *, #5224, .F. ) ;
#6150 = EDGE_LOOP ( 'NONE', ( #5375, #4699, #5002, #7780 ) ) ;
#6151 = VECTOR ( 'NONE', #4542, 1000.000000000000000 ) ;
#6152 = DIRECTION ( 'NONE',  ( 0.000000000000000000, 0.000000000000000000, 1.000000000000000000 ) ) ;
#6153 = DIRECTION ( 'NONE',  ( -0.000000000000000000, 1.000000000000000000, -0.000000000000000000 ) ) ;
#6154 = LINE ( 'NONE', #2448, #3372 ) ;
#6155 = ORIENTED_EDGE ( 'NONE', *, *, #2991, .T. ) ;
#6156 = CARTESIAN_POINT ( 'NONE',  ( 3.600000000000004974, 2.639999999999999236, -0.3955307922833827261 ) ) ;
#6157 = UNCERTAINTY_MEASURE_WITH_UNIT (LENGTH_MEASURE( 1.000000000000000082E-05 ), #2667, 'distance_accuracy_value', 'NONE');
#6158 = AXIS2_PLACEMENT_3D ( 'NONE', #7552, #5137, #6922 ) ;
#6159 = DIRECTION ( 'NONE',  ( -1.000000000000000000, 0.000000000000000000, 0.000000000000000000 ) ) ;
#6160 = ORIENTED_EDGE ( 'NONE', *, *, #6758, .F. ) ;
#6161 = LINE ( 'NONE', #7776, #7472 ) ;
#6162 = EDGE_CURVE ( 'NONE', #2821, #5046, #4307, .T. ) ;
#6163 = DIRECTION ( 'NONE',  ( 0.000000000000000000, -1.000000000000000000, 0.000000000000000000 ) ) ;
#6164 = MECHANICAL_DESIGN_GEOMETRIC_PRESENTATION_REPRESENTATION (  '', ( #5904 ), #2687 ) ;
#6165 = CARTESIAN_POINT ( 'NONE',  ( 5.200000000000004619, 2.639999999999999236, 0.1155307922833880285 ) ) ;
#6166 = FACE_OUTER_BOUND ( 'NONE', #2412, .T. ) ;
#6167 = LINE ( 'NONE', #638, #4079 ) ;
#6168 = FILL_AREA_STYLE ('',( #4181 ) ) ;
#6169 = FACE_OUTER_BOUND ( 'NONE', #254, .T. ) ;
#6170 = ORIENTED_EDGE ( 'NONE', *, *, #2404, .T. ) ;
#6171 = FILL_AREA_STYLE ('',( #522 ) ) ;
#6172 = ADVANCED_FACE ( 'NONE', ( #6871 ), #1416, .F. ) ;
#6173 = VERTEX_POINT ( 'NONE', #1333 ) ;
#6174 = VERTEX_POINT ( 'NONE', #3794 ) ;
#6175 = CARTESIAN_POINT ( 'NONE',  ( 3.100000000000001421, 0.05000000000000000971, -1.000000000000001776 ) ) ;
#6176 = ORIENTED_EDGE ( 'NONE', *, *, #2257, .T. ) ;
#6177 = DIRECTION ( 'NONE',  ( -0.000000000000000000, 1.000000000000000000, -0.000000000000000000 ) ) ;
#6178 = CARTESIAN_POINT ( 'NONE',  ( -1.674999999999996714, 0.4500000002000000832, 0.6556624325871229786 ) ) ;
#6179 = VERTEX_POINT ( 'NONE', #4345 ) ;
#6180 = CARTESIAN_POINT ( 'NONE',  ( 1.675000000000002487, 0.4500000002000000277, 0.5499999999999987121 ) ) ;
#6181 = LINE ( 'NONE', #7353, #3287 ) ;
#6182 = CARTESIAN_POINT ( 'NONE',  ( -0.1249999999999965306, 1.050000000000000044, -0.8099999999999991651 ) ) ;
#6183 = CARTESIAN_POINT ( 'NONE',  ( -2.799999999999997158, 0.3499999999999999778, 0.05000000001625162782 ) ) ;
#6184 = DIRECTION ( 'NONE',  ( 0.000000000000000000, 0.000000000000000000, -1.000000000000000000 ) ) ;
#6185 = ORIENTED_EDGE ( 'NONE', *, *, #214, .T. ) ;
#6186 = SURFACE_STYLE_USAGE ( .BOTH. , #4814 ) ;
#6187 = ORIENTED_EDGE ( 'NONE', *, *, #3638, .F. ) ;
#6188 = VERTEX_POINT ( 'NONE', #6756 ) ;
#6189 = FILL_AREA_STYLE ('',( #7489 ) ) ;
#6190 = ADVANCED_FACE ( 'NONE', ( #5726 ), #5683, .F. ) ;
#6191 = DIRECTION ( 'NONE',  ( 0.000000000000000000, -0.000000000000000000, -1.000000000000000000 ) ) ;
#6192 = DIRECTION ( 'NONE',  ( 0.000000000000000000, -1.000000000000000000, 0.000000000000000000 ) ) ;
#6193 = CARTESIAN_POINT ( 'NONE',  ( -2.299999999999997158, 0.3499999999250000271, -0.9999999999999986677 ) ) ;
#6194 = ORIENTED_EDGE ( 'NONE', *, *, #228, .T. ) ;
#6195 = SURFACE_STYLE_FILL_AREA ( #3698 ) ;
#6196 = CARTESIAN_POINT ( 'NONE',  ( -0.8749999999999968914, -3.675261601645777964E-18, 1.200000000000000844 ) ) ;
#6197 = PLANE ( 'NONE',  #6590 ) ;
#6198 = EDGE_CURVE ( 'NONE', #7053, #2442, #2661, .T. ) ;
#6199 = MECHANICAL_DESIGN_GEOMETRIC_PRESENTATION_REPRESENTATION (  '', ( #3364 ), #4508 ) ;
#6200 = STYLED_ITEM ( 'NONE', ( #2891 ), #1698 ) ;
#6201 = FACE_OUTER_BOUND ( 'NONE', #886, .T. ) ;
#6202 = FACE_OUTER_BOUND ( 'NONE', #7423, .T. ) ;
#6203 = AXIS2_PLACEMENT_3D ( 'NONE', #4204, #6143, #2317 ) ;
#6204 = CARTESIAN_POINT ( 'NONE',  ( -1.499999999999996225, 2.639999999999999236, -0.8249999999999970690 ) ) ;
#6205 = EDGE_CURVE ( 'NONE', #2072, #6027, #2028, .T. ) ;
#6206 = CARTESIAN_POINT ( 'NONE',  ( 0.7000000000000041744, 1.050000000000000044, -0.8249999999999970690 ) ) ;
#6207 = VECTOR ( 'NONE', #7352, 1000.000000000000227 ) ;
#6208 = FACE_OUTER_BOUND ( 'NONE', #5444, .T. ) ;
#6209 = DIRECTION ( 'NONE',  ( 0.000000000000000000, 1.000000000000000000, 0.000000000000000000 ) ) ;
#6210 = CARTESIAN_POINT ( 'NONE',  ( 1.675000000000002487, 0.1999999999999999833, 0.7999999999999980460 ) ) ;
#6211 = ORIENTED_EDGE ( 'NONE', *, *, #4960, .T. ) ;
#6212 = EDGE_LOOP ( 'NONE', ( #2463, #5483, #2846, #5499 ) ) ;
#6213 = DIRECTION ( 'NONE',  ( 0.000000000000000000, -1.000000000000000000, -1.204669080539449344E-16 ) ) ;
#6214 = EDGE_LOOP ( 'NONE', ( #3342, #6873, #4566, #914 ) ) ;
#6215 = ORIENTED_EDGE ( 'NONE', *, *, #234, .T. ) ;
#6217 = ORIENTED_EDGE ( 'NONE', *, *, #2499, .F. ) ;
#6216 = PRODUCT_RELATED_PRODUCT_CATEGORY ( 'part', '', ( #1864 ) ) ;
#6218 = COLOUR_RGB ( '',0.7960784313725489669, 0.8235294117647058432, 0.9372549019607843146 ) ;
#6219 = LINE ( 'NONE', #690, #2910 ) ;
#6220 = ADVANCED_FACE ( 'NONE', ( #194 ), #5122, .F. ) ;
#6221 = LINE ( 'NONE', #3201, #4863 ) ;
#6222 = VECTOR ( 'NONE', #3499, 1000.000000000000000 ) ;
#6223 = CARTESIAN_POINT ( 'NONE',  ( 0.7000000000000033973, 1.050000000000000044, 0.04500000000000296124 ) ) ;
#6224 = AXIS2_PLACEMENT_3D ( 'NONE', #374, #4154, #5935 ) ;
#6225 = EDGE_CURVE ( 'NONE', #1645, #941, #1294, .T. ) ;
#6226 = EDGE_CURVE ( 'NONE', #7523, #7148, #2820, .T. ) ;
#6227 = EDGE_CURVE ( 'NONE', #6050, #2579, #2782, .T. ) ;
#6228 = AXIS2_PLACEMENT_3D ( 'NONE', #4548, #6990, #7703 ) ;
#6229 = CARTESIAN_POINT ( 'NONE',  ( -0.6999999999999952927, 1.050000000000000044, 0.04500000000000294043 ) ) ;
#6230 = DIRECTION ( 'NONE',  ( -1.000000000000000000, -0.000000000000000000, 0.000000000000000000 ) ) ;
#6231 = VERTEX_POINT ( 'NONE', #312 ) ;
#6232 = AXIS2_PLACEMENT_3D ( 'NONE', #6381, #3403, #865 ) ;
#6233 = CARTESIAN_POINT ( 'NONE',  ( 3.100000000000002309, 2.750000000000000000, 1.000000000000001776 ) ) ;
#6234 = ORIENTED_EDGE ( 'NONE', *, *, #2043, .F. ) ;
#6235 = EDGE_CURVE ( 'NONE', #157, #2923, #2698, .T. ) ;
#6236 = VECTOR ( 'NONE', #6476, 1000.000000000000000 ) ;
#6237 = VERTEX_POINT ( 'NONE', #7688 ) ;
#6238 = VECTOR ( 'NONE', #6468, 1000.000000000000227 ) ;
#6239 = FACE_BOUND ( 'NONE', #1042, .T. ) ;
#6240 = CARTESIAN_POINT ( 'NONE',  ( 0.7705307922833899426, 2.639999999999999236, -0.3955307922833827261 ) ) ;
#6241 = DIRECTION ( 'NONE',  ( -0.000000000000000000, 0.000000000000000000, -1.000000000000000000 ) ) ;
#6242 = PLANE ( 'NONE',  #2986 ) ;
#6243 = EDGE_LOOP ( 'NONE', ( #4320, #3139, #2925, #5060 ) ) ;
#6244 = LINE ( 'NONE', #714, #2406 ) ;
#6245 = UNCERTAINTY_MEASURE_WITH_UNIT (LENGTH_MEASURE( 1.000000000000000082E-05 ), #1155, 'distance_accuracy_value', 'NONE');
#6246 = CARTESIAN_POINT ( 'NONE',  ( -0.09999999999999581446, 2.239999999999989555, -0.3249999999999970690 ) ) ;
#6247 = ORIENTED_EDGE ( 'NONE', *, *, #954, .F. ) ;
#6248 = CARTESIAN_POINT ( 'NONE',  ( 1.783333333333347204, -0.4166666653666731279, 0.03333333333334397020 ) ) ;
#6249 = CARTESIAN_POINT ( 'NONE',  ( 2.500000000000002220, 0.05000000000000000971, -0.9999999999999986677 ) ) ;
#6250 =( NAMED_UNIT ( * ) PLANE_ANGLE_UNIT ( ) SI_UNIT ( $, .RADIAN. ) );
#6251 = CARTESIAN_POINT ( 'NONE',  ( -0.7705307922833801726, 2.639999999999999236, -0.7544692077166114119 ) ) ;
#6252 = PRESENTATION_STYLE_ASSIGNMENT (( #4371 ) ) ;
#6253 = AXIS2_PLACEMENT_3D ( 'NONE', #3479, #365, #406 ) ;
#6254 = CARTESIAN_POINT ( 'NONE',  ( -0.07499999999999683309, -3.675261601645777964E-18, 1.200000000000000844 ) ) ;
#6255 = DIRECTION ( 'NONE',  ( 0.000000000000000000, 0.000000000000000000, -1.000000000000000000 ) ) ;
#6256 = VECTOR ( 'NONE', #695, 1000.000000000000227 ) ;
#6257 = VERTEX_POINT ( 'NONE', #4015 ) ;
#6258 = DIRECTION ( 'NONE',  ( -1.000000000000000000, -0.000000000000000000, -0.000000000000000000 ) ) ;
#6259 = ORIENTED_EDGE ( 'NONE', *, *, #7339, .T. ) ;
#6260 = ORIENTED_EDGE ( 'NONE', *, *, #4159, .T. ) ;
#6261 = VECTOR ( 'NONE', #5919, 1000.000000000000000 ) ;
#6262 = PRESENTATION_LAYER_ASSIGNMENT (  '', '', ( #5476 ) ) ;
#6263 = ORIENTED_EDGE ( 'NONE', *, *, #5548, .F. ) ;
#6264 = PLANE ( 'NONE',  #6516 ) ;
#6265 = DIRECTION ( 'NONE',  ( 0.000000000000000000, 0.000000000000000000, 1.000000000000000000 ) ) ;
#6266 = ORIENTED_EDGE ( 'NONE', *, *, #3450, .F. ) ;
#6267 = DIRECTION ( 'NONE',  ( 1.000000000000000000, 0.000000000000000000, 0.000000000000000000 ) ) ;
#6268 = LINE ( 'NONE', #740, #314 ) ;
#6269 = DIRECTION ( 'NONE',  ( 1.000000000000000000, 0.000000000000000000, 0.000000000000000000 ) ) ;
#6270 = ORIENTED_EDGE ( 'NONE', *, *, #2276, .F. ) ;
#6271 = CARTESIAN_POINT ( 'NONE',  ( -3.099999999999997868, 0.4500000000000001221, 1.000000000000001776 ) ) ;
#6272 = EDGE_LOOP ( 'NONE', ( #1714, #2256, #7926, #5119 ) ) ;
#6273 = CARTESIAN_POINT ( 'NONE',  ( 1.629469207716616630, 2.639999999999999236, 0.1249999999999985983 ) ) ;
#6274 = STYLED_ITEM ( 'NONE', ( #4985 ), #1561 ) ;
#6275 = DIRECTION ( 'NONE',  ( 0.000000000000000000, -1.000000000000000000, 0.000000000000000000 ) ) ;
#6276 = PLANE ( 'NONE',  #1963 ) ;
#6277 = FILL_AREA_STYLE_COLOUR ( '', #5424 ) ;
#6278 = ORIENTED_EDGE ( 'NONE', *, *, #6371, .F. ) ;
#6279 = DIRECTION ( 'NONE',  ( 1.000000000000000000, 0.000000000000000000, -1.355252715606883008E-16 ) ) ;
#6280 = LINE ( 'NONE', #633, #2905 ) ;
#6281 = ORIENTED_EDGE ( 'NONE', *, *, #2400, .T. ) ;
#6282 = DIRECTION ( 'NONE',  ( -1.000000000000000000, -0.000000000000000000, -0.000000000000000000 ) ) ;
#6283 = VECTOR ( 'NONE', #3488, 1000.000000000000000 ) ;
#6284 = LINE ( 'NONE', #1450, #6678 ) ;
#6285 = COLOUR_RGB ( '',0.7960784313725489669, 0.8235294117647058432, 0.9372549019607843146 ) ;
#6286 = DIRECTION ( 'NONE',  ( 0.000000000000000000, -1.000000000000000000, 0.000000000000000000 ) ) ;
#6287 = DIRECTION ( 'NONE',  ( -1.000000000000000000, -0.000000000000000000, -0.000000000000000000 ) ) ;
#6288 = PLANE ( 'NONE',  #6373 ) ;
#6289 = ORIENTED_EDGE ( 'NONE', *, *, #3736, .F. ) ;
#6290 = CIRCLE ( 'NONE', #1793, 0.1000000000000000472 ) ;
#6291 = CARTESIAN_POINT ( 'NONE',  ( -2.299999999999997158, 0.3500000000000000333, 0.5700000000000017275 ) ) ;
#6292 = VERTEX_POINT ( 'NONE', #6362 ) ;
#6293 = ADVANCED_FACE ( 'NONE', ( #5308 ), #233, .F. ) ;
#6294 = VERTEX_POINT ( 'NONE', #3914 ) ;
#6295 = SURFACE_STYLE_FILL_AREA ( #5688 ) ;
#6296 = LINE ( 'NONE', #6401, #7525 ) ;
#6297 = MECHANICAL_DESIGN_GEOMETRIC_PRESENTATION_REPRESENTATION (  '', ( #495 ), #6908 ) ;
#6298 = FILL_AREA_STYLE_COLOUR ( '', #6285 ) ;
#6299 = DIRECTION ( 'NONE',  ( 1.000000000000000000, 0.000000000000000000, 0.000000000000000000 ) ) ;
#6300 = EDGE_CURVE ( 'NONE', #2434, #1576, #301, .T. ) ;
#6301 = LINE ( 'NONE', #3317, #5469 ) ;
#6302 = ORIENTED_EDGE ( 'NONE', *, *, #836, .T. ) ;
#6303 = CARTESIAN_POINT ( 'NONE',  ( 4.400000000000005684, 2.639999999999999236, -0.7544692077166114119 ) ) ;
#6304 =( NAMED_UNIT ( * ) PLANE_ANGLE_UNIT ( ) SI_UNIT ( $, .RADIAN. ) );
#6305 = ORIENTED_EDGE ( 'NONE', *, *, #1299, .T. ) ;
#6306 = VECTOR ( 'NONE', #7614, 1000.000000000000000 ) ;
#6307 = EDGE_LOOP ( 'NONE', ( #4063, #6889, #7910, #378 ) ) ;
#6308 = SURFACE_STYLE_USAGE ( .BOTH. , #173 ) ;
#6309 = DIRECTION ( 'NONE',  ( 0.000000000000000000, 0.000000000000000000, -1.000000000000000000 ) ) ;
#6310 = FACE_OUTER_BOUND ( 'NONE', #7872, .T. ) ;
#6311 = ORIENTED_EDGE ( 'NONE', *, *, #2521, .F. ) ;
#6312 = EDGE_CURVE ( 'NONE', #178, #2699, #962, .T. ) ;
#6313 = LINE ( 'NONE', #1935, #7649 ) ;
#6314 = UNCERTAINTY_MEASURE_WITH_UNIT (LENGTH_MEASURE( 1.000000000000000082E-05 ), #7538, 'distance_accuracy_value', 'NONE');
#6315 = ADVANCED_FACE ( 'NONE', ( #3951 ), #848, .F. ) ;
#6316 = LINE ( 'NONE', #3256, #7247 ) ;
#6317 = LINE ( 'NONE', #7496, #7723 ) ;
#6318 = ORIENTED_EDGE ( 'NONE', *, *, #7579, .T. ) ;
#6319 = PRESENTATION_STYLE_ASSIGNMENT (( #4368 ) ) ;
#6320 = EDGE_CURVE ( 'NONE', #1512, #3982, #3397, .T. ) ;
#6321 = DIRECTION ( 'NONE',  ( 1.000000000000000000, 0.000000000000000000, 0.000000000000000000 ) ) ;
#6322 = CARTESIAN_POINT ( 'NONE',  ( -1.724999999999996536, 1.050000000000000044, -0.8099999999999991651 ) ) ;
#6323 = DIRECTION ( 'NONE',  ( -1.000000000000000000, 0.000000000000000000, 0.000000000000000000 ) ) ;
#6324 = VERTEX_POINT ( 'NONE', #2734 ) ;
#6325 = EDGE_CURVE ( 'NONE', #2124, #1506, #4055, .T. ) ;
#6326 = ORIENTED_EDGE ( 'NONE', *, *, #2092, .T. ) ;
#6327 = ADVANCED_FACE ( 'NONE', ( #4495 ), #2097, .F. ) ;
#6328 = AXIS2_PLACEMENT_3D ( 'NONE', #377, #2158, #5256 ) ;
#6329 = LINE ( 'NONE', #686, #2744 ) ;
#6330 = ORIENTED_EDGE ( 'NONE', *, *, #7938, .F. ) ;
#6331 = CARTESIAN_POINT ( 'NONE',  ( -2.799999999999997158, 0.1000000012999997384, 0.05000000000812666184 ) ) ;
#6332 = MECHANICAL_DESIGN_GEOMETRIC_PRESENTATION_REPRESENTATION (  '', ( #1695 ), #267 ) ;
#6333 = ORIENTED_EDGE ( 'NONE', *, *, #2681, .T. ) ;
#6334 = CARTESIAN_POINT ( 'NONE',  ( -0.7249999999999952038, -3.675261601645777502E-17, 1.200000000000000844 ) ) ;
#6335 = DIRECTION ( 'NONE',  ( -1.000000000000000000, 0.000000000000000000, 0.000000000000000000 ) ) ;
#6336 =( NAMED_UNIT ( * ) SI_UNIT ( $, .STERADIAN. ) SOLID_ANGLE_UNIT ( ) );
#6337 = DIRECTION ( 'NONE',  ( 0.000000000000000000, 0.000000000000000000, -1.000000000000000000 ) ) ;
#6338 = LINE ( 'NONE', #1386, #5734 ) ;
#6339 = DIRECTION ( 'NONE',  ( 0.000000000000000000, 0.000000000000000000, -1.000000000000000000 ) ) ;
#6340 = CARTESIAN_POINT ( 'NONE',  ( 2.210000000000002185, 2.750000000000000000, 0.09999999999999857614 ) ) ;
#6341 = ORIENTED_EDGE ( 'NONE', *, *, #4650, .F. ) ;
#6342 = DIRECTION ( 'NONE',  ( -0.000000000000000000, 1.000000000000000000, -0.000000000000000000 ) ) ;
#6343 = EDGE_CURVE ( 'NONE', #6324, #5936, #3985, .T. ) ;
#6344 = ORIENTED_EDGE ( 'NONE', *, *, #1455, .T. ) ;
#6345 = VECTOR ( 'NONE', #7682, 1000.000000000000000 ) ;
#6346 = EDGE_LOOP ( 'NONE', ( #3438, #3754, #5049, #4610 ) ) ;
#6347 = AXIS2_PLACEMENT_3D ( 'NONE', #1285, #3745, #3219 ) ;
#6348 = VECTOR ( 'NONE', #3893, 1000.000000000000000 ) ;
#6349 = LINE ( 'NONE', #2601, #2169 ) ;
#6350 = CARTESIAN_POINT ( 'NONE',  ( 14.90000000000000391, 2.639999999999999236, -0.6999999999999985123 ) ) ;
#6351 = ADVANCED_FACE ( 'NONE', ( #6433 ), #1773, .T. ) ;
#6352 = FACE_OUTER_BOUND ( 'NONE', #3439, .T. ) ;
#6353 = VECTOR ( 'NONE', #1744, 1000.000000000000000 ) ;
#6354 = SURFACE_SIDE_STYLE ('',( #4002 ) ) ;
#6355 = ORIENTED_EDGE ( 'NONE', *, *, #3558, .F. ) ;
#6356 = AXIS2_PLACEMENT_3D ( 'NONE', #6249, #1853, #5676 ) ;
#6357 = DIRECTION ( 'NONE',  ( -1.000000000000000000, 0.000000000000000000, 0.000000000000000000 ) ) ;
#6358 = DIRECTION ( 'NONE',  ( 0.9848077530122090195, -0.1736481776669255295, 0.000000000000000000 ) ) ;
#6359 = CARTESIAN_POINT ( 'NONE',  ( -0.6749999999999963807, 1.050000000000000044, -0.8099999999999991651 ) ) ;
#6360 = LINE ( 'NONE', #4649, #3425 ) ;
#6361 = ORIENTED_EDGE ( 'NONE', *, *, #2512, .F. ) ;
#6362 = CARTESIAN_POINT ( 'NONE',  ( 2.249999998700004333, 0.05000000000000000971, -0.9499999987000037338 ) ) ;
#6363 = ORIENTED_EDGE ( 'NONE', *, *, #3024, .F. ) ;
#6364 = CARTESIAN_POINT ( 'NONE',  ( 1.475000000000002753, 2.639999999999999236, -0.7000000000000015099 ) ) ;
#6365 = ORIENTED_EDGE ( 'NONE', *, *, #7612, .T. ) ;
#6366 = ORIENTED_EDGE ( 'NONE', *, *, #5570, .F. ) ;
#6367 = CARTESIAN_POINT ( 'NONE',  ( -1.474999999999996314, 1.050000000000000044, -0.8099999999999991651 ) ) ;
#6368 = ORIENTED_EDGE ( 'NONE', *, *, #3832, .T. ) ;
#6369 = SURFACE_STYLE_FILL_AREA ( #2741 ) ;
#6370 = FACE_OUTER_BOUND ( 'NONE', #6243, .T. ) ;
#6371 = EDGE_CURVE ( 'NONE', #6237, #57, #2242, .T. ) ;
#6372 = STYLED_ITEM ( 'NONE', ( #5883 ), #3266 ) ;
#6373 = AXIS2_PLACEMENT_3D ( 'NONE', #6210, #6907, #5645 ) ;
#6374 = LINE ( 'NONE', #7633, #3541 ) ;
#6375 = CARTESIAN_POINT ( 'NONE',  ( -2.799999999999997158, 0.1199999999999999956, -0.9499999999999984013 ) ) ;
#6376 = CARTESIAN_POINT ( 'NONE',  ( 4.400000000000005684, 2.639999999999999236, 0.2744692077166173139 ) ) ;
#6377 = FACE_OUTER_BOUND ( 'NONE', #806, .T. ) ;
#6378 = VERTEX_POINT ( 'NONE', #3582 ) ;
#6379 = VECTOR ( 'NONE', #5345, 1000.000000000000227 ) ;
#6380 = ORIENTED_EDGE ( 'NONE', *, *, #1587, .F. ) ;
#6381 = CARTESIAN_POINT ( 'NONE',  ( 2.800000000000001599, 0.6936749699759758858, -0.9500000000000016209 ) ) ;
#6382 = EDGE_CURVE ( 'NONE', #4074, #6324, #2332, .T. ) ;
#6383 = ORIENTED_EDGE ( 'NONE', *, *, #292, .F. ) ;
#6384 = FACE_OUTER_BOUND ( 'NONE', #7505, .T. ) ;
#6385 = ORIENTED_EDGE ( 'NONE', *, *, #3131, .F. ) ;
#6386 = CARTESIAN_POINT ( 'NONE',  ( 1.500000000000003553, 2.639999999999999236, -0.3250000000000000666 ) ) ;
#6387 = CARTESIAN_POINT ( 'NONE',  ( -0.6749999999999946043, 2.750000000000000000, -0.8099999999999991651 ) ) ;
#6388 = LINE ( 'NONE', #3978, #1089 ) ;
#6389 = DIRECTION ( 'NONE',  ( 0.000000000000000000, 0.000000000000000000, -1.000000000000000000 ) ) ;
#6390 = LINE ( 'NONE', #6937, #4885 ) ;
#6391 = CARTESIAN_POINT ( 'NONE',  ( -2.799999999999997158, 1.355252715606880543E-17, -0.1164279503904875612 ) ) ;
#6392 = FILL_AREA_STYLE_COLOUR ( '', #7343 ) ;
#6393 = ORIENTED_EDGE ( 'NONE', *, *, #2966, .T. ) ;
#6394 = CARTESIAN_POINT ( 'NONE',  ( 3.499999999000001694, 2.639999999999999236, 0.5500000000000017097 ) ) ;
#6395 = VECTOR ( 'NONE', #7338, 1000.000000000000000 ) ;
#6396 = STYLED_ITEM ( 'NONE', ( #6638 ), #2238 ) ;
#6397 = CARTESIAN_POINT ( 'NONE',  ( 2.800000000000001599, 1.000000000000000000, -0.2500000000000013878 ) ) ;
#6398 = LINE ( 'NONE', #891, #3994 ) ;
#6399 = LINE ( 'NONE', #6367, #2776 ) ;
#6400 = ORIENTED_EDGE ( 'NONE', *, *, #6325, .F. ) ;
#6401 = CARTESIAN_POINT ( 'NONE',  ( 0.9250000000000054845, 1.050000000000000044, -0.8099999999999991651 ) ) ;
#6402 = PLANE ( 'NONE',  #5260 ) ;
#6403 =( NAMED_UNIT ( * ) SI_UNIT ( $, .STERADIAN. ) SOLID_ANGLE_UNIT ( ) );
#6404 = EDGE_CURVE ( 'NONE', #4788, #2030, #2373, .T. ) ;
#6405 = DIRECTION ( 'NONE',  ( -1.000000000000000000, -0.000000000000000000, -0.000000000000000000 ) ) ;
#6406 = VECTOR ( 'NONE', #2843, 1000.000000000000000 ) ;
#6407 = VECTOR ( 'NONE', #628, 1000.000000000000000 ) ;
#6408 = SURFACE_STYLE_FILL_AREA ( #1658 ) ;
#6409 = EDGE_CURVE ( 'NONE', #5407, #6510, #3662, .T. ) ;
#6410 = COLOUR_RGB ( '',0.7960784313725489669, 0.8235294117647058432, 0.9372549019607843146 ) ;
#6411 = CARTESIAN_POINT ( 'NONE',  ( -2.249999998699997672, 0.05000000000000000971, 0.4999999987000037782 ) ) ;
#6412 = LINE ( 'NONE', #3480, #3373 ) ;
#6413 =( NAMED_UNIT ( * ) SI_UNIT ( $, .STERADIAN. ) SOLID_ANGLE_UNIT ( ) );
#6414 = FILL_AREA_STYLE ('',( #3967 ) ) ;
#6415 = ORIENTED_EDGE ( 'NONE', *, *, #2474, .T. ) ;
#6416 = EDGE_CURVE ( 'NONE', #6179, #7035, #6125, .T. ) ;
#6417 = SURFACE_STYLE_FILL_AREA ( #4597 ) ;
#6418 = EDGE_LOOP ( 'NONE', ( #3220, #3913, #6652, #2260 ) ) ;
#6419 =( NAMED_UNIT ( * ) SI_UNIT ( $, .STERADIAN. ) SOLID_ANGLE_UNIT ( ) );
#6420 = CARTESIAN_POINT ( 'NONE',  ( 2.210000000000002185, 2.750000000000000000, 0.09999999999999853451 ) ) ;
#6421 = CARTESIAN_POINT ( 'NONE',  ( -2.799999999999997158, 0.3500000000000001443, -0.2500000000724984517 ) ) ;
#6422 = EDGE_CURVE ( 'NONE', #4643, #3407, #3544, .T. ) ;
#6423 = LINE ( 'NONE', #4526, #970 ) ;
#6424 = VERTEX_POINT ( 'NONE', #6634 ) ;
#6425 = EDGE_CURVE ( 'NONE', #6511, #4998, #4785, .T. ) ;
#6426 = LINE ( 'NONE', #1485, #5822 ) ;
#6427 = DIRECTION ( 'NONE',  ( 1.000000000000000000, -0.000000000000000000, -0.000000000000000000 ) ) ;
#6428 = CARTESIAN_POINT ( 'NONE',  ( -0.8294692077166101463, 2.639999999999999236, 0.1250000000000016376 ) ) ;
#6429 = CARTESIAN_POINT ( 'NONE',  ( 0.8037262124956296994, 2.785995780779311648, -0.7287262124956209730 ) ) ;
#6430 = EDGE_CURVE ( 'NONE', #2959, #986, #3023, .T. ) ;
#6431 = ORIENTED_EDGE ( 'NONE', *, *, #4991, .F. ) ;
#6432 = CLOSED_SHELL ( 'NONE', ( #1919, #7364, #885, #2152, #3223, #7272, #6044, #4629, #4437, #6544 ) ) ;
#6433 = FACE_OUTER_BOUND ( 'NONE', #4422, .T. ) ;
#6434 = CARTESIAN_POINT ( 'NONE',  ( -1.524999999999996803, 0.05000000000000000971, 1.200000000000001288 ) ) ;
#6435 = LINE ( 'NONE', #7581, #2416 ) ;
#6436 = UNCERTAINTY_MEASURE_WITH_UNIT (LENGTH_MEASURE( 1.000000000000000082E-05 ), #2503, 'distance_accuracy_value', 'NONE');
#6437 = CARTESIAN_POINT ( 'NONE',  ( 0.8750000000000048850, -3.675261601645777502E-17, 1.200000000000000844 ) ) ;
#6438 = FACE_OUTER_BOUND ( 'NONE', #7620, .T. ) ;
#6439 = SURFACE_SIDE_STYLE ('',( #2145 ) ) ;
#6440 = VECTOR ( 'NONE', #586, 1000.000000000000000 ) ;
#6441 = VECTOR ( 'NONE', #6031, 1000.000000000000114 ) ;
#6442 = SURFACE_STYLE_USAGE ( .BOTH. , #3430 ) ;
#6443 = EDGE_CURVE ( 'NONE', #3549, #3773, #7901, .T. ) ;
#6444 = DIRECTION ( 'NONE',  ( 1.000000000000000000, -0.000000000000000000, 0.000000000000000000 ) ) ;
#6445 = AXIS2_PLACEMENT_3D ( 'NONE', #7559, #7528, #669 ) ;
#6446 = AXIS2_PLACEMENT_3D ( 'NONE', #5017, #6269, #3354 ) ;
#6447 = DIRECTION ( 'NONE',  ( 0.000000000000000000, 0.000000000000000000, 1.000000000000000000 ) ) ;
#6448 = FILL_AREA_STYLE_COLOUR ( '', #6663 ) ;
#6449 = DIRECTION ( 'NONE',  ( 0.000000000000000000, 0.000000000000000000, -1.000000000000000000 ) ) ;
#6450 = AXIS2_PLACEMENT_3D ( 'NONE', #650, #124, #3882 ) ;
#6451 = EDGE_CURVE ( 'NONE', #1048, #1653, #7174, .T. ) ;
#6452 = VERTEX_POINT ( 'NONE', #4698 ) ;
#6453 = EDGE_CURVE ( 'NONE', #6071, #4723, #3502, .T. ) ;
#6454 = EDGE_CURVE ( 'NONE', #5309, #564, #4096, .T. ) ;
#6455 = EDGE_CURVE ( 'NONE', #5252, #216, #5350, .T. ) ;
#6456 = ORIENTED_EDGE ( 'NONE', *, *, #782, .T. ) ;
#6457 = VERTEX_POINT ( 'NONE', #4295 ) ;
#6458 = FILL_AREA_STYLE ('',( #1630 ) ) ;
#6459 = MECHANICAL_DESIGN_GEOMETRIC_PRESENTATION_REPRESENTATION (  '', ( #3515 ), #5953 ) ;
#6460 = LINE ( 'NONE', #944, #7406 ) ;
#6461 = ADVANCED_FACE ( 'NONE', ( #3787 ), #4990, .F. ) ;
#6462 = FACE_OUTER_BOUND ( 'NONE', #1008, .T. ) ;
#6463 = UNCERTAINTY_MEASURE_WITH_UNIT (LENGTH_MEASURE( 1.000000000000000082E-05 ), #3828, 'distance_accuracy_value', 'NONE');
#6464 = CIRCLE ( 'NONE', #6954, 0.04999999999999991257 ) ;
#6465 = EDGE_LOOP ( 'NONE', ( #3697, #6478, #4758, #4845 ) ) ;
#6466 = VECTOR ( 'NONE', #1419, 1000.000000000000000 ) ;
#6467 = DIRECTION ( 'NONE',  ( 0.000000000000000000, 0.000000000000000000, 1.000000000000000000 ) ) ;
#6468 = DIRECTION ( 'NONE',  ( 0.1710878697460308795, -0.9702875252478155854, 0.1710878697460308795 ) ) ;
#6469 = CARTESIAN_POINT ( 'NONE',  ( -1.596273787504371988, 2.785995780779311648, -0.7287262124956209730 ) ) ;
#6470 = VECTOR ( 'NONE', #1166, 1000.000000000000000 ) ;
#6471 = LINE ( 'NONE', #3981, #5484 ) ;
#6472 = ORIENTED_EDGE ( 'NONE', *, *, #1002, .T. ) ;
#6473 = CARTESIAN_POINT ( 'NONE',  ( 2.800000000000002931, 1.050000000000000044, 0.1250000000000016376 ) ) ;
#6474 = VECTOR ( 'NONE', #4611, 1000.000000000000000 ) ;
#6475 = ORIENTED_EDGE ( 'NONE', *, *, #174, .F. ) ;
#6476 = DIRECTION ( 'NONE',  ( -1.000000000000000000, 0.000000000000000000, -0.000000000000000000 ) ) ;
#6477 = CARTESIAN_POINT ( 'NONE',  ( 2.600000000000001865, 0.3500000000000000333, -0.9500000000000013989 ) ) ;
#6478 = ORIENTED_EDGE ( 'NONE', *, *, #6566, .T. ) ;
#6479 = DIRECTION ( 'NONE',  ( 0.000000000000000000, -0.8660254037844363761, 0.5000000000000039968 ) ) ;
#6480 = LINE ( 'NONE', #2785, #4721 ) ;
#6481 = ORIENTED_EDGE ( 'NONE', *, *, #2147, .F. ) ;
#6482 = DIRECTION ( 'NONE',  ( 0.000000000000000000, -0.000000000000000000, -1.000000000000000000 ) ) ;
#6483 = VERTEX_POINT ( 'NONE', #3868 ) ;
#6484 = CARTESIAN_POINT ( 'NONE',  ( 2.800000000000002931, 2.639999999999999236, -0.3955307922833827261 ) ) ;
#6485 = EDGE_CURVE ( 'NONE', #6179, #472, #1899, .T. ) ;
#6486 = FACE_OUTER_BOUND ( 'NONE', #382, .T. ) ;
#6487 = FILL_AREA_STYLE ('',( #3351 ) ) ;
#6488 = CARTESIAN_POINT ( 'NONE',  ( -0.6999999999999952927, 1.050000000000000044, 0.3450000000000029710 ) ) ;
#6489 = STYLED_ITEM ( 'NONE', ( #1194 ), #611 ) ;
#6490 = CARTESIAN_POINT ( 'NONE',  ( -0.7705307922833801726, 2.639999999999999236, 0.1250000000000016376 ) ) ;
#6491 = VERTEX_POINT ( 'NONE', #719 ) ;
#6492 = PLANE ( 'NONE',  #7068 ) ;
#6493 = VECTOR ( 'NONE', #3807, 1000.000000000000000 ) ;
#6494 = AXIS2_PLACEMENT_3D ( 'NONE', #6745, #6859, #64 ) ;
#6495 = ORIENTED_EDGE ( 'NONE', *, *, #1189, .T. ) ;
#6496 = PLANE ( 'NONE',  #2746 ) ;
#6497 = EDGE_LOOP ( 'NONE', ( #443, #5366, #3691, #3563 ) ) ;
#6498 = DIRECTION ( 'NONE',  ( 0.000000000000000000, 0.000000000000000000, 1.000000000000000000 ) ) ;
#6499 = MECHANICAL_DESIGN_GEOMETRIC_PRESENTATION_REPRESENTATION (  '', ( #3674 ), #6748 ) ;
#6500 = CARTESIAN_POINT ( 'NONE',  ( 1.700000000000002398, 1.050000000000000044, 0.3449999999999999178 ) ) ;
#6501 =( LENGTH_UNIT ( ) NAMED_UNIT ( * ) SI_UNIT ( .MILLI., .METRE. ) );
#6502 = ORIENTED_EDGE ( 'NONE', *, *, #2929, .F. ) ;
#6503 = DIRECTION ( 'NONE',  ( 0.000000000000000000, 0.7071067811865355823, -0.7071067811865594521 ) ) ;
#6504 = ORIENTED_EDGE ( 'NONE', *, *, #7080, .F. ) ;
#6505 = PLANE ( 'NONE',  #5435 ) ;
#6506 = CARTESIAN_POINT ( 'NONE',  ( -1.629192033977204579, 2.641571930389168710, 0.1158079660227947227 ) ) ;
#6507 = DIRECTION ( 'NONE',  ( 0.000000000000000000, -0.000000000000000000, -1.000000000000000000 ) ) ;
#6508 = EDGE_LOOP ( 'NONE', ( #7714, #7237, #4811, #7827 ) ) ;
#6509 = FILL_AREA_STYLE ('',( #6392 ) ) ;
#6510 = VERTEX_POINT ( 'NONE', #1286 ) ;
#6511 = VERTEX_POINT ( 'NONE', #2495 ) ;
#6512 = ORIENTED_EDGE ( 'NONE', *, *, #5248, .T. ) ;
#6513 = VERTEX_POINT ( 'NONE', #68 ) ;
#6514 = ORIENTED_EDGE ( 'NONE', *, *, #4684, .F. ) ;
#6515 = PLANE ( 'NONE',  #5414 ) ;
#6516 = AXIS2_PLACEMENT_3D ( 'NONE', #160, #1425, #5656 ) ;
#6517 = LINE ( 'NONE', #4660, #6261 ) ;
#6518 = ORIENTED_EDGE ( 'NONE', *, *, #2771, .T. ) ;
#6519 = ADVANCED_FACE ( 'NONE', ( #6201 ), #2612, .F. ) ;
#6520 = UNCERTAINTY_MEASURE_WITH_UNIT (LENGTH_MEASURE( 1.000000000000000082E-05 ), #6022, 'distance_accuracy_value', 'NONE');
#6521 =( NAMED_UNIT ( * ) SI_UNIT ( $, .STERADIAN. ) SOLID_ANGLE_UNIT ( ) );
#6522 = EDGE_LOOP ( 'NONE', ( #1087, #5332, #6400, #7084 ) ) ;
#6523 = VERTEX_POINT ( 'NONE', #30 ) ;
#6524 = CARTESIAN_POINT ( 'NONE',  ( 0.6750000000000034861, 1.050000000000000044, -0.8099999999999991651 ) ) ;
#6525 = VECTOR ( 'NONE', #3665, 999.9999999999998863 ) ;
#6526 = CARTESIAN_POINT ( 'NONE',  ( -1.499999999999996891, 2.239999999999990443, 0.04500000000000294043 ) ) ;
#6527 = ORIENTED_EDGE ( 'NONE', *, *, #7681, .T. ) ;
#6528 = ADVANCED_FACE ( 'NONE', ( #7939 ), #1939, .F. ) ;
#6529 = LINE ( 'NONE', #897, #4429 ) ;
#6530 = DIRECTION ( 'NONE',  ( 0.000000000000000000, 0.000000000000000000, 1.000000000000000000 ) ) ;
#6531 = LINE ( 'NONE', #288, #2679 ) ;
#6532 = COLOUR_RGB ( '',0.7960784313725489669, 0.8235294117647058432, 0.9372549019607843146 ) ;
#6533 = VERTEX_POINT ( 'NONE', #2018 ) ;
#6534 = ADVANCED_FACE ( 'NONE', ( #5638 ), #7449, .T. ) ;
#6535 = CARTESIAN_POINT ( 'NONE',  ( -3.099999999999997868, 2.750000000000000000, -0.9999999999999986677 ) ) ;
#6536 = ORIENTED_EDGE ( 'NONE', *, *, #6131, .F. ) ;
#6537 = LINE ( 'NONE', #6420, #4775 ) ;
#6538 = SURFACE_STYLE_USAGE ( .BOTH. , #4123 ) ;
#6539 = FILL_AREA_STYLE ('',( #4602 ) ) ;
#6540 = LINE ( 'NONE', #1873, #3805 ) ;
#6541 =( NAMED_UNIT ( * ) PLANE_ANGLE_UNIT ( ) SI_UNIT ( $, .RADIAN. ) );
#6542 = EDGE_CURVE ( 'NONE', #7570, #5880, #4414, .T. ) ;
#6543 = CARTESIAN_POINT ( 'NONE',  ( 1.555294304660450599, 2.553589584749196284, -0.3802943046604474464 ) ) ;
#6544 = ADVANCED_FACE ( 'NONE', ( #3222 ), #636, .F. ) ;
#6545 = CARTESIAN_POINT ( 'NONE',  ( -1.524999999999996803, 0.2000000000000000111, 0.8000000000000011546 ) ) ;
#6546 = CARTESIAN_POINT ( 'NONE',  ( 2.800000000000002931, 2.639999999999999236, 0.1155307922833880285 ) ) ;
#6547 = EDGE_LOOP ( 'NONE', ( #3485, #7461, #3162, #2425 ) ) ;
#6548 = LINE ( 'NONE', #1041, #6222 ) ;
#6549 = ORIENTED_EDGE ( 'NONE', *, *, #272, .T. ) ;
#6550 = VECTOR ( 'NONE', #1980, 1000.000000000000227 ) ;
#6551 = ORIENTED_EDGE ( 'NONE', *, *, #101, .F. ) ;
#6552 = EDGE_CURVE ( 'NONE', #199, #4979, #7007, .T. ) ;
#6553 = PRESENTATION_STYLE_ASSIGNMENT (( #471 ) ) ;
#6554 = ORIENTED_EDGE ( 'NONE', *, *, #7610, .F. ) ;
#6555 = ORIENTED_EDGE ( 'NONE', *, *, #2276, .T. ) ;
#6556 = DIRECTION ( 'NONE',  ( 0.000000000000000000, 1.000000000000000000, 1.115385494969530056E-10 ) ) ;
#6557 = ORIENTED_EDGE ( 'NONE', *, *, #5695, .F. ) ;
#6558 = DIRECTION ( 'NONE',  ( -1.000000000000000000, -0.000000000000000000, -0.000000000000000000 ) ) ;
#6559 = ORIENTED_EDGE ( 'NONE', *, *, #5871, .F. ) ;
#6560 = CARTESIAN_POINT ( 'NONE',  ( -2.599999999999997424, 0.3500000000000000333, -0.2500000000362483932 ) ) ;
#6561 = VERTEX_POINT ( 'NONE', #4605 ) ;
#6562 = EDGE_CURVE ( 'NONE', #5976, #1761, #6388, .T. ) ;
#6563 = DIRECTION ( 'NONE',  ( -0.000000000000000000, -1.000000000000000000, -0.000000000000000000 ) ) ;
#6564 = ORIENTED_EDGE ( 'NONE', *, *, #6562, .F. ) ;
#6565 = LINE ( 'NONE', #7026, #5739 ) ;
#6566 = EDGE_CURVE ( 'NONE', #157, #4042, #6971, .T. ) ;
#6567 = DIRECTION ( 'NONE',  ( 0.000000000000000000, 0.000000000000000000, -1.000000000000000000 ) ) ;
#6568 = ORIENTED_EDGE ( 'NONE', *, *, #5045, .T. ) ;
#6569 = VERTEX_POINT ( 'NONE', #4007 ) ;
#6570 = CARTESIAN_POINT ( 'NONE',  ( 0.7705307922833890544, 2.639999999999999236, 0.1250000000000016376 ) ) ;
#6571 = FACE_OUTER_BOUND ( 'NONE', #2200, .T. ) ;
#6572 = SURFACE_STYLE_USAGE ( .BOTH. , #3481 ) ;
#6573 = ORIENTED_EDGE ( 'NONE', *, *, #5637, .F. ) ;
#6574 =( NAMED_UNIT ( * ) SI_UNIT ( $, .STERADIAN. ) SOLID_ANGLE_UNIT ( ) );
#6575 = PRESENTATION_LAYER_ASSIGNMENT (  '', '', ( #5293 ) ) ;
#6576 = ORIENTED_EDGE ( 'NONE', *, *, #6542, .T. ) ;
#6577 = VECTOR ( 'NONE', #869, 1000.000000000000000 ) ;
#6578 = CARTESIAN_POINT ( 'NONE',  ( 1.700000000000003064, 2.239999999999989555, -0.8250000000000000666 ) ) ;
#6579 = ORIENTED_EDGE ( 'NONE', *, *, #2627, .T. ) ;
#6580 = EDGE_CURVE ( 'NONE', #7497, #4712, #6426, .T. ) ;
#6581 = COLOUR_RGB ( '',0.7960784313725489669, 0.8235294117647058432, 0.9372549019607843146 ) ;
#6582 = PLANE ( 'NONE',  #2852 ) ;
#6583 = FILL_AREA_STYLE_COLOUR ( '', #3706 ) ;
#6584 = CARTESIAN_POINT ( 'NONE',  ( -3.099999999999997868, 0.4500000002000001387, 1.000000000000001776 ) ) ;
#6585 = VECTOR ( 'NONE', #2881, 1000.000000000000000 ) ;
#6586 = EDGE_CURVE ( 'NONE', #6623, #6112, #5717, .T. ) ;
#6587 = LINE ( 'NONE', #3694, #881 ) ;
#6588 = DIRECTION ( 'NONE',  ( 1.000000000000000000, 0.000000000000000000, 0.000000000000000000 ) ) ;
#6589 = FACE_OUTER_BOUND ( 'NONE', #6091, .T. ) ;
#6590 = AXIS2_PLACEMENT_3D ( 'NONE', #674, #5589, #66 ) ;
#6591 = FACE_OUTER_BOUND ( 'NONE', #1149, .T. ) ;
#6592 = ORIENTED_EDGE ( 'NONE', *, *, #1678, .F. ) ;
#6593 = LINE ( 'NONE', #2370, #4922 ) ;
#6594 = STYLED_ITEM ( 'NONE', ( #5907 ), #6744 ) ;
#6595 = EDGE_LOOP ( 'NONE', ( #3998, #7761, #7049, #2695, #4381, #5454, #1173, #5604, #6259, #1297, #4045, #4719 ) ) ;
#6596 = EDGE_CURVE ( 'NONE', #3636, #5271, #342, .T. ) ;
#6597 = CARTESIAN_POINT ( 'NONE',  ( 2.800000000000001599, 1.355252715606880543E-17, -0.1164279503904905866 ) ) ;
#6598 = ORIENTED_EDGE ( 'NONE', *, *, #7859, .F. ) ;
#6599 = CARTESIAN_POINT ( 'NONE',  ( 0.1000000000000055705, 2.639999999999999236, -0.3249999999999970690 ) ) ;
#6600 = DIRECTION ( 'NONE',  ( 0.000000000000000000, 0.000000000000000000, -1.000000000000000000 ) ) ;
#6601 = VECTOR ( 'NONE', #5493, 1000.000000000000000 ) ;
#6602 = CARTESIAN_POINT ( 'NONE',  ( 15.10000000100000506, 0.05000000000000000971, 0.4999999987000037782 ) ) ;
#6603 = EDGE_LOOP ( 'NONE', ( #3404, #316, #6729, #1531 ) ) ;
#6604 =( NAMED_UNIT ( * ) PLANE_ANGLE_UNIT ( ) SI_UNIT ( $, .RADIAN. ) );
#6605 = CARTESIAN_POINT ( 'NONE',  ( 0.8750000000000048850, 0.4500000002000000277, 0.5500000000000018208 ) ) ;
#6606 = EDGE_LOOP ( 'NONE', ( #2264, #7132, #403, #2875 ) ) ;
#6607 = MECHANICAL_DESIGN_GEOMETRIC_PRESENTATION_REPRESENTATION (  '', ( #430 ), #6724 ) ;
#6608 = CARTESIAN_POINT ( 'NONE',  ( 1.675000000000002487, 0.4500000002000000277, 0.6556624325871199810 ) ) ;
#6609 = ORIENTED_EDGE ( 'NONE', *, *, #4619, .F. ) ;
#6610 = AXIS2_PLACEMENT_3D ( 'NONE', #7613, #2197, #2089 ) ;
#6611 = ORIENTED_EDGE ( 'NONE', *, *, #4619, .T. ) ;
#6612 =( NAMED_UNIT ( * ) PLANE_ANGLE_UNIT ( ) SI_UNIT ( $, .RADIAN. ) );
#6613 = EDGE_LOOP ( 'NONE', ( #2269, #1927, #1944, #5557 ) ) ;
#6614 = EDGE_CURVE ( 'NONE', #5684, #2529, #263, .T. ) ;
#6615 = CARTESIAN_POINT ( 'NONE',  ( 0.1250000000000054123, 0.7768699943250462203, -0.6999999999999985123 ) ) ;
#6616 = VERTEX_POINT ( 'NONE', #2057 ) ;
#6617 = PLANE ( 'NONE',  #1328 ) ;
#6618 = ORIENTED_EDGE ( 'NONE', *, *, #4412, .F. ) ;
#6619 = DIRECTION ( 'NONE',  ( 0.000000000000000000, 0.7071067811865355823, -0.7071067811865594521 ) ) ;
#6620 = SURFACE_STYLE_USAGE ( .BOTH. , #3083 ) ;
#6621 = LINE ( 'NONE', #7720, #7151 ) ;
#6622 =( GEOMETRIC_REPRESENTATION_CONTEXT ( 3 ) GLOBAL_UNCERTAINTY_ASSIGNED_CONTEXT ( ( #3182 ) ) GLOBAL_UNIT_ASSIGNED_CONTEXT ( ( #4479, #4982, #3738 ) ) REPRESENTATION_CONTEXT ( 'NONE', 'WORKASPACE' ) );
#6623 = VERTEX_POINT ( 'NONE', #2767 ) ;
#6624 = EDGE_CURVE ( 'NONE', #2156, #4095, #5264, .T. ) ;
#6625 = AXIS2_PLACEMENT_3D ( 'NONE', #896, #7142, #7746 ) ;
#6626 = PLANE ( 'NONE',  #5251 ) ;
#6627 = CARTESIAN_POINT ( 'NONE',  ( -0.7249999999999952038, -3.675261601645777502E-17, 1.200000000000000844 ) ) ;
#6628 = DIRECTION ( 'NONE',  ( 0.000000000000000000, 0.5735764363510474917, -0.8191520442889909104 ) ) ;
#6629 = FILL_AREA_STYLE ('',( #7329 ) ) ;
#6630 = CARTESIAN_POINT ( 'NONE',  ( -2.599999999999997424, 1.000000000000000000, -0.2499999999999983902 ) ) ;
#6631 = ORIENTED_EDGE ( 'NONE', *, *, #4412, .T. ) ;
#6632 = LINE ( 'NONE', #4293, #3001 ) ;
#6633 =( GEOMETRIC_REPRESENTATION_CONTEXT ( 3 ) GLOBAL_UNCERTAINTY_ASSIGNED_CONTEXT ( ( #4105 ) ) GLOBAL_UNIT_ASSIGNED_CONTEXT ( ( #5436, #1739, #4909 ) ) REPRESENTATION_CONTEXT ( 'NONE', 'WORKASPACE' ) );
#6634 = CARTESIAN_POINT ( 'NONE',  ( -0.8749999999999968914, -3.675261601645777964E-18, 1.200000000000000844 ) ) ;
#6635 = SURFACE_SIDE_STYLE ('',( #3585 ) ) ;
#6636 = CARTESIAN_POINT ( 'NONE',  ( -0.8250940856928119516, 2.664812549992180646, 0.2700940856928182310 ) ) ;
#6637 = LINE ( 'NONE', #6602, #5377 ) ;
#6638 = PRESENTATION_STYLE_ASSIGNMENT (( #4835 ) ) ;
#6639 = VERTEX_POINT ( 'NONE', #6935 ) ;
#6640 = SURFACE_STYLE_USAGE ( .BOTH. , #6049 ) ;
#6641 = PLANE ( 'NONE',  #5318 ) ;
#6642 = ORIENTED_EDGE ( 'NONE', *, *, #5533, .T. ) ;
#6643 = COLOUR_RGB ( '',0.7960784313725489669, 0.8235294117647058432, 0.9372549019607843146 ) ;
#6644 = ORIENTED_EDGE ( 'NONE', *, *, #3340, .T. ) ;
#6645 = FACE_OUTER_BOUND ( 'NONE', #1762, .T. ) ;
#6646 = EDGE_CURVE ( 'NONE', #431, #3768, #5867, .T. ) ;
#6647 = CARTESIAN_POINT ( 'NONE',  ( 2.300000003850002361, 0.3500000000000000333, 0.5699999999999987299 ) ) ;
#6648 = SURFACE_STYLE_FILL_AREA ( #4195 ) ;
#6649 = EDGE_LOOP ( 'NONE', ( #411, #7870, #1146, #6380 ) ) ;
#6650 = DIRECTION ( 'NONE',  ( 0.000000000000000000, -0.8660254037844363761, 0.5000000000000039968 ) ) ;
#6651 = EDGE_CURVE ( 'NONE', #1567, #4541, #184, .T. ) ;
#6652 = ORIENTED_EDGE ( 'NONE', *, *, #7248, .F. ) ;
#6653 = DIRECTION ( 'NONE',  ( -0.000000000000000000, 1.000000000000000000, 1.857148025303053679E-09 ) ) ;
#6654 = CIRCLE ( 'NONE', #5123, 0.04999999999999991257 ) ;
#6655 = VECTOR ( 'NONE', #3752, 1000.000000000000000 ) ;
#6656 = VERTEX_POINT ( 'NONE', #5790 ) ;
#6657 = DIRECTION ( 'NONE',  ( 0.000000000000000000, 0.000000000000000000, 1.000000000000000000 ) ) ;
#6658 = CARTESIAN_POINT ( 'NONE',  ( 0.9000000000000055733, 1.050000000000000044, -0.8249999999999970690 ) ) ;
#6659 = CARTESIAN_POINT ( 'NONE',  ( 1.675000000000002487, -4.042787761810355684E-17, 1.199999999999997735 ) ) ;
#6660 = ORIENTED_EDGE ( 'NONE', *, *, #6416, .T. ) ;
#6661 = EDGE_CURVE ( 'NONE', #763, #7185, #2165, .T. ) ;
#6662 = ADVANCED_FACE ( 'NONE', ( #5151 ), #838, .F. ) ;
#6663 = COLOUR_RGB ( '',0.7960784313725489669, 0.8235294117647058432, 0.9372549019607843146 ) ;
#6664 = VECTOR ( 'NONE', #6309, 1000.000000000000000 ) ;
#6665 = VERTEX_POINT ( 'NONE', #3298 ) ;
#6666 = CARTESIAN_POINT ( 'NONE',  ( 0.7250000000000031974, -3.675261601645777964E-18, 0.6500000000000011324 ) ) ;
#6667 = LINE ( 'NONE', #3535, #1998 ) ;
#6668 = MECHANICAL_DESIGN_GEOMETRIC_PRESENTATION_REPRESENTATION (  '', ( #1017 ), #6037 ) ;
#6669 = EDGE_CURVE ( 'NONE', #2139, #2442, #7609, .T. ) ;
#6670 = FILL_AREA_STYLE_COLOUR ( '', #599 ) ;
#6671 = PLANE ( 'NONE',  #851 ) ;
#6672 = DIRECTION ( 'NONE',  ( -1.000000000000000000, -0.000000000000000000, 0.000000000000000000 ) ) ;
#6673 = ADVANCED_FACE ( 'NONE', ( #1601 ), #6505, .F. ) ;
#6674 = DIRECTION ( 'NONE',  ( 1.000000000000000000, -0.000000000000000000, -0.000000000000000000 ) ) ;
#6675 = PLANE ( 'NONE',  #6107 ) ;
#6676 = EDGE_CURVE ( 'NONE', #1275, #7898, #1723, .T. ) ;
#6677 = FACE_OUTER_BOUND ( 'NONE', #208, .T. ) ;
#6678 = VECTOR ( 'NONE', #7568, 1000.000000000000000 ) ;
#6679 = DIRECTION ( 'NONE',  ( 0.000000000000000000, -1.204669080539449344E-16, 1.000000000000000000 ) ) ;
#6680 = ORIENTED_EDGE ( 'NONE', *, *, #7537, .T. ) ;
#6681 = PLANE ( 'NONE',  #3906 ) ;
#6682 = EDGE_LOOP ( 'NONE', ( #943, #5924, #1703, #5157 ) ) ;
#6683 = MANIFOLD_SOLID_BREP ( 'Body-Move/Copy5[6]', #4763 ) ;
#6684 = EDGE_LOOP ( 'NONE', ( #5215, #92, #4736, #6330 ) ) ;
#6685 = DIRECTION ( 'NONE',  ( 0.000000000000000000, -0.000000000000000000, 1.000000000000000000 ) ) ;
#6686 = DIRECTION ( 'NONE',  ( -1.000000000000000000, 0.000000000000000000, 1.355252715606883008E-16 ) ) ;
#6687 = LINE ( 'NONE', #1178, #3763 ) ;
#6688 = LINE ( 'NONE', #5567, #5600 ) ;
#6689 = CARTESIAN_POINT ( 'NONE',  ( 3.100000000000002309, 0.4500000002000000832, 0.5499999999999987121 ) ) ;
#6690 = DIRECTION ( 'NONE',  ( -0.000000000000000000, -0.000000000000000000, 1.000000000000000000 ) ) ;
#6691 = FACE_OUTER_BOUND ( 'NONE', #417, .T. ) ;
#6692 = EDGE_CURVE ( 'NONE', #6231, #3801, #7291, .T. ) ;
#6693 = EDGE_LOOP ( 'NONE', ( #1054, #2117, #2239, #4243 ) ) ;
#6694 = EDGE_CURVE ( 'NONE', #3984, #772, #2232, .T. ) ;
#6695 = CARTESIAN_POINT ( 'NONE',  ( 2.600000000000001865, 0.7936749699759758636, -0.9500000000000013989 ) ) ;
#6696 = FACE_OUTER_BOUND ( 'NONE', #39, .T. ) ;
#6697 = DIRECTION ( 'NONE',  ( 0.000000000000000000, 0.000000000000000000, 1.000000000000000000 ) ) ;
#6698 = EDGE_CURVE ( 'NONE', #4264, #2403, #460, .T. ) ;
#6699 = PLANE ( 'NONE',  #4128 ) ;
#6700 = VECTOR ( 'NONE', #5890, 1000.000000000000000 ) ;
#6701 = UNCERTAINTY_MEASURE_WITH_UNIT (LENGTH_MEASURE( 1.000000000000000082E-05 ), #2335, 'distance_accuracy_value', 'NONE');
#6702 = PLANE ( 'NONE',  #205 ) ;
#6703 = CARTESIAN_POINT ( 'NONE',  ( -2.599999999999997424, 0.7936749699759758636, -0.9499999999999984013 ) ) ;
#6704 = DIRECTION ( 'NONE',  ( 1.000000000000000000, 0.000000000000000000, 0.000000000000000000 ) ) ;
#6705 = DIRECTION ( 'NONE',  ( 0.000000000000000000, 0.000000000000000000, -1.000000000000000000 ) ) ;
#6706 = PLANE ( 'NONE',  #829 ) ;
#6707 = LINE ( 'NONE', #1206, #5245 ) ;
#6708 = STYLED_ITEM ( 'NONE', ( #3532 ), #6683 ) ;
#6709 = DIRECTION ( 'NONE',  ( -1.000000000000000000, -0.000000000000000000, -0.000000000000000000 ) ) ;
#6710 = ORIENTED_EDGE ( 'NONE', *, *, #7267, .F. ) ;
#6711 = CARTESIAN_POINT ( 'NONE',  ( -0.7249999999999952038, 0.1999999999999999833, 0.8000000000000011546 ) ) ;
#6712 = CIRCLE ( 'NONE', #5566, 0.04999999999999991257 ) ;
#6713 = ORIENTED_EDGE ( 'NONE', *, *, #7176, .F. ) ;
#6714 = MECHANICAL_DESIGN_GEOMETRIC_PRESENTATION_REPRESENTATION (  '', ( #7725 ), #3006 ) ;
#6715 = EDGE_CURVE ( 'NONE', #1469, #5598, #3571, .T. ) ;
#6716 = CARTESIAN_POINT ( 'NONE',  ( -2.799999999999997158, 1.000000000000000000, -0.2499999999999983902 ) ) ;
#6717 = EDGE_CURVE ( 'NONE', #731, #4892, #7123, .T. ) ;
#6718 = VECTOR ( 'NONE', #6258, 1000.000000000000000 ) ;
#6719 = FILL_AREA_STYLE_COLOUR ( '', #3123 ) ;
#6720 = DIRECTION ( 'NONE',  ( -1.000000000000000000, 0.000000000000000000, -0.000000000000000000 ) ) ;
#6721 = FACE_OUTER_BOUND ( 'NONE', #5901, .T. ) ;
#6722 = FACE_OUTER_BOUND ( 'NONE', #4303, .T. ) ;
#6723 = ORIENTED_EDGE ( 'NONE', *, *, #7021, .T. ) ;
#6724 =( GEOMETRIC_REPRESENTATION_CONTEXT ( 3 ) GLOBAL_UNCERTAINTY_ASSIGNED_CONTEXT ( ( #5108 ) ) GLOBAL_UNIT_ASSIGNED_CONTEXT ( ( #1004, #271, #3460 ) ) REPRESENTATION_CONTEXT ( 'NONE', 'WORKASPACE' ) );
#6725 = ORIENTED_EDGE ( 'NONE', *, *, #4866, .T. ) ;
#6726 = DIRECTION ( 'NONE',  ( -1.000000000000000000, 0.000000000000000000, -0.000000000000000000 ) ) ;
#6727 = DIRECTION ( 'NONE',  ( -0.000000000000000000, 0.000000000000000000, -1.000000000000000000 ) ) ;
#6728 = FILL_AREA_STYLE ('',( #1153 ) ) ;
#6729 = ORIENTED_EDGE ( 'NONE', *, *, #244, .T. ) ;
#6730 = LINE ( 'NONE', #5576, #1404 ) ;
#6731 = CARTESIAN_POINT ( 'NONE',  ( -1.724999999999998312, 2.639999999999999236, -0.6999999999999985123 ) ) ;
#6732 = ORIENTED_EDGE ( 'NONE', *, *, #5163, .F. ) ;
#6733 = ORIENTED_EDGE ( 'NONE', *, *, #3245, .F. ) ;
#6734 = VERTEX_POINT ( 'NONE', #4818 ) ;
#6735 = CARTESIAN_POINT ( 'NONE',  ( 0.7000000000000041744, 2.239999999999989555, -0.8249999999999970690 ) ) ;
#6736 = CARTESIAN_POINT ( 'NONE',  ( -1.499999999999996891, 2.239999999999990443, 0.3450000000000029710 ) ) ;
#6737 = VECTOR ( 'NONE', #2216, 1000.000000000000000 ) ;
#6738 = DIRECTION ( 'NONE',  ( 0.000000000000000000, 0.000000000000000000, -1.000000000000000000 ) ) ;
#6739 = DIRECTION ( 'NONE',  ( 0.1710878697460311570, 0.9702875252478154744, -0.1710878697460311570 ) ) ;
#6740 = ORIENTED_EDGE ( 'NONE', *, *, #1946, .T. ) ;
#6741 = AXIS2_PLACEMENT_3D ( 'NONE', #6951, #1465, #85 ) ;
#6742 = VECTOR ( 'NONE', #2409, 1000.000000000000000 ) ;
#6743 =( NAMED_UNIT ( * ) SI_UNIT ( $, .STERADIAN. ) SOLID_ANGLE_UNIT ( ) );
#6744 = ADVANCED_FACE ( 'NONE', ( #6074 ), #2405, .T. ) ;
#6745 = CARTESIAN_POINT ( 'NONE',  ( -1.524999999999996803, 0.000000000000000000, 1.200000000000000844 ) ) ;
#6746 = CARTESIAN_POINT ( 'NONE',  ( -1.499999999999996225, 1.050000000000000044, -0.8249999999999970690 ) ) ;
#6747 = COLOUR_RGB ( '',0.7960784313725489669, 0.8235294117647058432, 0.9372549019607843146 ) ;
#6748 =( GEOMETRIC_REPRESENTATION_CONTEXT ( 3 ) GLOBAL_UNCERTAINTY_ASSIGNED_CONTEXT ( ( #1894 ) ) GLOBAL_UNIT_ASSIGNED_CONTEXT ( ( #925, #7059, #972 ) ) REPRESENTATION_CONTEXT ( 'NONE', 'WORKASPACE' ) );
#6749 = FACE_OUTER_BOUND ( 'NONE', #4984, .T. ) ;
#6750 = CARTESIAN_POINT ( 'NONE',  ( 0.6750000000000034861, 1.050000000000000044, -0.8099999999999991651 ) ) ;
#6751 = DIRECTION ( 'NONE',  ( 0.000000000000000000, 0.000000000000000000, -1.000000000000000000 ) ) ;
#6752 = ORIENTED_EDGE ( 'NONE', *, *, #1938, .F. ) ;
#6753 = CARTESIAN_POINT ( 'NONE',  ( -1.570807966022789159, 2.641571930389168710, 0.1158079660227947089 ) ) ;
#6754 = ORIENTED_EDGE ( 'NONE', *, *, #4640, .F. ) ;
#6755 = PLANE ( 'NONE',  #1113 ) ;
#6756 = CARTESIAN_POINT ( 'NONE',  ( 1.675000000000002487, 0.05000000000000030809, 1.249999999999998002 ) ) ;
#6757 = VECTOR ( 'NONE', #1975, 1000.000000000000000 ) ;
#6758 = EDGE_CURVE ( 'NONE', #7736, #3549, #4088, .T. ) ;
#6759 = SURFACE_SIDE_STYLE ('',( #7232 ) ) ;
#6760 = DIRECTION ( 'NONE',  ( -0.000000000000000000, -1.000000000000000000, -3.249988186109896618E-11 ) ) ;
#6761 = CARTESIAN_POINT ( 'NONE',  ( -0.8999999999999966915, 1.050000000000000044, 0.04500000000000296124 ) ) ;
#6762 = DIRECTION ( 'NONE',  ( 0.000000000000000000, 0.000000000000000000, 1.000000000000000000 ) ) ;
#6763 = EDGE_CURVE ( 'NONE', #5088, #7883, #3492, .T. ) ;
#6764 = STYLED_ITEM ( 'NONE', ( #2605 ), #1668 ) ;
#6765 = DIRECTION ( 'NONE',  ( 0.000000000000000000, -1.000000000000000000, -1.204669080539449344E-16 ) ) ;
#6766 = DIRECTION ( 'NONE',  ( 0.000000000000000000, 0.000000000000000000, -1.000000000000000000 ) ) ;
#6767 = FACE_OUTER_BOUND ( 'NONE', #2024, .T. ) ;
#6768 = FACE_OUTER_BOUND ( 'NONE', #5439, .T. ) ;
#6769 = EDGE_CURVE ( 'NONE', #7570, #1691, #7407, .T. ) ;
#6770 = CARTESIAN_POINT ( 'NONE',  ( -1.699999999999996625, 2.239999999999990443, 0.04500000000000296124 ) ) ;
#6771 = ORIENTED_EDGE ( 'NONE', *, *, #6999, .T. ) ;
#6772 = VERTEX_POINT ( 'NONE', #6113 ) ;
#6773 = MECHANICAL_DESIGN_GEOMETRIC_PRESENTATION_REPRESENTATION (  '', ( #220 ), #4334 ) ;
#6774 = EDGE_CURVE ( 'NONE', #2442, #6513, #583, .T. ) ;
#6775 = MECHANICAL_DESIGN_GEOMETRIC_PRESENTATION_REPRESENTATION (  '', ( #2286 ), #5642 ) ;
#6776 = CARTESIAN_POINT ( 'NONE',  ( 2.800000000000001599, 0.1000000012999997384, 0.05000000000812362261 ) ) ;
#6777 = FACE_OUTER_BOUND ( 'NONE', #170, .T. ) ;
#6778 = DIRECTION ( 'NONE',  ( 1.000000000000000000, 0.000000000000000000, 0.000000000000000000 ) ) ;
#6779 = ORIENTED_EDGE ( 'NONE', *, *, #5967, .T. ) ;
#6780 = UNCERTAINTY_MEASURE_WITH_UNIT (LENGTH_MEASURE( 1.000000000000000082E-05 ), #398, 'distance_accuracy_value', 'NONE');
#6781 = LINE ( 'NONE', #7495, #5857 ) ;
#6782 = VECTOR ( 'NONE', #4164, 1000.000000000000000 ) ;
#6783 = LINE ( 'NONE', #29, #2096 ) ;
#6784 = EDGE_CURVE ( 'NONE', #5800, #6001, #4937, .T. ) ;
#6785 = EDGE_CURVE ( 'NONE', #941, #6894, #2444, .T. ) ;
#6786 = DIRECTION ( 'NONE',  ( 0.000000000000000000, 0.000000000000000000, 1.000000000000000000 ) ) ;
#6787 = LINE ( 'NONE', #1287, #6846 ) ;
#6788 = DIRECTION ( 'NONE',  ( 0.000000000000000000, 0.000000000000000000, 1.000000000000000000 ) ) ;
#6789 = CARTESIAN_POINT ( 'NONE',  ( -0.02946920771661101432, 2.639999999999999236, 0.1250000000000016376 ) ) ;
#6790 = ORIENTED_EDGE ( 'NONE', *, *, #675, .T. ) ;
#6791 = PLANE ( 'NONE',  #7116 ) ;
#6792 = EDGE_LOOP ( 'NONE', ( #5291, #5930, #559, #6551 ) ) ;
#6793 = CARTESIAN_POINT ( 'NONE',  ( -3.099999999999997868, 0.3499999999250001381, 0.5500000000000018208 ) ) ;
#6794 = CARTESIAN_POINT ( 'NONE',  ( -1.674999999999996714, 0.000000000000000000, 1.200000000000000844 ) ) ;
#6795 = ADVANCED_FACE ( 'NONE', ( #1887, #6239 ), #1931, .F. ) ;
#6796 = EDGE_CURVE ( 'NONE', #19, #763, #4896, .T. ) ;
#6797 = ADVANCED_FACE ( 'NONE', ( #4323 ), #4283, .F. ) ;
#6798 = ORIENTED_EDGE ( 'NONE', *, *, #3866, .F. ) ;
#6799 = ORIENTED_EDGE ( 'NONE', *, *, #5997, .F. ) ;
#6800 = CARTESIAN_POINT ( 'NONE',  ( 4.400000000000005684, 2.639999999999999236, 0.1250000000000016376 ) ) ;
#6801 = VERTEX_POINT ( 'NONE', #627 ) ;
#6802 = EDGE_LOOP ( 'NONE', ( #893, #6456, #6023, #3447, #2396 ) ) ;
#6803 = EDGE_CURVE ( 'NONE', #4998, #3636, #6852, .T. ) ;
#6804 = VERTEX_POINT ( 'NONE', #6735 ) ;
#6805 = CARTESIAN_POINT ( 'NONE',  ( 0.8750000000000048850, 0.4500000002000000277, 0.5500000000000018208 ) ) ;
#6806 = LINE ( 'NONE', #4923, #712 ) ;
#6807 = LINE ( 'NONE', #2038, #5596 ) ;
#6808 = DIRECTION ( 'NONE',  ( 0.000000000000000000, 1.204669080539449344E-16, -1.000000000000000000 ) ) ;
#6809 = SURFACE_STYLE_USAGE ( .BOTH. , #4356 ) ;
#6810 = CARTESIAN_POINT ( 'NONE',  ( -0.7249999999999952038, -3.675261601645777502E-17, 0.6500000000000011324 ) ) ;
#6811 = EDGE_LOOP ( 'NONE', ( #6568, #5914, #4225, #2379 ) ) ;
#6812 = VERTEX_POINT ( 'NONE', #5666 ) ;
#6813 = EDGE_CURVE ( 'NONE', #2838, #89, #134, .T. ) ;
#6814 = PLANE ( 'NONE',  #7749 ) ;
#6815 = CARTESIAN_POINT ( 'NONE',  ( 1.675000000000002487, 0.1999999999999999278, 1.249999999999998002 ) ) ;
#6816 =( NAMED_UNIT ( * ) SI_UNIT ( $, .STERADIAN. ) SOLID_ANGLE_UNIT ( ) );
#6817 = EDGE_LOOP ( 'NONE', ( #4020, #231, #2082, #754, #444 ) ) ;
#6818 =( NAMED_UNIT ( * ) PLANE_ANGLE_UNIT ( ) SI_UNIT ( $, .RADIAN. ) );
#6819 =( LENGTH_UNIT ( ) NAMED_UNIT ( * ) SI_UNIT ( .MILLI., .METRE. ) );
#6820 = FACE_OUTER_BOUND ( 'NONE', #3328, .T. ) ;
#6821 = MECHANICAL_DESIGN_GEOMETRIC_PRESENTATION_REPRESENTATION (  '', ( #5937 ), #4380 ) ;
#6822 = PRESENTATION_STYLE_ASSIGNMENT (( #5677 ) ) ;
#6823 = PRESENTATION_LAYER_ASSIGNMENT (  '', '', ( #7573 ) ) ;
#6824 = VECTOR ( 'NONE', #1593, 1000.000000000000000 ) ;
#6825 = CARTESIAN_POINT ( 'NONE',  ( 4.400000000000005684, 1.050000000000000044, 0.1250000000000016376 ) ) ;
#6826 = VECTOR ( 'NONE', #2432, 1000.000000000000000 ) ;
#6827 = DIRECTION ( 'NONE',  ( -0.5773502691896322814, 0.5773502691896323924, 0.5773502691896124084 ) ) ;
#6828 = VERTEX_POINT ( 'NONE', #6695 ) ;
#6829 = CARTESIAN_POINT ( 'NONE',  ( -1.474999999999996314, 2.750000000000000000, -0.8099999999999991651 ) ) ;
#6830 = DIRECTION ( 'NONE',  ( -1.000000000000000000, -0.000000000000000000, -0.000000000000000000 ) ) ;
#6831 = EDGE_CURVE ( 'NONE', #178, #3033, #1236, .T. ) ;
#6832 = EDGE_LOOP ( 'NONE', ( #1394, #1019, #3273, #5331 ) ) ;
#6833 = PRESENTATION_STYLE_ASSIGNMENT (( #3837 ) ) ;
#6834 = ORIENTED_EDGE ( 'NONE', *, *, #4817, .F. ) ;
#6835 = ORIENTED_EDGE ( 'NONE', *, *, #846, .F. ) ;
#6836 = VECTOR ( 'NONE', #5990, 1000.000000000000000 ) ;
#6837 = CARTESIAN_POINT ( 'NONE',  ( -0.09999999999999668876, 2.639999999999999236, 0.04500000000000296124 ) ) ;
#6838 =( NAMED_UNIT ( * ) SI_UNIT ( $, .STERADIAN. ) SOLID_ANGLE_UNIT ( ) );
#6839 = PLANE ( 'NONE',  #4590 ) ;
#6840 = VECTOR ( 'NONE', #348, 1000.000000000000000 ) ;
#6841 = DIRECTION ( 'NONE',  ( 0.1710878697460311570, 0.9702875252478154744, -0.1710878697460311570 ) ) ;
#6842 = MECHANICAL_DESIGN_GEOMETRIC_PRESENTATION_REPRESENTATION (  '', ( #1981 ), #7078 ) ;
#6843 = VECTOR ( 'NONE', #5923, 1000.000000000000000 ) ;
#6844 = DIRECTION ( 'NONE',  ( 1.000000000000000000, 0.000000000000000000, -0.000000000000000000 ) ) ;
#6845 = FACE_OUTER_BOUND ( 'NONE', #4808, .T. ) ;
#6846 = VECTOR ( 'NONE', #5080, 1000.000000000000227 ) ;
#6847 = PLANE ( 'NONE',  #7290 ) ;
#6848 = DIRECTION ( 'NONE',  ( 1.000000000000000000, 0.000000000000000000, 0.000000000000000000 ) ) ;
#6849 = COLOUR_RGB ( '',0.7960784313725489669, 0.8235294117647058432, 0.9372549019607843146 ) ;
#6850 = ORIENTED_EDGE ( 'NONE', *, *, #214, .F. ) ;
#6851 = AXIS2_PLACEMENT_3D ( 'NONE', #6627, #4211, #507 ) ;
#6852 = LINE ( 'NONE', #1357, #1579 ) ;
#6853 = DIRECTION ( 'NONE',  ( 0.000000000000000000, -0.000000000000000000, 1.000000000000000000 ) ) ;
#6854 = CARTESIAN_POINT ( 'NONE',  ( 1.675000000000002487, 0.1000000006499977834, 0.5499999993499968820 ) ) ;
#6855 = DIRECTION ( 'NONE',  ( 1.000000000000000000, -0.000000000000000000, -0.000000000000000000 ) ) ;
#6856 = ORIENTED_EDGE ( 'NONE', *, *, #1613, .F. ) ;
#6857 = CARTESIAN_POINT ( 'NONE',  ( 0.1000000000000047101, 2.239999999999990443, 0.3450000000000029710 ) ) ;
#6858 = UNCERTAINTY_MEASURE_WITH_UNIT (LENGTH_MEASURE( 1.000000000000000082E-05 ), #4918, 'distance_accuracy_value', 'NONE');
#6859 = DIRECTION ( 'NONE',  ( -0.000000000000000000, 1.000000000000000000, 0.000000000000000000 ) ) ;
#6860 = DIRECTION ( 'NONE',  ( 0.000000000000000000, 0.000000000000000000, -1.000000000000000000 ) ) ;
#6861 = ORIENTED_EDGE ( 'NONE', *, *, #2129, .F. ) ;
#6862 = EDGE_CURVE ( 'NONE', #3715, #7570, #5540, .T. ) ;
#6863 = FILL_AREA_STYLE_COLOUR ( '', #4543 ) ;
#6864 = CARTESIAN_POINT ( 'NONE',  ( -0.8749999999999968914, -3.675261601645777964E-18, 0.6500000000000011324 ) ) ;
#6865 = VECTOR ( 'NONE', #1807, 1000.000000000000000 ) ;
#6866 = CARTESIAN_POINT ( 'NONE',  ( 3.600000000000004974, 2.639999999999999236, 0.2744692077166173139 ) ) ;
#6867 = AXIS2_PLACEMENT_3D ( 'NONE', #6716, #1217, #4266 ) ;
#6868 = CARTESIAN_POINT ( 'NONE',  ( 1.700000000000003064, 1.050000000000000044, -0.8250000000000000666 ) ) ;
#6869 = CARTESIAN_POINT ( 'NONE',  ( 2.099999998900001330, 2.639999999999999236, -0.7000000000000015099 ) ) ;
#6870 = ORIENTED_EDGE ( 'NONE', *, *, #6881, .T. ) ;
#6871 = FACE_OUTER_BOUND ( 'NONE', #7483, .T. ) ;
#6872 = MANIFOLD_SOLID_BREP ( 'Boss-Extrude7', #2557 ) ;
#6873 = ORIENTED_EDGE ( 'NONE', *, *, #7145, .F. ) ;
#6874 = PRESENTATION_LAYER_ASSIGNMENT (  '', '', ( #2394 ) ) ;
#6875 = VERTEX_POINT ( 'NONE', #4557 ) ;
#6876 = DIRECTION ( 'NONE',  ( -1.000000000000000000, 0.000000000000000000, 0.000000000000000000 ) ) ;
#6877 = CARTESIAN_POINT ( 'NONE',  ( 1.675000000000002487, 0.4500000002000000277, 0.6556624325871199810 ) ) ;
#6878 = CARTESIAN_POINT ( 'NONE',  ( -0.07499999999999683309, 0.4500000002000000832, 0.5500000000000018208 ) ) ;
#6879 = LINE ( 'NONE', #856, #1491 ) ;
#6880 = VECTOR ( 'NONE', #2731, 1000.000000000000000 ) ;
#6881 = EDGE_CURVE ( 'NONE', #4752, #19, #2484, .T. ) ;
#6882 = ADVANCED_FACE ( 'NONE', ( #5143 ), #7556, .F. ) ;
#6883 = DIRECTION ( 'NONE',  ( 0.000000000000000000, -0.1736481776669255295, -0.9848077530122090195 ) ) ;
#6884 = CARTESIAN_POINT ( 'NONE',  ( -2.599999999999997424, 1.000000000000000000, -0.9499999999843734555 ) ) ;
#6885 = LINE ( 'NONE', #6271, #7795 ) ;
#6886 = SURFACE_SIDE_STYLE ('',( #7553 ) ) ;
#6887 = MECHANICAL_DESIGN_GEOMETRIC_PRESENTATION_REPRESENTATION (  '', ( #6764 ), #5755 ) ;
#6888 = ADVANCED_FACE ( 'NONE', ( #2047 ), #939, .F. ) ;
#6889 = ORIENTED_EDGE ( 'NONE', *, *, #6312, .F. ) ;
#6890 = CARTESIAN_POINT ( 'NONE',  ( -0.09999999999999668876, 1.050000000000000044, 0.3450000000000029710 ) ) ;
#6891 = CARTESIAN_POINT ( 'NONE',  ( 2.100000000000001421, 2.639999999999999236, -0.5000000000000015543 ) ) ;
#6892 = LINE ( 'NONE', #1890, #2466 ) ;
#6893 = FACE_OUTER_BOUND ( 'NONE', #870, .T. ) ;
#6894 = VERTEX_POINT ( 'NONE', #6890 ) ;
#6895 = EDGE_CURVE ( 'NONE', #2998, #450, #6925, .T. ) ;
#6896 = DIRECTION ( 'NONE',  ( -0.000000000000000000, -1.000000000000000000, -0.000000000000000000 ) ) ;
#6897 = DIRECTION ( 'NONE',  ( -0.000000000000000000, 1.000000000000000000, -0.000000000000000000 ) ) ;
#6898 = EDGE_LOOP ( 'NONE', ( #7923, #809, #237, #4104 ) ) ;
#6899 = DIRECTION ( 'NONE',  ( 0.1710878697460308795, 0.9702875252478155854, 0.1710878697460308795 ) ) ;
#6900 = VECTOR ( 'NONE', #4705, 1000.000000000000000 ) ;
#6901 = ORIENTED_EDGE ( 'NONE', *, *, #2521, .T. ) ;
#6902 = CARTESIAN_POINT ( 'NONE',  ( 3.600000000000004974, 1.050000000000000044, 0.1250000000000016376 ) ) ;
#6903 = DIRECTION ( 'NONE',  ( 0.1710878697460308795, 0.9702875252478155854, 0.1710878697460308795 ) ) ;
#6904 = VECTOR ( 'NONE', #4618, 1000.000000000000000 ) ;
#6905 = EDGE_CURVE ( 'NONE', #3506, #4230, #6098, .T. ) ;
#6906 =( LENGTH_UNIT ( ) NAMED_UNIT ( * ) SI_UNIT ( .MILLI., .METRE. ) );
#6907 = DIRECTION ( 'NONE',  ( 0.000000000000000000, -1.000000000000000000, -1.204669080539449344E-16 ) ) ;
#6908 =( GEOMETRIC_REPRESENTATION_CONTEXT ( 3 ) GLOBAL_UNCERTAINTY_ASSIGNED_CONTEXT ( ( #757 ) ) GLOBAL_UNIT_ASSIGNED_CONTEXT ( ( #1871, #2995, #648 ) ) REPRESENTATION_CONTEXT ( 'NONE', 'WORKASPACE' ) );
#6909 = FILL_AREA_STYLE_COLOUR ( '', #2221 ) ;
#6910 = ORIENTED_EDGE ( 'NONE', *, *, #1027, .F. ) ;
#6911 = EDGE_CURVE ( 'NONE', #3500, #7834, #3289, .T. ) ;
#6912 = CARTESIAN_POINT ( 'NONE',  ( -1.570530792283381771, 2.639999999999999236, 0.1250000000000016376 ) ) ;
#6913 = DIRECTION ( 'NONE',  ( -0.000000000000000000, 0.000000000000000000, -1.000000000000000000 ) ) ;
#6914 = DIRECTION ( 'NONE',  ( 0.000000000000000000, 0.000000000000000000, 1.000000000000000000 ) ) ;
#6915 = ORIENTED_EDGE ( 'NONE', *, *, #3570, .F. ) ;
#6916 = LINE ( 'NONE', #5609, #7328 ) ;
#6917 = CARTESIAN_POINT ( 'NONE',  ( 1.675000000000002487, -4.042787761810355684E-17, 1.199999999999997735 ) ) ;
#6918 = CARTESIAN_POINT ( 'NONE',  ( 1.570530792283389099, 2.639999999999999236, 0.1249999999999985983 ) ) ;
#6919 = DIRECTION ( 'NONE',  ( -0.9848077530122089085, -0.1736481776669258625, -0.000000000000000000 ) ) ;
#6920 = DIRECTION ( 'NONE',  ( 0.1710878697460311570, 0.9702875252478154744, 0.1710878697460311293 ) ) ;
#6921 = CARTESIAN_POINT ( 'NONE',  ( 2.600000000000001865, 0.1199999999999999956, -0.9500000000000013989 ) ) ;
#6922 = DIRECTION ( 'NONE',  ( -0.000000000000000000, 0.000000000000000000, 1.000000000000000000 ) ) ;
#6923 = LINE ( 'NONE', #6810, #5807 ) ;
#6924 = VECTOR ( 'NONE', #2091, 1000.000000000000000 ) ;
#6925 = LINE ( 'NONE', #3855, #6348 ) ;
#6926 = PRODUCT_CONTEXT ( 'NONE', #2796, 'mechanical' ) ;
#6927 = DIRECTION ( 'NONE',  ( -0.000000000000000000, 1.000000000000000000, -0.000000000000000000 ) ) ;
#6928 = ORIENTED_EDGE ( 'NONE', *, *, #2280, .T. ) ;
#6929 = CARTESIAN_POINT ( 'NONE',  ( 2.600000000000001865, 1.000000000000000000, -0.9499999999843765641 ) ) ;
#6930 = DIRECTION ( 'NONE',  ( 0.000000000000000000, 0.000000000000000000, -1.000000000000000000 ) ) ;
#6931 = UNCERTAINTY_MEASURE_WITH_UNIT (LENGTH_MEASURE( 1.000000000000000082E-05 ), #2424, 'distance_accuracy_value', 'NONE');
#6932 = DIRECTION ( 'NONE',  ( -0.000000000000000000, 1.000000000000000000, 1.857148025303053679E-09 ) ) ;
#6933 = ORIENTED_EDGE ( 'NONE', *, *, #613, .F. ) ;
#6934 = EDGE_CURVE ( 'NONE', #3773, #2740, #5211, .T. ) ;
#6935 = CARTESIAN_POINT ( 'NONE',  ( 0.8750000000000048850, 0.1999999999999999278, 1.250000000000001110 ) ) ;
#6936 = LINE ( 'NONE', #1448, #1729 ) ;
#6937 = CARTESIAN_POINT ( 'NONE',  ( 1.500000000000002665, 2.639999999999999236, 0.04499999999999992895 ) ) ;
#6938 = EDGE_CURVE ( 'NONE', #7035, #7186, #1398, .T. ) ;
#6939 = VERTEX_POINT ( 'NONE', #6578 ) ;
#6940 = CARTESIAN_POINT ( 'NONE',  ( 2.500000000000002220, 0.1000000012999997384, -0.9999999999999986677 ) ) ;
#6941 = ORIENTED_EDGE ( 'NONE', *, *, #2136, .T. ) ;
#6942 = LINE ( 'NONE', #4239, #5190 ) ;
#6943 = AXIS2_PLACEMENT_3D ( 'NONE', #5020, #5138, #2042 ) ;
#6944 = ORIENTED_EDGE ( 'NONE', *, *, #1299, .F. ) ;
#6945 = EDGE_LOOP ( 'NONE', ( #4794, #6576, #7672, #5584 ) ) ;
#6946 = DIRECTION ( 'NONE',  ( 0.000000000000000000, -0.000000000000000000, -1.000000000000000000 ) ) ;
#6947 =( NAMED_UNIT ( * ) PLANE_ANGLE_UNIT ( ) SI_UNIT ( $, .RADIAN. ) );
#6948 = SURFACE_STYLE_FILL_AREA ( #1426 ) ;
#6949 = VECTOR ( 'NONE', #6447, 1000.000000000000000 ) ;
#6950 = LINE ( 'NONE', #7585, #3448 ) ;
#6951 = CARTESIAN_POINT ( 'NONE',  ( -1.499999999999996225, 2.639999999999999236, -0.3249999999999970690 ) ) ;
#6952 = ADVANCED_FACE ( 'NONE', ( #3524 ), #1628, .F. ) ;
#6953 = CARTESIAN_POINT ( 'NONE',  ( 2.800000000000001599, 0.2063250300240242197, -0.9500000000000013989 ) ) ;
#6954 = AXIS2_PLACEMENT_3D ( 'NONE', #1245, #5468, #7899 ) ;
#6955 = LINE ( 'NONE', #6375, #6700 ) ;
#6956 = CARTESIAN_POINT ( 'NONE',  ( 2.600000000000001865, 0.3063250300240242252, -0.9500000000000016209 ) ) ;
#6957 = DIRECTION ( 'NONE',  ( 0.000000000000000000, 0.000000000000000000, -1.000000000000000000 ) ) ;
#6958 = VECTOR ( 'NONE', #5502, 1000.000000000000000 ) ;
#6959 = VECTOR ( 'NONE', #6657, 1000.000000000000000 ) ;
#6960 = AXIS2_PLACEMENT_3D ( 'NONE', #53, #11, #3727 ) ;
#6961 = ORIENTED_EDGE ( 'NONE', *, *, #5978, .T. ) ;
#6962 = ORIENTED_EDGE ( 'NONE', *, *, #3604, .F. ) ;
#6963 = FACE_OUTER_BOUND ( 'NONE', #6508, .T. ) ;
#6964 = DIRECTION ( 'NONE',  ( -1.000000000000000000, 0.000000000000000000, -0.000000000000000000 ) ) ;
#6965 = VECTOR ( 'NONE', #3717, 1000.000000000000000 ) ;
#6966 = DIRECTION ( 'NONE',  ( -0.000000000000000000, -1.000000000000000000, -0.000000000000000000 ) ) ;
#6967 = VERTEX_POINT ( 'NONE', #7802 ) ;
#6968 = VECTOR ( 'NONE', #4174, 1000.000000000000000 ) ;
#6969 = EDGE_LOOP ( 'NONE', ( #1669, #1740, #4798, #7779 ) ) ;
#6970 = STYLED_ITEM ( 'NONE', ( #2454 ), #6544 ) ;
#6971 = LINE ( 'NONE', #4646, #5701 ) ;
#6972 = DIRECTION ( 'NONE',  ( 0.000000000000000000, 0.000000000000000000, -1.000000000000000000 ) ) ;
#6973 = ADVANCED_FACE ( 'NONE', ( #2315 ), #6617, .F. ) ;
#6974 = DIRECTION ( 'NONE',  ( -0.000000000000000000, -1.000000000000000000, -0.000000000000000000 ) ) ;
#6975 =( NAMED_UNIT ( * ) PLANE_ANGLE_UNIT ( ) SI_UNIT ( $, .RADIAN. ) );
#6976 = ORIENTED_EDGE ( 'NONE', *, *, #3335, .T. ) ;
#6977 = LINE ( 'NONE', #1686, #5441 ) ;
#6978 = ORIENTED_EDGE ( 'NONE', *, *, #2381, .F. ) ;
#6979 = DIRECTION ( 'NONE',  ( -0.000000000000000000, -0.000000000000000000, -1.000000000000000000 ) ) ;
#6980 = ORIENTED_EDGE ( 'NONE', *, *, #1530, .T. ) ;
#6981 = VECTOR ( 'NONE', #5134, 1000.000000000000000 ) ;
#6982 = DIRECTION ( 'NONE',  ( 0.000000000000000000, 0.000000000000000000, 1.000000000000000000 ) ) ;
#6983 = ORIENTED_EDGE ( 'NONE', *, *, #6895, .F. ) ;
#6984 = DIRECTION ( 'NONE',  ( 0.000000000000000000, 0.000000000000000000, 1.000000000000000000 ) ) ;
#6985 = AXIS2_PLACEMENT_3D ( 'NONE', #4329, #759, #5073 ) ;
#6986 = CARTESIAN_POINT ( 'NONE',  ( -0.7249999999999952038, 0.1999999999999999833, 0.8000000000000011546 ) ) ;
#6987 = FACE_OUTER_BOUND ( 'NONE', #7071, .T. ) ;
#6988 = CARTESIAN_POINT ( 'NONE',  ( 0.1573992731603615358, 1.914472545666377146, 0.4023992731603601714 ) ) ;
#6989 = MECHANICAL_DESIGN_GEOMETRIC_PRESENTATION_REPRESENTATION (  '', ( #6372 ), #67 ) ;
#6990 = DIRECTION ( 'NONE',  ( 0.000000000000000000, 0.000000000000000000, -1.000000000000000000 ) ) ;
#6991 = CARTESIAN_POINT ( 'NONE',  ( -0.6749999999999946043, 1.050000000000000044, -0.6999999999999985123 ) ) ;
#6992 = CARTESIAN_POINT ( 'NONE',  ( -2.799999999999997158, 0.3063250300240242252, -0.8499999999999985345 ) ) ;
#6993 = PLANE ( 'NONE',  #4085 ) ;
#6994 = LINE ( 'NONE', #2187, #2726 ) ;
#6995 = ADVANCED_FACE ( 'NONE', ( #4765 ), #6496, .F. ) ;
#6996 = AXIS2_PLACEMENT_3D ( 'NONE', #4224, #6751, #3188 ) ;
#6997 = SURFACE_SIDE_STYLE ('',( #6417 ) ) ;
#6998 = ORIENTED_EDGE ( 'NONE', *, *, #6454, .F. ) ;
#6999 = EDGE_CURVE ( 'NONE', #7506, #825, #3484, .T. ) ;
#7000 = PLANE ( 'NONE',  #2724 ) ;
#7001 = VERTEX_POINT ( 'NONE', #6535 ) ;
#7002 = PLANE ( 'NONE',  #2673 ) ;
#7003 =( NAMED_UNIT ( * ) PLANE_ANGLE_UNIT ( ) SI_UNIT ( $, .RADIAN. ) );
#7004 = DIRECTION ( 'NONE',  ( 1.000000000000000000, -0.000000000000000000, -0.000000000000000000 ) ) ;
#7005 = ADVANCED_FACE ( 'NONE', ( #5900 ), #983, .F. ) ;
#7006 = ORIENTED_EDGE ( 'NONE', *, *, #3960, .F. ) ;
#7007 = LINE ( 'NONE', #3376, #51 ) ;
#7008 = CARTESIAN_POINT ( 'NONE',  ( -1.524999999999996803, 0.4500000002000000832, 0.5500000000000018208 ) ) ;
#7009 = LINE ( 'NONE', #4050, #2831 ) ;
#7010 = VERTEX_POINT ( 'NONE', #2839 ) ;
#7011 = DIRECTION ( 'NONE',  ( 1.000000000000000000, 0.000000000000000000, -0.000000000000000000 ) ) ;
#7012 = EDGE_CURVE ( 'NONE', #3095, #3154, #7347, .T. ) ;
#7013 = EDGE_CURVE ( 'NONE', #948, #7523, #7240, .T. ) ;
#7014 = ORIENTED_EDGE ( 'NONE', *, *, #159, .F. ) ;
#7015 = AXIS2_PLACEMENT_3D ( 'NONE', #598, #2376, #4787 ) ;
#7016 = VECTOR ( 'NONE', #6709, 1000.000000000000000 ) ;
#7017 = EDGE_LOOP ( 'NONE', ( #2701, #2549, #3192, #1706 ) ) ;
#7018 = PLANE ( 'NONE',  #1722 ) ;
#7019 = CARTESIAN_POINT ( 'NONE',  ( 0.8750000000000048850, 0.4500000002000000277, 0.6556624325871229786 ) ) ;
#7020 = CARTESIAN_POINT ( 'NONE',  ( -2.799999999999997158, 0.6936749699759758858, -0.9499999999999986233 ) ) ;
#7021 = EDGE_CURVE ( 'NONE', #2952, #7136, #7195, .T. ) ;
#7022 = CARTESIAN_POINT ( 'NONE',  ( -0.07499999999999683309, -3.675261601645777964E-18, 0.6500000000000011324 ) ) ;
#7023 = EDGE_CURVE ( 'NONE', #4712, #4398, #5290, .T. ) ;
#7024 = EDGE_CURVE ( 'NONE', #5322, #6656, #1589, .T. ) ;
#7025 = CARTESIAN_POINT ( 'NONE',  ( -0.8294692077166110344, 2.639999999999999236, 0.1155307922833886253 ) ) ;
#7026 = CARTESIAN_POINT ( 'NONE',  ( 0.1250000000000054123, 0.7768699943250462203, -0.8099999999999991651 ) ) ;
#7027 = VECTOR ( 'NONE', #2218, 1000.000000000000000 ) ;
#7028 = VECTOR ( 'NONE', #4819, 1000.000000000000000 ) ;
#7029 = ADVANCED_FACE ( 'NONE', ( #2223 ), #2888, .F. ) ;
#7030 = PRESENTATION_LAYER_ASSIGNMENT (  '', '', ( #5904 ) ) ;
#7031 = PLANE ( 'NONE',  #967 ) ;
#7032 = CARTESIAN_POINT ( 'NONE',  ( -1.674999999999996714, 0.000000000000000000, 0.6500000000000011324 ) ) ;
#7033 = ORIENTED_EDGE ( 'NONE', *, *, #468, .T. ) ;
#7034 =( NAMED_UNIT ( * ) SI_UNIT ( $, .STERADIAN. ) SOLID_ANGLE_UNIT ( ) );
#7035 = VERTEX_POINT ( 'NONE', #7839 ) ;
#7036 = ORIENTED_EDGE ( 'NONE', *, *, #5118, .F. ) ;
#7037 = SURFACE_STYLE_USAGE ( .BOTH. , #6997 ) ;
#7038 = VERTEX_POINT ( 'NONE', #416 ) ;
#7039 = DIRECTION ( 'NONE',  ( -1.000000000000000000, 0.000000000000000000, 0.000000000000000000 ) ) ;
#7040 = LINE ( 'NONE', #458, #7144 ) ;
#7041 = VERTEX_POINT ( 'NONE', #4809 ) ;
#7042 =( NAMED_UNIT ( * ) PLANE_ANGLE_UNIT ( ) SI_UNIT ( $, .RADIAN. ) );
#7043 = DIRECTION ( 'NONE',  ( -0.000000000000000000, 0.000000000000000000, 1.000000000000000000 ) ) ;
#7044 = EDGE_CURVE ( 'NONE', #1458, #4033, #4078, .T. ) ;
#7045 = DIRECTION ( 'NONE',  ( -0.000000000000000000, 0.000000000000000000, 1.000000000000000000 ) ) ;
#7046 = CARTESIAN_POINT ( 'NONE',  ( 2.599999999764064817, 1.000000000075000006, -1.000000000000001776 ) ) ;
#7047 = VERTEX_POINT ( 'NONE', #4201 ) ;
#7048 = CARTESIAN_POINT ( 'NONE',  ( -2.599999999999997424, 8.109541161931386268E-17, -0.7786222391909453089 ) ) ;
#7049 = ORIENTED_EDGE ( 'NONE', *, *, #818, .F. ) ;
#7050 = CLOSED_SHELL ( 'NONE', ( #7362, #2780, #2248, #6220, #371, #2774, #3612, #6076, #5373, #6662 ) ) ;
#7051 = DIRECTION ( 'NONE',  ( 0.000000000000000000, -0.000000000000000000, 1.000000000000000000 ) ) ;
#7052 = DIRECTION ( 'NONE',  ( -0.000000000000000000, 1.000000000000000000, -0.000000000000000000 ) ) ;
#7053 = VERTEX_POINT ( 'NONE', #7760 ) ;
#7054 = FACE_OUTER_BOUND ( 'NONE', #6346, .T. ) ;
#7055 = VERTEX_POINT ( 'NONE', #4720 ) ;
#7056 = UNCERTAINTY_MEASURE_WITH_UNIT (LENGTH_MEASURE( 1.000000000000000082E-05 ), #7638, 'distance_accuracy_value', 'NONE');
#7057 = FILL_AREA_STYLE_COLOUR ( '', #5524 ) ;
#7058 = FILL_AREA_STYLE_COLOUR ( '', #6532 ) ;
#7059 =( NAMED_UNIT ( * ) PLANE_ANGLE_UNIT ( ) SI_UNIT ( $, .RADIAN. ) );
#7060 = VECTOR ( 'NONE', #5708, 1000.000000000000000 ) ;
#7061 = PRESENTATION_LAYER_ASSIGNMENT (  '', '', ( #7702 ) ) ;
#7062 = FILL_AREA_STYLE_COLOUR ( '', #684 ) ;
#7063 = CARTESIAN_POINT ( 'NONE',  ( 0.9000000000000047962, 2.239999999999990443, 0.3450000000000029710 ) ) ;
#7064 = VECTOR ( 'NONE', #2356, 1000.000000000000000 ) ;
#7065 = CARTESIAN_POINT ( 'NONE',  ( -0.9249999999999966027, 1.050000000000000044, -0.8099999999999991651 ) ) ;
#7066 = DIRECTION ( 'NONE',  ( -0.000000000000000000, -0.000000000000000000, 1.000000000000000000 ) ) ;
#7067 = ORIENTED_EDGE ( 'NONE', *, *, #7890, .F. ) ;
#7068 = AXIS2_PLACEMENT_3D ( 'NONE', #5854, #979, #249 ) ;
#7069 = ORIENTED_EDGE ( 'NONE', *, *, #5189, .T. ) ;
#7070 = CARTESIAN_POINT ( 'NONE',  ( 0.9000000000000047962, 2.239999999999990443, 0.04500000000000294043 ) ) ;
#7071 = EDGE_LOOP ( 'NONE', ( #2992, #3117, #847, #1367 ) ) ;
#7072 = LINE ( 'NONE', #5214, #6824 ) ;
#7073 = CARTESIAN_POINT ( 'NONE',  ( -1.724999999999997424, 2.639999999999998348, -0.6999999999999982903 ) ) ;
#7074 = SURFACE_STYLE_FILL_AREA ( #7645 ) ;
#7075 = FACE_OUTER_BOUND ( 'NONE', #251, .T. ) ;
#7076 =( GEOMETRIC_REPRESENTATION_CONTEXT ( 3 ) GLOBAL_UNCERTAINTY_ASSIGNED_CONTEXT ( ( #3255 ) ) GLOBAL_UNIT_ASSIGNED_CONTEXT ( ( #7616, #4609, #4573 ) ) REPRESENTATION_CONTEXT ( 'NONE', 'WORKASPACE' ) );
#7077 = ORIENTED_EDGE ( 'NONE', *, *, #2713, .F. ) ;
#7078 =( GEOMETRIC_REPRESENTATION_CONTEXT ( 3 ) GLOBAL_UNCERTAINTY_ASSIGNED_CONTEXT ( ( #2764 ) ) GLOBAL_UNIT_ASSIGNED_CONTEXT ( ( #1571, #7738, #1649 ) ) REPRESENTATION_CONTEXT ( 'NONE', 'WORKASPACE' ) );
#7079 = DIRECTION ( 'NONE',  ( 0.000000000000000000, -1.204669080539449344E-16, 1.000000000000000000 ) ) ;
#7080 = EDGE_CURVE ( 'NONE', #552, #4033, #7160, .T. ) ;
#7081 = LINE ( 'NONE', #2813, #2114 ) ;
#7082 = DIRECTION ( 'NONE',  ( -1.000000000000000000, -0.000000000000000000, -0.000000000000000000 ) ) ;
#7083 = AXIS2_PLACEMENT_3D ( 'NONE', #1814, #7301, #6705 ) ;
#7084 = ORIENTED_EDGE ( 'NONE', *, *, #2969, .T. ) ;
#7085 = ORIENTED_EDGE ( 'NONE', *, *, #5356, .T. ) ;
#7086 = DIRECTION ( 'NONE',  ( 0.000000000000000000, -0.000000000000000000, -1.000000000000000000 ) ) ;
#7087 = EDGE_CURVE ( 'NONE', #4643, #2044, #6062, .T. ) ;
#7088 = MECHANICAL_DESIGN_GEOMETRIC_PRESENTATION_REPRESENTATION (  '', ( #3655 ), #1211 ) ;
#7089 = ORIENTED_EDGE ( 'NONE', *, *, #3085, .T. ) ;
#7090 = VECTOR ( 'NONE', #1855, 1000.000000000000000 ) ;
#7091 = EDGE_LOOP ( 'NONE', ( #742, #6799, #4013, #503 ) ) ;
#7092 = DIRECTION ( 'NONE',  ( 0.000000000000000000, 1.115385494969530056E-10, -1.000000000000000000 ) ) ;
#7093 = EDGE_LOOP ( 'NONE', ( #2354, #4637, #7227, #6289 ) ) ;
#7094 = FACE_OUTER_BOUND ( 'NONE', #2682, .T. ) ;
#7095 = EDGE_CURVE ( 'NONE', #4712, #4147, #3002, .T. ) ;
#7096 = EDGE_LOOP ( 'NONE', ( #6247, #3233, #6187, #6155 ) ) ;
#7097 = DIRECTION ( 'NONE',  ( 0.1710878697460311570, -0.9702875252478154744, 0.1710878697460311570 ) ) ;
#7098 =( LENGTH_UNIT ( ) NAMED_UNIT ( * ) SI_UNIT ( .MILLI., .METRE. ) );
#7099 = ORIENTED_EDGE ( 'NONE', *, *, #947, .T. ) ;
#7100 = ORIENTED_EDGE ( 'NONE', *, *, #2713, .T. ) ;
#7101 = STYLED_ITEM ( 'NONE', ( #5181 ), #4782 ) ;
#7102 = DIRECTION ( 'NONE',  ( -1.000000000000000000, 0.000000000000000000, 0.000000000000000000 ) ) ;
#7103 = VECTOR ( 'NONE', #463, 1000.000000000000000 ) ;
#7104 = LINE ( 'NONE', #3965, #4776 ) ;
#7105 = LINE ( 'NONE', #5207, #4730 ) ;
#7106 = ORIENTED_EDGE ( 'NONE', *, *, #2523, .T. ) ;
#7107 = SURFACE_STYLE_USAGE ( .BOTH. , #898 ) ;
#7108 = VECTOR ( 'NONE', #6920, 1000.000000000000227 ) ;
#7109 = VECTOR ( 'NONE', #4749, 1000.000000000000000 ) ;
#7110 = EDGE_CURVE ( 'NONE', #4737, #7035, #3272, .T. ) ;
#7111 = ADVANCED_FACE ( 'NONE', ( #3876 ), #3306, .F. ) ;
#7112 = ORIENTED_EDGE ( 'NONE', *, *, #1350, .F. ) ;
#7113 = DIRECTION ( 'NONE',  ( -1.000000000000000000, 0.000000000000000000, 0.000000000000000000 ) ) ;
#7114 = ORIENTED_EDGE ( 'NONE', *, *, #7713, .F. ) ;
#7115 = CYLINDRICAL_SURFACE ( 'NONE', #4129, 0.1000000000000000472 ) ;
#7116 = AXIS2_PLACEMENT_3D ( 'NONE', #7504, #3833, #7536 ) ;
#7117 = FILL_AREA_STYLE ('',( #6583 ) ) ;
#7118 = CARTESIAN_POINT ( 'NONE',  ( -0.8294692077166110344, 2.639999999999999236, 0.1250000000000016376 ) ) ;
#7119 = ADVANCED_FACE ( 'NONE', ( #619 ), #3081, .F. ) ;
#7120 = ORIENTED_EDGE ( 'NONE', *, *, #1948, .T. ) ;
#7121 = PLANE ( 'NONE',  #7507 ) ;
#7122 = VECTOR ( 'NONE', #1128, 1000.000000000000000 ) ;
#7123 = LINE ( 'NONE', #7891, #5177 ) ;
#7124 = DIRECTION ( 'NONE',  ( -1.000000000000000000, -0.000000000000000000, 0.000000000000000000 ) ) ;
#7125 = ADVANCED_FACE ( 'NONE', ( #197 ), #2475, .F. ) ;
#7126 = FACE_OUTER_BOUND ( 'NONE', #7129, .T. ) ;
#7127 = ADVANCED_FACE ( 'NONE', ( #6108 ), #2663, .F. ) ;
#7128 =( NAMED_UNIT ( * ) SI_UNIT ( $, .STERADIAN. ) SOLID_ANGLE_UNIT ( ) );
#7129 = EDGE_LOOP ( 'NONE', ( #1738, #1216, #4767, #1633 ) ) ;
#7130 = LINE ( 'NONE', #912, #1456 ) ;
#7131 = STYLED_ITEM ( 'NONE', ( #5903 ), #1681 ) ;
#7132 = ORIENTED_EDGE ( 'NONE', *, *, #2761, .F. ) ;
#7133 = CARTESIAN_POINT ( 'NONE',  ( 0.6750000000000034861, 0.7768699943250462203, -0.6999999999999985123 ) ) ;
#7134 = ORIENTED_EDGE ( 'NONE', *, *, #6093, .T. ) ;
#7135 = CARTESIAN_POINT ( 'NONE',  ( -2.799999999999997158, 0.1199999999999999956, -0.9499999999999984013 ) ) ;
#7136 = VERTEX_POINT ( 'NONE', #6689 ) ;
#7137 = VECTOR ( 'NONE', #3757, 1000.000000000000000 ) ;
#7138 = VERTEX_POINT ( 'NONE', #1459 ) ;
#7139 = UNCERTAINTY_MEASURE_WITH_UNIT (LENGTH_MEASURE( 1.000000000000000082E-05 ), #2720, 'distance_accuracy_value', 'NONE');
#7140 = DIRECTION ( 'NONE',  ( 0.000000000000000000, -1.000000000000000000, -5.576927474847650278E-11 ) ) ;
#7141 = DIRECTION ( 'NONE',  ( -0.000000000000000000, 1.000000000000000000, -0.000000000000000000 ) ) ;
#7142 = DIRECTION ( 'NONE',  ( -0.000000000000000000, 0.000000000000000000, -1.000000000000000000 ) ) ;
#7143 = VERTEX_POINT ( 'NONE', #5532 ) ;
#7144 = VECTOR ( 'NONE', #5217, 1000.000000000000000 ) ;
#7145 = EDGE_CURVE ( 'NONE', #7597, #253, #3917, .T. ) ;
#7146 = DIRECTION ( 'NONE',  ( -1.000000000000000000, -0.000000000000000000, -0.000000000000000000 ) ) ;
#7147 = ORIENTED_EDGE ( 'NONE', *, *, #5944, .T. ) ;
#7148 = VERTEX_POINT ( 'NONE', #4926 ) ;
#7149 = CARTESIAN_POINT ( 'NONE',  ( -0.2333333336666638114, 0.7733333336666661229, -1.316666666333331293 ) ) ;
#7150 = CARTESIAN_POINT ( 'NONE',  ( -0.02509408569281192450, 2.664812549992180646, 0.2700940856928182310 ) ) ;
#7151 = VECTOR ( 'NONE', #3567, 1000.000000000000000 ) ;
#7152 = DIRECTION ( 'NONE',  ( 0.1710878697460308795, -0.9702875252478155854, 0.1710878697460308795 ) ) ;
#7153 = PRESENTATION_LAYER_ASSIGNMENT (  '', '', ( #5766 ) ) ;
#7154 = ORIENTED_EDGE ( 'NONE', *, *, #7612, .F. ) ;
#7155 =( LENGTH_UNIT ( ) NAMED_UNIT ( * ) SI_UNIT ( .MILLI., .METRE. ) );
#7156 = ORIENTED_EDGE ( 'NONE', *, *, #1347, .F. ) ;
#7157 = ADVANCED_FACE ( 'NONE', ( #1877 ), #4273, .F. ) ;
#7158 = PRESENTATION_LAYER_ASSIGNMENT (  '', '', ( #7927 ) ) ;
#7159 = ORIENTED_EDGE ( 'NONE', *, *, #1930, .F. ) ;
#7160 = LINE ( 'NONE', #4120, #688 ) ;
#7161 = ORIENTED_EDGE ( 'NONE', *, *, #4729, .F. ) ;
#7162 = LINE ( 'NONE', #2926, #3632 ) ;
#7163 = EDGE_CURVE ( 'NONE', #5865, #4396, #3043, .T. ) ;
#7164 = DIRECTION ( 'NONE',  ( -0.000000000000000000, 1.000000000000000000, 1.857148025303053679E-09 ) ) ;
#7165 = FILL_AREA_STYLE ('',( #3616 ) ) ;
#7166 = PLANE ( 'NONE',  #7414 ) ;
#7167 = PLANE ( 'NONE',  #2366 ) ;
#7168 = CARTESIAN_POINT ( 'NONE',  ( -2.099999999999996980, 2.750000000000000000, 0.5500000000000017097 ) ) ;
#7169 = DIRECTION ( 'NONE',  ( 0.1710878697460308795, 0.9702875252478155854, 0.1710878697460308795 ) ) ;
#7170 = PLANE ( 'NONE',  #4703 ) ;
#7171 = ORIENTED_EDGE ( 'NONE', *, *, #997, .T. ) ;
#7172 = CARTESIAN_POINT ( 'NONE',  ( -1.499999999999996891, 2.239999999999990443, 0.3450000000000029710 ) ) ;
#7173 = ORIENTED_EDGE ( 'NONE', *, *, #80, .T. ) ;
#7174 = LINE ( 'NONE', #7778, #7356 ) ;
#7175 = VERTEX_POINT ( 'NONE', #6182 ) ;
#7176 = EDGE_CURVE ( 'NONE', #4717, #2755, #4887, .T. ) ;
#7177 = CARTESIAN_POINT ( 'NONE',  ( 8.700000000000006395, 2.750000000000000000, -0.8099999999999991651 ) ) ;
#7178 = CARTESIAN_POINT ( 'NONE',  ( 2.800000000000001599, 0.6936749699759758858, -0.9500000000000016209 ) ) ;
#7179 = DIRECTION ( 'NONE',  ( -1.000000000000000000, 0.000000000000000000, -0.000000000000000000 ) ) ;
#7180 = ORIENTED_EDGE ( 'NONE', *, *, #2678, .T. ) ;
#7181 = DIRECTION ( 'NONE',  ( -1.000000000000000000, 0.000000000000000000, 1.355252715606883008E-16 ) ) ;
#7182 = ORIENTED_EDGE ( 'NONE', *, *, #4784, .F. ) ;
#7183 =( NAMED_UNIT ( * ) PLANE_ANGLE_UNIT ( ) SI_UNIT ( $, .RADIAN. ) );
#7184 = CARTESIAN_POINT ( 'NONE',  ( -0.8999999999999958034, 1.050000000000000044, -0.8249999999999970690 ) ) ;
#7185 = VERTEX_POINT ( 'NONE', #849 ) ;
#7186 = VERTEX_POINT ( 'NONE', #7282 ) ;
#7187 = DIRECTION ( 'NONE',  ( 1.000000000000000000, 0.000000000000000000, 0.000000000000000000 ) ) ;
#7188 = EDGE_LOOP ( 'NONE', ( #787, #1509, #3464, #4910 ) ) ;
#7189 = EDGE_CURVE ( 'NONE', #7792, #6009, #572, .T. ) ;
#7190 = ORIENTED_EDGE ( 'NONE', *, *, #7204, .T. ) ;
#7191 = EDGE_CURVE ( 'NONE', #4748, #2079, #7541, .T. ) ;
#7192 = VERTEX_POINT ( 'NONE', #652 ) ;
#7193 = AXIS2_PLACEMENT_3D ( 'NONE', #793, #3253, #1437 ) ;
#7194 = VECTOR ( 'NONE', #574, 1000.000000000000000 ) ;
#7195 = LINE ( 'NONE', #7715, #2492 ) ;
#7196 = ORIENTED_EDGE ( 'NONE', *, *, #5548, .T. ) ;
#7197 = DIRECTION ( 'NONE',  ( 0.000000000000000000, -1.000000000000000000, 0.000000000000000000 ) ) ;
#7198 = CIRCLE ( 'NONE', #2206, 0.04999999999999991257 ) ;
#7199 = PLANE ( 'NONE',  #6203 ) ;
#7200 = CARTESIAN_POINT ( 'NONE',  ( 0.7250000000000031974, -3.675261601645777964E-18, 1.200000000000000844 ) ) ;
#7201 = DIRECTION ( 'NONE',  ( 0.000000000000000000, -1.204669080539449344E-16, 1.000000000000000000 ) ) ;
#7202 = ORIENTED_EDGE ( 'NONE', *, *, #4390, .F. ) ;
#7203 = PRESENTATION_LAYER_ASSIGNMENT (  '', '', ( #5297 ) ) ;
#7204 = EDGE_CURVE ( 'NONE', #2173, #1230, #3644, .T. ) ;
#7205 = VECTOR ( 'NONE', #3412, 1000.000000000000000 ) ;
#7206 = DIRECTION ( 'NONE',  ( 0.000000000000000000, 0.5735764363510474917, -0.8191520442889909104 ) ) ;
#7207 = PLANE ( 'NONE',  #2594 ) ;
#7208 = FILL_AREA_STYLE_COLOUR ( '', #3409 ) ;
#7209 = PLANE ( 'NONE',  #4981 ) ;
#7210 = STYLED_ITEM ( 'NONE', ( #958 ), #5452 ) ;
#7211 = FACE_OUTER_BOUND ( 'NONE', #4796, .T. ) ;
#7212 = LINE ( 'NONE', #5396, #4653 ) ;
#7213 = VECTOR ( 'NONE', #4100, 1000.000000000000000 ) ;
#7214 = VECTOR ( 'NONE', #499, 999.9999999999998863 ) ;
#7215 = EDGE_CURVE ( 'NONE', #3311, #624, #6141, .T. ) ;
#7216 =( NAMED_UNIT ( * ) SI_UNIT ( $, .STERADIAN. ) SOLID_ANGLE_UNIT ( ) );
#7217 = DIRECTION ( 'NONE',  ( 1.000000000000000000, 0.000000000000000000, 0.000000000000000000 ) ) ;
#7218 = VECTOR ( 'NONE', #909, 1000.000000000000000 ) ;
#7219 = LINE ( 'NONE', #7904, #481 ) ;
#7220 = ORIENTED_EDGE ( 'NONE', *, *, #2390, .F. ) ;
#7221 = ORIENTED_EDGE ( 'NONE', *, *, #7938, .T. ) ;
#7222 = FACE_OUTER_BOUND ( 'NONE', #7917, .T. ) ;
#7223 = ORIENTED_EDGE ( 'NONE', *, *, #1660, .F. ) ;
#7224 = VECTOR ( 'NONE', #1734, 1000.000000000000227 ) ;
#7225 = DIRECTION ( 'NONE',  ( -0.9848077530122090195, -0.1736481776669255295, -0.000000000000000000 ) ) ;
#7226 = EDGE_CURVE ( 'NONE', #6491, #1645, #2067, .T. ) ;
#7227 = ORIENTED_EDGE ( 'NONE', *, *, #3840, .F. ) ;
#7228 = AXIS2_PLACEMENT_3D ( 'NONE', #306, #7726, #6389 ) ;
#7229 = SURFACE_STYLE_FILL_AREA ( #4838 ) ;
#7230 = ORIENTED_EDGE ( 'NONE', *, *, #6862, .F. ) ;
#7231 = ORIENTED_EDGE ( 'NONE', *, *, #7354, .T. ) ;
#7232 = SURFACE_STYLE_FILL_AREA ( #2467 ) ;
#7233 = EDGE_CURVE ( 'NONE', #5030, #763, #6942, .T. ) ;
#7234 = ADVANCED_FACE ( 'NONE', ( #3423 ), #4540, .T. ) ;
#7235 = CARTESIAN_POINT ( 'NONE',  ( 15.10000000100000506, 0.05000000000000000971, 0.5700000000000017275 ) ) ;
#7236 = FILL_AREA_STYLE_COLOUR ( '', #5657 ) ;
#7237 = ORIENTED_EDGE ( 'NONE', *, *, #5594, .T. ) ;
#7238 = PLANE ( 'NONE',  #2342 ) ;
#7239 = EDGE_CURVE ( 'NONE', #4292, #7747, #7691, .T. ) ;
#7240 = LINE ( 'NONE', #5416, #3909 ) ;
#7241 = EDGE_LOOP ( 'NONE', ( #4360, #3003, #3724, #2517 ) ) ;
#7242 = PLANE ( 'NONE',  #2490 ) ;
#7243 = ADVANCED_FACE ( 'NONE', ( #2098 ), #7018, .F. ) ;
#7244 = CARTESIAN_POINT ( 'NONE',  ( 0.07500000000000485445, 0.4500000002000000277, 0.5500000000000018208 ) ) ;
#7245 = VECTOR ( 'NONE', #928, 1000.000000000000000 ) ;
#7246 = PRESENTATION_STYLE_ASSIGNMENT (( #1233 ) ) ;
#7247 = VECTOR ( 'NONE', #5712, 1000.000000000000000 ) ;
#7248 = EDGE_CURVE ( 'NONE', #7829, #6188, #1047, .T. ) ;
#7249 = CIRCLE ( 'NONE', #4214, 0.1000000000000000472 ) ;
#7250 =( LENGTH_UNIT ( ) NAMED_UNIT ( * ) SI_UNIT ( .MILLI., .METRE. ) );
#7251 = LINE ( 'NONE', #585, #490 ) ;
#7252 = DIRECTION ( 'NONE',  ( -0.000000000000000000, -1.000000000000000000, -0.000000000000000000 ) ) ;
#7253 = LINE ( 'NONE', #7295, #5465 ) ;
#7254 =( LENGTH_UNIT ( ) NAMED_UNIT ( * ) SI_UNIT ( .MILLI., .METRE. ) );
#7255 = CARTESIAN_POINT ( 'NONE',  ( -2.209999999999997744, 2.750000000000000000, 0.1000000000000015599 ) ) ;
#7256 = ORIENTED_EDGE ( 'NONE', *, *, #747, .T. ) ;
#7257 = DIRECTION ( 'NONE',  ( 0.000000000000000000, -0.1736481776669255295, -0.9848077530122090195 ) ) ;
#7258 = AXIS2_PLACEMENT_3D ( 'NONE', #4746, #600, #6045 ) ;
#7259 = CARTESIAN_POINT ( 'NONE',  ( 2.300000000000002043, 0.05000000000000000971, -1.000000000000001776 ) ) ;
#7260 = LINE ( 'NONE', #4138, #6968 ) ;
#7261 = FACE_OUTER_BOUND ( 'NONE', #4964, .T. ) ;
#7262 = CARTESIAN_POINT ( 'NONE',  ( -0.7249999999999952038, -3.675261601645777502E-17, 1.200000000000000844 ) ) ;
#7263 = MECHANICAL_DESIGN_GEOMETRIC_PRESENTATION_REPRESENTATION (  '', ( #6274 ), #2797 ) ;
#7264 = DIRECTION ( 'NONE',  ( 1.000000000000000000, 0.000000000000000000, 0.000000000000000000 ) ) ;
#7265 = SURFACE_SIDE_STYLE ('',( #1819 ) ) ;
#7266 = ORIENTED_EDGE ( 'NONE', *, *, #2633, .T. ) ;
#7267 = EDGE_CURVE ( 'NONE', #6174, #3875, #2700, .T. ) ;
#7268 = CARTESIAN_POINT ( 'NONE',  ( 0.07500000000000485445, 0.1000000006499977834, 0.5499999993499998796 ) ) ;
#7269 = CARTESIAN_POINT ( 'NONE',  ( -0.6999999999999945155, 2.639999999999999236, -0.8249999999999970690 ) ) ;
#7270 = ORIENTED_EDGE ( 'NONE', *, *, #5530, .T. ) ;
#7271 = PRESENTATION_LAYER_ASSIGNMENT (  '', '', ( #4579 ) ) ;
#7272 = ADVANCED_FACE ( 'NONE', ( #1610 ), #273, .T. ) ;
#7273 = ORIENTED_EDGE ( 'NONE', *, *, #5041, .F. ) ;
#7274 = CARTESIAN_POINT ( 'NONE',  ( 0.8294692077166190280, 2.639999999999999236, 0.1155307922833886253 ) ) ;
#7275 = DIRECTION ( 'NONE',  ( 1.000000000000000000, 0.000000000000000000, -0.000000000000000000 ) ) ;
#7276 = CARTESIAN_POINT ( 'NONE',  ( 0.7250000000000031974, 0.4500000002000000832, 0.5500000000000018208 ) ) ;
#7277 = ORIENTED_EDGE ( 'NONE', *, *, #6774, .T. ) ;
#7278 = ADVANCED_FACE ( 'NONE', ( #2822 ), #4613, .F. ) ;
#7279 = CARTESIAN_POINT ( 'NONE',  ( -1.442600726839639247, 1.914472545666378256, -0.2676007268396403127 ) ) ;
#7280 = ADVANCED_FACE ( 'NONE', ( #7621 ), #2138, .T. ) ;
#7281 = EDGE_LOOP ( 'NONE', ( #6680, #7648, #4110, #4671 ) ) ;
#7282 = CARTESIAN_POINT ( 'NONE',  ( 0.9250000000000054845, 2.639999999999998348, -0.6999999999999982903 ) ) ;
#7283 = VECTOR ( 'NONE', #5844, 1000.000000000000000 ) ;
#7284 = MECHANICAL_DESIGN_GEOMETRIC_PRESENTATION_REPRESENTATION (  '', ( #6396 ), #4995 ) ;
#7285 = CARTESIAN_POINT ( 'NONE',  ( 1.700000000000003064, 2.239999999999989555, -0.8250000000000000666 ) ) ;
#7286 =( NAMED_UNIT ( * ) SI_UNIT ( $, .STERADIAN. ) SOLID_ANGLE_UNIT ( ) );
#7287 = DIRECTION ( 'NONE',  ( 0.000000000000000000, -1.000000000000000000, 0.000000000000000000 ) ) ;
#7288 = CARTESIAN_POINT ( 'NONE',  ( 0.7250000000000031974, 0.05000000000000000278, 1.200000000000001288 ) ) ;
#7289 = ORIENTED_EDGE ( 'NONE', *, *, #101, .T. ) ;
#7290 = AXIS2_PLACEMENT_3D ( 'NONE', #209, #7519, #5169 ) ;
#7291 = LINE ( 'NONE', #7845, #6836 ) ;
#7292 = LINE ( 'NONE', #6736, #5649 ) ;
#7293 = PLANE ( 'NONE',  #6851 ) ;
#7294 = VECTOR ( 'NONE', #4465, 1000.000000000000000 ) ;
#7295 = CARTESIAN_POINT ( 'NONE',  ( -0.09999999999999668876, 2.639999999999999236, 0.04500000000000296124 ) ) ;
#7296 =( LENGTH_UNIT ( ) NAMED_UNIT ( * ) SI_UNIT ( .MILLI., .METRE. ) );
#7297 = FACE_OUTER_BOUND ( 'NONE', #1908, .T. ) ;
#7298 = VERTEX_POINT ( 'NONE', #2862 ) ;
#7299 = LINE ( 'NONE', #2451, #550 ) ;
#7300 = ADVANCED_FACE ( 'NONE', ( #4577 ), #1009, .F. ) ;
#7301 = DIRECTION ( 'NONE',  ( 1.000000000000000000, 0.000000000000000000, 0.000000000000000000 ) ) ;
#7302 = CARTESIAN_POINT ( 'NONE',  ( 1.700000000000002398, 1.050000000000000044, 0.04499999999999990119 ) ) ;
#7303 =( NAMED_UNIT ( * ) SI_UNIT ( $, .STERADIAN. ) SOLID_ANGLE_UNIT ( ) );
#7304 =( NAMED_UNIT ( * ) SI_UNIT ( $, .STERADIAN. ) SOLID_ANGLE_UNIT ( ) );
#7305 = LINE ( 'NONE', #1656, #1007 ) ;
#7306 = EDGE_LOOP ( 'NONE', ( #7069, #7603, #2647, #989 ) ) ;
#7307 = VECTOR ( 'NONE', #4009, 1000.000000000000000 ) ;
#7308 = DIRECTION ( 'NONE',  ( -1.000000000000000000, 0.000000000000000000, 0.000000000000000000 ) ) ;
#7309 = ORIENTED_EDGE ( 'NONE', *, *, #3832, .F. ) ;
#7310 = EDGE_CURVE ( 'NONE', #941, #2581, #3463, .T. ) ;
#7311 = CARTESIAN_POINT ( 'NONE',  ( 4.400000000000005684, 1.050000000000000044, 0.1250000000000016376 ) ) ;
#7312 = CARTESIAN_POINT ( 'NONE',  ( -1.524999999999996803, 0.2000000000000000111, 0.8000000000000011546 ) ) ;
#7313 =( LENGTH_UNIT ( ) NAMED_UNIT ( * ) SI_UNIT ( .MILLI., .METRE. ) );
#7314 = DIRECTION ( 'NONE',  ( -0.000000000000000000, 1.000000000000000000, -0.000000000000000000 ) ) ;
#7315 = DIRECTION ( 'NONE',  ( 1.000000000000000000, -0.000000000000000000, -0.000000000000000000 ) ) ;
#7316 = DIRECTION ( 'NONE',  ( 1.000000000000000000, -0.000000000000000000, -0.000000000000000000 ) ) ;
#7317 = DIRECTION ( 'NONE',  ( 1.000000000000000000, -0.000000000000000000, -0.000000000000000000 ) ) ;
#7318 = LINE ( 'NONE', #6658, #7194 ) ;
#7319 = ORIENTED_EDGE ( 'NONE', *, *, #4991, .T. ) ;
#7320 = CARTESIAN_POINT ( 'NONE',  ( -2.599999999312496701, 0.3499999999250000271, -0.9999999999999986677 ) ) ;
#7321 = SURFACE_SIDE_STYLE ('',( #5537 ) ) ;
#7322 = VECTOR ( 'NONE', #1969, 1000.000000000000000 ) ;
#7323 = ORIENTED_EDGE ( 'NONE', *, *, #7890, .T. ) ;
#7324 = ORIENTED_EDGE ( 'NONE', *, *, #3100, .T. ) ;
#7325 = CARTESIAN_POINT ( 'NONE',  ( 0.9000000000000055733, 2.239999999999989555, -0.8249999999999970690 ) ) ;
#7326 = CARTESIAN_POINT ( 'NONE',  ( 2.600000000000001865, 1.000000000000000000, -0.2500000000000013878 ) ) ;
#7327 = DIRECTION ( 'NONE',  ( -0.000000000000000000, -1.000000000000000000, -0.000000000000000000 ) ) ;
#7328 = VECTOR ( 'NONE', #1383, 1000.000000000000000 ) ;
#7329 = FILL_AREA_STYLE_COLOUR ( '', #6643 ) ;
#7330 = UNCERTAINTY_MEASURE_WITH_UNIT (LENGTH_MEASURE( 1.000000000000000082E-05 ), #336, 'distance_accuracy_value', 'NONE');
#7331 = CARTESIAN_POINT ( 'NONE',  ( -2.100000000512498133, 1.050000000000000044, 0.1000000000000016570 ) ) ;
#7332 = CARTESIAN_POINT ( 'NONE',  ( 0.1000000000000055705, 2.639999999999999236, -0.3249999999999970690 ) ) ;
#7333 = EDGE_CURVE ( 'NONE', #4196, #4825, #4701, .T. ) ;
#7334 = DIRECTION ( 'NONE',  ( -1.000000000000000000, 0.000000000000000000, 0.000000000000000000 ) ) ;
#7335 = LINE ( 'NONE', #3505, #5451 ) ;
#7336 = VECTOR ( 'NONE', #6690, 1000.000000000000000 ) ;
#7337 = CARTESIAN_POINT ( 'NONE',  ( 0.9000000000000055733, 2.239999999999989555, -0.8249999999999970690 ) ) ;
#7338 = DIRECTION ( 'NONE',  ( -1.000000000000000000, 0.000000000000000000, 0.000000000000000000 ) ) ;
#7339 = EDGE_CURVE ( 'NONE', #2439, #3773, #7260, .T. ) ;
#7340 = MECHANICAL_DESIGN_GEOMETRIC_PRESENTATION_REPRESENTATION (  '', ( #6594 ), #3903 ) ;
#7341 = CARTESIAN_POINT ( 'NONE',  ( 2.600000000000001865, 0.1199999999999999956, -0.9500000000000013989 ) ) ;
#7342 = ORIENTED_EDGE ( 'NONE', *, *, #3560, .F. ) ;
#7343 = COLOUR_RGB ( '',0.7960784313725489669, 0.8235294117647058432, 0.9372549019607843146 ) ;
#7344 = ORIENTED_EDGE ( 'NONE', *, *, #4389, .F. ) ;
#7345 = PRESENTATION_STYLE_ASSIGNMENT (( #2951 ) ) ;
#7346 = ORIENTED_EDGE ( 'NONE', *, *, #3474, .F. ) ;
#7347 = CIRCLE ( 'NONE', #6224, 0.04999999999999991257 ) ;
#7348 = ADVANCED_FACE ( 'NONE', ( #1774 ), #4743, .F. ) ;
#7349 = AXIS2_PLACEMENT_3D ( 'NONE', #2464, #5482, #2383 ) ;
#7350 =( LENGTH_UNIT ( ) NAMED_UNIT ( * ) SI_UNIT ( .MILLI., .METRE. ) );
#7351 = PRESENTATION_STYLE_ASSIGNMENT (( #1792 ) ) ;
#7352 = DIRECTION ( 'NONE',  ( 0.1710878697460308795, -0.9702875252478155854, 0.1710878697460308795 ) ) ;
#7353 = CARTESIAN_POINT ( 'NONE',  ( -0.8294692077166110344, 2.639999999999999236, 0.1250000000000016376 ) ) ;
#7354 = EDGE_CURVE ( 'NONE', #4752, #6257, #4829, .T. ) ;
#7355 = AXIS2_PLACEMENT_3D ( 'NONE', #6477, #963, #5879 ) ;
#7356 = VECTOR ( 'NONE', #595, 1000.000000000000000 ) ;
#7357 = VECTOR ( 'NONE', #4335, 1000.000000000000000 ) ;
#7358 = DIRECTION ( 'NONE',  ( 0.000000000000000000, -1.000000000000000000, 0.000000000000000000 ) ) ;
#7359 = LINE ( 'NONE', #1878, #7214 ) ;
#7360 = DIRECTION ( 'NONE',  ( -1.000000000000000000, -0.000000000000000000, -0.000000000000000000 ) ) ;
#7361 = CARTESIAN_POINT ( 'NONE',  ( -1.699999999999996625, 2.639999999999999236, 0.3450000000000029710 ) ) ;
#7362 = ADVANCED_FACE ( 'NONE', ( #1692 ), #6086, .F. ) ;
#7363 = ORIENTED_EDGE ( 'NONE', *, *, #6769, .T. ) ;
#7364 = ADVANCED_FACE ( 'NONE', ( #1735 ), #7781, .F. ) ;
#7365 = ORIENTED_EDGE ( 'NONE', *, *, #7846, .F. ) ;
#7366 = CARTESIAN_POINT ( 'NONE',  ( -1.499999999999996225, 2.639999999999999236, -0.3249999999999970690 ) ) ;
#7367 = DIRECTION ( 'NONE',  ( 0.000000000000000000, -1.204669080539449344E-16, 1.000000000000000000 ) ) ;
#7368 = VECTOR ( 'NONE', #1869, 1000.000000000000000 ) ;
#7369 = CARTESIAN_POINT ( 'NONE',  ( 1.725000000000002975, 0.7768699943250462203, -0.8100000000000022737 ) ) ;
#7370 = ADVANCED_FACE ( 'NONE', ( #4297 ), #1854, .F. ) ;
#7371 = FILL_AREA_STYLE ('',( #7208 ) ) ;
#7372 = ORIENTED_EDGE ( 'NONE', *, *, #2400, .F. ) ;
#7373 = COLOUR_RGB ( '',0.7960784313725489669, 0.8235294117647058432, 0.9372549019607843146 ) ;
#7374 = CARTESIAN_POINT ( 'NONE',  ( -2.799999999999997158, 0.7936749699759757526, -0.9499999999999984013 ) ) ;
#7375 = ORIENTED_EDGE ( 'NONE', *, *, #494, .F. ) ;
#7376 = CARTESIAN_POINT ( 'NONE',  ( 14.90000000000000391, 2.639999999999999236, -0.6999999999999985123 ) ) ;
#7377 = VECTOR ( 'NONE', #2993, 1000.000000000000000 ) ;
#7378 = VECTOR ( 'NONE', #770, 1000.000000000000227 ) ;
#7379 = ADVANCED_FACE ( 'NONE', ( #2333 ), #1203, .F. ) ;
#7380 = SURFACE_SIDE_STYLE ('',( #3185 ) ) ;
#7381 = EDGE_CURVE ( 'NONE', #3973, #5461, #2941, .T. ) ;
#7382 = CARTESIAN_POINT ( 'NONE',  ( 1.675000000000002487, 0.1999999999999999278, 1.249999999999998002 ) ) ;
#7383 = CARTESIAN_POINT ( 'NONE',  ( 2.249999998700004333, 0.05000000000000000971, 0.5699999999999987299 ) ) ;
#7384 = FACE_OUTER_BOUND ( 'NONE', #496, .T. ) ;
#7385 = PRESENTATION_STYLE_ASSIGNMENT (( #4950 ) ) ;
#7386 = ORIENTED_EDGE ( 'NONE', *, *, #3230, .T. ) ;
#7387 = FILL_AREA_STYLE ('',( #4953 ) ) ;
#7388 = EDGE_LOOP ( 'NONE', ( #6368, #373, #2215, #338 ) ) ;
#7389 = DIRECTION ( 'NONE',  ( 0.000000000000000000, 0.5150380749100552658, 0.8571673007021116675 ) ) ;
#7390 = ORIENTED_EDGE ( 'NONE', *, *, #845, .T. ) ;
#7391 = ORIENTED_EDGE ( 'NONE', *, *, #4773, .F. ) ;
#7392 =( NAMED_UNIT ( * ) SI_UNIT ( $, .STERADIAN. ) SOLID_ANGLE_UNIT ( ) );
#7393 = CARTESIAN_POINT ( 'NONE',  ( 2.600000000000001865, 0.1000000012999997384, 0.05000000000812362261 ) ) ;
#7394 = SURFACE_STYLE_FILL_AREA ( #2552 ) ;
#7395 = LINE ( 'NONE', #6878, #4216 ) ;
#7396 = CARTESIAN_POINT ( 'NONE',  ( -2.099999999999996980, 2.639999999999999236, -0.4999999999999985012 ) ) ;
#7397 = EDGE_CURVE ( 'NONE', #1592, #405, #6126, .T. ) ;
#7398 = PRESENTATION_LAYER_ASSIGNMENT (  '', '', ( #6274 ) ) ;
#7399 = CARTESIAN_POINT ( 'NONE',  ( 2.800000000000001599, 0.1199999999999999956, -0.9500000000000013989 ) ) ;
#7400 = DIRECTION ( 'NONE',  ( 0.000000000000000000, -0.7071067811865475727, 0.7071067811865475727 ) ) ;
#7401 = FACE_OUTER_BOUND ( 'NONE', #6811, .T. ) ;
#7402 = FILL_AREA_STYLE_COLOUR ( '', #102 ) ;
#7403 = ORIENTED_EDGE ( 'NONE', *, *, #3149, .F. ) ;
#7404 = ADVANCED_FACE ( 'NONE', ( #5959 ), #2978, .F. ) ;
#7405 = ORIENTED_EDGE ( 'NONE', *, *, #1355, .T. ) ;
#7406 = VECTOR ( 'NONE', #5862, 1000.000000000000000 ) ;
#7407 = LINE ( 'NONE', #7366, #6958 ) ;
#7408 = DIRECTION ( 'NONE',  ( 0.000000000000000000, -0.000000000000000000, -1.000000000000000000 ) ) ;
#7409 = CARTESIAN_POINT ( 'NONE',  ( 2.340000000000002078, 1.050000000000000044, 0.09999999999999857614 ) ) ;
#7410 = ORIENTED_EDGE ( 'NONE', *, *, #1515, .F. ) ;
#7411 = UNCERTAINTY_MEASURE_WITH_UNIT (LENGTH_MEASURE( 1.000000000000000082E-05 ), #4001, 'distance_accuracy_value', 'NONE');
#7412 =( GEOMETRIC_REPRESENTATION_CONTEXT ( 3 ) GLOBAL_UNCERTAINTY_ASSIGNED_CONTEXT ( ( #3823 ) ) GLOBAL_UNIT_ASSIGNED_CONTEXT ( ( #1836, #1880, #4318 ) ) REPRESENTATION_CONTEXT ( 'NONE', 'WORKASPACE' ) );
#7413 = DIRECTION ( 'NONE',  ( 0.000000000000000000, 0.7071067811865355823, -0.7071067811865594521 ) ) ;
#7414 = AXIS2_PLACEMENT_3D ( 'NONE', #2323, #7808, #6152 ) ;
#7415 = CARTESIAN_POINT ( 'NONE',  ( -1.699999999999995737, 1.050000000000000044, -0.8249999999999970690 ) ) ;
#7416 = VECTOR ( 'NONE', #7140, 1000.000000000000000 ) ;
#7417 = DIRECTION ( 'NONE',  ( 0.1710878697460308795, -0.9702875252478155854, -0.1710878697460308795 ) ) ;
#7418 = CARTESIAN_POINT ( 'NONE',  ( 2.600000000000001865, 0.3500000000000001443, -0.2500000000725014493 ) ) ;
#7419 = ORIENTED_EDGE ( 'NONE', *, *, #3216, .T. ) ;
#7420 = DIRECTION ( 'NONE',  ( 0.000000000000000000, 0.000000000000000000, 1.000000000000000000 ) ) ;
#7421 = ORIENTED_EDGE ( 'NONE', *, *, #2747, .T. ) ;
#7422 = DIRECTION ( 'NONE',  ( -0.7071067811865474617, -0.7071067811865474617, -0.000000000000000000 ) ) ;
#7423 = EDGE_LOOP ( 'NONE', ( #4054, #5728, #1840, #2865 ) ) ;
#7424 = LINE ( 'NONE', #2621, #6718 ) ;
#7425 = ORIENTED_EDGE ( 'NONE', *, *, #228, .F. ) ;
#7426 = ORIENTED_EDGE ( 'NONE', *, *, #2389, .T. ) ;
#7427 = ORIENTED_EDGE ( 'NONE', *, *, #7697, .F. ) ;
#7428 =( LENGTH_UNIT ( ) NAMED_UNIT ( * ) SI_UNIT ( .MILLI., .METRE. ) );
#7429 =( NAMED_UNIT ( * ) SI_UNIT ( $, .STERADIAN. ) SOLID_ANGLE_UNIT ( ) );
#7430 = ORIENTED_EDGE ( 'NONE', *, *, #2372, .T. ) ;
#7431 = LINE ( 'NONE', #1958, #2936 ) ;
#7432 = FILL_AREA_STYLE ('',( #7586 ) ) ;
#7433 = CARTESIAN_POINT ( 'NONE',  ( 2.600000000000001865, 0.3500000000000000333, -0.9500000000000013989 ) ) ;
#7434 = DIRECTION ( 'NONE',  ( 1.000000000000000000, 0.000000000000000000, -0.000000000000000000 ) ) ;
#7435 = CARTESIAN_POINT ( 'NONE',  ( -2.099999999999996980, 2.750000000000000000, -0.4999999999999985012 ) ) ;
#7436 = SURFACE_STYLE_USAGE ( .BOTH. , #5745 ) ;
#7437 = EDGE_CURVE ( 'NONE', #5230, #6237, #7335, .T. ) ;
#7438 = ORIENTED_EDGE ( 'NONE', *, *, #697, .F. ) ;
#7439 = CLOSED_SHELL ( 'NONE', ( #3122, #4397, #4792, #3894, #1848, #7868, #3785, #7119, #5908, #2037 ) ) ;
#7440 = CARTESIAN_POINT ( 'NONE',  ( -2.799999999999997158, 0.3063250300240242252, -0.9499999999999986233 ) ) ;
#7441 = LINE ( 'NONE', #4404, #6072 ) ;
#7442 = LINE ( 'NONE', #1970, #1311 ) ;
#7443 = FILL_AREA_STYLE_COLOUR ( '', #2665 ) ;
#7444 = ORIENTED_EDGE ( 'NONE', *, *, #2900, .F. ) ;
#7445 = DIRECTION ( 'NONE',  ( 0.000000000000000000, -0.8660254037844363761, 0.5000000000000039968 ) ) ;
#7446 = VECTOR ( 'NONE', #6697, 1000.000000000000000 ) ;
#7447 = MECHANICAL_DESIGN_GEOMETRIC_PRESENTATION_REPRESENTATION (  '', ( #5555 ), #1565 ) ;
#7448 = ADVANCED_FACE ( 'NONE', ( #3101 ), #4451, .F. ) ;
#7449 = PLANE ( 'NONE',  #3920 ) ;
#7450 = FACE_OUTER_BOUND ( 'NONE', #1135, .T. ) ;
#7451 = VECTOR ( 'NONE', #5146, 1000.000000000000000 ) ;
#7452 = STYLED_ITEM ( 'NONE', ( #286 ), #1199 ) ;
#7453 = CARTESIAN_POINT ( 'NONE',  ( -2.799999999999997158, 0.4000000000000000222, -0.9149999999999980371 ) ) ;
#7454 =( GEOMETRIC_REPRESENTATION_CONTEXT ( 3 ) GLOBAL_UNCERTAINTY_ASSIGNED_CONTEXT ( ( #7056 ) ) GLOBAL_UNIT_ASSIGNED_CONTEXT ( ( #7638, #4627, #7034 ) ) REPRESENTATION_CONTEXT ( 'NONE', 'WORKASPACE' ) );
#7455 = CARTESIAN_POINT ( 'NONE',  ( 0.7000000000000041744, 2.639999999999999236, -0.8249999999999970690 ) ) ;
#7456 = CARTESIAN_POINT ( 'NONE',  ( -0.6999999999999952927, 2.239999999999990443, 0.3450000000000029710 ) ) ;
#7457 = ORIENTED_EDGE ( 'NONE', *, *, #1724, .T. ) ;
#7458 = EDGE_CURVE ( 'NONE', #5322, #4779, #6787, .T. ) ;
#7459 = EDGE_CURVE ( 'NONE', #7945, #5852, #3747, .T. ) ;
#7460 = ORIENTED_EDGE ( 'NONE', *, *, #2620, .T. ) ;
#7461 = ORIENTED_EDGE ( 'NONE', *, *, #5204, .T. ) ;
#7462 = CARTESIAN_POINT ( 'NONE',  ( -2.799999999999997158, 1.000000000000000000, -0.2499999999999983902 ) ) ;
#7463 = ORIENTED_EDGE ( 'NONE', *, *, #5796, .T. ) ;
#7464 = ORIENTED_EDGE ( 'NONE', *, *, #7610, .T. ) ;
#7465 = ORIENTED_EDGE ( 'NONE', *, *, #818, .T. ) ;
#7466 = AXIS2_PLACEMENT_3D ( 'NONE', #383, #2849, #1636 ) ;
#7467 = DIRECTION ( 'NONE',  ( 0.000000000000000000, 0.000000000000000000, -1.000000000000000000 ) ) ;
#7468 = EDGE_CURVE ( 'NONE', #2639, #5334, #3224, .T. ) ;
#7469 = CARTESIAN_POINT ( 'NONE',  ( 1.675000000000002487, 0.1999999999999999833, 0.7999999999999980460 ) ) ;
#7470 =( LENGTH_UNIT ( ) NAMED_UNIT ( * ) SI_UNIT ( .MILLI., .METRE. ) );
#7471 = DIRECTION ( 'NONE',  ( 0.000000000000000000, 0.000000000000000000, -1.000000000000000000 ) ) ;
#7472 = VECTOR ( 'NONE', #1129, 1000.000000000000000 ) ;
#7473 = PLANE ( 'NONE',  #4827 ) ;
#7474 = VECTOR ( 'NONE', #3386, 1000.000000000000000 ) ;
#7475 = ADVANCED_FACE ( 'NONE', ( #6202 ), #5639, .T. ) ;
#7476 = CIRCLE ( 'NONE', #5187, 0.1000000000000000472 ) ;
#7477 = ADVANCED_FACE ( 'NONE', ( #7450 ), #3869, .F. ) ;
#7478 = DIRECTION ( 'NONE',  ( -0.000000000000000000, -0.000000000000000000, 1.000000000000000000 ) ) ;
#7479 = DIRECTION ( 'NONE',  ( 0.000000000000000000, -1.000000000000000000, -1.857148025303053679E-09 ) ) ;
#7480 = ORIENTED_EDGE ( 'NONE', *, *, #2534, .T. ) ;
#7481 = VECTOR ( 'NONE', #5400, 1000.000000000000000 ) ;
#7482 = DIRECTION ( 'NONE',  ( 0.000000000000000000, 0.000000000000000000, -1.000000000000000000 ) ) ;
#7483 = EDGE_LOOP ( 'NONE', ( #1661, #4169, #5085, #6120 ) ) ;
#7484 = FILL_AREA_STYLE_COLOUR ( '', #2472 ) ;
#7485 = VECTOR ( 'NONE', #3061, 1000.000000000000000 ) ;
#7486 = VERTEX_POINT ( 'NONE', #2654 ) ;
#7487 = ADVANCED_FACE ( 'NONE', ( #5114 ), #3705, .F. ) ;
#7488 = AXIS2_PLACEMENT_3D ( 'NONE', #5233, #2175, #4614 ) ;
#7489 = FILL_AREA_STYLE_COLOUR ( '', #1324 ) ;
#7490 = EDGE_CURVE ( 'NONE', #7690, #4077, #4008, .T. ) ;
#7491 = FACE_OUTER_BOUND ( 'NONE', #5352, .T. ) ;
#7492 = LINE ( 'NONE', #4361, #5931 ) ;
#7493 = EDGE_LOOP ( 'NONE', ( #2640, #5836, #7801, #1556 ) ) ;
#7494 = UNCERTAINTY_MEASURE_WITH_UNIT (LENGTH_MEASURE( 1.000000000000000082E-05 ), #5226, 'distance_accuracy_value', 'NONE');
#7495 = CARTESIAN_POINT ( 'NONE',  ( 0.9000000000000047962, 2.639999999999999236, 0.04500000000000294043 ) ) ;
#7496 = CARTESIAN_POINT ( 'NONE',  ( 0.07500000000000485445, 0.1999999999999999833, 0.8000000000000011546 ) ) ;
#7497 = VERTEX_POINT ( 'NONE', #2234 ) ;
#7498 = EDGE_CURVE ( 'NONE', #453, #1070, #5075, .T. ) ;
#7499 = SURFACE_SIDE_STYLE ('',( #5078 ) ) ;
#7500 = VECTOR ( 'NONE', #6966, 1000.000000000000000 ) ;
#7501 =( NAMED_UNIT ( * ) SI_UNIT ( $, .STERADIAN. ) SOLID_ANGLE_UNIT ( ) );
#7502 = VECTOR ( 'NONE', #4859, 1000.000000000000000 ) ;
#7503 = DIRECTION ( 'NONE',  ( 0.000000000000000000, -0.5735764363510474917, 0.8191520442889909104 ) ) ;
#7504 = CARTESIAN_POINT ( 'NONE',  ( -2.799999999999997158, 8.109541161931386268E-17, -0.7786222391909453089 ) ) ;
#7505 = EDGE_LOOP ( 'NONE', ( #7722, #4593, #2459, #7737 ) ) ;
#7506 = VERTEX_POINT ( 'NONE', #953 ) ;
#7507 = AXIS2_PLACEMENT_3D ( 'NONE', #4687, #1304, #4970 ) ;
#7508 = ORIENTED_EDGE ( 'NONE', *, *, #5740, .F. ) ;
#7509 = DIRECTION ( 'NONE',  ( 0.1710878697460311570, -0.9702875252478154744, 0.1710878697460311570 ) ) ;
#7510 = ORIENTED_EDGE ( 'NONE', *, *, #3963, .T. ) ;
#7511 = PLANE ( 'NONE',  #843 ) ;
#7512 = CARTESIAN_POINT ( 'NONE',  ( -0.6999999999999952927, 2.239999999999990443, 0.04500000000000294043 ) ) ;
#7513 = CARTESIAN_POINT ( 'NONE',  ( 2.800000000000001599, 0.1000000012999997384, 0.05000000000812362261 ) ) ;
#7514 = VECTOR ( 'NONE', #5835, 1000.000000000000227 ) ;
#7515 = EDGE_CURVE ( 'NONE', #6294, #3311, #3414, .T. ) ;
#7516 = ADVANCED_FACE ( 'NONE', ( #7650 ), #5223, .F. ) ;
#7517 = DIRECTION ( 'NONE',  ( 0.000000000000000000, 0.000000000000000000, 1.000000000000000000 ) ) ;
#7518 = FACE_OUTER_BOUND ( 'NONE', #4713, .T. ) ;
#7519 = DIRECTION ( 'NONE',  ( -0.000000000000000000, -0.7071067811865475727, -0.7071067811865475727 ) ) ;
#7520 = DIRECTION ( 'NONE',  ( 0.000000000000000000, 0.000000000000000000, -1.000000000000000000 ) ) ;
#7521 =( GEOMETRIC_REPRESENTATION_CONTEXT ( 3 ) GLOBAL_UNCERTAINTY_ASSIGNED_CONTEXT ( ( #6157 ) ) GLOBAL_UNIT_ASSIGNED_CONTEXT ( ( #2667, #4581, #7811 ) ) REPRESENTATION_CONTEXT ( 'NONE', 'WORKASPACE' ) );
#7522 = EDGE_CURVE ( 'NONE', #6021, #5351, #7081, .T. ) ;
#7523 = VERTEX_POINT ( 'NONE', #7008 ) ;
#7524 = CARTESIAN_POINT ( 'NONE',  ( -2.799999999999997158, 1.000000000000000000, -0.9499999999843734555 ) ) ;
#7525 = VECTOR ( 'NONE', #5770, 1000.000000000000000 ) ;
#7526 = LINE ( 'NONE', #1358, #6664 ) ;
#7527 = SURFACE_SIDE_STYLE ('',( #5145 ) ) ;
#7528 = DIRECTION ( 'NONE',  ( -1.000000000000000000, 0.000000000000000000, 0.000000000000000000 ) ) ;
#7529 = ORIENTED_EDGE ( 'NONE', *, *, #4191, .F. ) ;
#7530 = LINE ( 'NONE', #6421, #4459 ) ;
#7531 = VECTOR ( 'NONE', #6004, 1000.000000000000000 ) ;
#7532 = ORIENTED_EDGE ( 'NONE', *, *, #3085, .F. ) ;
#7533 = CARTESIAN_POINT ( 'NONE',  ( -2.799999999999997158, 1.000000000000000000, -0.9499999999843734555 ) ) ;
#7534 = VECTOR ( 'NONE', #1962, 1000.000000000000000 ) ;
#7535 = LINE ( 'NONE', #5153, #1423 ) ;
#7536 = DIRECTION ( 'NONE',  ( 0.000000000000000000, -0.5735764363510474917, 0.8191520442889909104 ) ) ;
#7537 = EDGE_CURVE ( 'NONE', #2050, #2677, #6936, .T. ) ;
#7538 =( LENGTH_UNIT ( ) NAMED_UNIT ( * ) SI_UNIT ( .MILLI., .METRE. ) );
#7539 = VERTEX_POINT ( 'NONE', #4569 ) ;
#7540 = DIRECTION ( 'NONE',  ( 0.000000000000000000, -0.000000000000000000, -1.000000000000000000 ) ) ;
#7541 = LINE ( 'NONE', #7399, #6466 ) ;
#7542 = EDGE_LOOP ( 'NONE', ( #6149, #7654, #4070, #6998, #4496, #513, #6063, #5702 ) ) ;
#7543 = CARTESIAN_POINT ( 'NONE',  ( -0.07499999999999683309, 0.4500000002000000832, 0.6556624325871229786 ) ) ;
#7544 = ORIENTED_EDGE ( 'NONE', *, *, #894, .F. ) ;
#7545 = MECHANICAL_DESIGN_GEOMETRIC_PRESENTATION_REPRESENTATION (  '', ( #2058 ), #630 ) ;
#7546 =( LENGTH_UNIT ( ) NAMED_UNIT ( * ) SI_UNIT ( .MILLI., .METRE. ) );
#7547 = DIRECTION ( 'NONE',  ( 0.000000000000000000, 0.000000000000000000, 1.000000000000000000 ) ) ;
#7548 = CARTESIAN_POINT ( 'NONE',  ( 0.07500000000000485445, 0.05000000000000031503, 1.250000000000001110 ) ) ;
#7549 = ADVANCED_FACE ( 'NONE', ( #995 ), #3905, .F. ) ;
#7550 = CARTESIAN_POINT ( 'NONE',  ( -2.599999999999997424, 0.6936749699759758858, -0.9499999999999986233 ) ) ;
#7551 = FACE_OUTER_BOUND ( 'NONE', #6272, .T. ) ;
#7552 = CARTESIAN_POINT ( 'NONE',  ( 0.7705307922833899426, 2.639999999999999236, 0.1250000000000016376 ) ) ;
#7553 = SURFACE_STYLE_FILL_AREA ( #5699 ) ;
#7554 = ORIENTED_EDGE ( 'NONE', *, *, #1077, .T. ) ;
#7555 = EDGE_CURVE ( 'NONE', #2639, #3733, #7567, .T. ) ;
#7556 = PLANE ( 'NONE',  #4275 ) ;
#7557 = EDGE_LOOP ( 'NONE', ( #1643, #2835, #7099, #3172 ) ) ;
#7558 = APPLICATION_PROTOCOL_DEFINITION ( 'draft international standard', 'automotive_design', 1998, #2796 ) ;
#7559 = CARTESIAN_POINT ( 'NONE',  ( 1.700000000000002398, 2.639999999999999236, 0.04499999999999990119 ) ) ;
#7560 = ORIENTED_EDGE ( 'NONE', *, *, #4252, .F. ) ;
#7561 = DIRECTION ( 'NONE',  ( -0.000000000000000000, -1.000000000000000000, -0.000000000000000000 ) ) ;
#7562 = LINE ( 'NONE', #3898, #1772 ) ;
#7563 = UNCERTAINTY_MEASURE_WITH_UNIT (LENGTH_MEASURE( 1.000000000000000082E-05 ), #4136, 'distance_accuracy_value', 'NONE');
#7564 = CARTESIAN_POINT ( 'NONE',  ( 0.07500000000000485445, -3.675261601645777502E-17, 1.200000000000000844 ) ) ;
#7565 = VERTEX_POINT ( 'NONE', #2772 ) ;
#7566 = DIRECTION ( 'NONE',  ( 0.000000000000000000, 0.000000000000000000, 1.000000000000000000 ) ) ;
#7567 = LINE ( 'NONE', #1602, #427 ) ;
#7568 = DIRECTION ( 'NONE',  ( 0.000000000000000000, 0.000000000000000000, 1.000000000000000000 ) ) ;
#7569 = DIRECTION ( 'NONE',  ( 0.000000000000000000, 0.000000000000000000, 1.000000000000000000 ) ) ;
#7570 = VERTEX_POINT ( 'NONE', #5829 ) ;
#7571 = LINE ( 'NONE', #6794, #3294 ) ;
#7572 = VERTEX_POINT ( 'NONE', #2728 ) ;
#7573 = STYLED_ITEM ( 'NONE', ( #215 ), #720 ) ;
#7574 = VECTOR ( 'NONE', #3206, 1000.000000000000000 ) ;
#7575 = DIRECTION ( 'NONE',  ( 0.1710878697460308795, 0.9702875252478155854, -0.1710878697460308795 ) ) ;
#7576 = ORIENTED_EDGE ( 'NONE', *, *, #1816, .T. ) ;
#7577 = DIRECTION ( 'NONE',  ( 0.000000000000000000, -1.000000000000000000, 0.000000000000000000 ) ) ;
#7578 = MECHANICAL_DESIGN_GEOMETRIC_PRESENTATION_REPRESENTATION (  '', ( #665 ), #7454 ) ;
#7579 = EDGE_CURVE ( 'NONE', #3809, #470, #2850, .T. ) ;
#7580 = ORIENTED_EDGE ( 'NONE', *, *, #5724, .T. ) ;
#7581 = CARTESIAN_POINT ( 'NONE',  ( 2.210000000000002185, 2.750000000000000000, -1.000000000000001776 ) ) ;
#7582 = ORIENTED_EDGE ( 'NONE', *, *, #955, .F. ) ;
#7583 = DIRECTION ( 'NONE',  ( 0.000000000000000000, 0.000000000000000000, 1.000000000000000000 ) ) ;
#7584 = PRESENTATION_STYLE_ASSIGNMENT (( #439 ) ) ;
#7585 = CARTESIAN_POINT ( 'NONE',  ( 2.800000000000001599, 1.000000000000000000, -0.2500000000000013878 ) ) ;
#7586 = FILL_AREA_STYLE_COLOUR ( '', #584 ) ;
#7587 = ADVANCED_FACE ( 'NONE', ( #3299 ), #5909, .F. ) ;
#7588 = LINE ( 'NONE', #6526, #3912 ) ;
#7589 = LINE ( 'NONE', #2261, #837 ) ;
#7590 = VECTOR ( 'NONE', #6619, 1000.000000000000114 ) ;
#7591 = DIRECTION ( 'NONE',  ( 1.000000000000000000, 0.000000000000000000, -1.355252715606883008E-16 ) ) ;
#7592 = ORIENTED_EDGE ( 'NONE', *, *, #792, .T. ) ;
#7593 = ADVANCED_FACE ( 'NONE', ( #5301 ), #4531, .F. ) ;
#7594 = DIRECTION ( 'NONE',  ( 0.000000000000000000, -0.000000000000000000, 1.000000000000000000 ) ) ;
#7595 = CARTESIAN_POINT ( 'NONE',  ( -2.100000000849999271, 1.050000000000000044, -0.6999999999999985123 ) ) ;
#7596 = VECTOR ( 'NONE', #6467, 1000.000000000000000 ) ;
#7597 = VERTEX_POINT ( 'NONE', #1487 ) ;
#7598 = AXIS2_PLACEMENT_3D ( 'NONE', #7269, #1215, #1 ) ;
#7599 = VECTOR ( 'NONE', #2960, 1000.000000000000000 ) ;
#7600 = VERTEX_POINT ( 'NONE', #7683 ) ;
#7601 = DIRECTION ( 'NONE',  ( 0.000000000000000000, 0.000000000000000000, 1.000000000000000000 ) ) ;
#7602 = LINE ( 'NONE', #4560, #4642 ) ;
#7603 = ORIENTED_EDGE ( 'NONE', *, *, #746, .F. ) ;
#7604 = EDGE_CURVE ( 'NONE', #3838, #7803, #4647, .T. ) ;
#7605 = CARTESIAN_POINT ( 'NONE',  ( 2.800000000000001599, 0.6936749699759758858, -0.8500000000000015321 ) ) ;
#7606 = ADVANCED_FACE ( 'NONE', ( #4048 ), #1522, .F. ) ;
#7607 = SURFACE_STYLE_USAGE ( .BOTH. , #6354 ) ;
#7608 = VECTOR ( 'NONE', #6674, 1000.000000000000000 ) ;
#7609 = LINE ( 'NONE', #225, #3772 ) ;
#7610 = EDGE_CURVE ( 'NONE', #5525, #453, #2128, .T. ) ;
#7611 = EDGE_CURVE ( 'NONE', #1691, #5519, #3377, .T. ) ;
#7612 = EDGE_CURVE ( 'NONE', #2139, #7792, #3055, .T. ) ;
#7613 = CARTESIAN_POINT ( 'NONE',  ( 2.800000000000001599, 0.1199999999999999956, -0.9500000000000013989 ) ) ;
#7614 = DIRECTION ( 'NONE',  ( -0.000000000000000000, -1.000000000000000000, -0.000000000000000000 ) ) ;
#7615 = CARTESIAN_POINT ( 'NONE',  ( 1.500000000000003553, 2.239999999999989555, -0.8250000000000000666 ) ) ;
#7616 =( LENGTH_UNIT ( ) NAMED_UNIT ( * ) SI_UNIT ( .MILLI., .METRE. ) );
#7617 = EDGE_CURVE ( 'NONE', #7539, #2922, #3494, .T. ) ;
#7618 = EDGE_LOOP ( 'NONE', ( #1454, #5168, #1302, #3623, #7202, #6834, #2029, #1140 ) ) ;
#7619 = FILL_AREA_STYLE_COLOUR ( '', #4933 ) ;
#7620 = EDGE_LOOP ( 'NONE', ( #7089, #2883, #311, #2725 ) ) ;
#7621 = FACE_OUTER_BOUND ( 'NONE', #3402, .T. ) ;
#7622 = DIRECTION ( 'NONE',  ( 0.000000000000000000, 0.000000000000000000, 1.000000000000000000 ) ) ;
#7623 = VECTOR ( 'NONE', #7706, 999.9999999999998863 ) ;
#7624 = CARTESIAN_POINT ( 'NONE',  ( -2.799999999999997158, 0.6936749699759758858, -0.9499999999999986233 ) ) ;
#7625 = EDGE_LOOP ( 'NONE', ( #3174, #3751, #6549, #191 ) ) ;
#7626 = LINE ( 'NONE', #7022, #3702 ) ;
#7627 = VECTOR ( 'NONE', #1262, 1000.000000000000000 ) ;
#7628 = LINE ( 'NONE', #2141, #5776 ) ;
#7629 = CARTESIAN_POINT ( 'NONE',  ( 0.1000000000000055705, 2.239999999999989555, -0.8249999999999970690 ) ) ;
#7630 = VECTOR ( 'NONE', #6177, 1000.000000000000000 ) ;
#7631 =( LENGTH_UNIT ( ) NAMED_UNIT ( * ) SI_UNIT ( .MILLI., .METRE. ) );
#7632 = COLOUR_RGB ( '',0.7960784313725489669, 0.8235294117647058432, 0.9372549019607843146 ) ;
#7633 = CARTESIAN_POINT ( 'NONE',  ( -1.442600726839640135, 1.914472545666377146, 0.4023992731603601714 ) ) ;
#7634 = LINE ( 'NONE', #1505, #2473 ) ;
#7635 = EDGE_LOOP ( 'NONE', ( #7818, #5819, #7363, #2331 ) ) ;
#7636 = FACE_OUTER_BOUND ( 'NONE', #4626, .T. ) ;
#7637 = ORIENTED_EDGE ( 'NONE', *, *, #1355, .F. ) ;
#7638 =( LENGTH_UNIT ( ) NAMED_UNIT ( * ) SI_UNIT ( .MILLI., .METRE. ) );
#7639 =( GEOMETRIC_REPRESENTATION_CONTEXT ( 3 ) GLOBAL_UNCERTAINTY_ASSIGNED_CONTEXT ( ( #2449 ) ) GLOBAL_UNIT_ASSIGNED_CONTEXT ( ( #2458, #7943, #2981 ) ) REPRESENTATION_CONTEXT ( 'NONE', 'WORKASPACE' ) );
#7640 = EDGE_LOOP ( 'NONE', ( #4669, #1090, #1005, #4228 ) ) ;
#7641 = CARTESIAN_POINT ( 'NONE',  ( -2.599999999999997424, 0.3500000000000000333, 0.5700000000000017275 ) ) ;
#7642 = VERTEX_POINT ( 'NONE', #5423 ) ;
#7643 = ORIENTED_EDGE ( 'NONE', *, *, #6430, .T. ) ;
#7644 = PRESENTATION_STYLE_ASSIGNMENT (( #6538 ) ) ;
#7645 = FILL_AREA_STYLE ('',( #5218 ) ) ;
#7646 = UNCERTAINTY_MEASURE_WITH_UNIT (LENGTH_MEASURE( 1.000000000000000082E-05 ), #1316, 'distance_accuracy_value', 'NONE');
#7647 =( NAMED_UNIT ( * ) SI_UNIT ( $, .STERADIAN. ) SOLID_ANGLE_UNIT ( ) );
#7648 = ORIENTED_EDGE ( 'NONE', *, *, #2129, .T. ) ;
#7649 = VECTOR ( 'NONE', #4407, 1000.000000000000000 ) ;
#7650 = FACE_OUTER_BOUND ( 'NONE', #7091, .T. ) ;
#7651 = DIRECTION ( 'NONE',  ( 0.000000000000000000, 0.000000000000000000, 1.000000000000000000 ) ) ;
#7652 = CARTESIAN_POINT ( 'NONE',  ( -0.8749999999999968914, 0.4500000002000000832, 0.5500000000000018208 ) ) ;
#7653 = LINE ( 'NONE', #5795, #6840 ) ;
#7654 = ORIENTED_EDGE ( 'NONE', *, *, #2092, .F. ) ;
#7655 = CARTESIAN_POINT ( 'NONE',  ( -1.674999999999996714, 0.05000000000000000971, 1.200000000000001288 ) ) ;
#7656 = VERTEX_POINT ( 'NONE', #424 ) ;
#7657 = VECTOR ( 'NONE', #2890, 1000.000000000000114 ) ;
#7658 = VECTOR ( 'NONE', #5847, 1000.000000000000000 ) ;
#7659 = EDGE_LOOP ( 'NONE', ( #7419, #670, #922, #3836 ) ) ;
#7660 = PLANE ( 'NONE',  #2893 ) ;
#7661 = SURFACE_STYLE_FILL_AREA ( #5235 ) ;
#7662 = ORIENTED_EDGE ( 'NONE', *, *, #3360, .T. ) ;
#7663 = FILL_AREA_STYLE ('',( #4617 ) ) ;
#7664 = SURFACE_STYLE_FILL_AREA ( #4064 ) ;
#7665 = CARTESIAN_POINT ( 'NONE',  ( 2.099999999875002743, 1.050000000000000044, -0.7000000000000016209 ) ) ;
#7666 = VECTOR ( 'NONE', #4247, 1000.000000000000000 ) ;
#7667 = LINE ( 'NONE', #3962, #4802 ) ;
#7668 =( GEOMETRIC_REPRESENTATION_CONTEXT ( 3 ) GLOBAL_UNCERTAINTY_ASSIGNED_CONTEXT ( ( #3018 ) ) GLOBAL_UNIT_ASSIGNED_CONTEXT ( ( #7546, #693, #7429 ) ) REPRESENTATION_CONTEXT ( 'NONE', 'WORKASPACE' ) );
#7669 = CARTESIAN_POINT ( 'NONE',  ( -0.7708079660227874497, 2.641571930389168710, 0.1158079660227947089 ) ) ;
#7670 = CARTESIAN_POINT ( 'NONE',  ( 1.525000000000002576, 0.1999999999999999833, 0.7999999999999980460 ) ) ;
#7671 = ORIENTED_EDGE ( 'NONE', *, *, #3493, .F. ) ;
#7672 = ORIENTED_EDGE ( 'NONE', *, *, #1654, .T. ) ;
#7673 = LINE ( 'NONE', #7762, #1702 ) ;
#7674 = ADVANCED_FACE ( 'NONE', ( #4820 ), #7293, .F. ) ;
#7675 = ORIENTED_EDGE ( 'NONE', *, *, #5849, .F. ) ;
#7676 = LINE ( 'NONE', #1121, #4219 ) ;
#7677 = AXIS2_PLACEMENT_3D ( 'NONE', #6825, #5678, #1488 ) ;
#7678 = FILL_AREA_STYLE_COLOUR ( '', #20 ) ;
#7679 = EDGE_LOOP ( 'NONE', ( #2565, #3158, #5358, #6270 ) ) ;
#7680 = EDGE_LOOP ( 'NONE', ( #6557, #7085, #3367, #76, #794 ) ) ;
#7681 = EDGE_CURVE ( 'NONE', #6483, #3506, #5456, .T. ) ;
#7682 = DIRECTION ( 'NONE',  ( -0.000000000000000000, -0.000000000000000000, -1.000000000000000000 ) ) ;
#7683 = CARTESIAN_POINT ( 'NONE',  ( 2.800000000000001599, 1.000000000000000000, -0.2500000000000013878 ) ) ;
#7684 = DIRECTION ( 'NONE',  ( -0.000000000000000000, 0.000000000000000000, 1.000000000000000000 ) ) ;
#7685 = CARTESIAN_POINT ( 'NONE',  ( -1.644705695339548690, 2.553589584749196284, -0.3802943046604444488 ) ) ;
#7686 = EDGE_CURVE ( 'NONE', #5088, #4788, #4692, .T. ) ;
#7687 = ORIENTED_EDGE ( 'NONE', *, *, #2765, .T. ) ;
#7688 = CARTESIAN_POINT ( 'NONE',  ( 0.7250000000000031974, 0.2000000000000000111, 0.8000000000000011546 ) ) ;
#7689 = ORIENTED_EDGE ( 'NONE', *, *, #2066, .F. ) ;
#7690 = VERTEX_POINT ( 'NONE', #6075 ) ;
#7691 = LINE ( 'NONE', #2735, #4659 ) ;
#7692 = EDGE_LOOP ( 'NONE', ( #7554, #5254, #5349, #4374 ) ) ;
#7693 = FACE_OUTER_BOUND ( 'NONE', #5665, .T. ) ;
#7694 = FILL_AREA_STYLE_COLOUR ( '', #1881 ) ;
#7695 = ORIENTED_EDGE ( 'NONE', *, *, #4049, .F. ) ;
#7696 = UNCERTAINTY_MEASURE_WITH_UNIT (LENGTH_MEASURE( 1.000000000000000082E-05 ), #7428, 'distance_accuracy_value', 'NONE');
#7697 = EDGE_CURVE ( 'NONE', #5865, #6231, #2896, .T. ) ;
#7698 = LINE ( 'NONE', #4663, #3332 ) ;
#7699 = ADVANCED_FACE ( 'NONE', ( #2279 ), #7167, .F. ) ;
#7700 = LINE ( 'NONE', #3350, #5991 ) ;
#7701 = AXIS2_PLACEMENT_3D ( 'NONE', #7717, #418, #3442 ) ;
#7702 = STYLED_ITEM ( 'NONE', ( #1760 ), #1768 ) ;
#7703 = DIRECTION ( 'NONE',  ( -1.000000000000000000, 0.000000000000000000, -0.000000000000000000 ) ) ;
#7704 = EDGE_CURVE ( 'NONE', #253, #1375, #4248, .T. ) ;
#7705 = ORIENTED_EDGE ( 'NONE', *, *, #423, .F. ) ;
#7706 = DIRECTION ( 'NONE',  ( -0.5773502691896257311, 0.5773502691896257311, 0.5773502691896257311 ) ) ;
#7707 = AXIS2_PLACEMENT_3D ( 'NONE', #2920, #4267, #7275 ) ;
#7708 =( LENGTH_UNIT ( ) NAMED_UNIT ( * ) SI_UNIT ( .MILLI., .METRE. ) );
#7709 = CARTESIAN_POINT ( 'NONE',  ( 6.000000000000002665, 2.639999999999999236, 0.2744692077166142608 ) ) ;
#7710 = ORIENTED_EDGE ( 'NONE', *, *, #3458, .F. ) ;
#7711 = DIRECTION ( 'NONE',  ( 0.000000000000000000, -1.857148025303053679E-09, 1.000000000000000000 ) ) ;
#7712 = EDGE_CURVE ( 'NONE', #4643, #1014, #7849, .T. ) ;
#7713 = EDGE_CURVE ( 'NONE', #6324, #6292, #6667, .T. ) ;
#7714 = ORIENTED_EDGE ( 'NONE', *, *, #4031, .T. ) ;
#7715 = CARTESIAN_POINT ( 'NONE',  ( 3.100000000000002309, 0.05000000000000000971, 0.5499999999999987121 ) ) ;
#7716 = ORIENTED_EDGE ( 'NONE', *, *, #2017, .T. ) ;
#7717 = CARTESIAN_POINT ( 'NONE',  ( -1.474999999999996314, 0.7768699943250462203, -0.8099999999999991651 ) ) ;
#7718 = ORIENTED_EDGE ( 'NONE', *, *, #6911, .T. ) ;
#7719 = COLOUR_RGB ( '',0.7960784313725489669, 0.8235294117647058432, 0.9372549019607843146 ) ;
#7720 = CARTESIAN_POINT ( 'NONE',  ( -0.6749999999999946043, 1.050000000000000044, -0.8099999999999991651 ) ) ;
#7721 = FACE_OUTER_BOUND ( 'NONE', #1984, .T. ) ;
#7722 = ORIENTED_EDGE ( 'NONE', *, *, #5486, .T. ) ;
#7723 = VECTOR ( 'NONE', #6282, 1000.000000000000000 ) ;
#7724 = VERTEX_POINT ( 'NONE', #6036 ) ;
#7725 = STYLED_ITEM ( 'NONE', ( #3932 ), #6882 ) ;
#7726 = DIRECTION ( 'NONE',  ( 1.000000000000000000, -0.000000000000000000, 0.000000000000000000 ) ) ;
#7727 = LINE ( 'NONE', #426, #5093 ) ;
#7728 = AXIS2_PLACEMENT_3D ( 'NONE', #5196, #5232, #1533 ) ;
#7729 = LINE ( 'NONE', #6429, #7514 ) ;
#7730 = ADVANCED_FACE ( 'NONE', ( #3654 ), #4733, .F. ) ;
#7731 = EDGE_LOOP ( 'NONE', ( #2818, #811, #6856, #2311 ) ) ;
#7732 = VECTOR ( 'NONE', #1165, 1000.000000000000000 ) ;
#7733 = ORIENTED_EDGE ( 'NONE', *, *, #2043, .T. ) ;
#7734 = AXIS2_PLACEMENT_3D ( 'NONE', #556, #32, #637 ) ;
#7735 = DIRECTION ( 'NONE',  ( -1.000000000000000000, -0.000000000000000000, -0.000000000000000000 ) ) ;
#7736 = VERTEX_POINT ( 'NONE', #3014 ) ;
#7737 = ORIENTED_EDGE ( 'NONE', *, *, #1414, .T. ) ;
#7738 =( NAMED_UNIT ( * ) PLANE_ANGLE_UNIT ( ) SI_UNIT ( $, .RADIAN. ) );
#7739 = VERTEX_POINT ( 'NONE', #1680 ) ;
#7740 = FILL_AREA_STYLE_COLOUR ( '', #905 ) ;
#7741 =( LENGTH_UNIT ( ) NAMED_UNIT ( * ) SI_UNIT ( .MILLI., .METRE. ) );
#7742 = ORIENTED_EDGE ( 'NONE', *, *, #1925, .T. ) ;
#7743 = DIRECTION ( 'NONE',  ( 1.000000000000000000, -0.000000000000000000, -0.000000000000000000 ) ) ;
#7744 = ORIENTED_EDGE ( 'NONE', *, *, #1947, .T. ) ;
#7745 = DIRECTION ( 'NONE',  ( -0.000000000000000000, -0.7071067811865474617, 0.7071067811865474617 ) ) ;
#7746 = DIRECTION ( 'NONE',  ( -1.000000000000000000, 0.000000000000000000, 0.000000000000000000 ) ) ;
#7747 = VERTEX_POINT ( 'NONE', #5463 ) ;
#7748 = EDGE_LOOP ( 'NONE', ( #6355, #5753, #1685, #1379 ) ) ;
#7749 = AXIS2_PLACEMENT_3D ( 'NONE', #1315, #2645, #3776 ) ;
#7750 = ORIENTED_EDGE ( 'NONE', *, *, #5724, .F. ) ;
#7751 = AXIS2_PLACEMENT_3D ( 'NONE', #7564, #1599, #4484 ) ;
#7752 = CARTESIAN_POINT ( 'NONE',  ( 3.600000000000004974, 2.639999999999999236, 0.1250000000000016376 ) ) ;
#7753 = LINE ( 'NONE', #2428, #3250 ) ;
#7754 = CARTESIAN_POINT ( 'NONE',  ( -2.599999999999997424, 0.1000000012999997384, 0.05000000000812666184 ) ) ;
#7755 = ORIENTED_EDGE ( 'NONE', *, *, #1937, .T. ) ;
#7756 = PLANE ( 'NONE',  #1184 ) ;
#7757 = VECTOR ( 'NONE', #6946, 1000.000000000000000 ) ;
#7758 = VERTEX_POINT ( 'NONE', #2324 ) ;
#7759 =( GEOMETRIC_REPRESENTATION_CONTEXT ( 3 ) GLOBAL_UNCERTAINTY_ASSIGNED_CONTEXT ( ( #6314 ) ) GLOBAL_UNIT_ASSIGNED_CONTEXT ( ( #7538, #844, #3834 ) ) REPRESENTATION_CONTEXT ( 'NONE', 'WORKASPACE' ) );
#7760 = CARTESIAN_POINT ( 'NONE',  ( -0.7705307922833809497, 2.639999999999999236, 0.2744692077166173139 ) ) ;
#7761 = ORIENTED_EDGE ( 'NONE', *, *, #6162, .F. ) ;
#7762 = CARTESIAN_POINT ( 'NONE',  ( 1.700000000000003064, 1.050000000000000044, -0.8250000000000000666 ) ) ;
#7763 = AXIS2_PLACEMENT_3D ( 'NONE', #4862, #1769, #4215 ) ;
#7764 = DIRECTION ( 'NONE',  ( 0.000000000000000000, -1.000000000000000000, 0.000000000000000000 ) ) ;
#7765 =( NAMED_UNIT ( * ) PLANE_ANGLE_UNIT ( ) SI_UNIT ( $, .RADIAN. ) );
#7766 = VERTEX_POINT ( 'NONE', #1080 ) ;
#7767 = DIRECTION ( 'NONE',  ( -1.000000000000000000, 0.000000000000000000, 0.000000000000000000 ) ) ;
#7768 = EDGE_CURVE ( 'NONE', #7192, #7803, #4858, .T. ) ;
#7769 = AXIS2_PLACEMENT_3D ( 'NONE', #2285, #4901, #7854 ) ;
#7770 = DIRECTION ( 'NONE',  ( -0.000000000000000000, -0.000000000000000000, -1.000000000000000000 ) ) ;
#7771 = CARTESIAN_POINT ( 'NONE',  ( 0.1250000000000054123, 0.7768699943250462203, -0.8099999999999991651 ) ) ;
#7772 = DIRECTION ( 'NONE',  ( 0.000000000000000000, -5.421010860823805421E-16, 1.000000000000000000 ) ) ;
#7773 = CARTESIAN_POINT ( 'NONE',  ( 2.100000001450001541, 2.639999999999999236, 0.5499999999999986011 ) ) ;
#7774 = CARTESIAN_POINT ( 'NONE',  ( 1.700000000000002398, 1.050000000000000044, 0.04499999999999990119 ) ) ;
#7775 = EDGE_LOOP ( 'NONE', ( #771, #6194, #2314, #5121 ) ) ;
#7776 = CARTESIAN_POINT ( 'NONE',  ( 15.90000000000000391, 0.4500000004000000997, 1.000000000000001776 ) ) ;
#7777 = ORIENTED_EDGE ( 'NONE', *, *, #3112, .F. ) ;
#7778 = CARTESIAN_POINT ( 'NONE',  ( 2.210000000000002185, 2.750000000000000000, -1.000000000000001776 ) ) ;
#7779 = ORIENTED_EDGE ( 'NONE', *, *, #1813, .F. ) ;
#7780 = ORIENTED_EDGE ( 'NONE', *, *, #3581, .F. ) ;
#7781 = PLANE ( 'NONE',  #5969 ) ;
#7782 = DIRECTION ( 'NONE',  ( 0.000000000000000000, 0.000000000000000000, -1.000000000000000000 ) ) ;
#7783 = MECHANICAL_DESIGN_GEOMETRIC_PRESENTATION_REPRESENTATION (  '', ( #4453 ), #341 ) ;
#7784 = EDGE_CURVE ( 'NONE', #4723, #4137, #4126, .T. ) ;
#7785 = CARTESIAN_POINT ( 'NONE',  ( -1.724999999999998312, 2.750000000000000000, -0.8099999999999991651 ) ) ;
#7786 = ORIENTED_EDGE ( 'NONE', *, *, #122, .T. ) ;
#7787 = PLANE ( 'NONE',  #2556 ) ;
#7788 = ORIENTED_EDGE ( 'NONE', *, *, #6651, .T. ) ;
#7789 = AXIS2_PLACEMENT_3D ( 'NONE', #3471, #2828, #2075 ) ;
#7790 = DIRECTION ( 'NONE',  ( 0.000000000000000000, -0.1736481776669255295, 0.9848077530122090195 ) ) ;
#7791 = ORIENTED_EDGE ( 'NONE', *, *, #4530, .T. ) ;
#7792 = VERTEX_POINT ( 'NONE', #7809 ) ;
#7793 = PLANE ( 'NONE',  #6867 ) ;
#7794 = SURFACE_STYLE_FILL_AREA ( #3676 ) ;
#7795 = VECTOR ( 'NONE', #3284, 1000.000000000000000 ) ;
#7796 =( NAMED_UNIT ( * ) PLANE_ANGLE_UNIT ( ) SI_UNIT ( $, .RADIAN. ) );
#7797 = VECTOR ( 'NONE', #4911, 1000.000000000000000 ) ;
#7798 = EDGE_LOOP ( 'NONE', ( #4759, #7134, #7323, #4494 ) ) ;
#7799 = DIRECTION ( 'NONE',  ( 0.000000000000000000, 1.000000000000000000, 3.249988186109896618E-11 ) ) ;
#7800 = MECHANICAL_DESIGN_GEOMETRIC_PRESENTATION_REPRESENTATION (  '', ( #7927 ), #3453 ) ;
#7801 = ORIENTED_EDGE ( 'NONE', *, *, #152, .F. ) ;
#7802 = CARTESIAN_POINT ( 'NONE',  ( 0.1250000000000054123, 1.050000000000000044, -0.6999999999999985123 ) ) ;
#7803 = VERTEX_POINT ( 'NONE', #1637 ) ;
#7804 = CARTESIAN_POINT ( 'NONE',  ( -1.524999999999996803, 0.4500000002000000832, 0.6556624325871229786 ) ) ;
#7805 = CARTESIAN_POINT ( 'NONE',  ( -1.499999999999996225, 2.239999999999989555, -0.8249999999999970690 ) ) ;
#7806 =( NAMED_UNIT ( * ) SI_UNIT ( $, .STERADIAN. ) SOLID_ANGLE_UNIT ( ) );
#7807 = EDGE_CURVE ( 'NONE', #852, #7945, #4089, .T. ) ;
#7808 = DIRECTION ( 'NONE',  ( -1.000000000000000000, 0.000000000000000000, 0.000000000000000000 ) ) ;
#7809 = CARTESIAN_POINT ( 'NONE',  ( -0.6999999999999952927, 1.050000000000000044, 0.04500000000000294043 ) ) ;
#7810 = ADVANCED_FACE ( 'NONE', ( #4772 ), #7207, .F. ) ;
#7811 =( NAMED_UNIT ( * ) SI_UNIT ( $, .STERADIAN. ) SOLID_ANGLE_UNIT ( ) );
#7812 = CARTESIAN_POINT ( 'NONE',  ( 0.7962737875043801594, 2.785995780779311648, -0.7287262124956209730 ) ) ;
#7813 = ORIENTED_EDGE ( 'NONE', *, *, #1689, .T. ) ;
#7814 = DIRECTION ( 'NONE',  ( 1.000000000000000000, -0.000000000000000000, -0.000000000000000000 ) ) ;
#7815 = VERTEX_POINT ( 'NONE', #3777 ) ;
#7816 = ADVANCED_FACE ( 'NONE', ( #4285 ), #3178, .F. ) ;
#7817 = FILL_AREA_STYLE_COLOUR ( '', #6849 ) ;
#7818 = ORIENTED_EDGE ( 'NONE', *, *, #2474, .F. ) ;
#7819 = DIRECTION ( 'NONE',  ( 1.000000000000000000, 0.000000000000000000, 0.000000000000000000 ) ) ;
#7820 = FILL_AREA_STYLE_COLOUR ( '', #874 ) ;
#7821 = ORIENTED_EDGE ( 'NONE', *, *, #2184, .T. ) ;
#7822 = SURFACE_STYLE_FILL_AREA ( #6168 ) ;
#7823 = EDGE_LOOP ( 'NONE', ( #2650, #4449, #6481, #7430 ) ) ;
#7824 = PLANE ( 'NONE',  #4833 ) ;
#7825 = ADVANCED_FACE ( 'NONE', ( #6310 ), #5068, .F. ) ;
#7826 =( GEOMETRIC_REPRESENTATION_CONTEXT ( 3 ) GLOBAL_UNCERTAINTY_ASSIGNED_CONTEXT ( ( #672 ) ) GLOBAL_UNIT_ASSIGNED_CONTEXT ( ( #2247, #1093, #2864 ) ) REPRESENTATION_CONTEXT ( 'NONE', 'WORKASPACE' ) );
#7827 = ORIENTED_EDGE ( 'NONE', *, *, #7381, .T. ) ;
#7828 =( NAMED_UNIT ( * ) SI_UNIT ( $, .STERADIAN. ) SOLID_ANGLE_UNIT ( ) );
#7829 = VERTEX_POINT ( 'NONE', #6815 ) ;
#7830 = EDGE_CURVE ( 'NONE', #1284, #6061, #4983, .T. ) ;
#7831 = VERTEX_POINT ( 'NONE', #5542 ) ;
#7832 = CARTESIAN_POINT ( 'NONE',  ( -0.07499999999999683309, 0.1999999999999999556, 1.250000000000001110 ) ) ;
#7833 = CARTESIAN_POINT ( 'NONE',  ( -2.339999999774996731, 2.750000000000000000, 0.1000000000000016848 ) ) ;
#7834 = VERTEX_POINT ( 'NONE', #1239 ) ;
#7835 = LINE ( 'NONE', #2348, #2599 ) ;
#7836 = EDGE_CURVE ( 'NONE', #3768, #7298, #3252, .T. ) ;
#7837 = ORIENTED_EDGE ( 'NONE', *, *, #7333, .T. ) ;
#7838 = COLOUR_RGB ( '',0.7960784313725489669, 0.8235294117647058432, 0.9372549019607843146 ) ;
#7839 = CARTESIAN_POINT ( 'NONE',  ( 1.475000000000002753, 2.639999999999998348, -0.7000000000000012879 ) ) ;
#7840 = ORIENTED_EDGE ( 'NONE', *, *, #4512, .T. ) ;
#7841 = DIRECTION ( 'NONE',  ( 0.000000000000000000, -1.204669080539449344E-16, 1.000000000000000000 ) ) ;
#7842 = LINE ( 'NONE', #7804, #916 ) ;
#7843 = DIRECTION ( 'NONE',  ( 0.000000000000000000, -0.5000000000000039968, -0.8660254037844363761 ) ) ;
#7844 = FACE_OUTER_BOUND ( 'NONE', #2571, .T. ) ;
#7845 = CARTESIAN_POINT ( 'NONE',  ( 6.000000000000002665, 2.639999999999999236, -0.3955307922833857792 ) ) ;
#7846 = EDGE_CURVE ( 'NONE', #2755, #7883, #3695, .T. ) ;
#7847 = STYLED_ITEM ( 'NONE', ( #3362 ), #6872 ) ;
#7848 = DIRECTION ( 'NONE',  ( 0.000000000000000000, 0.7071067811865355823, -0.7071067811865594521 ) ) ;
#7849 = LINE ( 'NONE', #2364, #3399 ) ;
#7850 = EDGE_CURVE ( 'NONE', #3128, #99, #668, .T. ) ;
#7851 =( NAMED_UNIT ( * ) PLANE_ANGLE_UNIT ( ) SI_UNIT ( $, .RADIAN. ) );
#7852 = DIRECTION ( 'NONE',  ( 0.1710878697460311570, 0.9702875252478154744, 0.1710878697460311293 ) ) ;
#7853 = VECTOR ( 'NONE', #4011, 1000.000000000000000 ) ;
#7854 = DIRECTION ( 'NONE',  ( -1.000000000000000000, 0.000000000000000000, 0.000000000000000000 ) ) ;
#7855 = ORIENTED_EDGE ( 'NONE', *, *, #1816, .F. ) ;
#7856 = ORIENTED_EDGE ( 'NONE', *, *, #2652, .T. ) ;
#7857 = DIRECTION ( 'NONE',  ( -1.000000000000000000, 0.000000000000000000, 0.000000000000000000 ) ) ;
#7858 =( GEOMETRIC_REPRESENTATION_CONTEXT ( 3 ) GLOBAL_UNCERTAINTY_ASSIGNED_CONTEXT ( ( #2194 ) ) GLOBAL_UNIT_ASSIGNED_CONTEXT ( ( #2155, #2643, #5102 ) ) REPRESENTATION_CONTEXT ( 'NONE', 'WORKASPACE' ) );
#7859 = EDGE_CURVE ( 'NONE', #4042, #1176, #97, .T. ) ;
#7860 = EDGE_CURVE ( 'NONE', #1950, #19, #7441, .T. ) ;
#7861 = EDGE_CURVE ( 'NONE', #6569, #5212, #2009, .T. ) ;
#7862 = MECHANICAL_DESIGN_GEOMETRIC_PRESENTATION_REPRESENTATION (  '', ( #3267 ), #2749 ) ;
#7863 = DIRECTION ( 'NONE',  ( 0.000000000000000000, 0.000000000000000000, -1.000000000000000000 ) ) ;
#7864 = EDGE_CURVE ( 'NONE', #7766, #899, #2486, .T. ) ;
#7865 = DIRECTION ( 'NONE',  ( -0.000000000000000000, -0.7071067811865475727, -0.7071067811865475727 ) ) ;
#7866 = DIRECTION ( 'NONE',  ( -0.000000000000000000, 0.7071067811865352493, 0.7071067811865597852 ) ) ;
#7867 = VECTOR ( 'NONE', #7819, 1000.000000000000000 ) ;
#7868 = ADVANCED_FACE ( 'NONE', ( #6777 ), #6276, .F. ) ;
#7869 = CARTESIAN_POINT ( 'NONE',  ( 0.1000000000000055705, 2.639999999999999236, -0.8249999999999970690 ) ) ;
#7870 = ORIENTED_EDGE ( 'NONE', *, *, #4530, .F. ) ;
#7871 = AXIS2_PLACEMENT_3D ( 'NONE', #3231, #5006, #7389 ) ;
#7872 = EDGE_LOOP ( 'NONE', ( #3879, #3445, #2912, #7881 ) ) ;
#7873 = AXIS2_PLACEMENT_3D ( 'NONE', #6115, #3617, #6588 ) ;
#7874 =( NAMED_UNIT ( * ) PLANE_ANGLE_UNIT ( ) SI_UNIT ( $, .RADIAN. ) );
#7875 = VERTEX_POINT ( 'NONE', #7326 ) ;
#7876 = LINE ( 'NONE', #1174, #190 ) ;
#7877 = LINE ( 'NONE', #4843, #2858 ) ;
#7878 =( NAMED_UNIT ( * ) SI_UNIT ( $, .STERADIAN. ) SOLID_ANGLE_UNIT ( ) );
#7879 = ORIENTED_EDGE ( 'NONE', *, *, #3159, .F. ) ;
#7880 = FILL_AREA_STYLE_COLOUR ( '', #4780 ) ;
#7881 = ORIENTED_EDGE ( 'NONE', *, *, #6911, .F. ) ;
#7882 = CARTESIAN_POINT ( 'NONE',  ( -0.6999999999999952927, 2.639999999999999236, 0.3450000000000029710 ) ) ;
#7883 = VERTEX_POINT ( 'NONE', #790 ) ;
#7884 = DIRECTION ( 'NONE',  ( 0.000000000000000000, 0.5735764363510474917, -0.8191520442889909104 ) ) ;
#7885 = CARTESIAN_POINT ( 'NONE',  ( -0.7249999999999952038, 0.4500000002000000277, 0.6556624325871229786 ) ) ;
#7886 = VECTOR ( 'NONE', #5889, 1000.000000000000000 ) ;
#7887 = LINE ( 'NONE', #2441, #1180 ) ;
#7888 = VECTOR ( 'NONE', #1795, 1000.000000000000000 ) ;
#7889 = ORIENTED_EDGE ( 'NONE', *, *, #2885, .T. ) ;
#7890 = EDGE_CURVE ( 'NONE', #6665, #5725, #7492, .T. ) ;
#7891 = CARTESIAN_POINT ( 'NONE',  ( 1.700000000000002398, 2.239999999999990443, 0.3449999999999999178 ) ) ;
#7892 = CARTESIAN_POINT ( 'NONE',  ( 0.8750000000000048850, -3.675261601645777502E-17, 0.6500000000000011324 ) ) ;
#7893 = CARTESIAN_POINT ( 'NONE',  ( 5.200000000000004619, 2.639999999999999236, 0.2744692077166173139 ) ) ;
#7894 = LINE ( 'NONE', #1767, #6742 ) ;
#7895 = PRESENTATION_STYLE_ASSIGNMENT (( #5466 ) ) ;
#7896 = UNCERTAINTY_MEASURE_WITH_UNIT (LENGTH_MEASURE( 1.000000000000000082E-05 ), #5010, 'distance_accuracy_value', 'NONE');
#7897 = CARTESIAN_POINT ( 'NONE',  ( 2.600000000000001865, 0.9999999999500001069, -0.2500000000725014493 ) ) ;
#7898 = VERTEX_POINT ( 'NONE', #4939 ) ;
#7899 = DIRECTION ( 'NONE',  ( 0.000000000000000000, 0.000000000000000000, -1.000000000000000000 ) ) ;
#7900 = MECHANICAL_DESIGN_GEOMETRIC_PRESENTATION_REPRESENTATION (  '', ( #1371 ), #5348 ) ;
#7901 = LINE ( 'NONE', #2414, #5323 ) ;
#7902 = FILL_AREA_STYLE_COLOUR ( '', #2224 ) ;
#7903 = LINE ( 'NONE', #2979, #1598 ) ;
#7904 = CARTESIAN_POINT ( 'NONE',  ( 8.500000000000003553, 1.050000000000000044, -0.6999999999999985123 ) ) ;
#7905 = MECHANICAL_DESIGN_GEOMETRIC_PRESENTATION_REPRESENTATION (  '', ( #7131 ), #1508 ) ;
#7906 = CARTESIAN_POINT ( 'NONE',  ( 1.700000000000003064, 1.050000000000000044, -0.3250000000000000666 ) ) ;
#7907 = ORIENTED_EDGE ( 'NONE', *, *, #3605, .T. ) ;
#7908 = CARTESIAN_POINT ( 'NONE',  ( 0.8750000000000048850, 0.1000000006499977834, 0.5499999993499998796 ) ) ;
#7909 = LINE ( 'NONE', #4227, #975 ) ;
#7910 = ORIENTED_EDGE ( 'NONE', *, *, #4313, .F. ) ;
#7911 = VECTOR ( 'NONE', #1259, 1000.000000000000000 ) ;
#7912 = DIRECTION ( 'NONE',  ( 0.000000000000000000, -1.000000000000000000, 0.000000000000000000 ) ) ;
#7913 = CARTESIAN_POINT ( 'NONE',  ( -0.07499999999999683309, 0.2000000000000000111, 0.8000000000000011546 ) ) ;
#7914 = PRESENTATION_STYLE_ASSIGNMENT (( #614 ) ) ;
#7915 = CARTESIAN_POINT ( 'NONE',  ( -1.499999999999996225, 1.050000000000000044, -0.3249999999999970690 ) ) ;
#7916 = VECTOR ( 'NONE', #3588, 1000.000000000000000 ) ;
#7917 = EDGE_LOOP ( 'NONE', ( #5043, #3730, #3419, #1376 ) ) ;
#7918 = DIRECTION ( 'NONE',  ( 0.000000000000000000, 0.000000000000000000, -1.000000000000000000 ) ) ;
#7919 = MECHANICAL_DESIGN_GEOMETRIC_PRESENTATION_REPRESENTATION (  '', ( #758 ), #3849 ) ;
#7920 = VECTOR ( 'NONE', #5478, 1000.000000000000000 ) ;
#7921 = CARTESIAN_POINT ( 'NONE',  ( 3.100000000000002309, 0.4500000000000001221, 0.9999999999999986677 ) ) ;
#7922 = CARTESIAN_POINT ( 'NONE',  ( -0.8999999999999966915, 2.639999999999999236, 0.04500000000000296124 ) ) ;
#7923 = ORIENTED_EDGE ( 'NONE', *, *, #1026, .F. ) ;
#7924 = LINE ( 'NONE', #3008, #3121 ) ;
#7925 = EDGE_CURVE ( 'NONE', #7138, #5047, #3739, .T. ) ;
#7926 = ORIENTED_EDGE ( 'NONE', *, *, #113, .T. ) ;
#7927 = STYLED_ITEM ( 'NONE', ( #7914 ), #4087 ) ;
#7928 = ORIENTED_EDGE ( 'NONE', *, *, #2453, .F. ) ;
#7929 = DIRECTION ( 'NONE',  ( 0.000000000000000000, 0.000000000000000000, -1.000000000000000000 ) ) ;
#7930 = EDGE_CURVE ( 'NONE', #5598, #309, #6892, .T. ) ;
#7931 = FACE_OUTER_BOUND ( 'NONE', #6214, .T. ) ;
#7932 = DIRECTION ( 'NONE',  ( 1.000000000000000000, 0.000000000000000000, -0.000000000000000000 ) ) ;
#7933 = STYLED_ITEM ( 'NONE', ( #4300 ), #4245 ) ;
#7934 = DIRECTION ( 'NONE',  ( 0.000000000000000000, 0.000000000000000000, 1.000000000000000000 ) ) ;
#7935 = DIRECTION ( 'NONE',  ( 0.000000000000000000, -1.000000000000000000, 0.000000000000000000 ) ) ;
#7936 = DIRECTION ( 'NONE',  ( 1.000000000000000000, -0.000000000000000000, 0.000000000000000000 ) ) ;
#7937 = FACE_OUTER_BOUND ( 'NONE', #5675, .T. ) ;
#7938 = EDGE_CURVE ( 'NONE', #6639, #3095, #4325, .T. ) ;
#7939 = FACE_OUTER_BOUND ( 'NONE', #6595, .T. ) ;
#7940 = CARTESIAN_POINT ( 'NONE',  ( -0.6999999999999945155, 2.639999999999999236, -0.3249999999999970690 ) ) ;
#7941 = LINE ( 'NONE', #7383, #7357 ) ;
#7942 = CARTESIAN_POINT ( 'NONE',  ( -3.099999999999997868, 2.750000000000000000, 0.5500000000000018208 ) ) ;
#7943 =( NAMED_UNIT ( * ) PLANE_ANGLE_UNIT ( ) SI_UNIT ( $, .RADIAN. ) );
#7944 = LINE ( 'NONE', #5644, #353 ) ;
#7945 = VERTEX_POINT ( 'NONE', #3137 ) ;
#7946 = VECTOR ( 'NONE', #6903, 1000.000000000000227 ) ;
#7947 = CARTESIAN_POINT ( 'NONE',  ( -2.799999999999997158, 0.4000000000000000222, -0.9149999999999980371 ) ) ;
#7948 = ORIENTED_EDGE ( 'NONE', *, *, #7397, .T. ) ;
ENDSEC;
END-ISO-10303-21;
